usajobs_control_number,questionnaire_links,mentions_questionnaire,uses_usastaffing,listed_date
721962100,[],False,False,2026-10-07
722102800,[],True,False,2026-10-07
722317000,[],False,False,2026-10-07
723111900,[],False,False,2026-10-07
756730800,[],False,False,2026-10-07
756734700,[],False,False,2026-10-07
756737500,[],False,False,2026-10-07
756770500,[],False,False,2026-10-07
756773100,[],False,False,2026-10-07
756775500,[],False,False,2026-10-07
756782600,[],False,False,2026-10-07
757262600,[],False,False,2026-10-07
757393600,[],False,False,2026-10-07
757394900,[],False,False,2026-10-07
757401400,[],False,False,2026-10-07
757408900,[],False,False,2026-10-07
757411800,[],True,False,2026-10-07
757417400,[],False,False,2026-10-07
757422900,[],False,False,2026-10-07
757426600,[],False,False,2026-10-07
757435200,[],False,False,2026-10-07
758639900,[],False,False,2026-10-07
758737100,[],False,False,2026-10-07
759326100,[],False,False,2026-10-07
759398500,[],False,False,2026-10-07
759402100,[],False,False,2026-10-07
764669300,[],True,False,2026-10-07
764671200,[],True,False,2026-10-07
772409300,[],False,False,2026-10-07
789407600,[],False,False,2026-10-07
790237500,"[""https://apply.usastaffing.gov/ViewQuestionnaire/12405974""]",True,True,2026-10-07
804500000,"[""https://apply.usastaffing.gov/ViewQuestionnaire/12488157""]",True,True,2026-10-07
831497100,[],True,True,2026-10-07
835811200,"[""https://apply.usastaffing.gov/ViewQuestionnaire/12729611""]",True,True,2026-10-07
839081400,[],False,False,2026-10-07
839089400,[],False,False,2026-10-07
842877000,"[""https://apply.usastaffing.gov/ViewQuestionnaire/12780376""]",True,True,2026-10-07
842910200,"[""https://apply.usastaffing.gov/ViewQuestionnaire/12780398""]",True,True,2026-10-07
844393000,"[""https://apply.usastaffing.gov/ViewQuestionnaire/12790881""]",True,True,2026-10-07
845309600,[],True,True,2026-10-07
846552900,"[""https://apply.usastaffing.gov/ViewQuestionnaire/12805317""]",True,True,2026-10-07
846713900,[],True,False,2026-10-07
846974600,"[""https://apply.usastaffing.gov/ViewQuestionnaire/12808446""]",True,True,2026-10-07
847394000,"[""https://apply.usastaffing.gov/ViewQuestionnaire/12811379""]",True,True,2026-10-07
847434900,"[""https://apply.usastaffing.gov/ViewQuestionnaire/12787174""]",True,True,2026-10-07
847794200,"[""https://apply.usastaffing.gov/ViewQuestionnaire/12809144""]",True,True,2026-10-07
847806800,[],True,False,2026-10-07
847902800,"[""https://apply.usastaffing.gov/ViewQuestionnaire/12814647""]",True,True,2026-10-07
847931400,"[""https://apply.usastaffing.gov/ViewQuestionnaire/12809241""]",True,True,2026-10-07
847975300,"[""https://apply.usastaffing.gov/ViewQuestionnaire/12812585""]",True,True,2026-10-07
847975700,"[""https://apply.usastaffing.gov/ViewQuestionnaire/12812623""]",True,True,2026-10-07
847976000,"[""https://apply.usastaffing.gov/ViewQuestionnaire/12812664""]",True,True,2026-10-07
847976500,"[""https://apply.usastaffing.gov/ViewQuestionnaire/12812676""]",True,True,2026-10-07
847977400,"[""https://apply.usastaffing.gov/ViewQuestionnaire/12812686""]",True,True,2026-10-07
847977600,"[""https://apply.usastaffing.gov/ViewQuestionnaire/12812697""]",True,True,2026-10-07
847979900,"[""https://apply.usastaffing.gov/ViewQuestionnaire/12812974""]",True,True,2026-10-07
847980600,"[""https://apply.usastaffing.gov/ViewQuestionnaire/12813386""]",True,True,2026-10-07
847982000,"[""https://apply.usastaffing.gov/ViewQuestionnaire/12813402""]",True,True,2026-10-07
847982300,"[""https://apply.usastaffing.gov/ViewQuestionnaire/12813415""]",True,True,2026-10-07
847982500,"[""https://apply.usastaffing.gov/ViewQuestionnaire/12813434""]",True,True,2026-10-07
847983100,"[""https://apply.usastaffing.gov/ViewQuestionnaire/12813443""]",True,True,2026-10-07
847983700,"[""https://apply.usastaffing.gov/ViewQuestionnaire/12813455""]",True,True,2026-10-07
847984700,"[""https://apply.usastaffing.gov/ViewQuestionnaire/12813458""]",True,True,2026-10-07
847985500,"[""https://apply.usastaffing.gov/ViewQuestionnaire/12813666""]",True,True,2026-10-07
847985700,"[""https://apply.usastaffing.gov/ViewQuestionnaire/12813697""]",True,True,2026-10-07
847986200,"[""https://apply.usastaffing.gov/ViewQuestionnaire/12813712""]",True,True,2026-10-07
847988100,"[""https://apply.usastaffing.gov/ViewQuestionnaire/12813922""]",True,True,2026-10-07
847989200,"[""https://apply.usastaffing.gov/ViewQuestionnaire/12815147""]",True,True,2026-10-07
847991800,"[""https://apply.usastaffing.gov/ViewQuestionnaire/12813626""]",True,True,2026-10-07
847992600,"[""https://apply.usastaffing.gov/ViewQuestionnaire/12815096""]",True,True,2026-10-07
847993200,"[""https://apply.usastaffing.gov/ViewQuestionnaire/12814883""]",True,True,2026-10-07
847993800,"[""https://apply.usastaffing.gov/ViewQuestionnaire/12814707""]",True,True,2026-10-07
847994300,"[""https://apply.usastaffing.gov/ViewQuestionnaire/12814641""]",True,True,2026-10-07
847994800,"[""https://apply.usastaffing.gov/ViewQuestionnaire/12814457""]",True,True,2026-10-07
847995300,"[""https://apply.usastaffing.gov/ViewQuestionnaire/12814175""]",True,True,2026-10-07
847995400,"[""https://apply.usastaffing.gov/ViewQuestionnaire/12814092""]",True,True,2026-10-07
847995700,"[""https://apply.usastaffing.gov/ViewQuestionnaire/12813855""]",True,True,2026-10-07
847996000,"[""https://apply.usastaffing.gov/ViewQuestionnaire/12813688""]",True,True,2026-10-07
847996300,"[""https://apply.usastaffing.gov/ViewQuestionnaire/12815307""]",True,True,2026-10-07
848149900,"[""https://jobs.monstergovt.com/dot/ros/rosDashboard.hms?O=2&J=92295"", ""https://jobs.monstergovt.com/dot/ros/rosDashboard.hms?O=2&J=92295&S=1""]",True,False,2026-10-07
848246200,"[""https://apply.usastaffing.gov/ViewQuestionnaire/12816579""]",True,True,2026-10-07
848254000,"[""https://apply.usastaffing.gov/ViewQuestionnaire/12816711""]",True,True,2026-10-07
848309500,"[""https://apply.usastaffing.gov/ViewQuestionnaire/12809242""]",True,True,2026-10-07
848309600,"[""https://apply.usastaffing.gov/ViewQuestionnaire/12809243""]",True,True,2026-10-07
848426700,[],True,True,2026-10-07
848464600,[],True,True,2026-10-07
848468700,[],True,False,2026-10-07
848470100,[],True,False,2026-10-07
848520700,[],True,False,2026-10-07
848528700,[],True,True,2026-10-07
848568800,[],True,False,2026-10-07
848955900,[],True,True,2026-10-07
848989800,"[""https://apply.usastaffing.gov/ViewQuestionnaire/12825756""]",True,True,2026-10-07
849085500,"[""https://apply.usastaffing.gov/ViewQuestionnaire/12825219""]",True,True,2026-10-07
849140600,"[""https://apply.usastaffing.gov/ViewQuestionnaire/12827768""]",True,True,2026-10-07
849144500,"[""https://apply.usastaffing.gov/ViewQuestionnaire/12827806""]",True,True,2026-10-07
849162500,"[""https://apply.usastaffing.gov/ViewQuestionnaire/12827011""]",True,True,2026-10-07
849186600,"[""https://apply.usastaffing.gov/ViewQuestionnaire/12825031""]",True,True,2026-10-07
849215100,[],True,False,2026-10-07
849230300,"[""https://apply.usastaffing.gov/ViewQuestionnaire/12797282""]",True,True,2026-10-07
849247100,[],True,False,2026-10-07
849350100,[],True,False,2026-10-07
849385800,[],True,True,2026-10-07
849440900,[],True,False,2026-10-07
849443100,[],True,False,2026-10-07
849503300,[],True,False,2026-10-07
849529300,[],True,True,2026-10-07
849872000,"[""https://apply.usastaffing.gov/ViewQuestionnaire/12832218""]",True,True,2026-10-07
849901200,"[""https://apply.usastaffing.gov/ViewQuestionnaire/12825847""]",True,True,2026-10-07
850096500,"[""https://apply.usastaffing.gov/ViewQuestionnaire/12834732""]",True,True,2026-10-07
850273100,"[""https://apply.usastaffing.gov/ViewQuestionnaire/12809422""]",True,True,2026-10-07
850274900,"[""https://apply.usastaffing.gov/ViewQuestionnaire/12809821""]",True,True,2026-10-07
850368000,"[""https://apply.usastaffing.gov/ViewQuestionnaire/12837542""]",True,True,2026-10-07
850392200,"[""https://apply.usastaffing.gov/ViewQuestionnaire/12837707""]",True,True,2026-10-07
850453900,[],True,False,2026-10-07
850482300,"[""https://apply.usastaffing.gov/ViewQuestionnaire/12832827""]",True,True,2026-10-07
850482600,"[""https://apply.usastaffing.gov/ViewQuestionnaire/12833519""]",True,True,2026-10-07
850482900,"[""https://apply.usastaffing.gov/ViewQuestionnaire/12836874""]",True,True,2026-10-07
850483300,"[""https://apply.usastaffing.gov/ViewQuestionnaire/12837464""]",True,True,2026-10-07
850486300,"[""https://apply.usastaffing.gov/ViewQuestionnaire/12836751""]",True,True,2026-10-07
850486400,"[""https://apply.usastaffing.gov/ViewQuestionnaire/12837188""]",True,True,2026-10-07
850579200,[],True,True,2026-10-07
850642500,"[""https://apply.usastaffing.gov/ViewQuestionnaire/12839523""]",True,True,2026-10-07
850711900,[],True,False,2026-10-07
850739400,[],True,True,2026-10-07
850759100,"[""https://apply.usastaffing.gov/ViewQuestionnaire/12839038""]",True,True,2026-10-07
850807800,[],True,False,2026-10-07
850840800,"[""https://apply.usastaffing.gov/ViewQuestionnaire/12810070""]",True,True,2026-10-07
850865400,[],True,True,2026-10-07
850868900,"[""https://apply.usastaffing.gov/ViewQuestionnaire/12781454""]",True,True,2026-10-07
850898700,"[""https://apply.usastaffing.gov/ViewQuestionnaire/12837458""]",True,True,2026-10-07
850951700,"[""https://apply.usastaffing.gov/ViewQuestionnaire/12841090""]",True,True,2026-10-07
850999700,"[""https://jobs.monstergovt.com/loc/ros/rosDashboard.hms?O=1&J=27588"", ""https://jobs.monstergovt.com/loc/ros/rosDashboard.hms?O=1&J=27588&S=1""]",False,False,2026-10-07
851076600,"[""https://apply.usastaffing.gov/ViewQuestionnaire/12842290""]",True,True,2026-10-07
851086800,[],False,False,2026-10-07
851181700,[],True,True,2026-10-07
851247100,"[""https://apply.usastaffing.gov/ViewQuestionnaire/12843324""]",True,True,2026-10-07
851255500,"[""https://apply.usastaffing.gov/ViewQuestionnaire/12843401""]",True,True,2026-10-07
851327800,"[""https://apply.usastaffing.gov/ViewQuestionnaire/12843851""]",True,True,2026-10-07
851346400,"[""https://apply.usastaffing.gov/ViewQuestionnaire/12843969""]",True,True,2026-10-07
851369300,"[""https://apply.usastaffing.gov/ViewQuestionnaire/12840350""]",True,True,2026-10-07
851384700,[],True,False,2026-10-07
851394000,[],True,False,2026-10-07
851489300,[],True,True,2026-10-07
851505300,"[""https://apply.usastaffing.gov/ViewQuestionnaire/12844587""]",True,True,2026-10-07
851537700,"[""https://apply.usastaffing.gov/ViewQuestionnaire/12845303""]",True,True,2026-10-07
851574400,"[""https://apply.usastaffing.gov/ViewQuestionnaire/12843945""]",True,True,2026-10-07
851624800,"[""https://apply.usastaffing.gov/ViewQuestionnaire/12844168""]",True,True,2026-10-07
851628800,[],False,False,2026-10-07
851633800,[],True,False,2026-10-07
851639900,[],False,False,2026-10-07
851647200,"[""https://apply.usastaffing.gov/ViewQuestionnaire/12845737""]",True,True,2026-10-07
851647300,"[""https://apply.usastaffing.gov/ViewQuestionnaire/12845738""]",True,True,2026-10-07
851782400,[],False,False,2026-10-07
851796700,"[""https://apply.usastaffing.gov/ViewQuestionnaire/12846852""]",True,True,2026-10-07
851796900,"[""https://apply.usastaffing.gov/ViewQuestionnaire/12846853""]",True,True,2026-10-07
851819300,"[""https://apply.usastaffing.gov/ViewQuestionnaire/12846974""]",True,True,2026-10-07
851837300,"[""https://apply.usastaffing.gov/ViewQuestionnaire/12838987""]",True,True,2026-10-07
851854300,"[""https://apply.usastaffing.gov/ViewQuestionnaire/12838969""]",True,True,2026-10-07
851857000,[],True,False,2026-10-07
851939900,"[""https://apply.usastaffing.gov/ViewQuestionnaire/12833205""]",True,True,2026-10-07
852015100,"[""https://apply.usastaffing.gov/ViewQuestionnaire/12848279""]",True,True,2026-10-07
852093000,[],True,False,2026-10-07
852115400,[],True,False,2026-10-07
852139400,[],True,False,2026-10-07
852147800,"[""https://apply.usastaffing.gov/ViewQuestionnaire/12848341""]",True,True,2026-10-07
852207800,"[""https://apply.usastaffing.gov/ViewQuestionnaire/12849511""]",True,True,2026-10-07
852209100,"[""https://apply.usastaffing.gov/ViewQuestionnaire/12849399""]",True,True,2026-10-07
852268200,[],False,False,2026-10-07
852270000,[],True,False,2026-10-07
852270300,[],True,False,2026-10-07
852272900,[],True,False,2026-10-07
852274600,[],True,False,2026-10-07
852344200,"[""https://apply.usastaffing.gov/ViewQuestionnaire/12849583""]",True,True,2026-10-07
852353600,"[""https://apply.usastaffing.gov/ViewQuestionnaire/12846375""]",True,True,2026-10-07
852368000,[],False,False,2026-10-07
852405900,"[""https://apply.usastaffing.gov/ViewQuestionnaire/12851821""]",True,True,2026-10-07
852410600,"[""https://apply.usastaffing.gov/ViewQuestionnaire/12848825""]",True,True,2026-10-07
852447000,[],False,False,2026-10-07
852476000,"[""https://apply.usastaffing.gov/ViewQuestionnaire/12851780""]",True,True,2026-10-07
852494300,"[""https://apply.usastaffing.gov/ViewQuestionnaire/12854218""]",True,True,2026-10-07
852500100,"[""https://apply.usastaffing.gov/ViewQuestionnaire/12849100""]",True,True,2026-10-07
852509000,"[""https://apply.usastaffing.gov/ViewQuestionnaire/12854274""]",True,True,2026-10-07
852593800,[],True,False,2026-10-07
852593900,"[""https://apply.usastaffing.gov/ViewQuestionnaire/12854701""]",True,True,2026-10-07
852601300,"[""https://apply.usastaffing.gov/ViewQuestionnaire/12854235""]",True,True,2026-10-07
852612400,"[""https://apply.usastaffing.gov/ViewQuestionnaire/12854857""]",True,True,2026-10-07
852642200,"[""https://apply.usastaffing.gov/ViewQuestionnaire/12846787""]",True,True,2026-10-07
852736300,[],True,True,2026-10-07
852814800,"[""https://apply.usastaffing.gov/ViewQuestionnaire/12856120""]",True,True,2026-10-07
852836100,"[""https://apply.usastaffing.gov/ViewQuestionnaire/12856299""]",True,True,2026-10-07
852868300,"[""https://apply.usastaffing.gov/ViewQuestionnaire/12856491""]",True,True,2026-10-07
852876400,"[""https://apply.usastaffing.gov/ViewQuestionnaire/12856511""]",True,True,2026-10-07
852879600,"[""https://apply.usastaffing.gov/ViewQuestionnaire/12856557""]",True,True,2026-10-07
852882500,"[""https://apply.usastaffing.gov/ViewQuestionnaire/12856574""]",True,True,2026-10-07
852882700,"[""https://apply.usastaffing.gov/ViewQuestionnaire/12856581""]",True,True,2026-10-07
852886600,"[""https://apply.usastaffing.gov/ViewQuestionnaire/12856600""]",True,True,2026-10-07
852892800,"[""https://apply.usastaffing.gov/ViewQuestionnaire/12856595""]",True,True,2026-10-07
852902200,"[""https://apply.usastaffing.gov/ViewQuestionnaire/12856668""]",True,True,2026-10-07
852930100,"[""https://apply.usastaffing.gov/ViewQuestionnaire/12856769""]",True,True,2026-10-07
852934500,"[""https://apply.usastaffing.gov/ViewQuestionnaire/12856801""]",True,True,2026-10-07
852947100,"[""https://apply.usastaffing.gov/ViewQuestionnaire/12855856""]",True,True,2026-10-07
852967600,"[""https://apply.usastaffing.gov/ViewQuestionnaire/12856959""]",True,True,2026-10-07
852969100,"[""https://apply.usastaffing.gov/ViewQuestionnaire/12856198""]",True,True,2026-10-07
852980600,"[""https://apply.usastaffing.gov/ViewQuestionnaire/12856874""]",True,True,2026-10-07
852981200,"[""https://apply.usastaffing.gov/ViewQuestionnaire/12857027""]",True,True,2026-10-07
852985200,"[""https://apply.usastaffing.gov/ViewQuestionnaire/12857039""]",True,True,2026-10-07
852987000,"[""https://apply.usastaffing.gov/ViewQuestionnaire/12857056""]",True,True,2026-10-07
853007900,"[""https://apply.usastaffing.gov/ViewQuestionnaire/12857170""]",True,True,2026-10-07
853012900,"[""https://apply.usastaffing.gov/ViewQuestionnaire/12857185""]",True,True,2026-10-07
853024400,"[""https://apply.usastaffing.gov/ViewQuestionnaire/12857249""]",True,True,2026-10-07
853029200,"[""https://apply.usastaffing.gov/ViewQuestionnaire/12857295""]",True,True,2026-10-07
853031600,"[""https://apply.usastaffing.gov/ViewQuestionnaire/12857281""]",True,True,2026-10-07
853032300,"[""https://apply.usastaffing.gov/ViewQuestionnaire/12857061""]",True,True,2026-10-07
853042900,"[""https://apply.usastaffing.gov/ViewQuestionnaire/12857343""]",True,True,2026-10-07
853050700,"[""https://apply.usastaffing.gov/ViewQuestionnaire/12857410""]",True,True,2026-10-07
853060000,[],True,False,2026-10-07
853061200,[],True,False,2026-10-07
853061700,"[""https://apply.usastaffing.gov/ViewQuestionnaire/12857453""]",True,True,2026-10-07
853073100,"[""https://apply.usastaffing.gov/ViewQuestionnaire/12857563""]",True,True,2026-10-07
853082300,"[""https://apply.usastaffing.gov/ViewQuestionnaire/12857595""]",True,True,2026-10-07
853095800,[],True,True,2026-10-07
853111200,"[""https://apply.usastaffing.gov/ViewQuestionnaire/12857782""]",True,True,2026-10-07
853115600,"[""https://apply.usastaffing.gov/ViewQuestionnaire/12857799""]",True,True,2026-10-07
853118900,"[""https://apply.usastaffing.gov/ViewQuestionnaire/12857811""]",True,True,2026-10-07
853124700,"[""https://apply.usastaffing.gov/ViewQuestionnaire/12857845""]",True,True,2026-10-07
853169700,"[""https://apply.usastaffing.gov/ViewQuestionnaire/12858076""]",True,True,2026-10-07
853182500,[],False,False,2026-10-07
853325300,"[""https://apply.usastaffing.gov/ViewQuestionnaire/12858583""]",True,True,2026-10-07
853325700,"[""https://apply.usastaffing.gov/ViewQuestionnaire/12858582""]",True,True,2026-10-07
853381500,"[""https://apply.usastaffing.gov/ViewQuestionnaire/12858945""]",True,True,2026-10-07
853385500,"[""https://apply.usastaffing.gov/ViewQuestionnaire/12859264""]",True,True,2026-10-07
853395100,"[""https://jobs.monstergovt.com/dos/ros/rosDashboard.hms?O=1&J=118278&S=1""]",True,False,2026-10-07
853426700,"[""https://apply.usastaffing.gov/ViewQuestionnaire/12859380""]",True,True,2026-10-07
853436000,"[""https://apply.usastaffing.gov/ViewQuestionnaire/12859405""]",True,True,2026-10-07
853466200,"[""https://apply.usastaffing.gov/ViewQuestionnaire/12859652""]",True,True,2026-10-07
853469800,"[""https://apply.usastaffing.gov/ViewQuestionnaire/12859524""]",True,True,2026-10-07
853481700,[],True,True,2026-10-07
853505600,"[""https://apply.usastaffing.gov/ViewQuestionnaire/12858703""]",True,True,2026-10-07
853522300,"[""https://apply.usastaffing.gov/ViewQuestionnaire/12860091""]",True,True,2026-10-07
853534200,"[""https://apply.usastaffing.gov/ViewQuestionnaire/12859392""]",True,True,2026-10-07
853570300,"[""https://apply.usastaffing.gov/ViewQuestionnaire/12860426""]",True,True,2026-10-07
853637500,"[""https://apply.usastaffing.gov/ViewQuestionnaire/12860757""]",True,True,2026-10-07
853644000,"[""https://apply.usastaffing.gov/ViewQuestionnaire/12860470""]",True,True,2026-10-07
853653000,"[""https://apply.usastaffing.gov/ViewQuestionnaire/12860973""]",True,True,2026-10-07
853666600,"[""https://apply.usastaffing.gov/ViewQuestionnaire/12861091""]",True,True,2026-10-07
853693600,"[""https://apply.usastaffing.gov/ViewQuestionnaire/12861077""]",True,True,2026-10-07
853711900,"[""https://apply.usastaffing.gov/ViewQuestionnaire/12857282""]",True,True,2026-10-07
853779900,"[""https://apply.usastaffing.gov/ViewQuestionnaire/12861455""]",True,True,2026-10-07
853813000,"[""https://apply.usastaffing.gov/ViewQuestionnaire/12861998""]",True,True,2026-10-07
853838500,[],True,False,2026-10-07
853932600,"[""https://apply.usastaffing.gov/ViewQuestionnaire/12862736""]",True,True,2026-10-07
853933300,"[""https://apply.usastaffing.gov/ViewQuestionnaire/12862753""]",True,True,2026-10-07
853985800,"[""https://apply.usastaffing.gov/ViewQuestionnaire/12862901""]",True,True,2026-10-07
854023700,"[""https://apply.usastaffing.gov/ViewQuestionnaire/12856932""]",True,True,2026-10-07
854024400,"[""https://apply.usastaffing.gov/ViewQuestionnaire/12863199""]",True,True,2026-10-07
854083700,[],True,False,2026-10-07
854140200,[],True,True,2026-10-07
854142800,"[""https://apply.usastaffing.gov/ViewQuestionnaire/12863748""]",True,True,2026-10-07
854225300,[],True,True,2026-10-07
854258800,"[""https://apply.usastaffing.gov/ViewQuestionnaire/12863161""]",True,True,2026-10-07
854271100,"[""https://apply.usastaffing.gov/ViewQuestionnaire/12864264""]",True,True,2026-10-07
854284100,[],True,False,2026-10-07
854315900,"[""https://apply.usastaffing.gov/ViewQuestionnaire/12844233""]",True,True,2026-10-07
854320700,[],True,True,2026-10-07
854348300,[],True,False,2026-10-07
854385200,"[""https://apply.usastaffing.gov/ViewQuestionnaire/12864940""]",True,True,2026-10-07
854437600,"[""https://apply.usastaffing.gov/ViewQuestionnaire/12864322""]",True,True,2026-10-07
854438500,"[""https://apply.usastaffing.gov/ViewQuestionnaire/12864137""]",True,True,2026-10-07
854439300,"[""https://apply.usastaffing.gov/ViewQuestionnaire/12865147""]",True,True,2026-10-07
854439800,"[""https://apply.usastaffing.gov/ViewQuestionnaire/12864421""]",True,True,2026-10-07
854458300,"[""https://apply.usastaffing.gov/ViewQuestionnaire/12865759""]",True,True,2026-10-07
854483100,"[""https://apply.usastaffing.gov/ViewQuestionnaire/12865986""]",True,True,2026-10-07
854493300,[],True,False,2026-10-07
854527800,[],True,False,2026-10-07
854565300,"[""https://apply.usastaffing.gov/ViewQuestionnaire/12866554""]",True,True,2026-10-07
854664900,"[""https://apply.usastaffing.gov/ViewQuestionnaire/12868114""]",True,True,2026-10-07
854686000,[],True,False,2026-10-07
854744100,"[""https://apply.usastaffing.gov/ViewQuestionnaire/12867958""]",True,True,2026-10-07
854808100,"[""https://apply.usastaffing.gov/ViewQuestionnaire/12861063""]",True,True,2026-10-07
854816700,[],False,False,2026-10-07
854858300,"[""https://apply.usastaffing.gov/ViewQuestionnaire/12866660""]",True,True,2026-10-07
854875700,"[""https://apply.usastaffing.gov/ViewQuestionnaire/12869332""]",True,True,2026-10-07
854905200,"[""https://apply.usastaffing.gov/ViewQuestionnaire/12869270""]",True,True,2026-10-07
854949200,[],True,True,2026-10-07
854982600,"[""https://apply.usastaffing.gov/ViewQuestionnaire/12868661""]",True,True,2026-10-07
854984600,"[""https://apply.usastaffing.gov/ViewQuestionnaire/12868745""]",True,True,2026-10-07
854986400,"[""https://apply.usastaffing.gov/ViewQuestionnaire/12868712""]",True,True,2026-10-07
854989300,"[""https://apply.usastaffing.gov/ViewQuestionnaire/12868751""]",True,True,2026-10-07
855002000,"[""https://apply.usastaffing.gov/ViewQuestionnaire/12869109""]",True,True,2026-10-07
855003100,[],True,True,2026-10-07
855027400,[],True,True,2026-10-07
855077300,[],True,True,2026-10-07
855084200,"[""https://apply.usastaffing.gov/ViewQuestionnaire/12865764""]",True,True,2026-10-07
855103600,"[""https://apply.usastaffing.gov/ViewQuestionnaire/12870763""]",True,True,2026-10-07
855108500,"[""https://apply.usastaffing.gov/ViewQuestionnaire/12870792""]",True,True,2026-10-07
855119900,[],True,True,2026-10-07
855222600,[],True,True,2026-10-07
855224400,[],True,True,2026-10-07
855224900,[],True,True,2026-10-07
855248800,"[""https://apply.usastaffing.gov/ViewQuestionnaire/12871704""]",True,True,2026-10-07
855330700,[],True,True,2026-10-07
855341900,[],True,True,2026-10-07
855380400,"[""https://apply.usastaffing.gov/ViewQuestionnaire/12859499""]",True,True,2026-10-07
855381200,"[""https://apply.usastaffing.gov/ViewQuestionnaire/12858208""]",True,True,2026-10-07
855397100,[],True,False,2026-10-07
855494300,[],True,True,2026-10-07
855497900,[],True,True,2026-10-07
855520900,[],True,True,2026-10-07
855521200,[],True,True,2026-10-07
855549400,"[""https://apply.usastaffing.gov/ViewQuestionnaire/12872990""]",True,True,2026-10-07
855594400,"[""https://apply.usastaffing.gov/ViewQuestionnaire/12858796""]",True,True,2026-10-07
855608100,"[""https://apply.usastaffing.gov/ViewQuestionnaire/12873966""]",True,True,2026-10-07
855658200,[],True,True,2026-10-07
855668800,[],True,True,2026-10-07
855686100,"[""https://apply.usastaffing.gov/ViewQuestionnaire/12874496""]",True,True,2026-10-07
855839800,"[""https://apply.usastaffing.gov/ViewQuestionnaire/12869096""]",True,True,2026-10-07
855840400,"[""https://apply.usastaffing.gov/ViewQuestionnaire/12869839""]",True,True,2026-10-07
855855600,"[""https://apply.usastaffing.gov/ViewQuestionnaire/12875622""]",True,True,2026-10-07
855880400,"[""https://apply.usastaffing.gov/ViewQuestionnaire/12872812""]",True,True,2026-10-07
855880500,"[""https://apply.usastaffing.gov/ViewQuestionnaire/12872811""]",True,True,2026-10-07
856000300,"[""https://apply.usastaffing.gov/ViewQuestionnaire/12876550""]",True,True,2026-10-07
856018900,[],True,False,2026-10-07
856098000,"[""https://apply.usastaffing.gov/ViewQuestionnaire/12877048""]",True,True,2026-10-07
856139800,"[""https://apply.usastaffing.gov/ViewQuestionnaire/12877132""]",True,True,2026-10-07
856169800,"[""https://apply.usastaffing.gov/ViewQuestionnaire/12877438""]",True,True,2026-10-07
856169900,"[""https://apply.usastaffing.gov/ViewQuestionnaire/12874504""]",True,True,2026-10-07
856170300,"[""https://apply.usastaffing.gov/ViewQuestionnaire/12877441""]",True,True,2026-10-07
856170700,"[""https://apply.usastaffing.gov/ViewQuestionnaire/12874505""]",True,True,2026-10-07
856171000,"[""https://apply.usastaffing.gov/ViewQuestionnaire/12874509""]",True,True,2026-10-07
856171100,"[""https://apply.usastaffing.gov/ViewQuestionnaire/12877437""]",True,True,2026-10-07
856171300,"[""https://apply.usastaffing.gov/ViewQuestionnaire/12877443""]",True,True,2026-10-07
856215600,"[""https://apply.usastaffing.gov/ViewQuestionnaire/12876886""]",True,True,2026-10-07
856225000,[],True,False,2026-10-07
856227100,[],True,False,2026-10-07
856270700,"[""https://apply.usastaffing.gov/ViewQuestionnaire/12873971""]",True,True,2026-10-07
856291200,"[""https://apply.usastaffing.gov/ViewQuestionnaire/12878192""]",True,True,2026-10-07
856299900,[],True,True,2026-10-07
856382300,"[""https://apply.usastaffing.gov/ViewQuestionnaire/12878727""]",True,True,2026-10-07
856437500,"[""https://apply.usastaffing.gov/ViewQuestionnaire/12879135""]",True,True,2026-10-07
856472200,[],True,True,2026-10-07
856491200,[],True,False,2026-10-07
856527200,[],True,False,2026-10-07
856535100,[],True,False,2026-10-07
856548500,"[""https://apply.usastaffing.gov/ViewQuestionnaire/12879475""]",True,True,2026-10-07
856552100,[],True,True,2026-10-07
856608000,"[""https://apply.usastaffing.gov/ViewQuestionnaire/12876567""]",True,True,2026-10-07
856610700,"[""https://apply.usastaffing.gov/ViewQuestionnaire/12880178""]",True,True,2026-10-07
856611700,"[""https://apply.usastaffing.gov/ViewQuestionnaire/12880187""]",True,True,2026-10-07
856629100,[],True,True,2026-10-07
856654800,[],False,False,2026-10-07
856675000,"[""https://apply.usastaffing.gov/ViewQuestionnaire/12880515""]",True,True,2026-10-07
856680100,"[""https://apply.usastaffing.gov/ViewQuestionnaire/12858709""]",True,True,2026-10-07
856683300,"[""https://apply.usastaffing.gov/ViewQuestionnaire/12880597""]",True,True,2026-10-07
856685000,[],False,True,2026-10-07
856699200,[],True,True,2026-10-07
856707700,[],True,True,2026-10-07
856720800,[],True,True,2026-10-07
856726500,[],True,True,2026-10-07
856769300,"[""https://apply.usastaffing.gov/ViewQuestionnaire/12878211""]",True,True,2026-10-07
856787000,[],True,True,2026-10-07
856812500,"[""https://apply.usastaffing.gov/ViewQuestionnaire/12873527""]",True,True,2026-10-07
856867900,"[""https://apply.usastaffing.gov/ViewQuestionnaire/12882792""]",True,True,2026-10-07
856893100,"[""https://apply.usastaffing.gov/ViewQuestionnaire/12882845""]",True,True,2026-10-07
856925000,[],True,False,2026-10-07
856925300,[],True,False,2026-10-07
856965900,"[""https://apply.usastaffing.gov/ViewQuestionnaire/12874639""]",True,True,2026-10-07
856974100,[],True,True,2026-10-07
856990600,[],True,False,2026-10-07
857021300,[],True,False,2026-10-07
857086700,"[""https://apply.usastaffing.gov/ViewQuestionnaire/12883241""]",True,True,2026-10-07
857093700,"[""https://apply.usastaffing.gov/ViewQuestionnaire/12884203""]",True,True,2026-10-07
857151400,[],True,False,2026-10-07
857220900,[],True,False,2026-10-07
857392900,"[""https://apply.usastaffing.gov/ViewQuestionnaire/12879111""]",True,True,2026-10-07
857407900,"[""https://apply.usastaffing.gov/ViewQuestionnaire/12882214""]",True,True,2026-10-07
857450800,"[""https://apply.usastaffing.gov/ViewQuestionnaire/12885941""]",True,True,2026-10-07
857454100,"[""https://apply.usastaffing.gov/ViewQuestionnaire/12879095""]",True,True,2026-10-07
857454500,"[""https://apply.usastaffing.gov/ViewQuestionnaire/12884143""]",True,True,2026-10-07
857455400,"[""https://apply.usastaffing.gov/ViewQuestionnaire/12884153""]",True,True,2026-10-07
857455600,"[""https://apply.usastaffing.gov/ViewQuestionnaire/12884177""]",True,True,2026-10-07
857495800,[],False,False,2026-10-07
857515100,"[""https://apply.usastaffing.gov/ViewQuestionnaire/12885683""]",True,True,2026-10-07
857556800,[],True,False,2026-10-07
857672100,[],False,False,2026-10-07
857735000,"[""https://apply.usastaffing.gov/ViewQuestionnaire/12884204""]",True,True,2026-10-07
857742200,"[""https://apply.usastaffing.gov/ViewQuestionnaire/12883414""]",True,True,2026-10-07
857789000,[],True,False,2026-10-07
857789300,"[""https://apply.usastaffing.gov/ViewQuestionnaire/12883456""]",True,True,2026-10-07
857832800,[],True,False,2026-10-07
857846100,[],True,False,2026-10-07
857859500,"[""https://apply.usastaffing.gov/ViewQuestionnaire/12890703""]",True,True,2026-10-07
857861400,"[""https://apply.usastaffing.gov/ViewQuestionnaire/12890721""]",True,True,2026-10-07
857863400,[],True,False,2026-10-07
857917400,[],True,False,2026-10-07
857921000,[],True,True,2026-10-07
858034600,"[""https://apply.usastaffing.gov/ViewQuestionnaire/12867970""]",True,True,2026-10-07
858079300,[],True,True,2026-10-07
858098300,"[""https://apply.usastaffing.gov/ViewQuestionnaire/12892132""]",True,True,2026-10-07
858131000,[],True,False,2026-10-07
858182500,[],False,False,2026-10-07
858195400,[],True,True,2026-10-07
858213500,"[""https://apply.usastaffing.gov/ViewQuestionnaire/12892851""]",True,True,2026-10-07
858267800,"[""https://apply.usastaffing.gov/ViewQuestionnaire/12892842""]",True,True,2026-10-07
858283000,"[""https://apply.usastaffing.gov/ViewQuestionnaire/12893269""]",True,True,2026-10-07
858313200,"[""https://apply.usastaffing.gov/ViewQuestionnaire/12889215""]",True,True,2026-10-07
858315300,[],True,False,2026-10-07
858358800,"[""https://apply.usastaffing.gov/ViewQuestionnaire/12883811""]",True,True,2026-10-07
858364100,[],True,False,2026-10-07
858400300,"[""https://apply.usastaffing.gov/ViewQuestionnaire/12893324""]",True,True,2026-10-07
858408900,"[""https://apply.usastaffing.gov/ViewQuestionnaire/12894028""]",True,True,2026-10-07
858466100,"[""https://apply.usastaffing.gov/ViewQuestionnaire/12894373""]",True,True,2026-10-07
858500900,"[""https://apply.usastaffing.gov/ViewQuestionnaire/12893973""]",True,True,2026-10-07
858509400,[],True,True,2026-10-07
858552200,[],True,True,2026-10-07
858558200,"[""https://apply.usastaffing.gov/ViewQuestionnaire/12894861""]",True,True,2026-10-07
858561500,[],True,True,2026-10-07
858633700,[],True,False,2026-10-07
858635700,[],True,False,2026-10-07
858636600,[],True,False,2026-10-07
858646800,"[""https://apply.usastaffing.gov/ViewQuestionnaire/12891319""]",True,True,2026-10-07
858672400,[],True,False,2026-10-07
858682400,[],True,False,2026-10-07
858686300,"[""https://apply.usastaffing.gov/ViewQuestionnaire/12895727""]",True,True,2026-10-07
858693800,[],True,False,2026-10-07
858700600,"[""https://apply.usastaffing.gov/ViewQuestionnaire/12891471""]",True,True,2026-10-07
858760900,"[""https://apply.usastaffing.gov/ViewQuestionnaire/12896002""]",True,True,2026-10-07
858801600,[],True,True,2026-10-07
858954300,[],True,False,2026-10-07
859113900,"[""https://apply.usastaffing.gov/ViewQuestionnaire/12898327""]",True,True,2026-10-07
859164600,[],True,False,2026-10-07
859172700,"[""https://apply.usastaffing.gov/ViewQuestionnaire/12897388""]",True,True,2026-10-07
859258000,"[""https://apply.usastaffing.gov/ViewQuestionnaire/12899157""]",True,True,2026-10-07
859389800,"[""https://apply.usastaffing.gov/ViewQuestionnaire/12899941""]",True,True,2026-10-07
859413900,[],True,False,2026-10-07
859499200,"[""https://apply.usastaffing.gov/ViewQuestionnaire/12900322""]",True,True,2026-10-07
859500400,[],True,True,2026-10-07
859547100,"[""https://apply.usastaffing.gov/ViewQuestionnaire/12890391""]",True,True,2026-10-07
859547400,"[""https://apply.usastaffing.gov/ViewQuestionnaire/12890389""]",True,True,2026-10-07
859548500,[],True,True,2026-10-07
859647500,[],False,False,2026-10-07
859653200,"[""https://apply.usastaffing.gov/ViewQuestionnaire/12901501""]",True,True,2026-10-07
859667400,[],True,True,2026-10-07
859667500,[],True,True,2026-10-07
859721200,[],True,True,2026-10-07
859722500,[],True,False,2026-10-07
859730300,[],True,False,2026-10-07
859738800,"[""https://apply.usastaffing.gov/ViewQuestionnaire/12902061""]",True,True,2026-10-07
859750900,[],True,True,2026-10-07
859884600,[],True,True,2026-10-07
859907200,[],True,True,2026-10-07
859908900,[],True,True,2026-10-07
859959300,"[""https://apply.usastaffing.gov/ViewQuestionnaire/12897976""]",True,True,2026-10-07
859990800,"[""https://apply.usastaffing.gov/ViewQuestionnaire/12902014""]",True,True,2026-10-07
860040900,[],True,True,2026-10-07
860143900,"[""https://apply.usastaffing.gov/ViewQuestionnaire/12898735""]",True,True,2026-10-07
860189900,[],False,False,2026-10-07
860223900,"[""https://apply.usastaffing.gov/ViewQuestionnaire/12903552""]",True,True,2026-10-07
860240500,[],True,True,2026-10-07
860257100,[],True,True,2026-10-07
860272600,"[""https://apply.usastaffing.gov/ViewQuestionnaire/12898412""]",True,True,2026-10-07
860295500,"[""https://apply.usastaffing.gov/ViewQuestionnaire/12902045""]",True,True,2026-10-07
860412300,"[""https://apply.usastaffing.gov/ViewQuestionnaire/12906160""]",True,True,2026-10-07
860485000,"[""https://apply.usastaffing.gov/ViewQuestionnaire/12905288""]",True,True,2026-10-07
860569200,[],True,True,2026-10-07
860575700,"[""https://apply.usastaffing.gov/ViewQuestionnaire/12903997""]",True,True,2026-10-07
860608800,[],True,True,2026-10-07
860681500,[],True,True,2026-10-07
860682800,[],True,True,2026-10-07
860734500,"[""https://apply.usastaffing.gov/ViewQuestionnaire/12903728""]",True,True,2026-10-07
860813800,"[""https://apply.usastaffing.gov/ViewQuestionnaire/12907967""]",True,True,2026-10-07
860825700,"[""https://apply.usastaffing.gov/ViewQuestionnaire/12906873""]",True,True,2026-10-07
860850900,[],True,True,2026-10-07
860895600,"[""https://apply.usastaffing.gov/ViewQuestionnaire/12909030""]",True,True,2026-10-07
860921600,"[""https://apply.usastaffing.gov/ViewQuestionnaire/12897496""]",True,True,2026-10-07
861039200,"[""https://apply.usastaffing.gov/ViewQuestionnaire/12910933""]",True,True,2026-10-07
861071400,[],True,True,2026-10-07
861109600,"[""https://apply.usastaffing.gov/ViewQuestionnaire/12911238""]",True,True,2026-10-07
861219000,"[""https://apply.usastaffing.gov/ViewQuestionnaire/12911923""]",True,True,2026-10-07
861219500,"[""https://apply.usastaffing.gov/ViewQuestionnaire/12911924""]",True,True,2026-10-07
861227200,"[""https://jobs.monstergovt.com/dot/ros/rosDashboard.hms?O=2&J=92410"", ""https://jobs.monstergovt.com/dot/ros/rosDashboard.hms?O=2&J=92410&S=1""]",True,False,2026-10-07
861282700,"[""https://apply.usastaffing.gov/ViewQuestionnaire/12907895""]",True,True,2026-10-07
861319900,[],True,True,2026-10-07
861364900,"[""https://apply.usastaffing.gov/ViewQuestionnaire/12907480""]",True,True,2026-10-07
861391600,"[""https://apply.usastaffing.gov/ViewQuestionnaire/12912551""]",True,True,2026-10-07
861500000,"[""https://apply.usastaffing.gov/ViewQuestionnaire/12913712""]",True,True,2026-10-07
861590400,"[""https://apply.usastaffing.gov/ViewQuestionnaire/12914233""]",True,True,2026-10-07
861692500,[],True,False,2026-10-07
861732900,"[""https://apply.usastaffing.gov/ViewQuestionnaire/12915931""]",True,True,2026-10-07
861753300,"[""https://apply.usastaffing.gov/ViewQuestionnaire/12916097""]",True,True,2026-10-07
861753400,"[""https://apply.usastaffing.gov/ViewQuestionnaire/12912070""]",True,True,2026-10-07
861759800,"[""https://apply.usastaffing.gov/ViewQuestionnaire/12916135""]",True,True,2026-10-07
861841400,"[""https://apply.usastaffing.gov/ViewQuestionnaire/12914795""]",True,True,2026-10-07
861883200,"[""https://apply.usastaffing.gov/ViewQuestionnaire/12914812""]",True,True,2026-10-07
861936000,"[""https://jobs.monstergovt.com/dot/ros/rosDashboard.hms?O=2&J=92406"", ""https://jobs.monstergovt.com/dot/ros/rosDashboard.hms?O=2&J=92406&S=1""]",True,False,2026-10-07
861947100,"[""https://apply.usastaffing.gov/ViewQuestionnaire/12893342""]",True,True,2026-10-07
861966200,"[""https://apply.usastaffing.gov/ViewQuestionnaire/12917421""]",True,True,2026-10-07
862059100,"[""https://apply.usastaffing.gov/ViewQuestionnaire/12914226""]",True,True,2026-10-07
862174700,"[""https://apply.usastaffing.gov/ViewQuestionnaire/12914543""]",True,True,2026-10-07
862200800,"[""https://apply.usastaffing.gov/ViewQuestionnaire/12917514""]",True,True,2026-10-07
862270100,"[""https://apply.usastaffing.gov/ViewQuestionnaire/12917855""]",True,True,2026-10-07
862273000,"[""https://apply.usastaffing.gov/ViewQuestionnaire/12917416""]",True,True,2026-10-07
862274400,"[""https://apply.usastaffing.gov/ViewQuestionnaire/12920250""]",True,True,2026-10-07
862277700,"[""https://apply.usastaffing.gov/ViewQuestionnaire/12918807""]",True,True,2026-10-07
862285300,[],True,False,2026-10-07
862300400,"[""https://apply.usastaffing.gov/ViewQuestionnaire/12912869""]",True,True,2026-10-07
862387500,"[""https://apply.usastaffing.gov/ViewQuestionnaire/12920441""]",True,True,2026-10-07
862407900,"[""https://apply.usastaffing.gov/ViewQuestionnaire/12921090""]",True,True,2026-10-07
862460400,"[""https://apply.usastaffing.gov/ViewQuestionnaire/12920919""]",True,True,2026-10-07
862485300,"[""https://apply.usastaffing.gov/ViewQuestionnaire/12921568""]",True,True,2026-10-07
862494000,[],True,False,2026-10-07
862507800,"[""https://apply.usastaffing.gov/ViewQuestionnaire/12911622""]",True,True,2026-10-07
862510600,"[""https://apply.usastaffing.gov/ViewQuestionnaire/12917546""]",True,True,2026-10-07
862511000,"[""https://apply.usastaffing.gov/ViewQuestionnaire/12921727""]",True,True,2026-10-07
862541100,[],True,False,2026-10-07
862762100,[],True,False,2026-10-07
862817700,[],True,False,2026-10-07
862852500,"[""https://apply.usastaffing.gov/ViewQuestionnaire/12923729""]",True,True,2026-10-07
862873300,"[""https://apply.usastaffing.gov/ViewQuestionnaire/12921810""]",True,True,2026-10-07
862890800,"[""https://apply.usastaffing.gov/ViewQuestionnaire/12923395""]",True,True,2026-10-07
862896300,[],False,False,2026-10-07
862905000,[],False,False,2026-10-07
862929400,[],False,True,2026-10-07
862936600,[],False,False,2026-10-07
862942800,[],False,False,2026-10-07
862946100,[],False,False,2026-10-07
862947000,"[""https://apply.usastaffing.gov/ViewQuestionnaire/12916087""]",True,True,2026-10-07
862956700,[],False,False,2026-10-07
862957800,[],False,False,2026-10-07
862975600,[],False,False,2026-10-07
862976100,[],False,False,2026-10-07
862977300,[],False,False,2026-10-07
862979300,[],False,False,2026-10-07
862981300,"[""https://apply.usastaffing.gov/ViewQuestionnaire/12901476""]",True,True,2026-10-07
863001800,"[""https://apply.usastaffing.gov/ViewQuestionnaire/12924589""]",True,True,2026-10-07
863036500,[],False,False,2026-10-07
863041400,[],False,False,2026-10-07
863041500,"[""https://apply.usastaffing.gov/ViewQuestionnaire/12921266""]",True,True,2026-10-07
863041600,"[""https://apply.usastaffing.gov/ViewQuestionnaire/12920452""]",True,True,2026-10-07
863054100,[],False,False,2026-10-07
863057700,[],False,False,2026-10-07
863061200,[],False,False,2026-10-07
863064100,[],False,False,2026-10-07
863068600,[],False,False,2026-10-07
863071800,[],False,False,2026-10-07
863078300,[],False,False,2026-10-07
863084600,[],False,False,2026-10-07
863086700,[],False,False,2026-10-07
863087700,[],False,False,2026-10-07
863089100,[],False,False,2026-10-07
863092400,[],False,False,2026-10-07
863093500,[],False,False,2026-10-07
863093700,[],False,False,2026-10-07
863095600,[],False,False,2026-10-07
863096200,[],False,False,2026-10-07
863100000,[],False,False,2026-10-07
863100100,[],False,False,2026-10-07
863101900,[],False,False,2026-10-07
863102600,[],False,False,2026-10-07
863104600,[],False,False,2026-10-07
863107300,[],False,False,2026-10-07
863121900,[],False,False,2026-10-07
863124000,[],False,False,2026-10-07
863127500,[],False,False,2026-10-07
863130600,[],False,False,2026-10-07
863133400,[],False,False,2026-10-07
863137800,[],False,False,2026-10-07
863140900,[],False,False,2026-10-07
863147800,[],False,False,2026-10-07
863154100,[],False,False,2026-10-07
863156800,[],False,False,2026-10-07
863159100,[],False,False,2026-10-07
863162600,[],False,False,2026-10-07
863164500,"[""https://apply.usastaffing.gov/ViewQuestionnaire/12917652""]",True,True,2026-10-07
863165700,"[""https://apply.usastaffing.gov/ViewQuestionnaire/12917964""]",True,True,2026-10-07
863166800,[],False,False,2026-10-07
863168000,[],False,False,2026-10-07
863185000,"[""https://apply.usastaffing.gov/ViewQuestionnaire/12924614""]",True,True,2026-10-07
863185100,"[""https://apply.usastaffing.gov/ViewQuestionnaire/12924616""]",True,True,2026-10-07
863185200,"[""https://apply.usastaffing.gov/ViewQuestionnaire/12924617""]",True,True,2026-10-07
863185300,"[""https://apply.usastaffing.gov/ViewQuestionnaire/12924618""]",True,True,2026-10-07
863185500,"[""https://apply.usastaffing.gov/ViewQuestionnaire/12924619""]",True,True,2026-10-07
863185600,"[""https://apply.usastaffing.gov/ViewQuestionnaire/12924620""]",True,True,2026-10-07
863185700,"[""https://apply.usastaffing.gov/ViewQuestionnaire/12924621""]",True,True,2026-10-07
863186000,"[""https://apply.usastaffing.gov/ViewQuestionnaire/12924622""]",True,True,2026-10-07
863186100,"[""https://apply.usastaffing.gov/ViewQuestionnaire/12924623""]",True,True,2026-10-07
863204500,[],False,False,2026-10-07
863206900,[],False,False,2026-10-07
863208800,[],False,False,2026-10-07
863210800,[],False,False,2026-10-07
863228900,"[""https://jobs.monstergovt.com/aoc/ros/rosDashboard.hms?O=1749&J=148311"", ""https://jobs.monstergovt.com/aoc/ros/rosDashboard.hms?O=1749&J=148311&S=1""]",True,False,2026-10-07
863234900,[],False,False,2026-10-07
863236900,[],False,False,2026-10-07
863237800,[],False,False,2026-10-07
863240700,[],False,False,2026-10-07
863242500,[],False,False,2026-10-07
863245800,[],False,False,2026-10-07
863253800,[],False,False,2026-10-07
863256700,[],False,False,2026-10-07
863258700,[],False,False,2026-10-07
863259000,[],False,False,2026-10-07
863263200,[],False,False,2026-10-07
863265300,[],False,False,2026-10-07
863269200,[],True,True,2026-10-07
863270400,[],False,False,2026-10-07
863273300,[],False,False,2026-10-07
863275600,[],False,False,2026-10-07
863277000,"[""https://apply.usastaffing.gov/ViewQuestionnaire/12890317""]",True,True,2026-10-07
863277300,"[""https://apply.usastaffing.gov/ViewQuestionnaire/12890201""]",True,True,2026-10-07
863278200,[],False,False,2026-10-07
863281400,[],False,False,2026-10-07
863282200,[],False,False,2026-10-07
863283500,[],False,False,2026-10-07
863284800,[],False,False,2026-10-07
863286900,[],False,False,2026-10-07
863288600,[],False,False,2026-10-07
863290900,[],False,False,2026-10-07
863294300,[],False,False,2026-10-07
863295600,"[""https://apply.usastaffing.gov/ViewQuestionnaire/12926246""]",True,True,2026-10-07
863308800,[],False,False,2026-10-07
863311100,"[""https://apply.usastaffing.gov/ViewQuestionnaire/12923954""]",True,True,2026-10-07
863312200,"[""https://apply.usastaffing.gov/ViewQuestionnaire/12925661""]",True,True,2026-10-07
863316900,[],False,False,2026-10-07
863317800,[],False,False,2026-10-07
863319600,"[""https://apply.usastaffing.gov/ViewQuestionnaire/12926353""]",True,True,2026-10-07
863322400,[],False,False,2026-10-07
863324300,[],False,False,2026-10-07
863325400,"[""https://apply.usastaffing.gov/ViewQuestionnaire/12889194""]",True,True,2026-10-07
863325500,"[""https://apply.usastaffing.gov/ViewQuestionnaire/12926384""]",True,True,2026-10-07
863326000,[],False,False,2026-10-07
863328900,[],False,False,2026-10-07
863329300,[],False,False,2026-10-07
863329900,"[""https://apply.usastaffing.gov/ViewQuestionnaire/12926413""]",True,True,2026-10-07
863333400,[],False,False,2026-10-07
863333600,"[""https://apply.usastaffing.gov/ViewQuestionnaire/12889678""]",True,True,2026-10-07
863335500,[],False,False,2026-10-07
863336400,"[""https://apply.usastaffing.gov/ViewQuestionnaire/12926435""]",True,True,2026-10-07
863337700,[],False,False,2026-10-07
863339900,[],False,False,2026-10-07
863340100,"[""https://apply.usastaffing.gov/ViewQuestionnaire/12926477""]",True,True,2026-10-07
863341400,[],False,False,2026-10-07
863343100,"[""https://apply.usastaffing.gov/ViewQuestionnaire/12926495""]",True,True,2026-10-07
863346400,[],False,False,2026-10-07
863347400,[],False,False,2026-10-07
863350000,[],False,False,2026-10-07
863350500,[],False,False,2026-10-07
863353400,[],False,False,2026-10-07
863354200,[],False,False,2026-10-07
863355900,[],False,False,2026-10-07
863356700,"[""https://apply.usastaffing.gov/ViewQuestionnaire/12926582""]",True,True,2026-10-07
863358200,[],False,False,2026-10-07
863359300,[],False,False,2026-10-07
863361000,[],False,False,2026-10-07
863361100,"[""https://apply.usastaffing.gov/ViewQuestionnaire/12926598""]",True,True,2026-10-07
863362700,[],False,False,2026-10-07
863365000,[],False,False,2026-10-07
863366200,[],False,False,2026-10-07
863368000,[],False,False,2026-10-07
863369100,[],False,False,2026-10-07
863371000,[],False,False,2026-10-07
863371300,[],False,False,2026-10-07
863402000,"[""https://apply.usastaffing.gov/ViewQuestionnaire/12885248""]",True,True,2026-10-07
863402100,"[""https://apply.usastaffing.gov/ViewQuestionnaire/12885292""]",True,True,2026-10-07
863406400,"[""https://apply.usastaffing.gov/ViewQuestionnaire/12922153""]",True,True,2026-10-07
863406900,"[""https://apply.usastaffing.gov/ViewQuestionnaire/12922031""]",True,True,2026-10-07
863407100,"[""https://apply.usastaffing.gov/ViewQuestionnaire/12922111""]",True,True,2026-10-07
863411600,"[""https://apply.usastaffing.gov/ViewQuestionnaire/12912291""]",True,True,2026-10-07
863416700,[],False,False,2026-10-07
863418200,[],False,False,2026-10-07
863420800,[],False,False,2026-10-07
863422200,"[""https://apply.usastaffing.gov/ViewQuestionnaire/12889654""]",True,True,2026-10-07
863422700,[],False,False,2026-10-07
863423000,"[""https://apply.usastaffing.gov/ViewQuestionnaire/12889652""]",True,True,2026-10-07
863424700,[],False,False,2026-10-07
863436300,"[""https://apply.usastaffing.gov/ViewQuestionnaire/12926971""]",True,True,2026-10-07
863438200,"[""https://apply.usastaffing.gov/ViewQuestionnaire/12890280""]",True,True,2026-10-07
863439000,"[""https://apply.usastaffing.gov/ViewQuestionnaire/12890216""]",True,True,2026-10-07
863450600,"[""https://jobs.monstergovt.com/dot/ros/rosDashboard.hms?O=2&J=92460"", ""https://jobs.monstergovt.com/dot/ros/rosDashboard.hms?O=2&J=92460&S=1""]",True,False,2026-10-07
863483600,"[""https://apply.usastaffing.gov/ViewQuestionnaire/12891528""]",True,True,2026-10-07
863484800,"[""https://apply.usastaffing.gov/ViewQuestionnaire/12891596""]",True,True,2026-10-07
863485000,"[""https://apply.usastaffing.gov/ViewQuestionnaire/12891640""]",True,True,2026-10-07
863503200,"[""https://apply.usastaffing.gov/ViewQuestionnaire/12889296""]",True,True,2026-10-07
863506400,[],True,False,2026-10-07
863507600,"[""https://apply.usastaffing.gov/ViewQuestionnaire/12889345""]",True,True,2026-10-07
863546500,[],True,False,2026-10-07
863562700,"[""https://apply.usastaffing.gov/ViewQuestionnaire/12927702""]",True,True,2026-10-07
863581100,[],True,True,2026-10-07
863590900,"[""https://apply.usastaffing.gov/ViewQuestionnaire/12927847""]",True,True,2026-10-07
863672900,"[""https://apply.usastaffing.gov/ViewQuestionnaire/12918047""]",True,True,2026-10-07
863738500,"[""https://apply.usastaffing.gov/ViewQuestionnaire/12922941""]",True,True,2026-10-07
863779600,"[""https://apply.usastaffing.gov/ViewQuestionnaire/12927856""]",True,True,2026-10-07
863796200,"[""https://apply.usastaffing.gov/ViewQuestionnaire/12928985""]",True,True,2026-10-07
863798300,[],False,False,2026-10-07
863852100,"[""https://apply.usastaffing.gov/ViewQuestionnaire/12929285""]",True,True,2026-10-07
863938500,"[""https://apply.usastaffing.gov/ViewQuestionnaire/12929751""]",True,True,2026-10-07
863940000,[],False,False,2026-10-07
863953400,[],True,False,2026-10-07
864107100,"[""https://apply.usastaffing.gov/ViewQuestionnaire/12930819""]",True,True,2026-10-07
864140900,"[""https://apply.usastaffing.gov/ViewQuestionnaire/12927966""]",True,True,2026-10-07
864155900,"[""https://apply.usastaffing.gov/ViewQuestionnaire/12911317""]",True,True,2026-10-07
864199400,"[""https://apply.usastaffing.gov/ViewQuestionnaire/12931099""]",True,True,2026-10-07
864236300,"[""https://apply.usastaffing.gov/ViewQuestionnaire/12931552""]",True,True,2026-10-07
864245400,"[""https://apply.usastaffing.gov/ViewQuestionnaire/12931604""]",True,True,2026-10-07
864300100,"[""https://apply.usastaffing.gov/ViewQuestionnaire/12931865""]",True,True,2026-10-07
864301400,[],True,True,2026-10-07
864303200,"[""https://jobs.monstergovt.com/dot/ros/rosDashboard.hms?O=2&J=92502"", ""https://jobs.monstergovt.com/dot/ros/rosDashboard.hms?O=2&J=92502&S=1""]",True,False,2026-10-07
864312900,[],False,False,2026-10-07
864357900,"[""https://apply.usastaffing.gov/ViewQuestionnaire/12932196""]",True,True,2026-10-07
864398100,"[""https://apply.usastaffing.gov/ViewQuestionnaire/12932289""]",True,True,2026-10-07
864403900,"[""https://apply.usastaffing.gov/ViewQuestionnaire/12930569""]",True,True,2026-10-07
864411300,[],False,False,2026-10-07
864412900,[],True,True,2026-10-07
864423600,[],True,False,2026-10-07
864439600,[],True,True,2026-10-07
864449800,"[""https://apply.usastaffing.gov/ViewQuestionnaire/12932566""]",True,True,2026-10-07
864463400,[],True,False,2026-10-07
864485700,"[""https://apply.usastaffing.gov/ViewQuestionnaire/12932518""]",True,True,2026-10-07
864512900,"[""https://apply.usastaffing.gov/ViewQuestionnaire/12933007""]",True,True,2026-10-07
864528500,[],True,False,2026-10-07
864533300,"[""https://apply.usastaffing.gov/ViewQuestionnaire/12933032""]",True,True,2026-10-07
864552900,[],True,False,2026-10-07
864559300,"[""https://apply.usastaffing.gov/ViewQuestionnaire/12931624""]",True,True,2026-10-07
864560000,"[""https://apply.usastaffing.gov/ViewQuestionnaire/12931627""]",True,True,2026-10-07
864571400,"[""https://apply.usastaffing.gov/ViewQuestionnaire/12933452""]",True,True,2026-10-07
864614800,[],True,True,2026-10-07
864651700,"[""https://apply.usastaffing.gov/ViewQuestionnaire/12933434""]",True,True,2026-10-07
864665200,"[""https://jobs.monstergovt.com/dot/ros/rosDashboard.hms?O=2&J=92517"", ""https://jobs.monstergovt.com/dot/ros/rosDashboard.hms?O=2&J=92517&S=1""]",True,False,2026-10-07
864677500,"[""https://apply.usastaffing.gov/ViewQuestionnaire/12931798""]",True,True,2026-10-07
864694200,[],True,False,2026-10-07
864695500,"[""https://apply.usastaffing.gov/ViewQuestionnaire/12932764""]",True,True,2026-10-07
864739300,"[""https://apply.usastaffing.gov/ViewQuestionnaire/12934417""]",True,True,2026-10-07
864800400,"[""https://apply.usastaffing.gov/ViewQuestionnaire/12934508""]",True,True,2026-10-07
864832100,[],False,False,2026-10-07
864887500,"[""https://apply.usastaffing.gov/ViewQuestionnaire/12931658""]",True,True,2026-10-07
864890800,[],True,False,2026-10-07
864894100,[],True,False,2026-10-07
864906500,[],True,False,2026-10-07
864912000,[],True,False,2026-10-07
864984900,[],True,True,2026-10-07
864998200,[],True,True,2026-10-07
865002200,[],True,False,2026-10-07
865024500,"[""https://apply.usastaffing.gov/ViewQuestionnaire/12930669""]",True,True,2026-10-07
865062100,"[""https://apply.usastaffing.gov/ViewQuestionnaire/12935784""]",True,True,2026-10-07
865104700,[],False,False,2026-10-07
865114600,"[""https://apply.usastaffing.gov/ViewQuestionnaire/12930388""]",True,True,2026-10-07
865138900,"[""https://apply.usastaffing.gov/ViewQuestionnaire/12935770""]",True,True,2026-10-07
865142100,[],True,True,2026-10-07
865155700,[],True,True,2026-10-07
865188800,[],True,True,2026-10-07
865220300,"[""https://apply.usastaffing.gov/ViewQuestionnaire/12937098""]",True,True,2026-10-07
865263600,"[""https://apply.usastaffing.gov/ViewQuestionnaire/12931484""]",True,True,2026-10-07
865274500,[],False,False,2026-10-07
865281400,"[""https://apply.usastaffing.gov/ViewQuestionnaire/12934557""]",True,True,2026-10-07
865282500,"[""https://apply.usastaffing.gov/ViewQuestionnaire/12935764""]",True,True,2026-10-07
865283700,"[""https://apply.usastaffing.gov/ViewQuestionnaire/12934725""]",True,True,2026-10-07
865301000,"[""https://apply.usastaffing.gov/ViewQuestionnaire/12937632""]",True,True,2026-10-07
865315600,[],True,True,2026-10-07
865325700,"[""https://apply.usastaffing.gov/ViewQuestionnaire/12937710""]",True,True,2026-10-07
865354200,"[""https://apply.usastaffing.gov/ViewQuestionnaire/12937621""]",True,True,2026-10-07
865391400,"[""https://apply.usastaffing.gov/ViewQuestionnaire/12937078""]",True,True,2026-10-07
865407800,[],True,False,2026-10-07
865409500,[],True,True,2026-10-07
865420200,[],True,True,2026-10-07
865438600,"[""https://apply.usastaffing.gov/ViewQuestionnaire/12937907""]",True,True,2026-10-07
865500100,"[""https://apply.usastaffing.gov/ViewQuestionnaire/12939719""]",True,True,2026-10-07
865537500,[],True,False,2026-10-07
865553700,"[""https://apply.usastaffing.gov/ViewQuestionnaire/12933688""]",True,True,2026-10-07
865590100,"[""https://apply.usastaffing.gov/ViewQuestionnaire/12930493""]",True,True,2026-10-07
865590200,"[""https://apply.usastaffing.gov/ViewQuestionnaire/12930696""]",True,True,2026-10-07
865610500,[],False,False,2026-10-07
865617000,[],True,True,2026-10-07
865624900,"[""https://apply.usastaffing.gov/ViewQuestionnaire/12937929""]",True,True,2026-10-07
865654600,[],True,False,2026-10-07
865751700,"[""https://apply.usastaffing.gov/ViewQuestionnaire/12941187""]",True,True,2026-10-07
865781300,[],True,True,2026-10-07
865807200,"[""https://apply.usastaffing.gov/ViewQuestionnaire/12941529""]",True,True,2026-10-07
865829900,[],True,False,2026-10-07
865848400,[],True,True,2026-10-07
865851000,[],True,True,2026-10-07
865873100,"[""https://apply.usastaffing.gov/ViewQuestionnaire/12941830""]",True,True,2026-10-07
865931600,[],True,False,2026-10-07
865940400,"[""https://apply.usastaffing.gov/ViewQuestionnaire/12923121""]",True,True,2026-10-07
865979200,"[""https://jobs.monstergovt.com/dot/ros/rosDashboard.hms?O=2&J=92527"", ""https://jobs.monstergovt.com/dot/ros/rosDashboard.hms?O=2&J=92527&S=1""]",True,False,2026-10-07
866035600,"[""https://apply.usastaffing.gov/ViewQuestionnaire/12942871""]",True,True,2026-10-07
866039900,"[""https://apply.usastaffing.gov/ViewQuestionnaire/12942235""]",True,True,2026-10-07
866120700,"[""https://apply.usastaffing.gov/ViewQuestionnaire/12943404""]",True,True,2026-10-07
866134300,[],False,False,2026-10-07
866209600,"[""https://apply.usastaffing.gov/ViewQuestionnaire/12943947""]",True,True,2026-10-07
866340800,"[""https://apply.usastaffing.gov/ViewQuestionnaire/12941418""]",True,True,2026-10-07
866357400,"[""https://apply.usastaffing.gov/ViewQuestionnaire/12892764""]",True,True,2026-10-07
866365000,"[""https://jobs.monstergovt.com/dos/ros/rosDashboard.hms?O=1&J=118698&S=1""]",True,False,2026-10-07
866369500,"[""https://jobs.monstergovt.com/dos/ros/rosDashboard.hms?O=1&J=118697&S=1""]",True,False,2026-10-07
866371100,"[""https://apply.usastaffing.gov/ViewQuestionnaire/12944662""]",True,True,2026-10-07
866372700,"[""https://apply.usastaffing.gov/ViewQuestionnaire/12936653""]",True,True,2026-10-07
866376100,"[""https://apply.usastaffing.gov/ViewQuestionnaire/12943916""]",True,True,2026-10-07
866377400,"[""https://apply.usastaffing.gov/ViewQuestionnaire/12944029""]",True,True,2026-10-07
866378100,"[""https://apply.usastaffing.gov/ViewQuestionnaire/12944050""]",True,True,2026-10-07
866378600,"[""https://apply.usastaffing.gov/ViewQuestionnaire/12944293""]",True,True,2026-10-07
866379100,"[""https://apply.usastaffing.gov/ViewQuestionnaire/12944327""]",True,True,2026-10-07
866379300,"[""https://apply.usastaffing.gov/ViewQuestionnaire/12944340""]",True,True,2026-10-07
866380400,"[""https://apply.usastaffing.gov/ViewQuestionnaire/12944358""]",True,True,2026-10-07
866380800,"[""https://apply.usastaffing.gov/ViewQuestionnaire/12944376""]",True,True,2026-10-07
866381600,"[""https://apply.usastaffing.gov/ViewQuestionnaire/12944425""]",True,True,2026-10-07
866382300,"[""https://apply.usastaffing.gov/ViewQuestionnaire/12944506""]",True,True,2026-10-07
866382900,"[""https://apply.usastaffing.gov/ViewQuestionnaire/12944598""]",True,True,2026-10-07
866394400,[],True,False,2026-10-07
866443700,"[""https://apply.usastaffing.gov/ViewQuestionnaire/12944314""]",True,True,2026-10-07
866444600,"[""https://apply.usastaffing.gov/ViewQuestionnaire/12944352""]",True,True,2026-10-07
866452800,"[""https://apply.usastaffing.gov/ViewQuestionnaire/12944247""]",True,True,2026-10-07
866453400,"[""https://apply.usastaffing.gov/ViewQuestionnaire/12944301""]",True,True,2026-10-07
866454600,"[""https://apply.usastaffing.gov/ViewQuestionnaire/12944189""]",True,True,2026-10-07
866469100,"[""https://apply.usastaffing.gov/ViewQuestionnaire/12945441""]",True,True,2026-10-07
866486300,"[""https://apply.usastaffing.gov/ViewQuestionnaire/12945616""]",True,True,2026-10-07
866487100,"[""https://apply.usastaffing.gov/ViewQuestionnaire/12944510""]",True,True,2026-10-07
866500600,"[""https://apply.usastaffing.gov/ViewQuestionnaire/12944992""]",True,True,2026-10-07
866603000,"[""https://apply.usastaffing.gov/ViewQuestionnaire/12946181""]",True,True,2026-10-07
866618300,"[""https://apply.usastaffing.gov/ViewQuestionnaire/12946313""]",True,True,2026-10-07
866618500,"[""https://apply.usastaffing.gov/ViewQuestionnaire/12946213""]",True,True,2026-10-07
866623400,"[""https://apply.usastaffing.gov/ViewQuestionnaire/12943950""]",True,True,2026-10-07
866639500,"[""https://apply.usastaffing.gov/ViewQuestionnaire/12944640""]",True,True,2026-10-07
866694600,"[""https://apply.usastaffing.gov/ViewQuestionnaire/12945508""]",True,True,2026-10-07
866697300,"[""https://apply.usastaffing.gov/ViewQuestionnaire/12945954""]",True,True,2026-10-07
866703000,[],True,True,2026-10-07
866705400,"[""https://apply.usastaffing.gov/ViewQuestionnaire/12947031""]",True,True,2026-10-07
866741100,"[""https://apply.usastaffing.gov/ViewQuestionnaire/12947190""]",True,True,2026-10-07
866744500,"[""https://apply.usastaffing.gov/ViewQuestionnaire/12943849""]",True,True,2026-10-07
866783800,"[""https://apply.usastaffing.gov/ViewQuestionnaire/12947484""]",True,True,2026-10-07
866838000,"[""https://apply.usastaffing.gov/ViewQuestionnaire/12943922""]",True,True,2026-10-07
866845800,[],False,False,2026-10-07
866862700,"[""https://apply.usastaffing.gov/ViewQuestionnaire/12946474""]",True,True,2026-10-07
866864500,"[""https://apply.usastaffing.gov/ViewQuestionnaire/12946353""]",True,True,2026-10-07
866879600,"[""https://apply.usastaffing.gov/ViewQuestionnaire/12946211""]",True,True,2026-10-07
866879900,"[""https://apply.usastaffing.gov/ViewQuestionnaire/12947397""]",True,True,2026-10-07
866880000,"[""https://apply.usastaffing.gov/ViewQuestionnaire/12946163""]",True,True,2026-10-07
866880400,"[""https://apply.usastaffing.gov/ViewQuestionnaire/12946090""]",True,True,2026-10-07
866880500,"[""https://apply.usastaffing.gov/ViewQuestionnaire/12946038""]",True,True,2026-10-07
866921300,[],True,True,2026-10-07
866921400,"[""https://apply.usastaffing.gov/ViewQuestionnaire/12946235""]",True,True,2026-10-07
866925700,"[""https://apply.usastaffing.gov/ViewQuestionnaire/12943924""]",True,True,2026-10-07
866926400,"[""https://apply.usastaffing.gov/ViewQuestionnaire/12943931""]",True,True,2026-10-07
866957100,"[""https://apply.usastaffing.gov/ViewQuestionnaire/12948437""]",True,True,2026-10-07
867013200,"[""https://apply.usastaffing.gov/ViewQuestionnaire/12944674""]",True,True,2026-10-07
867018000,"[""https://apply.usastaffing.gov/ViewQuestionnaire/12944296""]",True,True,2026-10-07
867044300,[],True,True,2026-10-07
867051700,[],False,False,2026-10-07
867055300,"[""https://apply.usastaffing.gov/ViewQuestionnaire/12945833""]",True,True,2026-10-07
867057500,"[""https://apply.usastaffing.gov/ViewQuestionnaire/12944336""]",True,True,2026-10-07
867061400,"[""https://apply.usastaffing.gov/ViewQuestionnaire/12945219""]",True,True,2026-10-07
867068200,"[""https://apply.usastaffing.gov/ViewQuestionnaire/12945036""]",True,True,2026-10-07
867084100,"[""https://apply.usastaffing.gov/ViewQuestionnaire/12947350""]",True,True,2026-10-07
867084600,"[""https://apply.usastaffing.gov/ViewQuestionnaire/12945657""]",True,True,2026-10-07
867105500,"[""https://apply.usastaffing.gov/ViewQuestionnaire/12933787""]",True,True,2026-10-07
867105800,"[""https://apply.usastaffing.gov/ViewQuestionnaire/12933721""]",True,True,2026-10-07
867107100,"[""https://apply.usastaffing.gov/ViewQuestionnaire/12946816""]",True,True,2026-10-07
867107400,"[""https://apply.usastaffing.gov/ViewQuestionnaire/12946917""]",True,True,2026-10-07
867107500,"[""https://apply.usastaffing.gov/ViewQuestionnaire/12948419""]",True,True,2026-10-07
867107600,"[""https://apply.usastaffing.gov/ViewQuestionnaire/12948559""]",True,True,2026-10-07
867107900,"[""https://apply.usastaffing.gov/ViewQuestionnaire/12948755""]",True,True,2026-10-07
867108000,"[""https://apply.usastaffing.gov/ViewQuestionnaire/12948815""]",True,True,2026-10-07
867108200,"[""https://apply.usastaffing.gov/ViewQuestionnaire/12948965""]",True,True,2026-10-07
867108300,"[""https://apply.usastaffing.gov/ViewQuestionnaire/12949061""]",True,True,2026-10-07
867108500,"[""https://apply.usastaffing.gov/ViewQuestionnaire/12949121""]",True,True,2026-10-07
867112200,"[""https://apply.usastaffing.gov/ViewQuestionnaire/12948671""]",True,True,2026-10-07
867123000,"[""https://apply.usastaffing.gov/ViewQuestionnaire/12949388""]",True,True,2026-10-07
867126000,"[""https://apply.usastaffing.gov/ViewQuestionnaire/12949436""]",True,True,2026-10-07
867137500,"[""https://apply.usastaffing.gov/ViewQuestionnaire/12948193""]",True,True,2026-10-07
867137600,"[""https://apply.usastaffing.gov/ViewQuestionnaire/12949514""]",True,True,2026-10-07
867142300,"[""https://apply.usastaffing.gov/ViewQuestionnaire/12949540""]",True,True,2026-10-07
867154100,"[""https://apply.usastaffing.gov/ViewQuestionnaire/12949624""]",True,True,2026-10-07
867157400,"[""https://apply.usastaffing.gov/ViewQuestionnaire/12949653""]",True,True,2026-10-07
867158600,"[""https://apply.usastaffing.gov/ViewQuestionnaire/12948709""]",True,True,2026-10-07
867159100,"[""https://apply.usastaffing.gov/ViewQuestionnaire/12949657""]",True,True,2026-10-07
867167100,"[""https://apply.usastaffing.gov/ViewQuestionnaire/12949732""]",True,True,2026-10-07
867171000,"[""https://apply.usastaffing.gov/ViewQuestionnaire/12949762""]",True,True,2026-10-07
867175400,"[""https://apply.usastaffing.gov/ViewQuestionnaire/12949792""]",True,True,2026-10-07
867178500,"[""https://apply.usastaffing.gov/ViewQuestionnaire/12949822""]",True,True,2026-10-07
867188100,"[""https://apply.usastaffing.gov/ViewQuestionnaire/12949870""]",True,True,2026-10-07
867191800,"[""https://apply.usastaffing.gov/ViewQuestionnaire/12944071""]",True,True,2026-10-07
867192000,"[""https://apply.usastaffing.gov/ViewQuestionnaire/12944176""]",True,True,2026-10-07
867196300,"[""https://apply.usastaffing.gov/ViewQuestionnaire/12949201""]",True,True,2026-10-07
867198700,"[""https://apply.usastaffing.gov/ViewQuestionnaire/12949929""]",True,True,2026-10-07
867199200,"[""https://apply.usastaffing.gov/ViewQuestionnaire/12949230""]",True,True,2026-10-07
867204300,"[""https://apply.usastaffing.gov/ViewQuestionnaire/12949969""]",True,True,2026-10-07
867207800,"[""https://apply.usastaffing.gov/ViewQuestionnaire/12949992""]",True,True,2026-10-07
867211300,"[""https://apply.usastaffing.gov/ViewQuestionnaire/12950015""]",True,True,2026-10-07
867216300,[],True,True,2026-10-07
867230100,"[""https://apply.usastaffing.gov/ViewQuestionnaire/12950126""]",True,True,2026-10-07
867235100,"[""https://apply.usastaffing.gov/ViewQuestionnaire/12950162""]",True,True,2026-10-07
867239100,"[""https://apply.usastaffing.gov/ViewQuestionnaire/12950193""]",True,True,2026-10-07
867243000,"[""https://apply.usastaffing.gov/ViewQuestionnaire/12950219""]",True,True,2026-10-07
867264500,"[""https://apply.usastaffing.gov/ViewQuestionnaire/12950260""]",True,True,2026-10-07
867268500,"[""https://apply.usastaffing.gov/ViewQuestionnaire/12950106""]",True,True,2026-10-07
867270700,"[""https://apply.usastaffing.gov/ViewQuestionnaire/12950221""]",True,True,2026-10-07
867271800,[],True,True,2026-10-07
867281300,[],True,False,2026-10-07
867286500,[],True,False,2026-10-07
867378700,"[""https://apply.usastaffing.gov/ViewQuestionnaire/12943556""]",True,True,2026-10-07
867382900,"[""https://apply.usastaffing.gov/ViewQuestionnaire/12950943""]",True,True,2026-10-07
867397800,"[""https://apply.usastaffing.gov/ViewQuestionnaire/12943561""]",True,True,2026-10-07
867406900,[],True,False,2026-10-07
867415400,"[""https://apply.usastaffing.gov/ViewQuestionnaire/12949531""]",True,True,2026-10-07
867419000,"[""https://apply.usastaffing.gov/ViewQuestionnaire/12949337""]",True,True,2026-10-07
867419100,"[""https://apply.usastaffing.gov/ViewQuestionnaire/12944939""]",True,True,2026-10-07
867419800,"[""https://apply.usastaffing.gov/ViewQuestionnaire/12945031""]",True,True,2026-10-07
867430500,[],True,True,2026-10-07
867442800,"[""https://apply.usastaffing.gov/ViewQuestionnaire/12950229""]",True,True,2026-10-07
867450300,[],True,True,2026-10-07
867456400,[],True,False,2026-10-07
867478100,[],False,True,2026-10-07
867481800,"[""https://apply.usastaffing.gov/ViewQuestionnaire/12947480""]",True,True,2026-10-07
867482400,[],False,False,2026-10-07
867497200,[],True,True,2026-10-07
867500200,"[""https://apply.usastaffing.gov/ViewQuestionnaire/12943821""]",True,True,2026-10-07
867506900,"[""https://apply.usastaffing.gov/ViewQuestionnaire/12943595""]",True,True,2026-10-07
867507200,"[""https://apply.usastaffing.gov/ViewQuestionnaire/12943599""]",True,True,2026-10-07
867507300,"[""https://apply.usastaffing.gov/ViewQuestionnaire/12943604""]",True,True,2026-10-07
867507400,"[""https://apply.usastaffing.gov/ViewQuestionnaire/12943609""]",True,True,2026-10-07
867509500,"[""https://apply.usastaffing.gov/ViewQuestionnaire/12947627""]",True,True,2026-10-07
867510800,"[""https://apply.usastaffing.gov/ViewQuestionnaire/12947390""]",True,True,2026-10-07
867510900,"[""https://apply.usastaffing.gov/ViewQuestionnaire/12947321""]",True,True,2026-10-07
867513100,"[""https://apply.usastaffing.gov/ViewQuestionnaire/12947476""]",True,True,2026-10-07
867521300,"[""https://apply.usastaffing.gov/ViewQuestionnaire/12946210""]",True,True,2026-10-07
867524700,[],True,True,2026-10-07
867525200,"[""https://apply.usastaffing.gov/ViewQuestionnaire/12946112""]",True,True,2026-10-07
867533500,"[""https://apply.usastaffing.gov/ViewQuestionnaire/12935023""]",True,True,2026-10-07
867536600,[],True,True,2026-10-07
867536800,[],True,True,2026-10-07
867540700,[],True,True,2026-10-07
867541200,"[""https://apply.usastaffing.gov/ViewQuestionnaire/12951801""]",True,True,2026-10-07
867541800,"[""https://apply.usastaffing.gov/ViewQuestionnaire/12935022""]",True,True,2026-10-07
867606000,"[""https://apply.usastaffing.gov/ViewQuestionnaire/12952155""]",True,True,2026-10-07
867627400,[],True,False,2026-10-07
867627800,[],False,False,2026-10-07
867636100,"[""https://apply.usastaffing.gov/ViewQuestionnaire/12933956""]",True,True,2026-10-07
867644100,"[""https://apply.usastaffing.gov/ViewQuestionnaire/12951636""]",True,True,2026-10-07
867666800,"[""https://apply.usastaffing.gov/ViewQuestionnaire/12952591""]",True,True,2026-10-07
867667200,[],False,False,2026-10-07
867675700,[],False,False,2026-10-07
867702700,"[""https://apply.usastaffing.gov/ViewQuestionnaire/12944984""]",True,True,2026-10-07
867708800,[],True,False,2026-10-07
867710500,[],True,True,2026-10-07
867845900,"[""https://jobs.monstergovt.com/loc/ros/rosDashboard.hms?O=1&J=27753"", ""https://jobs.monstergovt.com/loc/ros/rosDashboard.hms?O=1&J=27753&S=1""]",False,False,2026-10-07
867865200,[],True,True,2026-10-07
867893700,"[""https://apply.usastaffing.gov/ViewQuestionnaire/12952972""]",True,True,2026-10-07
867941900,[],True,True,2026-10-07
867989600,[],True,False,2026-10-07
868004800,"[""https://apply.usastaffing.gov/ViewQuestionnaire/12953864""]",True,True,2026-10-07
868005300,"[""https://apply.usastaffing.gov/ViewQuestionnaire/12953902""]",True,True,2026-10-07
868013300,"[""https://apply.usastaffing.gov/ViewQuestionnaire/12954438""]",True,True,2026-10-07
868022100,[],True,False,2026-10-07
868030200,"[""https://apply.usastaffing.gov/ViewQuestionnaire/12954731""]",True,True,2026-10-07
868087900,[],True,False,2026-10-07
868114400,[],True,False,2026-10-07
868115100,"[""https://apply.usastaffing.gov/ViewQuestionnaire/12954332""]",True,True,2026-10-07
868120100,"[""https://apply.usastaffing.gov/ViewQuestionnaire/12954260""]",True,True,2026-10-07
868120600,"[""https://apply.usastaffing.gov/ViewQuestionnaire/12954271""]",True,True,2026-10-07
868121200,"[""https://apply.usastaffing.gov/ViewQuestionnaire/12954492""]",True,True,2026-10-07
868133900,"[""https://apply.usastaffing.gov/ViewQuestionnaire/12955161""]",True,True,2026-10-07
868144900,"[""https://apply.usastaffing.gov/ViewQuestionnaire/12955455""]",True,True,2026-10-07
868149500,"[""https://apply.usastaffing.gov/ViewQuestionnaire/12954994""]",True,True,2026-10-07
868159200,"[""https://apply.usastaffing.gov/ViewQuestionnaire/12955538""]",True,True,2026-10-07
868179700,"[""https://apply.usastaffing.gov/ViewQuestionnaire/12951365""]",True,True,2026-10-07
868180100,"[""https://apply.usastaffing.gov/ViewQuestionnaire/12955709""]",True,True,2026-10-07
868186900,"[""https://apply.usastaffing.gov/ViewQuestionnaire/12947960""]",True,True,2026-10-07
868215100,[],True,False,2026-10-07
868220600,"[""https://apply.usastaffing.gov/ViewQuestionnaire/12955542""]",True,True,2026-10-07
868243100,[],True,False,2026-10-07
868248800,"[""https://apply.usastaffing.gov/ViewQuestionnaire/12956133""]",True,True,2026-10-07
868338800,[],True,False,2026-10-07
868362100,"[""https://apply.usastaffing.gov/ViewQuestionnaire/12956889""]",True,True,2026-10-07
868377200,[],True,True,2026-10-07
868394200,"[""https://apply.usastaffing.gov/ViewQuestionnaire/12956092""]",True,True,2026-10-07
868398400,[],True,True,2026-10-07
868400800,"[""https://apply.usastaffing.gov/ViewQuestionnaire/12953630""]",True,True,2026-10-07
868415100,[],True,True,2026-10-07
868420100,[],True,True,2026-10-07
868438400,"[""https://apply.usastaffing.gov/ViewQuestionnaire/12957386""]",True,True,2026-10-07
868441400,"[""https://apply.usastaffing.gov/ViewQuestionnaire/12957371""]",True,True,2026-10-07
868442400,[],True,False,2026-10-07
868461500,"[""https://apply.usastaffing.gov/ViewQuestionnaire/12957536""]",True,True,2026-10-07
868462100,"[""https://apply.usastaffing.gov/ViewQuestionnaire/12953951""]",True,True,2026-10-07
868465100,[],True,False,2026-10-07
868468200,"[""https://apply.usastaffing.gov/ViewQuestionnaire/12957590""]",True,True,2026-10-07
868485000,"[""https://apply.usastaffing.gov/ViewQuestionnaire/12957677""]",True,True,2026-10-07
868515400,"[""https://apply.usastaffing.gov/ViewQuestionnaire/12952248""]",True,True,2026-10-07
868515900,[],True,True,2026-10-07
868520800,[],True,False,2026-10-07
868541000,"[""https://apply.usastaffing.gov/ViewQuestionnaire/12952503""]",True,True,2026-10-07
868589100,[],True,True,2026-10-07
868602400,[],True,True,2026-10-07
868607000,[],True,True,2026-10-07
868626600,[],True,False,2026-10-07
868631500,[],True,True,2026-10-07
868631900,"[""https://apply.usastaffing.gov/ViewQuestionnaire/12958205""]",True,True,2026-10-07
868634300,[],True,True,2026-10-07
868637400,[],True,True,2026-10-07
868653400,[],False,False,2026-10-07
868655500,[],False,False,2026-10-07
868672400,"[""https://apply.usastaffing.gov/ViewQuestionnaire/12941874""]",True,True,2026-10-07
868713200,"[""https://apply.usastaffing.gov/ViewQuestionnaire/12958954""]",True,True,2026-10-07
868724300,[],True,True,2026-10-07
868748000,[],True,True,2026-10-07
868749700,[],True,True,2026-10-07
868751300,"[""https://apply.usastaffing.gov/ViewQuestionnaire/12954668""]",True,True,2026-10-07
868766200,[],True,True,2026-10-07
868781200,[],True,True,2026-10-07
868814000,"[""https://apply.usastaffing.gov/ViewQuestionnaire/12959345""]",True,True,2026-10-07
868819600,[],True,True,2026-10-07
868819800,[],False,False,2026-10-07
868848300,"[""https://apply.usastaffing.gov/ViewQuestionnaire/12959952""]",True,True,2026-10-07
868848500,"[""https://apply.usastaffing.gov/ViewQuestionnaire/12959954""]",True,True,2026-10-07
868849200,"[""https://apply.usastaffing.gov/ViewQuestionnaire/12959955""]",True,True,2026-10-07
868872300,[],True,True,2026-10-07
868926700,[],True,True,2026-10-07
868957500,[],True,True,2026-10-07
868964600,"[""https://apply.usastaffing.gov/ViewQuestionnaire/12960483""]",True,True,2026-10-07
868974300,"[""https://apply.usastaffing.gov/ViewQuestionnaire/12955306""]",True,True,2026-10-07
868979800,[],True,True,2026-10-07
868980000,[],True,True,2026-10-07
868982400,[],True,True,2026-10-07
868985400,[],True,True,2026-10-07
868990000,[],True,True,2026-10-07
868996000,"[""https://apply.usastaffing.gov/ViewQuestionnaire/12960710""]",True,True,2026-10-07
868997400,[],True,True,2026-10-07
869004600,[],True,True,2026-10-07
869032200,[],True,False,2026-10-07
869032900,[],True,True,2026-10-07
869036200,[],True,True,2026-10-07
869053900,"[""https://apply.usastaffing.gov/ViewQuestionnaire/12960992""]",True,True,2026-10-07
869062700,"[""https://apply.usastaffing.gov/ViewQuestionnaire/12961147""]",True,True,2026-10-07
869089800,"[""https://apply.usastaffing.gov/ViewQuestionnaire/12960692""]",True,True,2026-10-07
869091300,"[""https://apply.usastaffing.gov/ViewQuestionnaire/12956281""]",True,True,2026-10-07
869127500,"[""https://apply.usastaffing.gov/ViewQuestionnaire/12961379""]",True,True,2026-10-07
869135500,[],True,True,2026-10-07
869144400,[],True,False,2026-10-07
869170700,[],True,True,2026-10-07
869171400,[],True,True,2026-10-07
869174800,[],False,False,2026-10-07
869232200,[],False,False,2026-10-07
869242100,[],True,True,2026-10-07
869262700,"[""https://apply.usastaffing.gov/ViewQuestionnaire/12950546""]",True,True,2026-10-07
869296400,"[""https://apply.usastaffing.gov/ViewQuestionnaire/12962432""]",True,True,2026-10-07
869321300,[],True,True,2026-10-07
869321900,[],True,True,2026-10-07
869336800,[],True,True,2026-10-07
869367200,[],True,False,2026-10-07
869372200,"[""https://apply.usastaffing.gov/ViewQuestionnaire/12961560""]",True,True,2026-10-07
869379200,"[""https://apply.usastaffing.gov/ViewQuestionnaire/12963912""]",True,True,2026-10-07
869418500,"[""https://apply.usastaffing.gov/ViewQuestionnaire/12961480""]",True,True,2026-10-07
869425300,[],True,True,2026-10-07
869435000,"[""https://apply.usastaffing.gov/ViewQuestionnaire/12962488""]",True,True,2026-10-07
869436200,"[""https://apply.usastaffing.gov/ViewQuestionnaire/12959805""]",True,True,2026-10-07
869436900,"[""https://apply.usastaffing.gov/ViewQuestionnaire/12959804""]",True,True,2026-10-07
869437500,[],True,True,2026-10-07
869458700,[],False,False,2026-10-07
869469100,[],False,False,2026-10-07
869474800,[],True,False,2026-10-07
869475000,[],True,False,2026-10-07
869488700,"[""https://apply.usastaffing.gov/ViewQuestionnaire/12964475""]",True,True,2026-10-07
869489400,[],True,True,2026-10-07
869491200,"[""https://apply.usastaffing.gov/ViewQuestionnaire/12956256""]",True,True,2026-10-07
869491800,"[""https://apply.usastaffing.gov/ViewQuestionnaire/12964484""]",True,True,2026-10-07
869509900,"[""https://apply.usastaffing.gov/ViewQuestionnaire/12962282""]",True,True,2026-10-07
869511300,[],False,False,2026-10-07
869527600,[],True,True,2026-10-07
869529400,[],True,True,2026-10-07
869538700,"[""https://apply.usastaffing.gov/ViewQuestionnaire/12964698""]",True,True,2026-10-07
869560100,"[""https://apply.usastaffing.gov/ViewQuestionnaire/12964810""]",True,True,2026-10-07
869561100,[],True,True,2026-10-07
869566300,[],True,True,2026-10-07
869583200,"[""https://jobs.monstergovt.com/dot/ros/rosDashboard.hms?O=2&J=92630"", ""https://jobs.monstergovt.com/dot/ros/rosDashboard.hms?O=2&J=92630&S=1""]",True,False,2026-10-07
869602700,[],True,True,2026-10-07
869605700,[],True,True,2026-10-07
869605900,"[""https://apply.usastaffing.gov/ViewQuestionnaire/12958864""]",True,True,2026-10-07
869620500,[],True,True,2026-10-07
869653700,"[""https://apply.usastaffing.gov/ViewQuestionnaire/12965414""]",True,True,2026-10-07
869653800,"[""https://apply.usastaffing.gov/ViewQuestionnaire/12965415""]",True,True,2026-10-07
869705600,"[""https://apply.usastaffing.gov/ViewQuestionnaire/12961516""]",True,True,2026-10-07
869709100,[],True,True,2026-10-07
869782600,"[""https://apply.usastaffing.gov/ViewQuestionnaire/12942591""]",True,True,2026-10-07
869787100,"[""https://apply.usastaffing.gov/ViewQuestionnaire/12951786""]",True,True,2026-10-07
869789600,"[""https://apply.usastaffing.gov/ViewQuestionnaire/12953503""]",True,True,2026-10-07
869790500,"[""https://apply.usastaffing.gov/ViewQuestionnaire/12953539""]",True,True,2026-10-07
869825500,[],True,True,2026-10-07
869826300,[],True,True,2026-10-07
869827900,[],True,True,2026-10-07
869829500,[],True,True,2026-10-07
869830600,[],True,True,2026-10-07
869838400,"[""https://apply.usastaffing.gov/ViewQuestionnaire/12966369""]",True,True,2026-10-07
869846800,"[""https://apply.usastaffing.gov/ViewQuestionnaire/12966420""]",True,True,2026-10-07
869858900,[],True,True,2026-10-07
869862400,[],True,True,2026-10-07
869866200,"[""https://apply.usastaffing.gov/ViewQuestionnaire/12966504""]",True,True,2026-10-07
869879900,"[""https://apply.usastaffing.gov/ViewQuestionnaire/12966389""]",True,True,2026-10-07
869916500,"[""https://apply.usastaffing.gov/ViewQuestionnaire/12966742""]",True,True,2026-10-07
869916600,"[""https://apply.usastaffing.gov/ViewQuestionnaire/12962216""]",True,True,2026-10-07
869969800,[],True,True,2026-10-07
869981100,"[""https://apply.usastaffing.gov/ViewQuestionnaire/12962494""]",True,True,2026-10-07
869991900,"[""https://apply.usastaffing.gov/ViewQuestionnaire/12967300""]",True,True,2026-10-07
869993200,"[""https://apply.usastaffing.gov/ViewQuestionnaire/12967295""]",True,True,2026-10-07
870013800,"[""https://apply.usastaffing.gov/ViewQuestionnaire/12967259""]",True,True,2026-10-07
870028900,[],True,True,2026-10-07
870048700,[],True,True,2026-10-07
870050100,"[""https://apply.usastaffing.gov/ViewQuestionnaire/12967254""]",True,True,2026-10-07
870055300,"[""https://apply.usastaffing.gov/ViewQuestionnaire/12967686""]",True,True,2026-10-07
870057600,[],True,True,2026-10-07
870072800,"[""https://apply.usastaffing.gov/ViewQuestionnaire/12965826""]",True,True,2026-10-07
870072900,"[""https://apply.usastaffing.gov/ViewQuestionnaire/12965683""]",True,True,2026-10-07
870111800,[],True,True,2026-10-07
870132800,"[""https://apply.usastaffing.gov/ViewQuestionnaire/12965749""]",True,True,2026-10-07
870134100,"[""https://apply.usastaffing.gov/ViewQuestionnaire/12965748""]",True,True,2026-10-07
870144600,"[""https://apply.usastaffing.gov/ViewQuestionnaire/12967460""]",True,True,2026-10-07
870145400,"[""https://apply.usastaffing.gov/ViewQuestionnaire/12967499""]",True,True,2026-10-07
870168600,[],False,False,2026-10-07
870211300,[],True,True,2026-10-07
870223100,[],False,False,2026-10-07
870278200,[],True,True,2026-10-07
870280300,"[""https://apply.usastaffing.gov/ViewQuestionnaire/12968201""]",True,True,2026-10-07
870281600,[],True,True,2026-10-07
870351400,[],True,True,2026-10-07
870404500,"[""https://apply.usastaffing.gov/ViewQuestionnaire/12952176""]",True,True,2026-10-07
870427700,"[""https://apply.usastaffing.gov/ViewQuestionnaire/12967307""]",True,True,2026-10-07
870427800,"[""https://apply.usastaffing.gov/ViewQuestionnaire/12967308""]",True,True,2026-10-07
870448500,"[""https://apply.usastaffing.gov/ViewQuestionnaire/12969189""]",True,True,2026-10-07
870448700,"[""https://apply.usastaffing.gov/ViewQuestionnaire/12969573""]",True,True,2026-10-07
870448900,"[""https://apply.usastaffing.gov/ViewQuestionnaire/12968933""]",True,True,2026-10-07
870488000,[],True,True,2026-10-07
870510900,[],True,False,2026-10-07
870543200,[],True,True,2026-10-07
870611300,"[""https://apply.usastaffing.gov/ViewQuestionnaire/12970500""]",True,True,2026-10-07
870612600,[],True,True,2026-10-07
870614500,"[""https://apply.usastaffing.gov/ViewQuestionnaire/12968766""]",True,True,2026-10-07
870617700,"[""https://apply.usastaffing.gov/ViewQuestionnaire/12969428""]",True,True,2026-10-07
870639800,"[""https://apply.usastaffing.gov/ViewQuestionnaire/12951712""]",True,True,2026-10-07
870652500,"[""https://apply.usastaffing.gov/ViewQuestionnaire/12970973""]",True,True,2026-10-07
870666900,[],True,True,2026-10-07
870677300,"[""https://apply.usastaffing.gov/ViewQuestionnaire/12971481""]",True,True,2026-10-07
870682400,"[""https://apply.usastaffing.gov/ViewQuestionnaire/12967563""]",True,True,2026-10-07
870695900,[],True,True,2026-10-07
870756900,"[""https://apply.usastaffing.gov/ViewQuestionnaire/12971931""]",True,True,2026-10-07
870773600,"[""https://apply.usastaffing.gov/ViewQuestionnaire/12970708""]",True,True,2026-10-07
870812000,[],True,True,2026-10-07
870834100,"[""https://apply.usastaffing.gov/ViewQuestionnaire/12971848""]",True,True,2026-10-07
870836700,[],True,True,2026-10-07
870872100,"[""https://apply.usastaffing.gov/ViewQuestionnaire/12972745""]",True,True,2026-10-07
870878500,[],True,False,2026-10-07
870881600,"[""https://apply.usastaffing.gov/ViewQuestionnaire/12972818""]",True,True,2026-10-07
870885400,"[""https://apply.usastaffing.gov/ViewQuestionnaire/12972837""]",True,True,2026-10-07
870888400,"[""https://apply.usastaffing.gov/ViewQuestionnaire/12972867""]",True,True,2026-10-07
870893500,"[""https://apply.usastaffing.gov/ViewQuestionnaire/12972896""]",True,True,2026-10-07
870896000,"[""https://apply.usastaffing.gov/ViewQuestionnaire/12972912""]",True,True,2026-10-07
870897500,[],True,True,2026-10-07
870899600,"[""https://apply.usastaffing.gov/ViewQuestionnaire/12972922""]",True,True,2026-10-07
870902600,"[""https://apply.usastaffing.gov/ViewQuestionnaire/12972950""]",True,True,2026-10-07
870903200,"[""https://apply.usastaffing.gov/ViewQuestionnaire/12969478""]",True,True,2026-10-07
870908300,"[""https://apply.usastaffing.gov/ViewQuestionnaire/12972982""]",True,True,2026-10-07
870916000,"[""https://apply.usastaffing.gov/ViewQuestionnaire/12958646""]",True,True,2026-10-07
870916300,[],True,True,2026-10-07
870918400,"[""https://apply.usastaffing.gov/ViewQuestionnaire/12968411""]",True,True,2026-10-07
870927300,[],True,True,2026-10-07
870927700,[],True,True,2026-10-07
870928800,"[""https://apply.usastaffing.gov/ViewQuestionnaire/12971924""]",True,True,2026-10-07
870929000,"[""https://apply.usastaffing.gov/ViewQuestionnaire/12971825""]",True,True,2026-10-07
870947800,"[""https://apply.usastaffing.gov/ViewQuestionnaire/12965268""]",True,True,2026-10-07
870959900,"[""https://apply.usastaffing.gov/ViewQuestionnaire/12971377""]",True,True,2026-10-07
870966400,"[""https://apply.usastaffing.gov/ViewQuestionnaire/12973204""]",True,True,2026-10-07
870968900,"[""https://apply.usastaffing.gov/ViewQuestionnaire/12970907""]",True,True,2026-10-07
870970500,"[""https://apply.usastaffing.gov/ViewQuestionnaire/12973014""]",True,True,2026-10-07
870978400,[],True,True,2026-10-07
870991700,"[""https://apply.usastaffing.gov/ViewQuestionnaire/12972723""]",True,True,2026-10-07
870991800,"[""https://apply.usastaffing.gov/ViewQuestionnaire/12972724""]",True,True,2026-10-07
871000800,"[""https://apply.usastaffing.gov/ViewQuestionnaire/12971583""]",True,True,2026-10-07
871017900,"[""https://apply.usastaffing.gov/ViewQuestionnaire/12972054""]",True,True,2026-10-07
871033600,"[""https://apply.usastaffing.gov/ViewQuestionnaire/12969347""]",True,True,2026-10-07
871034200,"[""https://apply.usastaffing.gov/ViewQuestionnaire/12973533""]",True,True,2026-10-07
871039300,"[""https://apply.usastaffing.gov/ViewQuestionnaire/12973750""]",True,True,2026-10-07
871046900,[],True,True,2026-10-07
871047800,"[""https://apply.usastaffing.gov/ViewQuestionnaire/12973781""]",True,True,2026-10-07
871051300,[],True,True,2026-10-07
871093700,[],False,False,2026-10-07
871106300,"[""https://apply.usastaffing.gov/ViewQuestionnaire/12966913""]",True,True,2026-10-07
871106500,"[""https://apply.usastaffing.gov/ViewQuestionnaire/12968668""]",True,True,2026-10-07
871134400,"[""https://apply.usastaffing.gov/ViewQuestionnaire/12973652""]",True,True,2026-10-07
871136100,"[""https://apply.usastaffing.gov/ViewQuestionnaire/12969370""]",True,True,2026-10-07
871141000,"[""https://jobs.monstergovt.com/dot/ros/rosDashboard.hms?O=2&J=92646"", ""https://jobs.monstergovt.com/dot/ros/rosDashboard.hms?O=2&J=92646&S=1""]",True,False,2026-10-07
871149000,[],True,True,2026-10-07
871164100,"[""https://apply.usastaffing.gov/ViewQuestionnaire/12966827""]",True,True,2026-10-07
871164300,"[""https://apply.usastaffing.gov/ViewQuestionnaire/12965765""]",True,True,2026-10-07
871164600,"[""https://apply.usastaffing.gov/ViewQuestionnaire/12965753""]",True,True,2026-10-07
871164800,"[""https://apply.usastaffing.gov/ViewQuestionnaire/12965771""]",True,True,2026-10-07
871165000,"[""https://apply.usastaffing.gov/ViewQuestionnaire/12965778""]",True,True,2026-10-07
871165100,"[""https://apply.usastaffing.gov/ViewQuestionnaire/12966932""]",True,True,2026-10-07
871170000,"[""https://apply.usastaffing.gov/ViewQuestionnaire/12970875""]",True,True,2026-10-07
871170300,"[""https://apply.usastaffing.gov/ViewQuestionnaire/12970873""]",True,True,2026-10-07
871170400,"[""https://apply.usastaffing.gov/ViewQuestionnaire/12970995""]",True,True,2026-10-07
871186100,"[""https://apply.usastaffing.gov/ViewQuestionnaire/12974501""]",True,True,2026-10-07
871201600,"[""https://apply.usastaffing.gov/ViewQuestionnaire/12967943""]",True,True,2026-10-07
871203300,"[""https://apply.usastaffing.gov/ViewQuestionnaire/12968107""]",True,True,2026-10-07
871204100,[],True,True,2026-10-07
871218900,"[""https://apply.usastaffing.gov/ViewQuestionnaire/12974727""]",True,True,2026-10-07
871221600,"[""https://apply.usastaffing.gov/ViewQuestionnaire/12974746""]",True,True,2026-10-07
871224500,"[""https://apply.usastaffing.gov/ViewQuestionnaire/12974756""]",True,True,2026-10-07
871225400,"[""https://apply.usastaffing.gov/ViewQuestionnaire/12968459""]",True,True,2026-10-07
871226800,"[""https://apply.usastaffing.gov/ViewQuestionnaire/12974508""]",True,True,2026-10-07
871227000,"[""https://apply.usastaffing.gov/ViewQuestionnaire/12974771""]",True,True,2026-10-07
871227700,[],True,True,2026-10-07
871234500,"[""https://apply.usastaffing.gov/ViewQuestionnaire/12951696""]",True,True,2026-10-07
871238100,"[""https://apply.usastaffing.gov/ViewQuestionnaire/12974824""]",True,True,2026-10-07
871288900,"[""https://apply.usastaffing.gov/ViewQuestionnaire/12974426""]",True,True,2026-10-07
871291200,"[""https://apply.usastaffing.gov/ViewQuestionnaire/12974428""]",True,True,2026-10-07
871291800,"[""https://apply.usastaffing.gov/ViewQuestionnaire/12961539""]",True,True,2026-10-07
871345600,"[""https://apply.usastaffing.gov/ViewQuestionnaire/12975434""]",True,True,2026-10-07
871349000,"[""https://apply.usastaffing.gov/ViewQuestionnaire/12975450""]",True,True,2026-10-07
871351400,"[""https://apply.usastaffing.gov/ViewQuestionnaire/12967024""]",True,True,2026-10-07
871351700,"[""https://apply.usastaffing.gov/ViewQuestionnaire/12966923""]",True,True,2026-10-07
871352300,"[""https://apply.usastaffing.gov/ViewQuestionnaire/12975473""]",True,True,2026-10-07
871359000,"[""https://apply.usastaffing.gov/ViewQuestionnaire/12975498""]",True,True,2026-10-07
871380700,[],True,True,2026-10-07
871411800,[],False,False,2026-10-07
871423900,"[""https://apply.usastaffing.gov/ViewQuestionnaire/12975948""]",True,True,2026-10-07
871457500,[],True,True,2026-10-07
871467100,[],False,False,2026-10-07
871475500,"[""https://apply.usastaffing.gov/ViewQuestionnaire/12972684""]",True,True,2026-10-07
871490800,[],True,True,2026-10-07
871491000,"[""https://apply.usastaffing.gov/ViewQuestionnaire/12976380""]",True,True,2026-10-07
871493000,[],True,True,2026-10-07
871525000,"[""https://apply.usastaffing.gov/ViewQuestionnaire/12975802""]",True,True,2026-10-07
871534800,"[""https://apply.usastaffing.gov/ViewQuestionnaire/12976649""]",True,True,2026-10-07
871536900,"[""https://apply.usastaffing.gov/ViewQuestionnaire/12976659""]",True,True,2026-10-07
871545300,"[""https://apply.usastaffing.gov/ViewQuestionnaire/12972192""]",True,True,2026-10-07
871563600,[],True,True,2026-10-07
871564400,[],True,True,2026-10-07
871573400,"[""https://apply.usastaffing.gov/ViewQuestionnaire/12976902""]",True,True,2026-10-07
871602700,[],True,True,2026-10-07
871605900,"[""https://apply.usastaffing.gov/ViewQuestionnaire/12974860""]",True,True,2026-10-07
871609300,[],True,True,2026-10-07
871619400,"[""https://apply.usastaffing.gov/ViewQuestionnaire/12977131""]",True,True,2026-10-07
871652700,"[""https://apply.usastaffing.gov/ViewQuestionnaire/12976718""]",True,True,2026-10-07
871663600,[],False,False,2026-10-07
871663800,"[""https://apply.usastaffing.gov/ViewQuestionnaire/12976999""]",True,True,2026-10-07
871663900,"[""https://apply.usastaffing.gov/ViewQuestionnaire/12977000""]",True,True,2026-10-07
871683600,"[""https://apply.usastaffing.gov/ViewQuestionnaire/12972780""]",True,True,2026-10-07
871691400,[],True,True,2026-10-07
871702900,"[""https://apply.usastaffing.gov/ViewQuestionnaire/12977696""]",True,True,2026-10-07
871719500,[],True,False,2026-10-07
871729600,"[""https://apply.usastaffing.gov/ViewQuestionnaire/12973000""]",True,True,2026-10-07
871753100,[],True,True,2026-10-07
871760300,[],True,True,2026-10-07
871779500,"[""https://apply.usastaffing.gov/ViewQuestionnaire/12976900""]",True,True,2026-10-07
871843900,[],True,False,2026-10-07
871844300,"[""https://apply.usastaffing.gov/ViewQuestionnaire/12976311""]",True,True,2026-10-07
871853300,[],True,True,2026-10-07
871866600,[],True,False,2026-10-07
871868000,"[""https://apply.usastaffing.gov/ViewQuestionnaire/12974425""]",True,True,2026-10-07
871873000,"[""https://apply.usastaffing.gov/ViewQuestionnaire/12978806""]",True,True,2026-10-07
871876900,"[""https://apply.usastaffing.gov/ViewQuestionnaire/12978834""]",True,True,2026-10-07
871897900,"[""https://apply.usastaffing.gov/ViewQuestionnaire/12978964""]",True,True,2026-10-07
871902900,[],True,True,2026-10-07
871919200,"[""https://apply.usastaffing.gov/ViewQuestionnaire/12979085""]",True,True,2026-10-07
871922400,"[""https://apply.usastaffing.gov/ViewQuestionnaire/12979106""]",True,True,2026-10-07
871982100,"[""https://apply.usastaffing.gov/ViewQuestionnaire/12979455""]",True,True,2026-10-07
872038900,"[""https://apply.usastaffing.gov/ViewQuestionnaire/12979739""]",True,True,2026-10-07
872049900,"[""https://apply.usastaffing.gov/ViewQuestionnaire/12978918""]",True,True,2026-10-07
872055600,"[""https://apply.usastaffing.gov/ViewQuestionnaire/12979372""]",True,True,2026-10-07
872083200,"[""https://apply.usastaffing.gov/ViewQuestionnaire/12980015""]",True,True,2026-10-07
872106500,[],False,False,2026-10-07
872157100,[],False,False,2026-10-07
872159300,[],False,False,2026-10-07
872162500,[],False,False,2026-10-07
872173200,[],True,True,2026-10-07
872181900,"[""https://apply.usastaffing.gov/ViewQuestionnaire/12979295""]",True,True,2026-10-07
872203500,[],True,True,2026-10-07
872203800,"[""https://apply.usastaffing.gov/ViewQuestionnaire/12975451""]",True,True,2026-10-07
872236100,"[""https://apply.usastaffing.gov/ViewQuestionnaire/12978812""]",True,True,2026-10-07
872236300,"[""https://apply.usastaffing.gov/ViewQuestionnaire/12979012""]",True,True,2026-10-07
872251900,"[""https://apply.usastaffing.gov/ViewQuestionnaire/12968942""]",True,True,2026-10-07
872252700,"[""https://apply.usastaffing.gov/ViewQuestionnaire/12976696""]",True,True,2026-10-07
872262600,[],True,True,2026-10-07
872274800,"[""https://apply.usastaffing.gov/ViewQuestionnaire/12981098""]",True,True,2026-10-07
872287900,[],True,True,2026-10-07
872310200,[],True,True,2026-10-07
872311200,[],False,False,2026-10-07
872319300,[],False,False,2026-10-07
872319400,[],False,False,2026-10-07
872319500,[],False,False,2026-10-07
872345300,[],True,True,2026-10-07
872356300,"[""https://apply.usastaffing.gov/ViewQuestionnaire/12967208""]",True,True,2026-10-07
872357000,"[""https://apply.usastaffing.gov/ViewQuestionnaire/12967209""]",True,True,2026-10-07
872394700,"[""https://apply.usastaffing.gov/ViewQuestionnaire/12981270""]",True,True,2026-10-07
872420300,[],False,False,2026-10-07
872421100,"[""https://apply.usastaffing.gov/ViewQuestionnaire/12973315""]",True,True,2026-10-07
872469700,[],True,True,2026-10-07
872492000,"[""https://apply.usastaffing.gov/ViewQuestionnaire/12982104""]",True,True,2026-10-07
872583200,"[""https://apply.usastaffing.gov/ViewQuestionnaire/12983058""]",True,True,2026-10-07
872592100,"[""https://apply.usastaffing.gov/ViewQuestionnaire/12983115""]",True,True,2026-10-07
872601600,[],True,True,2026-10-07
872614900,"[""https://apply.usastaffing.gov/ViewQuestionnaire/12967583""]",True,True,2026-10-07
872615200,"[""https://apply.usastaffing.gov/ViewQuestionnaire/12967584""]",True,True,2026-10-07
872625000,[],True,True,2026-10-07
872628700,"[""https://apply.usastaffing.gov/ViewQuestionnaire/12983278""]",True,True,2026-10-07
872639400,"[""https://apply.usastaffing.gov/ViewQuestionnaire/12969598""]",True,True,2026-10-07
872642700,"[""https://apply.usastaffing.gov/ViewQuestionnaire/12982197""]",True,True,2026-10-07
872643000,"[""https://apply.usastaffing.gov/ViewQuestionnaire/12982196""]",True,True,2026-10-07
872646000,"[""https://apply.usastaffing.gov/ViewQuestionnaire/12983421""]",True,True,2026-10-07
872648800,"[""https://apply.usastaffing.gov/ViewQuestionnaire/12981192""]",True,True,2026-10-07
872652100,"[""https://apply.usastaffing.gov/ViewQuestionnaire/12982911""]",True,True,2026-10-07
872661300,[],True,False,2026-10-07
872677100,"[""https://apply.usastaffing.gov/ViewQuestionnaire/12982237""]",True,True,2026-10-07
872677400,"[""https://apply.usastaffing.gov/ViewQuestionnaire/12982828""]",True,True,2026-10-07
872679000,[],False,False,2026-10-07
872707200,[],False,False,2026-10-07
872712400,"[""https://apply.usastaffing.gov/ViewQuestionnaire/12983056""]",True,True,2026-10-07
872715300,"[""https://apply.usastaffing.gov/ViewQuestionnaire/12943618""]",True,True,2026-10-07
872722400,[],True,True,2026-10-07
872736700,"[""https://apply.usastaffing.gov/ViewQuestionnaire/12978935""]",True,True,2026-10-07
872753300,"[""https://apply.usastaffing.gov/ViewQuestionnaire/12982930""]",True,True,2026-10-07
872774500,"[""https://apply.usastaffing.gov/ViewQuestionnaire/12981122""]",True,True,2026-10-07
872794000,[],True,False,2026-10-07
872803900,[],False,False,2026-10-07
872811600,"[""https://apply.usastaffing.gov/ViewQuestionnaire/12983543""]",True,True,2026-10-07
872821400,[],False,False,2026-10-07
872833400,"[""https://apply.usastaffing.gov/ViewQuestionnaire/12976269""]",True,True,2026-10-07
872838600,"[""https://apply.usastaffing.gov/ViewQuestionnaire/12985590""]",True,True,2026-10-07
872858900,[],True,False,2026-10-07
872882800,"[""https://apply.usastaffing.gov/ViewQuestionnaire/12985889""]",True,True,2026-10-07
872888000,[],False,False,2026-10-07
872893700,"[""https://jobs.monstergovt.com/loc/ros/rosDashboard.hms?O=1&J=27765"", ""https://jobs.monstergovt.com/loc/ros/rosDashboard.hms?O=1&J=27765&S=1""]",True,False,2026-10-07
872923800,"[""https://apply.usastaffing.gov/ViewQuestionnaire/12985346""]",True,True,2026-10-07
872927300,"[""https://apply.usastaffing.gov/ViewQuestionnaire/12986122""]",True,True,2026-10-07
872930400,"[""https://apply.usastaffing.gov/ViewQuestionnaire/12986142""]",True,True,2026-10-07
872936500,"[""https://apply.usastaffing.gov/ViewQuestionnaire/12986167""]",True,True,2026-10-07
872950100,"[""https://apply.usastaffing.gov/ViewQuestionnaire/12983936""]",True,True,2026-10-07
872958900,[],True,True,2026-10-07
872972600,[],False,False,2026-10-07
872973200,[],True,True,2026-10-07
872979100,[],False,False,2026-10-07
872983400,[],True,True,2026-10-07
873003300,"[""https://jobs.monstergovt.com/aoc/ros/rosDashboard.hms?O=1749&J=148359"", ""https://jobs.monstergovt.com/aoc/ros/rosDashboard.hms?O=1749&J=148359&S=1""]",True,False,2026-10-07
873016800,[],False,False,2026-10-07
873080700,[],True,True,2026-10-07
873083200,[],True,False,2026-10-07
873108200,[],True,False,2026-10-07
873113200,"[""https://apply.usastaffing.gov/ViewQuestionnaire/12973933""]",True,True,2026-10-07
873125400,"[""https://apply.usastaffing.gov/ViewQuestionnaire/12987263""]",True,True,2026-10-07
873139000,"[""https://apply.usastaffing.gov/ViewQuestionnaire/12985385""]",True,True,2026-10-07
873144000,[],True,True,2026-10-07
873149900,"[""https://apply.usastaffing.gov/ViewQuestionnaire/12987016""]",True,True,2026-10-07
873150500,"[""https://apply.usastaffing.gov/ViewQuestionnaire/12987419""]",True,True,2026-10-07
873152900,[],False,False,2026-10-07
873164100,[],True,False,2026-10-07
873168200,"[""https://apply.usastaffing.gov/ViewQuestionnaire/12935345""]",True,True,2026-10-07
873170900,[],True,False,2026-10-07
873171200,"[""https://apply.usastaffing.gov/ViewQuestionnaire/12987578""]",True,True,2026-10-07
873172300,"[""https://apply.usastaffing.gov/ViewQuestionnaire/12987567""]",True,True,2026-10-07
873202300,[],True,False,2026-10-07
873211400,[],True,True,2026-10-07
873212100,[],True,True,2026-10-07
873212600,[],True,True,2026-10-07
873246300,[],True,True,2026-10-07
873247600,[],True,True,2026-10-07
873257700,"[""https://apply.usastaffing.gov/ViewQuestionnaire/12986266""]",True,True,2026-10-07
873264700,"[""https://apply.usastaffing.gov/ViewQuestionnaire/12987577""]",True,True,2026-10-07
873267300,[],True,False,2026-10-07
873278200,[],True,True,2026-10-07
873289500,"[""https://apply.usastaffing.gov/ViewQuestionnaire/12966921""]",True,True,2026-10-07
873304000,[],True,True,2026-10-07
873319000,"[""https://apply.usastaffing.gov/ViewQuestionnaire/12988246""]",True,True,2026-10-07
873322400,"[""https://apply.usastaffing.gov/ViewQuestionnaire/12988356""]",True,True,2026-10-07
873328900,"[""https://apply.usastaffing.gov/ViewQuestionnaire/12987897""]",True,True,2026-10-07
873344500,[],True,False,2026-10-07
873351300,"[""https://apply.usastaffing.gov/ViewQuestionnaire/12988523""]",True,True,2026-10-07
873355200,[],True,False,2026-10-07
873371700,"[""https://apply.usastaffing.gov/ViewQuestionnaire/12988808""]",True,True,2026-10-07
873378400,[],False,False,2026-10-07
873389500,[],True,True,2026-10-07
873391400,[],True,False,2026-10-07
873408200,"[""https://apply.usastaffing.gov/ViewQuestionnaire/12979129""]",True,True,2026-10-07
873426400,[],False,False,2026-10-07
873434500,[],False,False,2026-10-07
873443700,"[""https://apply.usastaffing.gov/ViewQuestionnaire/12988014""]",True,True,2026-10-07
873447700,[],True,True,2026-10-07
873451800,"[""https://apply.usastaffing.gov/ViewQuestionnaire/12988971""]",True,True,2026-10-07
873455300,[],True,True,2026-10-07
873467400,[],True,True,2026-10-07
873475000,"[""https://apply.usastaffing.gov/ViewQuestionnaire/12988988""]",True,True,2026-10-07
873522500,"[""https://apply.usastaffing.gov/ViewQuestionnaire/12988627""]",True,True,2026-10-07
873559800,"[""https://apply.usastaffing.gov/ViewQuestionnaire/12990021""]",True,True,2026-10-07
873563200,"[""https://apply.usastaffing.gov/ViewQuestionnaire/12959935""]",True,True,2026-10-07
873576400,"[""https://apply.usastaffing.gov/ViewQuestionnaire/12987657""]",True,True,2026-10-07
873585500,[],True,True,2026-10-07
873596600,"[""https://apply.usastaffing.gov/ViewQuestionnaire/12989762""]",True,True,2026-10-07
873597000,"[""https://apply.usastaffing.gov/ViewQuestionnaire/12987611""]",True,True,2026-10-07
873612300,"[""https://apply.usastaffing.gov/ViewQuestionnaire/12976335""]",True,True,2026-10-07
873619100,[],True,True,2026-10-07
873630800,[],True,True,2026-10-07
873655700,[],True,True,2026-10-07
873669800,"[""https://apply.usastaffing.gov/ViewQuestionnaire/12990606""]",True,True,2026-10-07
873670600,"[""https://apply.usastaffing.gov/ViewQuestionnaire/12988052""]",True,True,2026-10-07
873686600,"[""https://apply.usastaffing.gov/ViewQuestionnaire/12987054""]",True,True,2026-10-07
873712900,[],True,False,2026-10-07
873715700,"[""https://apply.usastaffing.gov/ViewQuestionnaire/12988813""]",True,True,2026-10-07
873729200,"[""https://apply.usastaffing.gov/ViewQuestionnaire/12990880""]",True,True,2026-10-07
873743300,[],False,False,2026-10-07
873758300,"[""https://apply.usastaffing.gov/ViewQuestionnaire/12990156""]",True,True,2026-10-07
873758800,"[""https://apply.usastaffing.gov/ViewQuestionnaire/12990220""]",True,True,2026-10-07
873761000,"[""https://apply.usastaffing.gov/ViewQuestionnaire/12987238""]",True,True,2026-10-07
873761100,"[""https://apply.usastaffing.gov/ViewQuestionnaire/12987239""]",True,True,2026-10-07
873768700,[],False,False,2026-10-07
873769100,[],False,False,2026-10-07
873775300,[],False,False,2026-10-07
873786300,"[""https://apply.usastaffing.gov/ViewQuestionnaire/12991194""]",True,True,2026-10-07
873787900,"[""https://apply.usastaffing.gov/ViewQuestionnaire/12991206""]",True,True,2026-10-07
873789800,"[""https://apply.usastaffing.gov/ViewQuestionnaire/12991220""]",True,True,2026-10-07
873793800,[],True,True,2026-10-07
873796800,[],True,False,2026-10-07
873801100,[],True,True,2026-10-07
873805800,"[""https://apply.usastaffing.gov/ViewQuestionnaire/12991277""]",True,True,2026-10-07
873806400,"[""https://apply.usastaffing.gov/ViewQuestionnaire/12991214""]",True,True,2026-10-07
873808200,[],True,True,2026-10-07
873812500,"[""https://apply.usastaffing.gov/ViewQuestionnaire/12990631""]",True,True,2026-10-07
873822700,[],True,True,2026-10-07
873824200,[],True,False,2026-10-07
873825500,"[""https://apply.usastaffing.gov/ViewQuestionnaire/12981882""]",True,True,2026-10-07
873863400,[],False,False,2026-10-07
873866400,"[""https://apply.usastaffing.gov/ViewQuestionnaire/12991216""]",True,True,2026-10-07
873868500,"[""https://apply.usastaffing.gov/ViewQuestionnaire/12981962""]",True,True,2026-10-07
873877300,[],True,True,2026-10-07
873888500,"[""https://apply.usastaffing.gov/ViewQuestionnaire/12991262""]",True,True,2026-10-07
873900700,"[""https://apply.usastaffing.gov/ViewQuestionnaire/12990047""]",True,True,2026-10-07
873912600,"[""https://apply.usastaffing.gov/ViewQuestionnaire/12991563""]",True,True,2026-10-07
873922900,[],True,True,2026-10-07
873936400,[],True,False,2026-10-07
873944100,[],True,True,2026-10-07
873945500,"[""https://apply.usastaffing.gov/ViewQuestionnaire/12991316""]",True,True,2026-10-07
873958600,[],False,False,2026-10-07
873970600,[],True,False,2026-10-07
873975000,[],False,False,2026-10-07
873985900,[],True,True,2026-10-07
873991600,"[""https://apply.usastaffing.gov/ViewQuestionnaire/12990473""]",True,True,2026-10-07
874001600,"[""https://apply.usastaffing.gov/ViewQuestionnaire/12991858""]",True,True,2026-10-07
874012000,"[""https://apply.usastaffing.gov/ViewQuestionnaire/12991547""]",True,True,2026-10-07
874014700,"[""https://apply.usastaffing.gov/ViewQuestionnaire/12991457""]",True,True,2026-10-07
874015500,"[""https://apply.usastaffing.gov/ViewQuestionnaire/12991458""]",True,True,2026-10-07
874016600,"[""https://apply.usastaffing.gov/ViewQuestionnaire/12991459""]",True,True,2026-10-07
874017000,"[""https://apply.usastaffing.gov/ViewQuestionnaire/12991460""]",True,True,2026-10-07
874020100,"[""https://apply.usastaffing.gov/ViewQuestionnaire/12992632""]",True,True,2026-10-07
874023100,"[""https://apply.usastaffing.gov/ViewQuestionnaire/12992637""]",True,True,2026-10-07
874034800,[],True,False,2026-10-07
874071600,"[""https://apply.usastaffing.gov/ViewQuestionnaire/12992896""]",True,True,2026-10-07
874072900,"[""https://apply.usastaffing.gov/ViewQuestionnaire/12992915""]",True,True,2026-10-07
874074700,"[""https://apply.usastaffing.gov/ViewQuestionnaire/12992924""]",True,True,2026-10-07
874081300,[],False,False,2026-10-07
874116500,[],True,True,2026-10-07
874193800,"[""https://apply.usastaffing.gov/ViewQuestionnaire/12961613""]",True,True,2026-10-07
874199500,[],True,True,2026-10-07
874202600,[],False,False,2026-10-07
874211100,"[""https://apply.usastaffing.gov/ViewQuestionnaire/12976837""]",True,True,2026-10-07
874211700,"[""https://apply.usastaffing.gov/ViewQuestionnaire/12993529""]",True,True,2026-10-07
874223700,[],True,True,2026-10-07
874241800,"[""https://apply.usastaffing.gov/ViewQuestionnaire/12993850""]",True,True,2026-10-07
874257700,[],True,True,2026-10-07
874271900,"[""https://apply.usastaffing.gov/ViewQuestionnaire/12994047""]",True,True,2026-10-07
874272900,"[""https://apply.usastaffing.gov/ViewQuestionnaire/12994096""]",True,True,2026-10-07
874274000,"[""https://apply.usastaffing.gov/ViewQuestionnaire/12994105""]",True,True,2026-10-07
874315400,[],True,True,2026-10-07
874321900,"[""https://apply.usastaffing.gov/ViewQuestionnaire/12982978""]",True,True,2026-10-07
874341200,[],True,True,2026-10-07
874342100,"[""https://apply.usastaffing.gov/ViewQuestionnaire/12994387""]",True,True,2026-10-07
874356800,[],False,False,2026-10-07
874367100,"[""https://apply.usastaffing.gov/ViewQuestionnaire/12994212""]",True,True,2026-10-07
874369900,"[""https://apply.usastaffing.gov/ViewQuestionnaire/12994651""]",True,True,2026-10-07
874373700,[],True,True,2026-10-07
874391700,"[""https://apply.usastaffing.gov/ViewQuestionnaire/12994781""]",True,True,2026-10-07
874393400,[],False,False,2026-10-07
874397000,"[""https://apply.usastaffing.gov/ViewQuestionnaire/12993394""]",True,True,2026-10-07
874403200,"[""https://apply.usastaffing.gov/ViewQuestionnaire/12993109""]",True,True,2026-10-07
874408700,"[""https://apply.usastaffing.gov/ViewQuestionnaire/12994336""]",True,True,2026-10-07
874410700,"[""https://apply.usastaffing.gov/ViewQuestionnaire/12994664""]",True,True,2026-10-07
874428600,[],False,False,2026-10-07
874453900,"[""https://apply.usastaffing.gov/ViewQuestionnaire/12983390""]",True,True,2026-10-07
874454400,"[""https://apply.usastaffing.gov/ViewQuestionnaire/12995202""]",True,True,2026-10-07
874467500,"[""https://apply.usastaffing.gov/ViewQuestionnaire/12994829""]",True,True,2026-10-07
874467600,"[""https://apply.usastaffing.gov/ViewQuestionnaire/12983053""]",True,True,2026-10-07
874477700,[],True,False,2026-10-07
874486700,"[""https://apply.usastaffing.gov/ViewQuestionnaire/12994879""]",True,True,2026-10-07
874503700,"[""https://apply.usastaffing.gov/ViewQuestionnaire/12995295""]",True,True,2026-10-07
874515600,"[""https://apply.usastaffing.gov/ViewQuestionnaire/12994370""]",True,True,2026-10-07
874521300,"[""https://apply.usastaffing.gov/ViewQuestionnaire/12995511""]",True,True,2026-10-07
874521700,"[""https://apply.usastaffing.gov/ViewQuestionnaire/12995462""]",True,True,2026-10-07
874525400,"[""https://apply.usastaffing.gov/ViewQuestionnaire/12995503""]",True,True,2026-10-07
874546000,"[""https://apply.usastaffing.gov/ViewQuestionnaire/12995617""]",True,True,2026-10-07
874549800,[],False,False,2026-10-07
874599000,[],True,True,2026-10-07
874600500,[],True,True,2026-10-07
874610300,"[""https://apply.usastaffing.gov/ViewQuestionnaire/12995933""]",True,True,2026-10-07
874613600,"[""https://apply.usastaffing.gov/ViewQuestionnaire/12995916""]",True,True,2026-10-07
874622900,"[""https://apply.usastaffing.gov/ViewQuestionnaire/12996068""]",True,True,2026-10-07
874661300,[],True,True,2026-10-07
874664100,[],True,True,2026-10-07
874664400,"[""https://apply.usastaffing.gov/ViewQuestionnaire/12992543""]",True,True,2026-10-07
874685000,"[""https://apply.usastaffing.gov/ViewQuestionnaire/12994381""]",True,True,2026-10-07
874686700,"[""https://apply.usastaffing.gov/ViewQuestionnaire/12996422""]",True,True,2026-10-07
874689300,"[""https://apply.usastaffing.gov/ViewQuestionnaire/12994382""]",True,True,2026-10-07
874703800,"[""https://apply.usastaffing.gov/ViewQuestionnaire/12996355""]",True,True,2026-10-07
874718100,"[""https://apply.usastaffing.gov/ViewQuestionnaire/12994906""]",True,True,2026-10-07
874728300,"[""https://apply.usastaffing.gov/ViewQuestionnaire/12996601""]",True,True,2026-10-07
874761400,"[""https://apply.usastaffing.gov/ViewQuestionnaire/12996818""]",True,True,2026-10-07
874772700,"[""https://apply.usastaffing.gov/ViewQuestionnaire/12996704""]",True,True,2026-10-07
874778800,[],True,False,2026-10-07
874784000,"[""https://apply.usastaffing.gov/ViewQuestionnaire/12932789""]",True,True,2026-10-07
874784100,"[""https://apply.usastaffing.gov/ViewQuestionnaire/12993971""]",True,True,2026-10-07
874809600,"[""https://apply.usastaffing.gov/ViewQuestionnaire/12996180""]",True,True,2026-10-07
874817100,[],False,False,2026-10-07
874817300,[],False,False,2026-10-07
874817400,[],False,False,2026-10-07
874817500,[],False,False,2026-10-07
874817700,[],False,False,2026-10-07
874818800,"[""https://apply.usastaffing.gov/ViewQuestionnaire/12986950""]",True,True,2026-10-07
874820800,"[""https://apply.usastaffing.gov/ViewQuestionnaire/12986944""]",True,True,2026-10-07
874835800,[],False,False,2026-10-07
874836100,[],False,False,2026-10-07
874836200,[],False,False,2026-10-07
874836400,[],False,False,2026-10-07
874845500,[],True,True,2026-10-07
874855600,"[""https://apply.usastaffing.gov/ViewQuestionnaire/12997136""]",True,True,2026-10-07
874856100,[],False,False,2026-10-07
874858100,"[""https://apply.usastaffing.gov/ViewQuestionnaire/12993999""]",True,True,2026-10-07
874867000,"[""https://apply.usastaffing.gov/ViewQuestionnaire/12997380""]",True,True,2026-10-07
874878000,"[""https://apply.usastaffing.gov/ViewQuestionnaire/12996733""]",True,True,2026-10-07
874905600,[],True,True,2026-10-07
874909600,[],False,False,2026-10-07
874917900,"[""https://apply.usastaffing.gov/ViewQuestionnaire/12996943""]",True,True,2026-10-07
874919600,"[""https://apply.usastaffing.gov/ViewQuestionnaire/12996970""]",True,True,2026-10-07
874920700,[],True,False,2026-10-07
874921700,[],True,True,2026-10-07
874923600,"[""https://apply.usastaffing.gov/ViewQuestionnaire/12996977""]",True,True,2026-10-07
874930700,[],True,False,2026-10-07
874932300,"[""https://apply.usastaffing.gov/ViewQuestionnaire/12997564""]",True,True,2026-10-07
874939000,[],True,False,2026-10-07
874957300,"[""https://apply.usastaffing.gov/ViewQuestionnaire/12997617""]",True,True,2026-10-07
874964200,"[""https://apply.usastaffing.gov/ViewQuestionnaire/12997924""]",True,True,2026-10-07
874965200,"[""https://apply.usastaffing.gov/ViewQuestionnaire/12995680""]",True,True,2026-10-07
874968200,"[""https://apply.usastaffing.gov/ViewQuestionnaire/12997744""]",True,True,2026-10-07
874970300,[],False,False,2026-10-07
874970600,"[""https://apply.usastaffing.gov/ViewQuestionnaire/12997556""]",True,True,2026-10-07
874971200,"[""https://apply.usastaffing.gov/ViewQuestionnaire/12991449""]",True,True,2026-10-07
874972600,"[""https://apply.usastaffing.gov/ViewQuestionnaire/12991503""]",True,True,2026-10-07
874972800,"[""https://apply.usastaffing.gov/ViewQuestionnaire/12997605""]",True,True,2026-10-07
874980500,"[""https://apply.usastaffing.gov/ViewQuestionnaire/12996145""]",True,True,2026-10-07
874980800,"[""https://apply.usastaffing.gov/ViewQuestionnaire/12996595""]",True,True,2026-10-07
874982100,"[""https://apply.usastaffing.gov/ViewQuestionnaire/12991178""]",True,True,2026-10-07
874982300,"[""https://apply.usastaffing.gov/ViewQuestionnaire/12992517""]",True,True,2026-10-07
874982400,"[""https://apply.usastaffing.gov/ViewQuestionnaire/12991180""]",True,True,2026-10-07
874982500,"[""https://apply.usastaffing.gov/ViewQuestionnaire/12991185""]",True,True,2026-10-07
874982800,"[""https://apply.usastaffing.gov/ViewQuestionnaire/12991189""]",True,True,2026-10-07
874983200,"[""https://apply.usastaffing.gov/ViewQuestionnaire/12996243""]",True,True,2026-10-07
874984000,"[""https://apply.usastaffing.gov/ViewQuestionnaire/12992285""]",True,True,2026-10-07
874986500,[],False,False,2026-10-07
874988900,[],True,True,2026-10-07
874999500,"[""https://apply.usastaffing.gov/ViewQuestionnaire/12993141""]",True,True,2026-10-07
874999700,"[""https://apply.usastaffing.gov/ViewQuestionnaire/12993225""]",True,True,2026-10-07
875000200,"[""https://apply.usastaffing.gov/ViewQuestionnaire/12992661""]",True,True,2026-10-07
875000800,"[""https://apply.usastaffing.gov/ViewQuestionnaire/12996690""]",True,True,2026-10-07
875002300,"[""https://apply.usastaffing.gov/ViewQuestionnaire/12995491""]",True,True,2026-10-07
875010500,[],True,True,2026-10-07
875011000,"[""https://apply.usastaffing.gov/ViewQuestionnaire/12997134""]",True,True,2026-10-07
875011300,"[""https://apply.usastaffing.gov/ViewQuestionnaire/12997143""]",True,True,2026-10-07
875014200,[],True,True,2026-10-07
875019700,"[""https://apply.usastaffing.gov/ViewQuestionnaire/12992641""]",True,True,2026-10-07
875020100,"[""https://apply.usastaffing.gov/ViewQuestionnaire/12998210""]",True,True,2026-10-07
875020200,"[""https://apply.usastaffing.gov/ViewQuestionnaire/12998209""]",True,True,2026-10-07
875020300,"[""https://apply.usastaffing.gov/ViewQuestionnaire/12998211""]",True,True,2026-10-07
875022000,"[""https://apply.usastaffing.gov/ViewQuestionnaire/12998213""]",True,True,2026-10-07
875029700,"[""https://apply.usastaffing.gov/ViewQuestionnaire/12992723""]",True,True,2026-10-07
875030300,"[""https://apply.usastaffing.gov/ViewQuestionnaire/12998314""]",True,True,2026-10-07
875030500,"[""https://apply.usastaffing.gov/ViewQuestionnaire/12998321""]",True,True,2026-10-07
875030600,"[""https://apply.usastaffing.gov/ViewQuestionnaire/12998316""]",True,True,2026-10-07
875030700,"[""https://apply.usastaffing.gov/ViewQuestionnaire/12998320""]",True,True,2026-10-07
875031500,"[""https://apply.usastaffing.gov/ViewQuestionnaire/12998317""]",True,True,2026-10-07
875034300,"[""https://apply.usastaffing.gov/ViewQuestionnaire/12996709""]",True,True,2026-10-07
875034400,[],True,False,2026-10-07
875042900,[],True,True,2026-10-07
875050000,"[""https://apply.usastaffing.gov/ViewQuestionnaire/12995685""]",True,True,2026-10-07
875051900,"[""https://apply.usastaffing.gov/ViewQuestionnaire/12995443""]",True,True,2026-10-07
875054400,"[""https://apply.usastaffing.gov/ViewQuestionnaire/12998443""]",True,True,2026-10-07
875055800,"[""https://apply.usastaffing.gov/ViewQuestionnaire/12998315""]",True,True,2026-10-07
875057500,"[""https://apply.usastaffing.gov/ViewQuestionnaire/12998212""]",True,True,2026-10-07
875060600,[],True,False,2026-10-07
875061100,"[""https://apply.usastaffing.gov/ViewQuestionnaire/12998218""]",True,True,2026-10-07
875067100,"[""https://apply.usastaffing.gov/ViewQuestionnaire/12998519""]",True,True,2026-10-07
875071200,"[""https://apply.usastaffing.gov/ViewQuestionnaire/12998568""]",True,True,2026-10-07
875071900,"[""https://apply.usastaffing.gov/ViewQuestionnaire/12998501""]",True,True,2026-10-07
875079000,"[""https://apply.usastaffing.gov/ViewQuestionnaire/12998572""]",True,True,2026-10-07
875082000,"[""https://apply.usastaffing.gov/ViewQuestionnaire/12998627""]",True,True,2026-10-07
875084500,[],True,True,2026-10-07
875085100,"[""https://apply.usastaffing.gov/ViewQuestionnaire/12998589""]",True,True,2026-10-07
875088700,"[""https://apply.usastaffing.gov/ViewQuestionnaire/12997665""]",True,True,2026-10-07
875093200,"[""https://apply.usastaffing.gov/ViewQuestionnaire/12998665""]",True,True,2026-10-07
875101700,"[""https://apply.usastaffing.gov/ViewQuestionnaire/12998216""]",True,True,2026-10-07
875103800,"[""https://apply.usastaffing.gov/ViewQuestionnaire/12998330""]",True,True,2026-10-07
875108600,"[""https://apply.usastaffing.gov/ViewQuestionnaire/12993747""]",True,True,2026-10-07
875115100,"[""https://apply.usastaffing.gov/ViewQuestionnaire/12998652""]",True,True,2026-10-07
875127000,[],True,True,2026-10-07
875136100,"[""https://apply.usastaffing.gov/ViewQuestionnaire/12998938""]",True,True,2026-10-07
875152500,[],True,True,2026-10-07
875152900,"[""https://apply.usastaffing.gov/ViewQuestionnaire/12996008""]",True,True,2026-10-07
875153100,"[""https://apply.usastaffing.gov/ViewQuestionnaire/12996007""]",True,True,2026-10-07
875153300,[],True,True,2026-10-07
875194300,[],True,False,2026-10-07
875197300,[],True,True,2026-10-07
875200000,[],True,True,2026-10-07
875204100,"[""https://apply.usastaffing.gov/ViewQuestionnaire/12994970""]",True,True,2026-10-07
875218200,"[""https://apply.usastaffing.gov/ViewQuestionnaire/12997965""]",True,True,2026-10-07
875219300,"[""https://apply.usastaffing.gov/ViewQuestionnaire/12999356""]",True,True,2026-10-07
875220000,"[""https://apply.usastaffing.gov/ViewQuestionnaire/12998427""]",True,True,2026-10-07
875240700,"[""https://apply.usastaffing.gov/ViewQuestionnaire/12999530""]",True,True,2026-10-07
875246600,"[""https://apply.usastaffing.gov/ViewQuestionnaire/12999569""]",True,True,2026-10-07
875256200,"[""https://apply.usastaffing.gov/ViewQuestionnaire/12998392""]",True,True,2026-10-07
875259500,"[""https://apply.usastaffing.gov/ViewQuestionnaire/12996462""]",True,True,2026-10-07
875263900,"[""https://apply.usastaffing.gov/ViewQuestionnaire/12999115""]",True,True,2026-10-07
875264400,"[""https://apply.usastaffing.gov/ViewQuestionnaire/12999124""]",True,True,2026-10-07
875281100,"[""https://apply.usastaffing.gov/ViewQuestionnaire/12998962""]",True,True,2026-10-07
875281400,"[""https://apply.usastaffing.gov/ViewQuestionnaire/12998937""]",True,True,2026-10-07
875281600,"[""https://apply.usastaffing.gov/ViewQuestionnaire/12998822""]",True,True,2026-10-07
875281900,"[""https://apply.usastaffing.gov/ViewQuestionnaire/12998650""]",True,True,2026-10-07
875295500,"[""https://apply.usastaffing.gov/ViewQuestionnaire/12999758""]",True,True,2026-10-07
875310200,"[""https://apply.usastaffing.gov/ViewQuestionnaire/12999825""]",True,True,2026-10-07
875313400,"[""https://apply.usastaffing.gov/ViewQuestionnaire/12998975""]",True,True,2026-10-07
875313500,"[""https://apply.usastaffing.gov/ViewQuestionnaire/12998976""]",True,True,2026-10-07
875331600,[],True,False,2026-10-07
875349300,"[""https://apply.usastaffing.gov/ViewQuestionnaire/13000037""]",True,True,2026-10-07
875359100,[],True,True,2026-10-07
875374800,"[""https://apply.usastaffing.gov/ViewQuestionnaire/13000102""]",True,True,2026-10-07
875397900,"[""https://apply.usastaffing.gov/ViewQuestionnaire/12999436""]",True,True,2026-10-07
875414200,[],True,True,2026-10-07
875415400,"[""https://apply.usastaffing.gov/ViewQuestionnaire/12992054""]",True,True,2026-10-07
875439500,"[""https://apply.usastaffing.gov/ViewQuestionnaire/12990572""]",True,True,2026-10-07
875456000,[],False,False,2026-10-07
875461600,[],True,True,2026-10-07
875465600,"[""https://apply.usastaffing.gov/ViewQuestionnaire/12998342""]",True,True,2026-10-07
875468500,"[""https://apply.usastaffing.gov/ViewQuestionnaire/12977975""]",True,True,2026-10-07
875486700,"[""https://apply.usastaffing.gov/ViewQuestionnaire/13000162""]",True,True,2026-10-07
875487900,"[""https://apply.usastaffing.gov/ViewQuestionnaire/12993192""]",True,True,2026-10-07
875490300,"[""https://apply.usastaffing.gov/ViewQuestionnaire/12999284""]",True,True,2026-10-07
875493600,"[""https://apply.usastaffing.gov/ViewQuestionnaire/13000876""]",True,True,2026-10-07
875504600,"[""https://apply.usastaffing.gov/ViewQuestionnaire/13000862""]",True,True,2026-10-07
875515100,[],True,True,2026-10-07
875516700,[],True,True,2026-10-07
875539300,"[""https://apply.usastaffing.gov/ViewQuestionnaire/13000444""]",True,True,2026-10-07
875547700,"[""https://apply.usastaffing.gov/ViewQuestionnaire/13001159""]",True,True,2026-10-07
875556100,"[""https://apply.usastaffing.gov/ViewQuestionnaire/13000510""]",True,True,2026-10-07
875580500,"[""https://apply.usastaffing.gov/ViewQuestionnaire/13001087""]",True,True,2026-10-07
875580900,"[""https://apply.usastaffing.gov/ViewQuestionnaire/13000620""]",True,True,2026-10-07
875582400,[],True,False,2026-10-07
875584900,"[""https://apply.usastaffing.gov/ViewQuestionnaire/13001333""]",True,True,2026-10-07
875600400,[],True,False,2026-10-07
875609000,"[""https://apply.usastaffing.gov/ViewQuestionnaire/13001497""]",True,True,2026-10-07
875617200,"[""https://apply.usastaffing.gov/ViewQuestionnaire/13001316""]",True,True,2026-10-07
875624100,"[""https://apply.usastaffing.gov/ViewQuestionnaire/13001658""]",True,True,2026-10-07
875650600,"[""https://apply.usastaffing.gov/ViewQuestionnaire/13000124""]",True,True,2026-10-07
875656000,[],True,True,2026-10-07
875658400,"[""https://apply.usastaffing.gov/ViewQuestionnaire/13001926""]",True,True,2026-10-07
875664400,[],True,True,2026-10-07
875675300,[],True,False,2026-10-07
875680400,"[""https://apply.usastaffing.gov/ViewQuestionnaire/13002095""]",True,True,2026-10-07
875680700,"[""https://apply.usastaffing.gov/ViewQuestionnaire/13001095""]",True,True,2026-10-07
875687500,[],True,True,2026-10-07
875695900,"[""https://apply.usastaffing.gov/ViewQuestionnaire/12998089""]",True,True,2026-10-07
875731600,[],False,False,2026-10-07
875742400,"[""https://apply.usastaffing.gov/ViewQuestionnaire/13002193""]",True,True,2026-10-07
875753400,"[""https://apply.usastaffing.gov/ViewQuestionnaire/13002558""]",True,True,2026-10-07
875755600,"[""https://apply.usastaffing.gov/ViewQuestionnaire/13002639""]",True,True,2026-10-07
875766900,"[""https://apply.usastaffing.gov/ViewQuestionnaire/12998666""]",True,True,2026-10-07
875779900,"[""https://apply.usastaffing.gov/ViewQuestionnaire/13002115""]",True,True,2026-10-07
875780400,"[""https://apply.usastaffing.gov/ViewQuestionnaire/13002116""]",True,True,2026-10-07
875781600,[],True,False,2026-10-07
875788900,"[""https://apply.usastaffing.gov/ViewQuestionnaire/13002616""]",True,True,2026-10-07
875790600,[],True,True,2026-10-07
875802800,"[""https://apply.usastaffing.gov/ViewQuestionnaire/13001877""]",True,True,2026-10-07
875810000,"[""https://apply.usastaffing.gov/ViewQuestionnaire/13000767""]",True,True,2026-10-07
875817300,"[""https://apply.usastaffing.gov/ViewQuestionnaire/13002990""]",True,True,2026-10-07
875817700,"[""https://apply.usastaffing.gov/ViewQuestionnaire/13002892""]",True,True,2026-10-07
875832800,"[""https://apply.usastaffing.gov/ViewQuestionnaire/13001984""]",True,True,2026-10-07
875855200,[],True,True,2026-10-07
875857400,"[""https://apply.usastaffing.gov/ViewQuestionnaire/13003202""]",True,True,2026-10-07
875892200,"[""https://apply.usastaffing.gov/ViewQuestionnaire/13002065""]",True,True,2026-10-07
875895200,"[""https://apply.usastaffing.gov/ViewQuestionnaire/13003466""]",True,True,2026-10-07
875905200,"[""https://apply.usastaffing.gov/ViewQuestionnaire/12997668""]",True,True,2026-10-07
875905900,"[""https://apply.usastaffing.gov/ViewQuestionnaire/12997793""]",True,True,2026-10-07
875906200,"[""https://apply.usastaffing.gov/ViewQuestionnaire/12997850""]",True,True,2026-10-07
875908700,"[""https://apply.usastaffing.gov/ViewQuestionnaire/13003509""]",True,True,2026-10-07
875918200,"[""https://apply.usastaffing.gov/ViewQuestionnaire/13002734""]",True,True,2026-10-07
875935200,[],True,True,2026-10-07
875949500,[],True,False,2026-10-07
875961500,[],True,True,2026-10-07
876011600,[],False,False,2026-10-07
876020700,[],True,False,2026-10-07
876022200,"[""https://apply.usastaffing.gov/ViewQuestionnaire/13004224""]",True,True,2026-10-07
876028800,[],True,True,2026-10-07
876046700,"[""https://apply.usastaffing.gov/ViewQuestionnaire/13004363""]",True,True,2026-10-07
876048100,[],True,False,2026-10-07
876075200,[],True,False,2026-10-07
876088500,"[""https://apply.usastaffing.gov/ViewQuestionnaire/13003525""]",True,True,2026-10-07
876094700,"[""https://apply.usastaffing.gov/ViewQuestionnaire/13003518""]",True,True,2026-10-07
876103500,"[""https://apply.usastaffing.gov/ViewQuestionnaire/13001360""]",True,True,2026-10-07
876104800,"[""https://apply.usastaffing.gov/ViewQuestionnaire/13004693""]",True,True,2026-10-07
876109100,"[""https://apply.usastaffing.gov/ViewQuestionnaire/13004723""]",True,True,2026-10-07
876109300,"[""https://jobs.monstergovt.com/aoc/ros/rosDashboard.hms?O=1749&J=148170"", ""https://jobs.monstergovt.com/aoc/ros/rosDashboard.hms?O=1749&J=148170&S=1""]",True,False,2026-10-07
876114200,"[""https://apply.usastaffing.gov/ViewQuestionnaire/13004751""]",True,True,2026-10-07
876116900,"[""https://apply.usastaffing.gov/ViewQuestionnaire/13004772""]",True,True,2026-10-07
876118700,[],True,True,2026-10-07
876122200,"[""https://apply.usastaffing.gov/ViewQuestionnaire/13004805""]",True,True,2026-10-07
876122700,"[""https://apply.usastaffing.gov/ViewQuestionnaire/12986474""]",True,True,2026-10-07
876140100,[],True,False,2026-10-07
876150500,"[""https://apply.usastaffing.gov/ViewQuestionnaire/13004916""]",True,True,2026-10-07
876154100,"[""https://apply.usastaffing.gov/ViewQuestionnaire/12991415""]",True,True,2026-10-07
876162000,"[""https://apply.usastaffing.gov/ViewQuestionnaire/12997235""]",True,True,2026-10-07
876189600,"[""https://apply.usastaffing.gov/ViewQuestionnaire/13005103""]",True,True,2026-10-07
876191100,"[""https://apply.usastaffing.gov/ViewQuestionnaire/13005135""]",True,True,2026-10-07
876198200,"[""https://apply.usastaffing.gov/ViewQuestionnaire/13005182""]",True,True,2026-10-07
876210900,"[""https://apply.usastaffing.gov/ViewQuestionnaire/13005285""]",True,True,2026-10-07
876211700,"[""https://apply.usastaffing.gov/ViewQuestionnaire/13005296""]",True,True,2026-10-07
876227100,"[""https://apply.usastaffing.gov/ViewQuestionnaire/13004479""]",True,True,2026-10-07
876228600,[],True,True,2026-10-07
876242500,"[""https://apply.usastaffing.gov/ViewQuestionnaire/13005462""]",True,True,2026-10-07
876244300,[],True,True,2026-10-07
876273200,"[""https://apply.usastaffing.gov/ViewQuestionnaire/13003557""]",True,True,2026-10-07
876276000,[],True,True,2026-10-07
876281800,"[""https://apply.usastaffing.gov/ViewQuestionnaire/13004087""]",True,True,2026-10-07
876282900,"[""https://apply.usastaffing.gov/ViewQuestionnaire/13004086""]",True,True,2026-10-07
876321400,"[""https://apply.usastaffing.gov/ViewQuestionnaire/13003547""]",True,True,2026-10-07
876322400,"[""https://apply.usastaffing.gov/ViewQuestionnaire/13003316""]",True,True,2026-10-07
876326500,[],True,True,2026-10-07
876336100,[],False,False,2026-10-07
876372400,"[""https://apply.usastaffing.gov/ViewQuestionnaire/13001895""]",True,True,2026-10-07
876395000,"[""https://apply.usastaffing.gov/ViewQuestionnaire/13006406""]",True,True,2026-10-07
876396200,[],True,True,2026-10-07
876398300,"[""https://apply.usastaffing.gov/ViewQuestionnaire/13004239""]",True,True,2026-10-07
876417900,"[""https://apply.usastaffing.gov/ViewQuestionnaire/12999794""]",True,True,2026-10-07
876419100,[],True,False,2026-10-07
876439400,"[""https://apply.usastaffing.gov/ViewQuestionnaire/13006614""]",True,True,2026-10-07
876442900,[],True,True,2026-10-07
876449400,"[""https://apply.usastaffing.gov/ViewQuestionnaire/13003663""]",True,True,2026-10-07
876457400,"[""https://apply.usastaffing.gov/ViewQuestionnaire/13006531""]",True,True,2026-10-07
876459200,"[""https://apply.usastaffing.gov/ViewQuestionnaire/13006413""]",True,True,2026-10-07
876459700,"[""https://apply.usastaffing.gov/ViewQuestionnaire/13006414""]",True,True,2026-10-07
876469800,"[""https://apply.usastaffing.gov/ViewQuestionnaire/13006814""]",True,True,2026-10-07
876473400,"[""https://apply.usastaffing.gov/ViewQuestionnaire/13006910""]",True,True,2026-10-07
876477000,"[""https://apply.usastaffing.gov/ViewQuestionnaire/13000888""]",True,True,2026-10-07
876499100,"[""https://apply.usastaffing.gov/ViewQuestionnaire/12994767""]",True,True,2026-10-07
876500300,"[""https://apply.usastaffing.gov/ViewQuestionnaire/12996611""]",True,True,2026-10-07
876502800,"[""https://apply.usastaffing.gov/ViewQuestionnaire/13007075""]",True,True,2026-10-07
876504400,[],True,True,2026-10-07
876504700,"[""https://apply.usastaffing.gov/ViewQuestionnaire/13001237""]",True,True,2026-10-07
876515700,[],True,False,2026-10-07
876527700,"[""https://apply.usastaffing.gov/ViewQuestionnaire/13007216""]",True,True,2026-10-07
876533500,[],False,False,2026-10-07
876536500,[],True,True,2026-10-07
876557100,"[""https://apply.usastaffing.gov/ViewQuestionnaire/13006443""]",True,True,2026-10-07
876559500,"[""https://apply.usastaffing.gov/ViewQuestionnaire/13006847""]",True,True,2026-10-07
876577200,"[""https://apply.usastaffing.gov/ViewQuestionnaire/12998217""]",True,True,2026-10-07
876578100,"[""https://apply.usastaffing.gov/ViewQuestionnaire/13001152""]",True,True,2026-10-07
876578300,"[""https://apply.usastaffing.gov/ViewQuestionnaire/12994236""]",True,True,2026-10-07
876597400,"[""https://apply.usastaffing.gov/ViewQuestionnaire/13007555""]",True,True,2026-10-07
876632400,"[""https://apply.usastaffing.gov/ViewQuestionnaire/13007766""]",True,True,2026-10-07
876643700,"[""https://apply.usastaffing.gov/ViewQuestionnaire/13007868""]",True,True,2026-10-07
876646800,"[""https://apply.usastaffing.gov/ViewQuestionnaire/13007224""]",True,True,2026-10-07
876650100,"[""https://apply.usastaffing.gov/ViewQuestionnaire/13007690""]",True,True,2026-10-07
876673100,[],False,False,2026-10-07
876693500,"[""https://apply.usastaffing.gov/ViewQuestionnaire/13008201""]",True,True,2026-10-07
876699200,"[""https://apply.usastaffing.gov/ViewQuestionnaire/13007592""]",True,True,2026-10-07
876707200,[],True,False,2026-10-07
876707900,[],True,True,2026-10-07
876708800,[],True,True,2026-10-07
876712900,"[""https://apply.usastaffing.gov/ViewQuestionnaire/13006153""]",True,True,2026-10-07
876728300,[],True,False,2026-10-07
876729300,[],True,True,2026-10-07
876757100,"[""https://apply.usastaffing.gov/ViewQuestionnaire/13008091""]",True,True,2026-10-07
876757600,"[""https://apply.usastaffing.gov/ViewQuestionnaire/13008073""]",True,True,2026-10-07
876780800,"[""https://apply.usastaffing.gov/ViewQuestionnaire/13004959""]",True,True,2026-10-07
876785800,"[""https://apply.usastaffing.gov/ViewQuestionnaire/13008178""]",True,True,2026-10-07
876814300,"[""https://apply.usastaffing.gov/ViewQuestionnaire/13008227""]",True,True,2026-10-07
876816800,"[""https://apply.usastaffing.gov/ViewQuestionnaire/13008547""]",True,True,2026-10-07
876819500,"[""https://apply.usastaffing.gov/ViewQuestionnaire/13004883""]",True,True,2026-10-07
876853800,[],False,False,2026-10-07
876856300,"[""https://apply.usastaffing.gov/ViewQuestionnaire/13011812""]",True,True,2026-10-07
876861200,[],True,False,2026-10-07
876864400,"[""https://apply.usastaffing.gov/ViewQuestionnaire/13008445""]",True,True,2026-10-07
876867900,"[""https://apply.usastaffing.gov/ViewQuestionnaire/13011853""]",True,True,2026-10-07
876870700,"[""https://apply.usastaffing.gov/ViewQuestionnaire/13003158""]",True,True,2026-10-07
876880700,"[""https://apply.usastaffing.gov/ViewQuestionnaire/13011978""]",True,True,2026-10-07
876882100,"[""https://apply.usastaffing.gov/ViewQuestionnaire/12848378""]",True,True,2026-10-07
876885500,[],True,True,2026-10-07
876893800,[],True,True,2026-10-07
876902000,"[""https://apply.usastaffing.gov/ViewQuestionnaire/13008017""]",True,True,2026-10-07
876926900,"[""https://apply.usastaffing.gov/ViewQuestionnaire/13013234""]",True,True,2026-10-07
876937700,"[""https://apply.usastaffing.gov/ViewQuestionnaire/12998947""]",True,True,2026-10-07
876938900,"[""https://apply.usastaffing.gov/ViewQuestionnaire/13011991""]",True,True,2026-10-07
876942400,"[""https://apply.usastaffing.gov/ViewQuestionnaire/13013487""]",True,True,2026-10-07
876953200,"[""https://apply.usastaffing.gov/ViewQuestionnaire/12996589""]",True,True,2026-10-07
876962300,[],True,True,2026-10-07
876963800,"[""https://apply.usastaffing.gov/ViewQuestionnaire/13011994""]",True,True,2026-10-07
876992200,"[""https://apply.usastaffing.gov/ViewQuestionnaire/13013781""]",True,True,2026-10-07
876994500,"[""https://apply.usastaffing.gov/ViewQuestionnaire/13000278""]",True,True,2026-10-07
877002300,[],True,True,2026-10-07
877029500,"[""https://apply.usastaffing.gov/ViewQuestionnaire/13008277""]",True,True,2026-10-07
877032400,"[""https://apply.usastaffing.gov/ViewQuestionnaire/13008187""]",True,True,2026-10-07
877036400,[],True,False,2026-10-07
877046400,[],True,True,2026-10-07
877065300,"[""https://apply.usastaffing.gov/ViewQuestionnaire/13014017""]",True,True,2026-10-07
877065600,"[""https://apply.usastaffing.gov/ViewQuestionnaire/13013586""]",True,True,2026-10-07
877103300,"[""https://apply.usastaffing.gov/ViewQuestionnaire/13013603""]",True,True,2026-10-07
877119300,"[""https://apply.usastaffing.gov/ViewQuestionnaire/13013984""]",True,True,2026-10-07
877119500,"[""https://apply.usastaffing.gov/ViewQuestionnaire/13013985""]",True,True,2026-10-07
877119800,[],True,True,2026-10-07
877125400,[],True,True,2026-10-07
877126700,"[""https://apply.usastaffing.gov/ViewQuestionnaire/13008469""]",True,True,2026-10-07
877138100,[],True,True,2026-10-07
877151600,"[""https://apply.usastaffing.gov/ViewQuestionnaire/13014452""]",True,True,2026-10-07
877176300,[],True,True,2026-10-07
877178700,"[""https://apply.usastaffing.gov/ViewQuestionnaire/13014053""]",True,True,2026-10-07
877180000,"[""https://apply.usastaffing.gov/ViewQuestionnaire/13013881""]",True,True,2026-10-07
877185800,"[""https://apply.usastaffing.gov/ViewQuestionnaire/13014589""]",True,True,2026-10-07
877199800,[],True,True,2026-10-07
877205300,"[""https://apply.usastaffing.gov/ViewQuestionnaire/13014270""]",True,True,2026-10-07
877207800,"[""https://apply.usastaffing.gov/ViewQuestionnaire/13014606""]",True,True,2026-10-07
877218100,"[""https://apply.usastaffing.gov/ViewQuestionnaire/13014493""]",True,True,2026-10-07
877220900,"[""https://apply.usastaffing.gov/ViewQuestionnaire/12993351""]",True,True,2026-10-07
877242200,"[""https://apply.usastaffing.gov/ViewQuestionnaire/13014939""]",True,True,2026-10-07
877244800,"[""https://apply.usastaffing.gov/ViewQuestionnaire/13014909""]",True,True,2026-10-07
877251800,"[""https://apply.usastaffing.gov/ViewQuestionnaire/13014533""]",True,True,2026-10-07
877251900,"[""https://apply.usastaffing.gov/ViewQuestionnaire/13014985""]",True,True,2026-10-07
877252400,"[""https://apply.usastaffing.gov/ViewQuestionnaire/13014636""]",True,True,2026-10-07
877256800,"[""https://apply.usastaffing.gov/ViewQuestionnaire/13015008""]",True,True,2026-10-07
877258600,"[""https://apply.usastaffing.gov/ViewQuestionnaire/13014979""]",True,True,2026-10-07
877264200,"[""https://apply.usastaffing.gov/ViewQuestionnaire/13015087""]",True,True,2026-10-07
877268900,"[""https://apply.usastaffing.gov/ViewQuestionnaire/13014272""]",True,True,2026-10-07
877273900,"[""https://apply.usastaffing.gov/ViewQuestionnaire/13015127""]",True,True,2026-10-07
877298800,"[""https://apply.usastaffing.gov/ViewQuestionnaire/13015297""]",True,True,2026-10-07
877298900,"[""https://apply.usastaffing.gov/ViewQuestionnaire/13015298""]",True,True,2026-10-07
877310400,"[""https://apply.usastaffing.gov/ViewQuestionnaire/13011821""]",True,True,2026-10-07
877314500,"[""https://apply.usastaffing.gov/ViewQuestionnaire/13007756""]",True,True,2026-10-07
877316400,"[""https://apply.usastaffing.gov/ViewQuestionnaire/13013263""]",True,True,2026-10-07
877323300,"[""https://apply.usastaffing.gov/ViewQuestionnaire/13015387""]",True,True,2026-10-07
877354600,"[""https://apply.usastaffing.gov/ViewQuestionnaire/13014855""]",True,True,2026-10-07
877368500,"[""https://apply.usastaffing.gov/ViewQuestionnaire/13014903""]",True,True,2026-10-07
877370300,"[""https://apply.usastaffing.gov/ViewQuestionnaire/13007586""]",True,True,2026-10-07
877381600,[],True,True,2026-10-07
877381900,"[""https://apply.usastaffing.gov/ViewQuestionnaire/13014262""]",True,True,2026-10-07
877382800,"[""https://apply.usastaffing.gov/ViewQuestionnaire/13013466""]",True,True,2026-10-07
877410500,[],True,True,2026-10-07
877419000,[],True,True,2026-10-07
877422800,"[""https://apply.usastaffing.gov/ViewQuestionnaire/12997859""]",True,True,2026-10-07
877426400,"[""https://apply.usastaffing.gov/ViewQuestionnaire/13015785""]",True,True,2026-10-07
877444400,"[""https://apply.usastaffing.gov/ViewQuestionnaire/13013789""]",True,True,2026-10-07
877445200,[],True,False,2026-10-07
877449600,"[""https://apply.usastaffing.gov/ViewQuestionnaire/13015972""]",True,True,2026-10-07
877450100,"[""https://apply.usastaffing.gov/ViewQuestionnaire/13014023""]",True,True,2026-10-07
877450300,"[""https://apply.usastaffing.gov/ViewQuestionnaire/13014024""]",True,True,2026-10-07
877453400,"[""https://apply.usastaffing.gov/ViewQuestionnaire/13016098""]",True,True,2026-10-07
877456200,"[""https://apply.usastaffing.gov/ViewQuestionnaire/13016150""]",True,True,2026-10-07
877456400,"[""https://apply.usastaffing.gov/ViewQuestionnaire/13013402""]",True,True,2026-10-07
877474400,"[""https://apply.usastaffing.gov/ViewQuestionnaire/13014055""]",True,True,2026-10-07
877480500,"[""https://apply.usastaffing.gov/ViewQuestionnaire/12959885""]",True,True,2026-10-07
877492100,[],True,False,2026-10-07
877540900,[],True,True,2026-10-07
877547600,[],True,True,2026-10-07
877555500,"[""https://apply.usastaffing.gov/ViewQuestionnaire/13007646""]",True,True,2026-10-07
877555700,"[""https://apply.usastaffing.gov/ViewQuestionnaire/13007647""]",True,True,2026-10-07
877562800,[],True,True,2026-10-07
877563600,"[""https://apply.usastaffing.gov/ViewQuestionnaire/13016739""]",True,True,2026-10-07
877567100,[],True,True,2026-10-07
877580800,"[""https://apply.usastaffing.gov/ViewQuestionnaire/13011997""]",True,True,2026-10-07
877583400,[],False,False,2026-10-07
877586500,"[""https://apply.usastaffing.gov/ViewQuestionnaire/12990049""]",True,True,2026-10-07
877586800,[],True,True,2026-10-07
877589000,"[""https://apply.usastaffing.gov/ViewQuestionnaire/13016628""]",True,True,2026-10-07
877613900,"[""https://apply.usastaffing.gov/ViewQuestionnaire/13018044""]",True,True,2026-10-07
877615400,[],True,True,2026-10-07
877615700,"[""https://apply.usastaffing.gov/ViewQuestionnaire/13016157""]",True,True,2026-10-07
877617800,"[""https://apply.usastaffing.gov/ViewQuestionnaire/13016210""]",True,True,2026-10-07
877620700,"[""https://apply.usastaffing.gov/ViewQuestionnaire/13004980""]",True,True,2026-10-07
877625500,"[""https://apply.usastaffing.gov/ViewQuestionnaire/13016833""]",True,True,2026-10-07
877640200,[],False,False,2026-10-07
877640400,"[""https://apply.usastaffing.gov/ViewQuestionnaire/13018139""]",True,True,2026-10-07
877650400,[],True,True,2026-10-07
877651400,[],True,True,2026-10-07
877651700,"[""https://apply.usastaffing.gov/ViewQuestionnaire/13016953""]",True,True,2026-10-07
877653200,[],False,False,2026-10-07
877660400,"[""https://apply.usastaffing.gov/ViewQuestionnaire/13018151""]",True,True,2026-10-07
877661900,[],False,False,2026-10-07
877668700,[],True,False,2026-10-07
877669400,[],True,False,2026-10-07
877679600,"[""https://apply.usastaffing.gov/ViewQuestionnaire/13016317""]",True,True,2026-10-07
877680200,"[""https://apply.usastaffing.gov/ViewQuestionnaire/13016206""]",True,True,2026-10-07
877685800,"[""https://apply.usastaffing.gov/ViewQuestionnaire/13016476""]",True,True,2026-10-07
877703500,"[""https://apply.usastaffing.gov/ViewQuestionnaire/13017029""]",True,True,2026-10-07
877705800,"[""https://apply.usastaffing.gov/ViewQuestionnaire/13007270""]",True,True,2026-10-07
877725100,[],True,True,2026-10-07
877728700,"[""https://apply.usastaffing.gov/ViewQuestionnaire/13018132""]",True,True,2026-10-07
877734400,"[""https://apply.usastaffing.gov/ViewQuestionnaire/13018045""]",True,True,2026-10-07
877737300,"[""https://apply.usastaffing.gov/ViewQuestionnaire/13016558""]",True,True,2026-10-07
877749300,"[""https://apply.usastaffing.gov/ViewQuestionnaire/13017023""]",True,True,2026-10-07
877753800,"[""https://apply.usastaffing.gov/ViewQuestionnaire/13016585""]",True,True,2026-10-07
877755100,"[""https://apply.usastaffing.gov/ViewQuestionnaire/13013599""]",True,True,2026-10-07
877764800,[],True,False,2026-10-07
877787400,"[""https://apply.usastaffing.gov/ViewQuestionnaire/13018275""]",True,True,2026-10-07
877801700,"[""https://apply.usastaffing.gov/ViewQuestionnaire/13015936""]",True,True,2026-10-07
877811500,"[""https://apply.usastaffing.gov/ViewQuestionnaire/13020161""]",True,True,2026-10-07
877824300,[],True,True,2026-10-07
877824800,"[""https://apply.usastaffing.gov/ViewQuestionnaire/13020144""]",True,True,2026-10-07
877827000,"[""https://apply.usastaffing.gov/ViewQuestionnaire/13016395""]",True,True,2026-10-07
877838300,[],True,True,2026-10-07
877847000,"[""https://apply.usastaffing.gov/ViewQuestionnaire/13020036""]",True,True,2026-10-07
877862300,"[""https://apply.usastaffing.gov/ViewQuestionnaire/13019405""]",True,True,2026-10-07
877870400,"[""https://apply.usastaffing.gov/ViewQuestionnaire/13019830""]",True,True,2026-10-07
877876800,"[""https://apply.usastaffing.gov/ViewQuestionnaire/13020601""]",True,True,2026-10-07
877879500,"[""https://apply.usastaffing.gov/ViewQuestionnaire/13020605""]",True,True,2026-10-07
877880600,[],True,True,2026-10-07
877880700,[],True,True,2026-10-07
877899900,"[""https://apply.usastaffing.gov/ViewQuestionnaire/13020056""]",True,True,2026-10-07
877905900,[],True,True,2026-10-07
877909800,"[""https://apply.usastaffing.gov/ViewQuestionnaire/12971228""]",True,True,2026-10-07
877910100,"[""https://apply.usastaffing.gov/ViewQuestionnaire/13020723""]",True,True,2026-10-07
877915800,"[""https://apply.usastaffing.gov/ViewQuestionnaire/13020623""]",True,True,2026-10-07
877915900,"[""https://apply.usastaffing.gov/ViewQuestionnaire/13020454""]",True,True,2026-10-07
877939900,[],True,True,2026-10-07
877945900,"[""https://apply.usastaffing.gov/ViewQuestionnaire/13020877""]",True,True,2026-10-07
877949100,"[""https://apply.usastaffing.gov/ViewQuestionnaire/13020901""]",True,True,2026-10-07
877952500,[],True,True,2026-10-07
877954500,"[""https://apply.usastaffing.gov/ViewQuestionnaire/13021096""]",True,True,2026-10-07
877955300,"[""https://apply.usastaffing.gov/ViewQuestionnaire/13006215""]",True,True,2026-10-07
877957100,"[""https://apply.usastaffing.gov/ViewQuestionnaire/13021124""]",True,True,2026-10-07
877957600,[],True,False,2026-10-07
877967800,"[""https://apply.usastaffing.gov/ViewQuestionnaire/13020684""]",True,True,2026-10-07
877977200,"[""https://apply.usastaffing.gov/ViewQuestionnaire/13021240""]",True,True,2026-10-07
877979100,"[""https://apply.usastaffing.gov/ViewQuestionnaire/13021248""]",True,True,2026-10-07
877996300,"[""https://apply.usastaffing.gov/ViewQuestionnaire/13021267""]",True,True,2026-10-07
878003400,"[""https://apply.usastaffing.gov/ViewQuestionnaire/13013508""]",True,True,2026-10-07
878006100,"[""https://apply.usastaffing.gov/ViewQuestionnaire/13021337""]",True,True,2026-10-07
878010700,"[""https://apply.usastaffing.gov/ViewQuestionnaire/13021360""]",True,True,2026-10-07
878038700,"[""https://apply.usastaffing.gov/ViewQuestionnaire/13021514""]",True,True,2026-10-07
878040700,"[""https://apply.usastaffing.gov/ViewQuestionnaire/13021457""]",True,True,2026-10-07
878041000,[],True,True,2026-10-07
878041300,[],True,True,2026-10-07
878042100,[],True,True,2026-10-07
878045900,"[""https://apply.usastaffing.gov/ViewQuestionnaire/13019611""]",True,True,2026-10-07
878046100,"[""https://apply.usastaffing.gov/ViewQuestionnaire/13021308""]",True,True,2026-10-07
878074100,"[""https://apply.usastaffing.gov/ViewQuestionnaire/13013050""]",True,True,2026-10-07
878074500,"[""https://apply.usastaffing.gov/ViewQuestionnaire/13013051""]",True,True,2026-10-07
878090300,"[""https://apply.usastaffing.gov/ViewQuestionnaire/13014612""]",True,True,2026-10-07
878104800,[],True,False,2026-10-07
878118000,"[""https://apply.usastaffing.gov/ViewQuestionnaire/13016568""]",True,True,2026-10-07
878134600,"[""https://apply.usastaffing.gov/ViewQuestionnaire/13019692""]",True,True,2026-10-07
878139000,"[""https://apply.usastaffing.gov/ViewQuestionnaire/13013325""]",True,True,2026-10-07
878158600,"[""https://apply.usastaffing.gov/ViewQuestionnaire/12985279""]",True,True,2026-10-07
878164300,"[""https://apply.usastaffing.gov/ViewQuestionnaire/13006561""]",True,True,2026-10-07
878168700,[],True,True,2026-10-07
878169900,[],True,True,2026-10-07
878185000,"[""https://apply.usastaffing.gov/ViewQuestionnaire/13021973""]",True,True,2026-10-07
878187400,"[""https://apply.usastaffing.gov/ViewQuestionnaire/13022223""]",True,True,2026-10-07
878188200,"[""https://apply.usastaffing.gov/ViewQuestionnaire/13021439""]",True,True,2026-10-07
878213600,"[""https://apply.usastaffing.gov/ViewQuestionnaire/13022120""]",True,True,2026-10-07
878214400,"[""https://apply.usastaffing.gov/ViewQuestionnaire/13021981""]",True,True,2026-10-07
878217100,[],True,True,2026-10-07
878218800,"[""https://apply.usastaffing.gov/ViewQuestionnaire/13022469""]",True,True,2026-10-07
878227000,[],True,True,2026-10-07
878228000,"[""https://apply.usastaffing.gov/ViewQuestionnaire/13022467""]",True,True,2026-10-07
878228100,"[""https://apply.usastaffing.gov/ViewQuestionnaire/13022110""]",True,True,2026-10-07
878228400,"[""https://apply.usastaffing.gov/ViewQuestionnaire/13021823""]",True,True,2026-10-07
878239100,[],True,True,2026-10-07
878240100,"[""https://apply.usastaffing.gov/ViewQuestionnaire/13022595""]",True,True,2026-10-07
878248000,[],True,True,2026-10-07
878250200,"[""https://apply.usastaffing.gov/ViewQuestionnaire/13021002""]",True,True,2026-10-07
878255900,"[""https://apply.usastaffing.gov/ViewQuestionnaire/13021305""]",True,True,2026-10-07
878259000,"[""https://apply.usastaffing.gov/ViewQuestionnaire/13022612""]",True,True,2026-10-07
878275400,[],True,False,2026-10-07
878288900,"[""https://apply.usastaffing.gov/ViewQuestionnaire/13023018""]",True,True,2026-10-07
878297100,[],True,False,2026-10-07
878304600,"[""https://apply.usastaffing.gov/ViewQuestionnaire/13021636""]",True,True,2026-10-07
878305500,"[""https://apply.usastaffing.gov/ViewQuestionnaire/13021637""]",True,True,2026-10-07
878317300,"[""https://apply.usastaffing.gov/ViewQuestionnaire/13021812""]",True,True,2026-10-07
878317500,"[""https://apply.usastaffing.gov/ViewQuestionnaire/13023006""]",True,True,2026-10-07
878319600,"[""https://apply.usastaffing.gov/ViewQuestionnaire/13020870""]",True,True,2026-10-07
878325200,"[""https://apply.usastaffing.gov/ViewQuestionnaire/13022996""]",True,True,2026-10-07
878327400,"[""https://apply.usastaffing.gov/ViewQuestionnaire/13003607""]",True,True,2026-10-07
878327500,"[""https://apply.usastaffing.gov/ViewQuestionnaire/13023283""]",True,True,2026-10-07
878329400,"[""https://apply.usastaffing.gov/ViewQuestionnaire/13022762""]",True,True,2026-10-07
878330400,"[""https://apply.usastaffing.gov/ViewQuestionnaire/13003606""]",True,True,2026-10-07
878330900,"[""https://apply.usastaffing.gov/ViewQuestionnaire/13023306""]",True,True,2026-10-07
878348300,"[""https://apply.usastaffing.gov/ViewQuestionnaire/13023120""]",True,True,2026-10-07
878357200,"[""https://apply.usastaffing.gov/ViewQuestionnaire/13022747""]",True,True,2026-10-07
878363400,"[""https://apply.usastaffing.gov/ViewQuestionnaire/13022296""]",True,True,2026-10-07
878363500,[],True,True,2026-10-07
878363600,"[""https://apply.usastaffing.gov/ViewQuestionnaire/13020960""]",True,True,2026-10-07
878378400,"[""https://apply.usastaffing.gov/ViewQuestionnaire/13015190""]",True,True,2026-10-07
878380100,"[""https://apply.usastaffing.gov/ViewQuestionnaire/13020581""]",True,True,2026-10-07
878382300,"[""https://apply.usastaffing.gov/ViewQuestionnaire/13020579""]",True,True,2026-10-07
878382600,"[""https://jobs.monstergovt.com/cftc/rospost/?O=3&J=5475"", ""https://jobs.monstergovt.com/cftc/rospost/?O=3&J=5475&S=1""]",True,False,2026-10-07
878414600,[],True,True,2026-10-07
878423800,"[""https://apply.usastaffing.gov/ViewQuestionnaire/13023735""]",True,True,2026-10-07
878427300,[],False,False,2026-10-07
878428500,"[""https://apply.usastaffing.gov/ViewQuestionnaire/12994569""]",True,True,2026-10-07
878430500,[],True,True,2026-10-07
878440500,[],True,True,2026-10-07
878460500,[],False,False,2026-10-07
878462800,"[""https://apply.usastaffing.gov/ViewQuestionnaire/13022706""]",True,True,2026-10-07
878476300,"[""https://apply.usastaffing.gov/ViewQuestionnaire/13021489""]",True,True,2026-10-07
878490400,"[""https://apply.usastaffing.gov/ViewQuestionnaire/13024234""]",True,True,2026-10-07
878492800,"[""https://apply.usastaffing.gov/ViewQuestionnaire/13024185""]",True,True,2026-10-07
878493700,"[""https://apply.usastaffing.gov/ViewQuestionnaire/13021611""]",True,True,2026-10-07
878496800,"[""https://apply.usastaffing.gov/ViewQuestionnaire/13023787""]",True,True,2026-10-07
878504500,"[""https://apply.usastaffing.gov/ViewQuestionnaire/13023180""]",True,True,2026-10-07
878504600,"[""https://apply.usastaffing.gov/ViewQuestionnaire/13022956""]",True,True,2026-10-07
878505500,"[""https://apply.usastaffing.gov/ViewQuestionnaire/13024387""]",True,True,2026-10-07
878505700,"[""https://apply.usastaffing.gov/ViewQuestionnaire/13024413""]",True,True,2026-10-07
878509900,"[""https://apply.usastaffing.gov/ViewQuestionnaire/13019721""]",True,True,2026-10-07
878513400,"[""https://apply.usastaffing.gov/ViewQuestionnaire/13024059""]",True,True,2026-10-07
878531600,[],True,True,2026-10-07
878548700,[],True,False,2026-10-07
878556800,"[""https://apply.usastaffing.gov/ViewQuestionnaire/13023576""]",True,True,2026-10-07
878565000,"[""https://apply.usastaffing.gov/ViewQuestionnaire/13024743""]",True,True,2026-10-07
878565800,[],True,False,2026-10-07
878566700,"[""https://apply.usastaffing.gov/ViewQuestionnaire/13019285""]",True,True,2026-10-07
878568900,"[""https://apply.usastaffing.gov/ViewQuestionnaire/13023782""]",True,True,2026-10-07
878573400,[],True,True,2026-10-07
878580000,"[""https://apply.usastaffing.gov/ViewQuestionnaire/13023890""]",True,True,2026-10-07
878586700,"[""https://apply.usastaffing.gov/ViewQuestionnaire/13023097""]",True,True,2026-10-07
878596200,"[""https://apply.usastaffing.gov/ViewQuestionnaire/13022159""]",True,True,2026-10-07
878599200,"[""https://apply.usastaffing.gov/ViewQuestionnaire/13024434""]",True,True,2026-10-07
878605600,"[""https://apply.usastaffing.gov/ViewQuestionnaire/13024843""]",True,True,2026-10-07
878606900,[],True,False,2026-10-07
878608600,"[""https://apply.usastaffing.gov/ViewQuestionnaire/13023026""]",True,True,2026-10-07
878613000,"[""https://apply.usastaffing.gov/ViewQuestionnaire/13024389""]",True,True,2026-10-07
878622000,"[""https://apply.usastaffing.gov/ViewQuestionnaire/13024663""]",True,True,2026-10-07
878626500,"[""https://apply.usastaffing.gov/ViewQuestionnaire/13023270""]",True,True,2026-10-07
878636000,"[""https://apply.usastaffing.gov/ViewQuestionnaire/13025080""]",True,True,2026-10-07
878648900,"[""https://apply.usastaffing.gov/ViewQuestionnaire/13025215""]",True,True,2026-10-07
878651200,"[""https://apply.usastaffing.gov/ViewQuestionnaire/13025176""]",True,True,2026-10-07
878651800,"[""https://apply.usastaffing.gov/ViewQuestionnaire/13023940""]",True,True,2026-10-07
878652900,"[""https://apply.usastaffing.gov/ViewQuestionnaire/13025241""]",True,True,2026-10-07
878666300,"[""https://apply.usastaffing.gov/ViewQuestionnaire/13024634""]",True,True,2026-10-07
878671400,[],True,False,2026-10-07
878677000,"[""https://apply.usastaffing.gov/ViewQuestionnaire/13025361""]",True,True,2026-10-07
878678300,"[""https://apply.usastaffing.gov/ViewQuestionnaire/13023662""]",True,True,2026-10-07
878682800,"[""https://apply.usastaffing.gov/ViewQuestionnaire/13024885""]",True,True,2026-10-07
878688600,"[""https://apply.usastaffing.gov/ViewQuestionnaire/13025266""]",True,True,2026-10-07
878690600,[],True,False,2026-10-07
878698400,"[""https://apply.usastaffing.gov/ViewQuestionnaire/13025461""]",True,True,2026-10-07
878707600,[],True,True,2026-10-07
878714700,"[""https://apply.usastaffing.gov/ViewQuestionnaire/13024080""]",True,True,2026-10-07
878733200,"[""https://apply.usastaffing.gov/ViewQuestionnaire/13015273""]",True,True,2026-10-07
878750700,"[""https://apply.usastaffing.gov/ViewQuestionnaire/13005602""]",True,True,2026-10-07
878753900,"[""https://apply.usastaffing.gov/ViewQuestionnaire/13014892""]",True,True,2026-10-07
878766500,"[""https://apply.usastaffing.gov/ViewQuestionnaire/13025421""]",True,True,2026-10-07
878800100,"[""https://apply.usastaffing.gov/ViewQuestionnaire/13026100""]",True,True,2026-10-07
878806100,"[""https://apply.usastaffing.gov/ViewQuestionnaire/13026031""]",True,True,2026-10-07
878815900,"[""https://apply.usastaffing.gov/ViewQuestionnaire/13023421""]",True,True,2026-10-07
878816500,"[""https://apply.usastaffing.gov/ViewQuestionnaire/13023519""]",True,True,2026-10-07
878838600,"[""https://apply.usastaffing.gov/ViewQuestionnaire/13026208""]",True,True,2026-10-07
878862800,[],True,True,2026-10-07
878866000,"[""https://apply.usastaffing.gov/ViewQuestionnaire/13024711""]",True,True,2026-10-07
878872100,"[""https://apply.usastaffing.gov/ViewQuestionnaire/13024115""]",True,True,2026-10-07
878878300,"[""https://apply.usastaffing.gov/ViewQuestionnaire/13026590""]",True,True,2026-10-07
878889600,"[""https://apply.usastaffing.gov/ViewQuestionnaire/13024461""]",True,True,2026-10-07
878895400,[],True,True,2026-10-07
878896300,[],True,True,2026-10-07
878901500,"[""https://apply.usastaffing.gov/ViewQuestionnaire/13025582""]",True,True,2026-10-07
878918000,"[""https://apply.usastaffing.gov/ViewQuestionnaire/13026739""]",True,True,2026-10-07
878938700,[],True,False,2026-10-07
878945500,[],True,False,2026-10-07
878948900,[],True,True,2026-10-07
878952800,[],True,False,2026-10-07
878979400,"[""https://apply.usastaffing.gov/ViewQuestionnaire/13019667""]",True,True,2026-10-07
878979700,[],True,False,2026-10-07
879001000,"[""https://apply.usastaffing.gov/ViewQuestionnaire/13024367""]",True,True,2026-10-07
879016100,"[""https://apply.usastaffing.gov/ViewQuestionnaire/13026755""]",True,True,2026-10-07
879020000,"[""https://apply.usastaffing.gov/ViewQuestionnaire/13026775""]",True,True,2026-10-07
879025100,[],True,True,2026-10-07
879035600,"[""https://apply.usastaffing.gov/ViewQuestionnaire/13021088""]",True,True,2026-10-07
879036700,"[""https://apply.usastaffing.gov/ViewQuestionnaire/13027602""]",True,True,2026-10-07
879043500,"[""https://apply.usastaffing.gov/ViewQuestionnaire/13025171""]",True,True,2026-10-07
879043700,[],True,True,2026-10-07
879049900,[],True,True,2026-10-07
879051600,"[""https://apply.usastaffing.gov/ViewQuestionnaire/13021089""]",True,True,2026-10-07
879055900,"[""https://apply.usastaffing.gov/ViewQuestionnaire/13024476""]",True,True,2026-10-07
879058900,[],True,True,2026-10-07
879067100,"[""https://apply.usastaffing.gov/ViewQuestionnaire/13026412""]",True,True,2026-10-07
879082300,"[""https://apply.usastaffing.gov/ViewQuestionnaire/13024644""]",True,True,2026-10-07
879108300,"[""https://apply.usastaffing.gov/ViewQuestionnaire/13027362""]",True,True,2026-10-07
879118200,"[""https://apply.usastaffing.gov/ViewQuestionnaire/13027334""]",True,True,2026-10-07
879121100,[],True,True,2026-10-07
879123400,"[""https://apply.usastaffing.gov/ViewQuestionnaire/13027508""]",True,True,2026-10-07
879126800,"[""https://apply.usastaffing.gov/ViewQuestionnaire/13024112""]",True,True,2026-10-07
879129100,"[""https://apply.usastaffing.gov/ViewQuestionnaire/13021854""]",True,True,2026-10-07
879130200,"[""https://apply.usastaffing.gov/ViewQuestionnaire/13022685""]",True,True,2026-10-07
879131600,"[""https://apply.usastaffing.gov/ViewQuestionnaire/13024902""]",True,True,2026-10-07
879132900,"[""https://apply.usastaffing.gov/ViewQuestionnaire/13023756""]",True,True,2026-10-07
879134800,[],True,True,2026-10-07
879154100,[],True,True,2026-10-07
879155800,"[""https://apply.usastaffing.gov/ViewQuestionnaire/13028362""]",True,True,2026-10-07
879157200,"[""https://apply.usastaffing.gov/ViewQuestionnaire/13028200""]",True,True,2026-10-07
879158300,"[""https://apply.usastaffing.gov/ViewQuestionnaire/13028391""]",True,True,2026-10-07
879165600,"[""https://apply.usastaffing.gov/ViewQuestionnaire/13026882""]",True,True,2026-10-07
879169700,"[""https://apply.usastaffing.gov/ViewQuestionnaire/13023951""]",True,True,2026-10-07
879171900,"[""https://apply.usastaffing.gov/ViewQuestionnaire/13028086""]",True,True,2026-10-07
879180300,"[""https://apply.usastaffing.gov/ViewQuestionnaire/13028536""]",True,True,2026-10-07
879215800,[],True,False,2026-10-07
879216700,[],True,False,2026-10-07
879217900,[],True,True,2026-10-07
879220100,"[""https://apply.usastaffing.gov/ViewQuestionnaire/13026611""]",True,True,2026-10-07
879220300,"[""https://apply.usastaffing.gov/ViewQuestionnaire/13026610""]",True,True,2026-10-07
879226200,"[""https://apply.usastaffing.gov/ViewQuestionnaire/13028395""]",True,True,2026-10-07
879251400,"[""https://apply.usastaffing.gov/ViewQuestionnaire/13023718""]",True,True,2026-10-07
879252100,"[""https://apply.usastaffing.gov/ViewQuestionnaire/13022601""]",True,True,2026-10-07
879252300,"[""https://apply.usastaffing.gov/ViewQuestionnaire/13022599""]",True,True,2026-10-07
879255600,"[""https://apply.usastaffing.gov/ViewQuestionnaire/13026324""]",True,True,2026-10-07
879268500,"[""https://apply.usastaffing.gov/ViewQuestionnaire/13029036""]",True,True,2026-10-07
879272400,[],False,False,2026-10-07
879277800,"[""https://apply.usastaffing.gov/ViewQuestionnaire/13029039""]",True,True,2026-10-07
879295200,"[""https://apply.usastaffing.gov/ViewQuestionnaire/13027943""]",True,True,2026-10-07
879299200,"[""https://apply.usastaffing.gov/ViewQuestionnaire/13027987""]",True,True,2026-10-07
879299700,"[""https://apply.usastaffing.gov/ViewQuestionnaire/13029230""]",True,True,2026-10-07
879306100,"[""https://apply.usastaffing.gov/ViewQuestionnaire/13028955""]",True,True,2026-10-07
879306300,"[""https://apply.usastaffing.gov/ViewQuestionnaire/13013918""]",True,True,2026-10-07
879316700,"[""https://apply.usastaffing.gov/ViewQuestionnaire/13029205""]",True,True,2026-10-07
879316800,[],True,True,2026-10-07
879342200,"[""https://apply.usastaffing.gov/ViewQuestionnaire/13029374""]",True,True,2026-10-07
879359500,"[""https://apply.usastaffing.gov/ViewQuestionnaire/13029559""]",True,True,2026-10-07
879368700,"[""https://apply.usastaffing.gov/ViewQuestionnaire/13029472""]",True,True,2026-10-07
879373100,"[""https://apply.usastaffing.gov/ViewQuestionnaire/13029593""]",True,True,2026-10-07
879374200,[],True,True,2026-10-07
879376700,"[""https://apply.usastaffing.gov/ViewQuestionnaire/13029650""]",True,True,2026-10-07
879385200,"[""https://apply.usastaffing.gov/ViewQuestionnaire/13008429""]",True,True,2026-10-07
879401400,[],True,False,2026-10-07
879429200,"[""https://apply.usastaffing.gov/ViewQuestionnaire/13029680""]",True,True,2026-10-07
879433100,"[""https://apply.usastaffing.gov/ViewQuestionnaire/13029678""]",True,True,2026-10-07
879433400,[],False,False,2026-10-07
879445200,[],False,False,2026-10-07
879449500,"[""https://apply.usastaffing.gov/ViewQuestionnaire/13029201""]",True,True,2026-10-07
879454900,"[""https://apply.usastaffing.gov/ViewQuestionnaire/13029422""]",True,True,2026-10-07
879468100,"[""https://apply.usastaffing.gov/ViewQuestionnaire/13027761""]",True,True,2026-10-07
879480200,"[""https://apply.usastaffing.gov/ViewQuestionnaire/13027736""]",True,True,2026-10-07
879481500,"[""https://apply.usastaffing.gov/ViewQuestionnaire/13030359""]",True,True,2026-10-07
879492400,"[""https://apply.usastaffing.gov/ViewQuestionnaire/13030432""]",True,True,2026-10-07
879506100,"[""https://apply.usastaffing.gov/ViewQuestionnaire/13030483""]",True,True,2026-10-07
879509100,"[""https://apply.usastaffing.gov/ViewQuestionnaire/13029692""]",True,True,2026-10-07
879511700,"[""https://apply.usastaffing.gov/ViewQuestionnaire/13027532""]",True,True,2026-10-07
879512800,[],False,False,2026-10-07
879522100,[],False,False,2026-10-07
879527900,"[""https://apply.usastaffing.gov/ViewQuestionnaire/13030559""]",True,True,2026-10-07
879540100,"[""https://jobs.monstergovt.com/cftc/rospost/?O=3&J=5470"", ""https://jobs.monstergovt.com/cftc/rospost/?O=3&J=5470&S=1""]",True,False,2026-10-07
879541000,[],False,False,2026-10-07
879546900,"[""https://apply.usastaffing.gov/ViewQuestionnaire/13027901""]",True,True,2026-10-07
879558300,"[""https://apply.usastaffing.gov/ViewQuestionnaire/13028782""]",True,True,2026-10-07
879565000,"[""https://apply.usastaffing.gov/ViewQuestionnaire/13030620""]",True,True,2026-10-07
879566200,"[""https://apply.usastaffing.gov/ViewQuestionnaire/13030047""]",True,True,2026-10-07
879583300,"[""https://apply.usastaffing.gov/ViewQuestionnaire/13026484""]",True,True,2026-10-07
879583400,"[""https://apply.usastaffing.gov/ViewQuestionnaire/13026485""]",True,True,2026-10-07
879599600,[],True,True,2026-10-07
879600000,"[""https://apply.usastaffing.gov/ViewQuestionnaire/13026618""]",True,True,2026-10-07
879617200,"[""https://apply.usastaffing.gov/ViewQuestionnaire/13024969""]",True,True,2026-10-07
879620000,"[""https://apply.usastaffing.gov/ViewQuestionnaire/13030075""]",True,True,2026-10-07
879634100,"[""https://apply.usastaffing.gov/ViewQuestionnaire/13030187""]",True,True,2026-10-07
879639900,"[""https://apply.usastaffing.gov/ViewQuestionnaire/13030012""]",True,True,2026-10-07
879641600,"[""https://apply.usastaffing.gov/ViewQuestionnaire/13031282""]",True,True,2026-10-07
879644100,[],False,False,2026-10-07
879645200,"[""https://apply.usastaffing.gov/ViewQuestionnaire/13030366""]",True,True,2026-10-07
879647300,"[""https://apply.usastaffing.gov/ViewQuestionnaire/13031038""]",True,True,2026-10-07
879657600,[],True,True,2026-10-07
879683000,[],False,False,2026-10-07
879684900,[],False,False,2026-10-07
879692500,[],True,True,2026-10-07
879709700,"[""https://apply.usastaffing.gov/ViewQuestionnaire/13028951""]",True,True,2026-10-07
879710600,"[""https://apply.usastaffing.gov/ViewQuestionnaire/13028952""]",True,True,2026-10-07
879721800,"[""https://apply.usastaffing.gov/ViewQuestionnaire/13031629""]",True,True,2026-10-07
879725400,[],True,True,2026-10-07
879729100,"[""https://apply.usastaffing.gov/ViewQuestionnaire/13031609""]",True,True,2026-10-07
879731200,[],True,True,2026-10-07
879740500,"[""https://apply.usastaffing.gov/ViewQuestionnaire/13022692""]",True,True,2026-10-07
879747100,"[""https://apply.usastaffing.gov/ViewQuestionnaire/13028041""]",True,True,2026-10-07
879766400,"[""https://apply.usastaffing.gov/ViewQuestionnaire/13031750""]",True,True,2026-10-07
879773300,"[""https://apply.usastaffing.gov/ViewQuestionnaire/13032008""]",True,True,2026-10-07
879777400,"[""https://apply.usastaffing.gov/ViewQuestionnaire/13031805""]",True,True,2026-10-07
879779200,"[""https://apply.usastaffing.gov/ViewQuestionnaire/13031806""]",True,True,2026-10-07
879785600,"[""https://apply.usastaffing.gov/ViewQuestionnaire/13028461""]",True,True,2026-10-07
879786000,"[""https://apply.usastaffing.gov/ViewQuestionnaire/13031941""]",True,True,2026-10-07
879792400,"[""https://apply.usastaffing.gov/ViewQuestionnaire/13030775""]",True,True,2026-10-07
879815200,[],True,True,2026-10-07
879815500,"[""https://apply.usastaffing.gov/ViewQuestionnaire/13032253""]",True,True,2026-10-07
879816800,"[""https://apply.usastaffing.gov/ViewQuestionnaire/13015059""]",True,True,2026-10-07
879817300,"[""https://apply.usastaffing.gov/ViewQuestionnaire/13032260""]",True,True,2026-10-07
879818000,"[""https://apply.usastaffing.gov/ViewQuestionnaire/13015061""]",True,True,2026-10-07
879818900,"[""https://apply.usastaffing.gov/ViewQuestionnaire/13032207""]",True,True,2026-10-07
879823400,[],True,True,2026-10-07
879831000,[],True,True,2026-10-07
879833400,[],True,True,2026-10-07
879838200,"[""https://apply.usastaffing.gov/ViewQuestionnaire/13032224""]",True,True,2026-10-07
879839300,"[""https://apply.usastaffing.gov/ViewQuestionnaire/13023505""]",True,True,2026-10-07
879839600,[],True,True,2026-10-07
879840100,"[""https://apply.usastaffing.gov/ViewQuestionnaire/13031364""]",True,True,2026-10-07
879845300,"[""https://apply.usastaffing.gov/ViewQuestionnaire/13032347""]",True,True,2026-10-07
879849100,[],True,True,2026-10-07
879850100,"[""https://apply.usastaffing.gov/ViewQuestionnaire/13030734""]",True,True,2026-10-07
879850600,"[""https://apply.usastaffing.gov/ViewQuestionnaire/13031029""]",True,True,2026-10-07
879850800,"[""https://apply.usastaffing.gov/ViewQuestionnaire/13031484""]",True,True,2026-10-07
879851000,"[""https://apply.usastaffing.gov/ViewQuestionnaire/13031427""]",True,True,2026-10-07
879853800,"[""https://apply.usastaffing.gov/ViewQuestionnaire/13032443""]",True,True,2026-10-07
879854400,"[""https://apply.usastaffing.gov/ViewQuestionnaire/13032459""]",True,True,2026-10-07
879857000,"[""https://apply.usastaffing.gov/ViewQuestionnaire/13032469""]",True,True,2026-10-07
879861300,"[""https://apply.usastaffing.gov/ViewQuestionnaire/13032498""]",True,True,2026-10-07
879864700,"[""https://apply.usastaffing.gov/ViewQuestionnaire/13023179""]",True,True,2026-10-07
879892800,[],True,True,2026-10-07
879896100,[],True,True,2026-10-07
879918500,[],True,False,2026-10-07
879928900,"[""https://apply.usastaffing.gov/ViewQuestionnaire/13032581""]",True,True,2026-10-07
879930000,"[""https://apply.usastaffing.gov/ViewQuestionnaire/13032864""]",True,True,2026-10-07
879938800,[],True,True,2026-10-07
879941300,"[""https://apply.usastaffing.gov/ViewQuestionnaire/13032716""]",True,True,2026-10-07
879954800,"[""https://apply.usastaffing.gov/ViewQuestionnaire/13033006""]",True,True,2026-10-07
879964300,[],True,True,2026-10-07
879966600,"[""https://apply.usastaffing.gov/ViewQuestionnaire/13032292""]",True,True,2026-10-07
879967100,"[""https://apply.usastaffing.gov/ViewQuestionnaire/13032364""]",True,True,2026-10-07
879968100,[],False,False,2026-10-07
879969200,"[""https://apply.usastaffing.gov/ViewQuestionnaire/13033113""]",True,True,2026-10-07
879979500,[],True,False,2026-10-07
879991600,"[""https://apply.usastaffing.gov/ViewQuestionnaire/13031960""]",True,True,2026-10-07
879991900,[],True,True,2026-10-07
879993800,"[""https://apply.usastaffing.gov/ViewQuestionnaire/13033258""]",True,True,2026-10-07
880022400,"[""https://apply.usastaffing.gov/ViewQuestionnaire/13033400""]",True,True,2026-10-07
880023500,"[""https://apply.usastaffing.gov/ViewQuestionnaire/13032440""]",True,True,2026-10-07
880028200,[],True,False,2026-10-07
880029200,"[""https://apply.usastaffing.gov/ViewQuestionnaire/13033472""]",True,True,2026-10-07
880033900,[],True,False,2026-10-07
880037700,"[""https://apply.usastaffing.gov/ViewQuestionnaire/13033213""]",True,True,2026-10-07
880052700,"[""https://apply.usastaffing.gov/ViewQuestionnaire/13031586""]",True,True,2026-10-07
880055500,[],True,True,2026-10-07
880055600,[],True,True,2026-10-07
880055800,[],True,True,2026-10-07
880056400,[],True,True,2026-10-07
880061300,[],False,False,2026-10-07
880065700,"[""https://apply.usastaffing.gov/ViewQuestionnaire/13032711""]",True,True,2026-10-07
880066900,"[""https://apply.usastaffing.gov/ViewQuestionnaire/13029342""]",True,True,2026-10-07
880068400,"[""https://apply.usastaffing.gov/ViewQuestionnaire/13033699""]",True,True,2026-10-07
880073000,"[""https://apply.usastaffing.gov/ViewQuestionnaire/13032712""]",True,True,2026-10-07
880074100,"[""https://apply.usastaffing.gov/ViewQuestionnaire/13028929""]",True,True,2026-10-07
880075800,"[""https://apply.usastaffing.gov/ViewQuestionnaire/13028930""]",True,True,2026-10-07
880077300,"[""https://apply.usastaffing.gov/ViewQuestionnaire/13033583""]",True,True,2026-10-07
880083200,[],True,True,2026-10-07
880097300,"[""https://apply.usastaffing.gov/ViewQuestionnaire/13033815""]",True,True,2026-10-07
880098400,[],True,False,2026-10-07
880103200,"[""https://apply.usastaffing.gov/ViewQuestionnaire/13033836""]",True,True,2026-10-07
880105300,"[""https://apply.usastaffing.gov/ViewQuestionnaire/13033723""]",True,True,2026-10-07
880107500,"[""https://apply.usastaffing.gov/ViewQuestionnaire/13033906""]",True,True,2026-10-07
880126200,"[""https://apply.usastaffing.gov/ViewQuestionnaire/13033143""]",True,True,2026-10-07
880127200,"[""https://apply.usastaffing.gov/ViewQuestionnaire/13033888""]",True,True,2026-10-07
880129000,"[""https://jobs.monstergovt.com/dos/ros/rosDashboard.hms?O=6&J=119228&S=1""]",False,False,2026-10-07
880134400,"[""https://apply.usastaffing.gov/ViewQuestionnaire/13033339""]",True,True,2026-10-07
880136600,"[""https://apply.usastaffing.gov/ViewQuestionnaire/13034068""]",True,True,2026-10-07
880137100,[],True,True,2026-10-07
880142800,[],True,False,2026-10-07
880147600,"[""https://apply.usastaffing.gov/ViewQuestionnaire/13033741""]",True,True,2026-10-07
880152000,"[""https://apply.usastaffing.gov/ViewQuestionnaire/13033883""]",True,True,2026-10-07
880183200,"[""https://apply.usastaffing.gov/ViewQuestionnaire/13015797""]",True,True,2026-10-07
880183400,"[""https://apply.usastaffing.gov/ViewQuestionnaire/13015798""]",True,True,2026-10-07
880184100,[],True,True,2026-10-07
880203100,"[""https://apply.usastaffing.gov/ViewQuestionnaire/13033657""]",True,True,2026-10-07
880203400,[],True,True,2026-10-07
880211800,"[""https://apply.usastaffing.gov/ViewQuestionnaire/13034344""]",True,True,2026-10-07
880232000,"[""https://apply.usastaffing.gov/ViewQuestionnaire/13034239""]",True,True,2026-10-07
880238000,"[""https://apply.usastaffing.gov/ViewQuestionnaire/13034212""]",True,True,2026-10-07
880240900,"[""https://apply.usastaffing.gov/ViewQuestionnaire/13034469""]",True,True,2026-10-07
880250800,[],False,False,2026-10-07
880257900,[],True,False,2026-10-07
880267300,"[""https://apply.usastaffing.gov/ViewQuestionnaire/13034895""]",True,True,2026-10-07
880273300,"[""https://apply.usastaffing.gov/ViewQuestionnaire/13034897""]",True,True,2026-10-07
880274300,"[""https://apply.usastaffing.gov/ViewQuestionnaire/13029369""]",True,True,2026-10-07
880281000,"[""https://apply.usastaffing.gov/ViewQuestionnaire/13034634""]",True,True,2026-10-07
880285500,"[""https://apply.usastaffing.gov/ViewQuestionnaire/13032794""]",True,True,2026-10-07
880299100,"[""https://apply.usastaffing.gov/ViewQuestionnaire/13031096""]",True,True,2026-10-07
880300600,"[""https://apply.usastaffing.gov/ViewQuestionnaire/13025272""]",True,True,2026-10-07
880303700,"[""https://apply.usastaffing.gov/ViewQuestionnaire/13035067""]",True,True,2026-10-07
880308400,"[""https://apply.usastaffing.gov/ViewQuestionnaire/13035174""]",True,True,2026-10-07
880315300,"[""https://apply.usastaffing.gov/ViewQuestionnaire/13034100""]",True,True,2026-10-07
880316900,[],True,True,2026-10-07
880336200,"[""https://apply.usastaffing.gov/ViewQuestionnaire/13034211""]",True,True,2026-10-07
880343800,[],True,False,2026-10-07
880344400,"[""https://apply.usastaffing.gov/ViewQuestionnaire/13035379""]",True,True,2026-10-07
880345000,"[""https://jobs.monstergovt.com/dot/ros/rosDashboard.hms?O=2&J=92888"", ""https://jobs.monstergovt.com/dot/ros/rosDashboard.hms?O=2&J=92888&S=1""]",True,False,2026-10-07
880356300,"[""https://apply.usastaffing.gov/ViewQuestionnaire/13034474""]",True,True,2026-10-07
880359600,"[""https://apply.usastaffing.gov/ViewQuestionnaire/13033227""]",True,True,2026-10-07
880362200,"[""https://apply.usastaffing.gov/ViewQuestionnaire/13030223""]",True,True,2026-10-07
880372300,"[""https://apply.usastaffing.gov/ViewQuestionnaire/13035247""]",True,True,2026-10-07
880377700,"[""https://apply.usastaffing.gov/ViewQuestionnaire/13035646""]",True,True,2026-10-07
880384000,"[""https://apply.usastaffing.gov/ViewQuestionnaire/13034541""]",True,True,2026-10-07
880399700,"[""https://apply.usastaffing.gov/ViewQuestionnaire/13035809""]",True,True,2026-10-07
880401400,"[""https://apply.usastaffing.gov/ViewQuestionnaire/13027754""]",True,True,2026-10-07
880411600,"[""https://apply.usastaffing.gov/ViewQuestionnaire/13026124""]",True,True,2026-10-07
880414900,"[""https://apply.usastaffing.gov/ViewQuestionnaire/13034119""]",True,True,2026-10-07
880418400,"[""https://apply.usastaffing.gov/ViewQuestionnaire/13029511""]",True,True,2026-10-07
880432700,[],True,False,2026-10-07
880433100,[],True,True,2026-10-07
880434500,[],True,True,2026-10-07
880453700,"[""https://apply.usastaffing.gov/ViewQuestionnaire/13035980""]",True,True,2026-10-07
880469700,"[""https://apply.usastaffing.gov/ViewQuestionnaire/13037169""]",True,True,2026-10-07
880473200,"[""https://apply.usastaffing.gov/ViewQuestionnaire/13035999""]",True,True,2026-10-07
880490300,[],False,True,2026-10-07
880496700,"[""https://apply.usastaffing.gov/ViewQuestionnaire/13028834""]",True,True,2026-10-07
880517000,"[""https://apply.usastaffing.gov/ViewQuestionnaire/13032076""]",True,True,2026-10-07
880521100,"[""https://apply.usastaffing.gov/ViewQuestionnaire/13037536""]",True,True,2026-10-07
880540300,"[""https://apply.usastaffing.gov/ViewQuestionnaire/13034738""]",True,True,2026-10-07
880542100,"[""https://apply.usastaffing.gov/ViewQuestionnaire/13037237""]",True,True,2026-10-07
880543700,"[""https://apply.usastaffing.gov/ViewQuestionnaire/13034739""]",True,True,2026-10-07
880568600,"[""https://apply.usastaffing.gov/ViewQuestionnaire/13037638""]",True,True,2026-10-07
880575500,"[""https://apply.usastaffing.gov/ViewQuestionnaire/13034563""]",True,True,2026-10-07
880581600,"[""https://apply.usastaffing.gov/ViewQuestionnaire/13038775""]",True,True,2026-10-07
880585100,"[""https://apply.usastaffing.gov/ViewQuestionnaire/13034562""]",True,True,2026-10-07
880585500,"[""https://apply.usastaffing.gov/ViewQuestionnaire/13033917""]",True,True,2026-10-07
880586700,"[""https://apply.usastaffing.gov/ViewQuestionnaire/13034388""]",True,True,2026-10-07
880592100,"[""https://apply.usastaffing.gov/ViewQuestionnaire/13035020""]",True,True,2026-10-07
880593700,"[""https://apply.usastaffing.gov/ViewQuestionnaire/13034715""]",True,True,2026-10-07
880593800,"[""https://apply.usastaffing.gov/ViewQuestionnaire/13034716""]",True,True,2026-10-07
880604300,"[""https://apply.usastaffing.gov/ViewQuestionnaire/13039040""]",True,True,2026-10-07
880607300,"[""https://apply.usastaffing.gov/ViewQuestionnaire/13034639""]",True,True,2026-10-07
880609300,[],True,False,2026-10-07
880629200,"[""https://apply.usastaffing.gov/ViewQuestionnaire/13039085""]",True,True,2026-10-07
880630000,"[""https://apply.usastaffing.gov/ViewQuestionnaire/13034299""]",True,True,2026-10-07
880631100,[],False,False,2026-10-07
880633100,[],True,True,2026-10-07
880638300,"[""https://apply.usastaffing.gov/ViewQuestionnaire/13036037""]",True,True,2026-10-07
880643200,"[""https://apply.usastaffing.gov/ViewQuestionnaire/13039169""]",True,True,2026-10-07
880648800,[],True,True,2026-10-07
880654800,"[""https://apply.usastaffing.gov/ViewQuestionnaire/13039337""]",True,True,2026-10-07
880655000,"[""https://apply.usastaffing.gov/ViewQuestionnaire/13027957""]",True,True,2026-10-07
880655800,"[""https://apply.usastaffing.gov/ViewQuestionnaire/13038896""]",True,True,2026-10-07
880656100,"[""https://apply.usastaffing.gov/ViewQuestionnaire/13039293""]",True,True,2026-10-07
880659800,[],False,False,2026-10-07
880661600,"[""https://apply.usastaffing.gov/ViewQuestionnaire/13035110""]",True,True,2026-10-07
880670600,"[""https://apply.usastaffing.gov/ViewQuestionnaire/13039420""]",True,True,2026-10-07
880670700,"[""https://apply.usastaffing.gov/ViewQuestionnaire/13031519""]",True,True,2026-10-07
880675100,"[""https://apply.usastaffing.gov/ViewQuestionnaire/13032281""]",True,True,2026-10-07
880675500,[],True,True,2026-10-07
880686300,"[""https://apply.usastaffing.gov/ViewQuestionnaire/13039480""]",True,True,2026-10-07
880687600,[],True,True,2026-10-07
880688300,[],True,True,2026-10-07
880690200,[],True,True,2026-10-07
880690700,[],True,True,2026-10-07
880691700,"[""https://apply.usastaffing.gov/ViewQuestionnaire/13034439""]",True,True,2026-10-07
880692500,"[""https://apply.usastaffing.gov/ViewQuestionnaire/13034448""]",True,True,2026-10-07
880693100,"[""https://apply.usastaffing.gov/ViewQuestionnaire/13032280""]",True,True,2026-10-07
880718800,[],False,False,2026-10-07
880728300,[],True,True,2026-10-07
880732400,[],True,True,2026-10-07
880732900,"[""https://apply.usastaffing.gov/ViewQuestionnaire/13035821""]",True,True,2026-10-07
880734600,"[""https://apply.usastaffing.gov/ViewQuestionnaire/13039732""]",True,True,2026-10-07
880736700,[],True,True,2026-10-07
880743900,"[""https://apply.usastaffing.gov/ViewQuestionnaire/13034546""]",True,True,2026-10-07
880744400,[],True,True,2026-10-07
880748800,[],True,True,2026-10-07
880750400,"[""https://apply.usastaffing.gov/ViewQuestionnaire/13038886""]",True,True,2026-10-07
880753000,"[""https://apply.usastaffing.gov/ViewQuestionnaire/13039878""]",True,True,2026-10-07
880755200,"[""https://apply.usastaffing.gov/ViewQuestionnaire/13039696""]",True,True,2026-10-07
880757000,"[""https://apply.usastaffing.gov/ViewQuestionnaire/13034333""]",True,True,2026-10-07
880757200,[],True,True,2026-10-07
880757500,"[""https://apply.usastaffing.gov/ViewQuestionnaire/13039526""]",True,True,2026-10-07
880758200,[],True,False,2026-10-07
880761800,"[""https://apply.usastaffing.gov/ViewQuestionnaire/13039907""]",True,True,2026-10-07
880768600,"[""https://apply.usastaffing.gov/ViewQuestionnaire/13025808""]",True,True,2026-10-07
880769200,"[""https://apply.usastaffing.gov/ViewQuestionnaire/13025803""]",True,True,2026-10-07
880794100,"[""https://apply.usastaffing.gov/ViewQuestionnaire/13038981""]",True,True,2026-10-07
880801000,[],True,False,2026-10-07
880812800,"[""https://apply.usastaffing.gov/ViewQuestionnaire/13039719""]",True,True,2026-10-07
880815500,"[""https://apply.usastaffing.gov/ViewQuestionnaire/13039902""]",True,True,2026-10-07
880845800,"[""https://apply.usastaffing.gov/ViewQuestionnaire/13040372""]",True,True,2026-10-07
880848000,"[""https://apply.usastaffing.gov/ViewQuestionnaire/13040199""]",True,True,2026-10-07
880852400,"[""https://apply.usastaffing.gov/ViewQuestionnaire/13039708""]",True,True,2026-10-07
880853100,"[""https://apply.usastaffing.gov/ViewQuestionnaire/13040242""]",True,True,2026-10-07
880855300,"[""https://apply.usastaffing.gov/ViewQuestionnaire/13040397""]",True,True,2026-10-07
880856600,"[""https://apply.usastaffing.gov/ViewQuestionnaire/13040445""]",True,True,2026-10-07
880867700,"[""https://apply.usastaffing.gov/ViewQuestionnaire/13040402""]",True,True,2026-10-07
880873800,"[""https://apply.usastaffing.gov/ViewQuestionnaire/13040495""]",True,True,2026-10-07
880899000,[],True,True,2026-10-07
880902400,"[""https://apply.usastaffing.gov/ViewQuestionnaire/13040698""]",True,True,2026-10-07
880903700,"[""https://apply.usastaffing.gov/ViewQuestionnaire/13040592""]",True,True,2026-10-07
880904300,"[""https://apply.usastaffing.gov/ViewQuestionnaire/13040695""]",True,True,2026-10-07
880905800,"[""https://apply.usastaffing.gov/ViewQuestionnaire/13040623""]",True,True,2026-10-07
880907200,"[""https://apply.usastaffing.gov/ViewQuestionnaire/13040738""]",True,True,2026-10-07
880909600,"[""https://apply.usastaffing.gov/ViewQuestionnaire/13040509""]",True,True,2026-10-07
880910600,"[""https://apply.usastaffing.gov/ViewQuestionnaire/13040522""]",True,True,2026-10-07
880913700,"[""https://apply.usastaffing.gov/ViewQuestionnaire/13040662""]",True,True,2026-10-07
880927300,"[""https://apply.usastaffing.gov/ViewQuestionnaire/13040829""]",True,True,2026-10-07
880929800,"[""https://apply.usastaffing.gov/ViewQuestionnaire/13040617""]",True,True,2026-10-07
880932900,"[""https://apply.usastaffing.gov/ViewQuestionnaire/13040934""]",True,True,2026-10-07
880933000,[],True,True,2026-10-07
880933600,"[""https://apply.usastaffing.gov/ViewQuestionnaire/13040778""]",True,True,2026-10-07
880934100,"[""https://apply.usastaffing.gov/ViewQuestionnaire/13040804""]",True,True,2026-10-07
880946700,"[""https://apply.usastaffing.gov/ViewQuestionnaire/13034381""]",True,True,2026-10-07
880951400,"[""https://apply.usastaffing.gov/ViewQuestionnaire/13040925""]",True,True,2026-10-07
880970000,"[""https://apply.usastaffing.gov/ViewQuestionnaire/13041161""]",True,True,2026-10-07
880983500,[],True,True,2026-10-07
880987100,[],True,True,2026-10-07
880987700,"[""https://apply.usastaffing.gov/ViewQuestionnaire/13037659""]",True,True,2026-10-07
880989700,"[""https://apply.usastaffing.gov/ViewQuestionnaire/13021056""]",True,True,2026-10-07
880994800,"[""https://apply.usastaffing.gov/ViewQuestionnaire/13040772""]",True,True,2026-10-07
881001500,"[""https://apply.usastaffing.gov/ViewQuestionnaire/13022009""]",True,True,2026-10-07
881002400,[],False,False,2026-10-07
881002500,[],True,True,2026-10-07
881007100,"[""https://apply.usastaffing.gov/ViewQuestionnaire/13041363""]",True,True,2026-10-07
881009300,"[""https://apply.usastaffing.gov/ViewQuestionnaire/13039299""]",True,True,2026-10-07
881023700,"[""https://apply.usastaffing.gov/ViewQuestionnaire/13037671""]",True,True,2026-10-07
881036000,"[""https://apply.usastaffing.gov/ViewQuestionnaire/13041308""]",True,True,2026-10-07
881044700,"[""https://apply.usastaffing.gov/ViewQuestionnaire/13041447""]",True,True,2026-10-07
881045200,[],True,True,2026-10-07
881048000,[],True,True,2026-10-07
881053800,[],True,True,2026-10-07
881058700,"[""https://apply.usastaffing.gov/ViewQuestionnaire/13040613""]",True,True,2026-10-07
881064100,"[""https://apply.usastaffing.gov/ViewQuestionnaire/13041744""]",True,True,2026-10-07
881069000,[],True,False,2026-10-07
881072600,"[""https://apply.usastaffing.gov/ViewQuestionnaire/13039579""]",True,True,2026-10-07
881074800,[],True,True,2026-10-07
881083800,[],True,False,2026-10-07
881085500,"[""https://apply.usastaffing.gov/ViewQuestionnaire/13041517""]",True,True,2026-10-07
881095700,"[""https://apply.usastaffing.gov/ViewQuestionnaire/13040460""]",True,True,2026-10-07
881099300,"[""https://apply.usastaffing.gov/ViewQuestionnaire/13036121""]",True,True,2026-10-07
881106000,"[""https://apply.usastaffing.gov/ViewQuestionnaire/13037649""]",True,True,2026-10-07
881132000,[],True,True,2026-10-07
881133000,"[""https://apply.usastaffing.gov/ViewQuestionnaire/13041304""]",True,True,2026-10-07
881133600,"[""https://apply.usastaffing.gov/ViewQuestionnaire/13042063""]",True,True,2026-10-07
881133700,"[""https://apply.usastaffing.gov/ViewQuestionnaire/13042023""]",True,True,2026-10-07
881133900,"[""https://apply.usastaffing.gov/ViewQuestionnaire/13042019""]",True,True,2026-10-07
881134400,"[""https://apply.usastaffing.gov/ViewQuestionnaire/13040989""]",True,True,2026-10-07
881138400,"[""https://apply.usastaffing.gov/ViewQuestionnaire/13041956""]",True,True,2026-10-07
881142600,"[""https://apply.usastaffing.gov/ViewQuestionnaire/13024600""]",True,True,2026-10-07
881173100,[],True,True,2026-10-07
881173800,[],True,True,2026-10-07
881179800,[],True,True,2026-10-07
881181200,[],True,True,2026-10-07
881190400,[],True,True,2026-10-07
881200500,"[""https://apply.usastaffing.gov/ViewQuestionnaire/13039190""]",True,True,2026-10-07
881202300,"[""https://apply.usastaffing.gov/ViewQuestionnaire/13037720""]",True,True,2026-10-07
881206100,[],True,True,2026-10-07
881208800,"[""https://apply.usastaffing.gov/ViewQuestionnaire/13018048""]",True,True,2026-10-07
881209700,"[""https://apply.usastaffing.gov/ViewQuestionnaire/13018049""]",True,True,2026-10-07
881210500,"[""https://apply.usastaffing.gov/ViewQuestionnaire/13042488""]",True,True,2026-10-07
881230300,[],True,True,2026-10-07
881239700,"[""https://apply.usastaffing.gov/ViewQuestionnaire/13042709""]",True,True,2026-10-07
881246100,[],True,False,2026-10-07
881249800,[],True,True,2026-10-07
881249900,"[""https://apply.usastaffing.gov/ViewQuestionnaire/13042802""]",True,True,2026-10-07
881262500,"[""https://apply.usastaffing.gov/ViewQuestionnaire/13042467""]",True,True,2026-10-07
881265100,[],True,True,2026-10-07
881265900,[],True,True,2026-10-07
881271200,"[""https://apply.usastaffing.gov/ViewQuestionnaire/13042442""]",True,True,2026-10-07
881275000,[],True,False,2026-10-07
881275400,"[""https://apply.usastaffing.gov/ViewQuestionnaire/13034200""]",True,True,2026-10-07
881287600,[],True,False,2026-10-07
881287900,"[""https://apply.usastaffing.gov/ViewQuestionnaire/13042970""]",True,True,2026-10-07
881288500,"[""https://apply.usastaffing.gov/ViewQuestionnaire/13039414""]",True,True,2026-10-07
881292400,"[""https://apply.usastaffing.gov/ViewQuestionnaire/13041637""]",True,True,2026-10-07
881292800,"[""https://apply.usastaffing.gov/ViewQuestionnaire/13042707""]",True,True,2026-10-07
881293300,"[""https://apply.usastaffing.gov/ViewQuestionnaire/13029632""]",True,True,2026-10-07
881307100,"[""https://apply.usastaffing.gov/ViewQuestionnaire/13042465""]",True,True,2026-10-07
881307700,"[""https://apply.usastaffing.gov/ViewQuestionnaire/13042818""]",True,True,2026-10-07
881311000,[],True,True,2026-10-07
881318300,[],False,True,2026-10-07
881325300,"[""https://apply.usastaffing.gov/ViewQuestionnaire/13043238""]",True,True,2026-10-07
881333900,[],True,True,2026-10-07
881339900,[],False,False,2026-10-07
881341300,"[""https://apply.usastaffing.gov/ViewQuestionnaire/13043304""]",True,True,2026-10-07
881345300,"[""https://apply.usastaffing.gov/ViewQuestionnaire/13043171""]",True,True,2026-10-07
881346100,"[""https://apply.usastaffing.gov/ViewQuestionnaire/13043242""]",True,True,2026-10-07
881352900,"[""https://apply.usastaffing.gov/ViewQuestionnaire/13043433""]",True,True,2026-10-07
881356200,[],True,True,2026-10-07
881367300,[],False,False,2026-10-07
881372000,"[""https://apply.usastaffing.gov/ViewQuestionnaire/13032577""]",True,True,2026-10-07
881388400,"[""https://apply.usastaffing.gov/ViewQuestionnaire/13033388""]",True,True,2026-10-07
881390700,[],True,True,2026-10-07
881397100,[],True,True,2026-10-07
881401600,"[""https://apply.usastaffing.gov/ViewQuestionnaire/13043708""]",True,True,2026-10-07
881405600,"[""https://apply.usastaffing.gov/ViewQuestionnaire/13043766""]",True,True,2026-10-07
881409800,[],True,True,2026-10-07
881410800,"[""https://apply.usastaffing.gov/ViewQuestionnaire/13043727""]",True,True,2026-10-07
881436200,[],True,True,2026-10-07
881447900,"[""https://apply.usastaffing.gov/ViewQuestionnaire/13040674""]",True,True,2026-10-07
881452900,"[""https://apply.usastaffing.gov/ViewQuestionnaire/13035052""]",True,True,2026-10-07
881460500,"[""https://apply.usastaffing.gov/ViewQuestionnaire/13043989""]",True,True,2026-10-07
881461100,[],True,False,2026-10-07
881461900,"[""https://apply.usastaffing.gov/ViewQuestionnaire/13042030""]",True,True,2026-10-07
881462600,"[""https://apply.usastaffing.gov/ViewQuestionnaire/13042029""]",True,True,2026-10-07
881493600,[],True,True,2026-10-07
881501300,[],True,True,2026-10-07
881510200,[],True,True,2026-10-07
881514400,"[""https://apply.usastaffing.gov/ViewQuestionnaire/13035410""]",True,True,2026-10-07
881514500,"[""https://apply.usastaffing.gov/ViewQuestionnaire/13038878""]",True,True,2026-10-07
881522100,[],True,True,2026-10-07
881537300,[],True,True,2026-10-07
881544300,[],True,True,2026-10-07
881550300,[],True,True,2026-10-07
881551700,"[""https://apply.usastaffing.gov/ViewQuestionnaire/13043293""]",True,True,2026-10-07
881552300,[],True,False,2026-10-07
881556200,"[""https://apply.usastaffing.gov/ViewQuestionnaire/13044526""]",True,True,2026-10-07
881559300,[],True,False,2026-10-07
881560300,"[""https://apply.usastaffing.gov/ViewQuestionnaire/13043820""]",True,True,2026-10-07
881560500,[],True,True,2026-10-07
881566100,"[""https://apply.usastaffing.gov/ViewQuestionnaire/13044319""]",True,True,2026-10-07
881566600,"[""https://apply.usastaffing.gov/ViewQuestionnaire/13044318""]",True,True,2026-10-07
881567700,[],True,False,2026-10-07
881574700,[],True,True,2026-10-07
881575800,[],False,False,2026-10-07
881575900,"[""https://apply.usastaffing.gov/ViewQuestionnaire/13037428""]",True,True,2026-10-07
881578700,[],True,False,2026-10-07
881579500,[],True,True,2026-10-07
881579700,"[""https://apply.usastaffing.gov/ViewQuestionnaire/13034486""]",True,True,2026-10-07
881593100,[],True,False,2026-10-07
881598700,"[""https://apply.usastaffing.gov/ViewQuestionnaire/13032519""]",True,True,2026-10-07
881609300,"[""https://apply.usastaffing.gov/ViewQuestionnaire/13039203""]",True,True,2026-10-07
881609900,"[""https://jobs.monstergovt.com/dot/ros/rosDashboard.hms?O=2&J=92859"", ""https://jobs.monstergovt.com/dot/ros/rosDashboard.hms?O=2&J=92859&S=1""]",True,False,2026-10-07
881610500,[],True,True,2026-10-07
881611100,[],True,True,2026-10-07
881614300,"[""https://apply.usastaffing.gov/ViewQuestionnaire/13044913""]",True,True,2026-10-07
881623200,"[""https://apply.usastaffing.gov/ViewQuestionnaire/13034371""]",True,True,2026-10-07
881629000,"[""https://apply.usastaffing.gov/ViewQuestionnaire/13045028""]",True,True,2026-10-07
881629200,[],True,True,2026-10-07
881629500,"[""https://apply.usastaffing.gov/ViewQuestionnaire/13045010""]",True,True,2026-10-07
881630600,"[""https://apply.usastaffing.gov/ViewQuestionnaire/13044465""]",True,True,2026-10-07
881632000,[],True,True,2026-10-07
881633100,"[""https://apply.usastaffing.gov/ViewQuestionnaire/13044957""]",True,True,2026-10-07
881639500,[],True,True,2026-10-07
881648200,[],True,True,2026-10-07
881655800,[],False,False,2026-10-07
881663600,[],True,True,2026-10-07
881667800,"[""https://apply.usastaffing.gov/ViewQuestionnaire/13042741""]",True,True,2026-10-07
881673600,"[""https://apply.usastaffing.gov/ViewQuestionnaire/13045265""]",True,True,2026-10-07
881680000,[],False,False,2026-10-07
881687300,"[""https://apply.usastaffing.gov/ViewQuestionnaire/13045394""]",True,True,2026-10-07
881689900,"[""https://apply.usastaffing.gov/ViewQuestionnaire/13045408""]",True,True,2026-10-07
881700400,[],True,True,2026-10-07
881702100,[],True,True,2026-10-07
881703700,[],True,False,2026-10-07
881705700,[],True,True,2026-10-07
881713800,"[""https://apply.usastaffing.gov/ViewQuestionnaire/13042650""]",True,True,2026-10-07
881716300,"[""https://apply.usastaffing.gov/ViewQuestionnaire/13042514""]",True,True,2026-10-07
881717800,"[""https://apply.usastaffing.gov/ViewQuestionnaire/13044251""]",True,True,2026-10-07
881723900,"[""https://apply.usastaffing.gov/ViewQuestionnaire/13044804""]",True,True,2026-10-07
881724300,"[""https://apply.usastaffing.gov/ViewQuestionnaire/13045062""]",True,True,2026-10-07
881724600,"[""https://apply.usastaffing.gov/ViewQuestionnaire/13043232""]",True,True,2026-10-07
881731700,"[""https://apply.usastaffing.gov/ViewQuestionnaire/13044549""]",True,True,2026-10-07
881733900,"[""https://apply.usastaffing.gov/ViewQuestionnaire/13034481""]",True,True,2026-10-07
881735500,"[""https://apply.usastaffing.gov/ViewQuestionnaire/13045601""]",True,True,2026-10-07
881736200,[],False,False,2026-10-07
881742600,[],True,True,2026-10-07
881745100,"[""https://apply.usastaffing.gov/ViewQuestionnaire/13045071""]",True,True,2026-10-07
881745500,[],True,True,2026-10-07
881749100,"[""https://apply.usastaffing.gov/ViewQuestionnaire/13043296""]",True,True,2026-10-07
881761300,"[""https://apply.usastaffing.gov/ViewQuestionnaire/13045538""]",True,True,2026-10-07
881762700,"[""https://apply.usastaffing.gov/ViewQuestionnaire/13045763""]",True,True,2026-10-07
881764300,"[""https://apply.usastaffing.gov/ViewQuestionnaire/13044738""]",True,True,2026-10-07
881765800,[],False,False,2026-10-07
881770800,"[""https://apply.usastaffing.gov/ViewQuestionnaire/13045543""]",True,True,2026-10-07
881777400,"[""https://apply.usastaffing.gov/ViewQuestionnaire/13043589""]",True,True,2026-10-07
881787300,"[""https://apply.usastaffing.gov/ViewQuestionnaire/13044643""]",True,True,2026-10-07
881790800,[],True,True,2026-10-07
881791900,"[""https://apply.usastaffing.gov/ViewQuestionnaire/13044328""]",True,True,2026-10-07
881804700,[],True,True,2026-10-07
881807100,"[""https://apply.usastaffing.gov/ViewQuestionnaire/13032979""]",True,True,2026-10-07
881809000,"[""https://apply.usastaffing.gov/ViewQuestionnaire/13046037""]",True,True,2026-10-07
881812900,"[""https://apply.usastaffing.gov/ViewQuestionnaire/13032980""]",True,True,2026-10-07
881830500,"[""https://apply.usastaffing.gov/ViewQuestionnaire/13045680""]",True,True,2026-10-07
881845900,[],True,True,2026-10-07
881846800,"[""https://apply.usastaffing.gov/ViewQuestionnaire/13046222""]",True,True,2026-10-07
881850600,"[""https://apply.usastaffing.gov/ViewQuestionnaire/13046303""]",True,True,2026-10-07
881851000,"[""https://apply.usastaffing.gov/ViewQuestionnaire/13042946""]",True,True,2026-10-07
881851600,"[""https://apply.usastaffing.gov/ViewQuestionnaire/13045653""]",True,True,2026-10-07
881853800,"[""https://apply.usastaffing.gov/ViewQuestionnaire/13045954""]",True,True,2026-10-07
881859500,"[""https://apply.usastaffing.gov/ViewQuestionnaire/13042891""]",True,True,2026-10-07
881862000,[],True,True,2026-10-07
881863900,[],True,True,2026-10-07
881872300,[],False,False,2026-10-07
881872600,[],True,True,2026-10-07
881878200,"[""https://apply.usastaffing.gov/ViewQuestionnaire/13046020""]",True,True,2026-10-07
881878400,[],True,True,2026-10-07
881879100,"[""https://apply.usastaffing.gov/ViewQuestionnaire/13046021""]",True,True,2026-10-07
881883100,[],True,True,2026-10-07
881883700,"[""https://apply.usastaffing.gov/ViewQuestionnaire/13046112""]",True,True,2026-10-07
881885900,"[""https://apply.usastaffing.gov/ViewQuestionnaire/13046525""]",True,True,2026-10-07
881886300,[],True,True,2026-10-07
881888300,"[""https://apply.usastaffing.gov/ViewQuestionnaire/13043738""]",True,True,2026-10-07
881892200,[],True,True,2026-10-07
881892300,[],True,True,2026-10-07
881893100,[],True,True,2026-10-07
881893600,[],True,True,2026-10-07
881894200,"[""https://jobs.monstergovt.com/aoc/ros/rosDashboard.hms?O=1749&J=148560"", ""https://jobs.monstergovt.com/aoc/ros/rosDashboard.hms?O=1749&J=148560&S=1""]",True,False,2026-10-07
881895600,[],True,True,2026-10-07
881902700,"[""https://apply.usastaffing.gov/ViewQuestionnaire/13046531""]",True,True,2026-10-07
881910100,[],True,True,2026-10-07
881910600,"[""https://apply.usastaffing.gov/ViewQuestionnaire/13046547""]",True,True,2026-10-07
881920500,"[""https://jobs.monstergovt.com/aoc/ros/rosDashboard.hms?O=1749&J=148562"", ""https://jobs.monstergovt.com/aoc/ros/rosDashboard.hms?O=1749&J=148562&S=1""]",True,False,2026-10-07
881922100,[],True,True,2026-10-07
881924600,"[""https://apply.usastaffing.gov/ViewQuestionnaire/13046552""]",True,True,2026-10-07
881927000,"[""https://apply.usastaffing.gov/ViewQuestionnaire/13044338""]",True,True,2026-10-07
881928900,"[""https://apply.usastaffing.gov/ViewQuestionnaire/13046717""]",True,True,2026-10-07
881931300,"[""https://apply.usastaffing.gov/ViewQuestionnaire/13046113""]",True,True,2026-10-07
881936800,[],True,True,2026-10-07
881937300,"[""https://apply.usastaffing.gov/ViewQuestionnaire/13039866""]",True,True,2026-10-07
881941600,[],True,True,2026-10-07
881946700,[],True,True,2026-10-07
881950700,[],True,True,2026-10-07
881950900,"[""https://apply.usastaffing.gov/ViewQuestionnaire/13046909""]",True,True,2026-10-07
881951100,"[""https://apply.usastaffing.gov/ViewQuestionnaire/13038851""]",True,True,2026-10-07
881971700,[],True,True,2026-10-07
881975100,"[""https://apply.usastaffing.gov/ViewQuestionnaire/13044485""]",True,True,2026-10-07
881975500,"[""https://apply.usastaffing.gov/ViewQuestionnaire/13044343""]",True,True,2026-10-07
881982600,[],True,False,2026-10-07
881982700,[],True,True,2026-10-07
881982800,"[""https://apply.usastaffing.gov/ViewQuestionnaire/13041887""]",True,True,2026-10-07
881989900,"[""https://apply.usastaffing.gov/ViewQuestionnaire/13047020""]",True,True,2026-10-07
882007300,[],True,False,2026-10-07
882007600,"[""https://apply.usastaffing.gov/ViewQuestionnaire/13047239""]",True,True,2026-10-07
882008700,"[""https://apply.usastaffing.gov/ViewQuestionnaire/13047269""]",True,True,2026-10-07
882017400,"[""https://apply.usastaffing.gov/ViewQuestionnaire/13047304""]",True,True,2026-10-07
882018400,"[""https://apply.usastaffing.gov/ViewQuestionnaire/13044878""]",True,True,2026-10-07
882021500,[],True,True,2026-10-07
882028100,"[""https://apply.usastaffing.gov/ViewQuestionnaire/13046144""]",True,True,2026-10-07
882029900,"[""https://apply.usastaffing.gov/ViewQuestionnaire/13047099""]",True,True,2026-10-07
882039300,"[""https://apply.usastaffing.gov/ViewQuestionnaire/13047324""]",True,True,2026-10-07
882040200,"[""https://apply.usastaffing.gov/ViewQuestionnaire/13047375""]",True,True,2026-10-07
882041000,[],True,True,2026-10-07
882043100,"[""https://apply.usastaffing.gov/ViewQuestionnaire/13041027""]",True,True,2026-10-07
882043900,"[""https://apply.usastaffing.gov/ViewQuestionnaire/13047421""]",True,True,2026-10-07
882045900,[],True,True,2026-10-07
882049300,"[""https://apply.usastaffing.gov/ViewQuestionnaire/13047352""]",True,True,2026-10-07
882056400,"[""https://apply.usastaffing.gov/ViewQuestionnaire/13047542""]",True,True,2026-10-07
882062000,"[""https://apply.usastaffing.gov/ViewQuestionnaire/13044758""]",True,True,2026-10-07
882068400,"[""https://apply.usastaffing.gov/ViewQuestionnaire/13047688""]",True,True,2026-10-07
882070300,"[""https://apply.usastaffing.gov/ViewQuestionnaire/13047632""]",True,True,2026-10-07
882071300,"[""https://apply.usastaffing.gov/ViewQuestionnaire/13047603""]",True,True,2026-10-07
882074300,"[""https://apply.usastaffing.gov/ViewQuestionnaire/13047708""]",True,True,2026-10-07
882076100,"[""https://apply.usastaffing.gov/ViewQuestionnaire/13047687""]",True,True,2026-10-07
882077000,"[""https://apply.usastaffing.gov/ViewQuestionnaire/13042144""]",True,True,2026-10-07
882082100,"[""https://apply.usastaffing.gov/ViewQuestionnaire/13047695""]",True,True,2026-10-07
882086100,[],True,True,2026-10-07
882087500,"[""https://apply.usastaffing.gov/ViewQuestionnaire/13047844""]",True,True,2026-10-07
882092400,"[""https://apply.usastaffing.gov/ViewQuestionnaire/13047653""]",True,True,2026-10-07
882095700,[],True,True,2026-10-07
882102200,"[""https://apply.usastaffing.gov/ViewQuestionnaire/13042655""]",True,True,2026-10-07
882106000,"[""https://apply.usastaffing.gov/ViewQuestionnaire/13028275""]",True,True,2026-10-07
882109700,"[""https://apply.usastaffing.gov/ViewQuestionnaire/13047855""]",True,True,2026-10-07
882120000,"[""https://apply.usastaffing.gov/ViewQuestionnaire/13047959""]",True,True,2026-10-07
882121400,"[""https://apply.usastaffing.gov/ViewQuestionnaire/13047805""]",True,True,2026-10-07
882132800,"[""https://apply.usastaffing.gov/ViewQuestionnaire/13048111""]",True,True,2026-10-07
882135300,[],True,True,2026-10-07
882136200,[],True,True,2026-10-07
882136400,[],True,True,2026-10-07
882136500,[],True,True,2026-10-07
882137900,[],True,True,2026-10-07
882138400,[],True,True,2026-10-07
882138700,"[""https://apply.usastaffing.gov/ViewQuestionnaire/13044350""]",True,True,2026-10-07
882144500,"[""https://apply.usastaffing.gov/ViewQuestionnaire/13048215""]",True,True,2026-10-07
882160800,"[""https://apply.usastaffing.gov/ViewQuestionnaire/13048287""]",True,True,2026-10-07
882167000,"[""https://apply.usastaffing.gov/ViewQuestionnaire/13042448""]",True,True,2026-10-07
882170300,[],False,False,2026-10-07
882177100,"[""https://apply.usastaffing.gov/ViewQuestionnaire/13047069""]",True,True,2026-10-07
882179700,[],True,True,2026-10-07
882186700,"[""https://apply.usastaffing.gov/ViewQuestionnaire/13048357""]",True,True,2026-10-07
882187700,"[""https://apply.usastaffing.gov/ViewQuestionnaire/13048293""]",True,True,2026-10-07
882192000,"[""https://apply.usastaffing.gov/ViewQuestionnaire/13043122""]",True,True,2026-10-07
882221200,"[""https://apply.usastaffing.gov/ViewQuestionnaire/13048556""]",True,True,2026-10-07
882221600,[],True,False,2026-10-07
882222000,"[""https://apply.usastaffing.gov/ViewQuestionnaire/13048652""]",True,True,2026-10-07
882246700,"[""https://apply.usastaffing.gov/ViewQuestionnaire/13047639""]",True,True,2026-10-07
882248400,"[""https://apply.usastaffing.gov/ViewQuestionnaire/13048762""]",True,True,2026-10-07
882258600,"[""https://apply.usastaffing.gov/ViewQuestionnaire/13048896""]",True,True,2026-10-07
882266800,"[""https://apply.usastaffing.gov/ViewQuestionnaire/13048884""]",True,True,2026-10-07
882274600,"[""https://apply.usastaffing.gov/ViewQuestionnaire/13047187""]",True,True,2026-10-07
882274900,"[""https://apply.usastaffing.gov/ViewQuestionnaire/13046108""]",True,True,2026-10-07
882280500,[],False,False,2026-10-07
882289600,"[""https://apply.usastaffing.gov/ViewQuestionnaire/13048473""]",True,True,2026-10-07
882291400,"[""https://apply.usastaffing.gov/ViewQuestionnaire/13048923""]",True,True,2026-10-07
882297500,[],True,True,2026-10-07
882304300,[],True,True,2026-10-07
882309800,"[""https://apply.usastaffing.gov/ViewQuestionnaire/13047977""]",True,True,2026-10-07
882310400,"[""https://apply.usastaffing.gov/ViewQuestionnaire/13047979""]",True,True,2026-10-07
882311000,"[""https://apply.usastaffing.gov/ViewQuestionnaire/13047980""]",True,True,2026-10-07
882311100,"[""https://apply.usastaffing.gov/ViewQuestionnaire/13047981""]",True,True,2026-10-07
882311800,"[""https://apply.usastaffing.gov/ViewQuestionnaire/13047982""]",True,True,2026-10-07
882312200,"[""https://apply.usastaffing.gov/ViewQuestionnaire/13047983""]",True,True,2026-10-07
882312800,"[""https://apply.usastaffing.gov/ViewQuestionnaire/13047984""]",True,True,2026-10-07
882313200,"[""https://apply.usastaffing.gov/ViewQuestionnaire/13047990""]",True,True,2026-10-07
882314400,"[""https://apply.usastaffing.gov/ViewQuestionnaire/13045662""]",True,True,2026-10-07
882314800,"[""https://apply.usastaffing.gov/ViewQuestionnaire/13045663""]",True,True,2026-10-07
882318200,[],False,True,2026-10-07
882319700,"[""https://apply.usastaffing.gov/ViewQuestionnaire/13049164""]",True,True,2026-10-07
882321900,"[""https://apply.usastaffing.gov/ViewQuestionnaire/13049253""]",True,True,2026-10-07
882326700,"[""https://apply.usastaffing.gov/ViewQuestionnaire/13049303""]",True,True,2026-10-07
882327400,"[""https://apply.usastaffing.gov/ViewQuestionnaire/13049321""]",True,True,2026-10-07
882333500,"[""https://apply.usastaffing.gov/ViewQuestionnaire/13049354""]",True,True,2026-10-07
882339100,"[""https://apply.usastaffing.gov/ViewQuestionnaire/13048764""]",True,True,2026-10-07
882345700,[],True,False,2026-10-07
882348500,[],False,False,2026-10-07
882369500,"[""https://apply.usastaffing.gov/ViewQuestionnaire/13049644""]",True,True,2026-10-07
882372000,"[""https://apply.usastaffing.gov/ViewQuestionnaire/13049659""]",True,True,2026-10-07
882374500,"[""https://apply.usastaffing.gov/ViewQuestionnaire/13049676""]",True,True,2026-10-07
882375200,"[""https://apply.usastaffing.gov/ViewQuestionnaire/13049537""]",True,True,2026-10-07
882375900,"[""https://apply.usastaffing.gov/ViewQuestionnaire/13049645""]",True,True,2026-10-07
882376600,"[""https://apply.usastaffing.gov/ViewQuestionnaire/13049682""]",True,True,2026-10-07
882379500,"[""https://apply.usastaffing.gov/ViewQuestionnaire/13049699""]",True,True,2026-10-07
882381600,"[""https://apply.usastaffing.gov/ViewQuestionnaire/13049707""]",True,True,2026-10-07
882384700,"[""https://apply.usastaffing.gov/ViewQuestionnaire/13049729""]",True,True,2026-10-07
882387700,"[""https://apply.usastaffing.gov/ViewQuestionnaire/13049750""]",True,True,2026-10-07
882389100,"[""https://apply.usastaffing.gov/ViewQuestionnaire/13049765""]",True,True,2026-10-07
882390100,[],False,False,2026-10-07
882400900,"[""https://apply.usastaffing.gov/ViewQuestionnaire/13049760""]",True,True,2026-10-07
882407600,"[""https://apply.usastaffing.gov/ViewQuestionnaire/13028464""]",True,True,2026-10-07
882407900,"[""https://apply.usastaffing.gov/ViewQuestionnaire/13028566""]",True,True,2026-10-07
882409500,"[""https://apply.usastaffing.gov/ViewQuestionnaire/13045320""]",True,True,2026-10-07
882410300,"[""https://apply.usastaffing.gov/ViewQuestionnaire/13048671""]",True,True,2026-10-07
882412600,[],False,False,2026-10-07
882420000,"[""https://apply.usastaffing.gov/ViewQuestionnaire/13049261""]",True,True,2026-10-07
882424900,"[""https://apply.usastaffing.gov/ViewQuestionnaire/13049943""]",True,True,2026-10-07
882427800,[],True,True,2026-10-07
882433000,"[""https://apply.usastaffing.gov/ViewQuestionnaire/13048855""]",True,True,2026-10-07
882435700,[],True,True,2026-10-07
882439300,[],True,True,2026-10-07
882440300,[],True,True,2026-10-07
882441500,"[""https://apply.usastaffing.gov/ViewQuestionnaire/13049998""]",True,True,2026-10-07
882444600,"[""https://apply.usastaffing.gov/ViewQuestionnaire/13037635""]",True,True,2026-10-07
882463800,"[""https://apply.usastaffing.gov/ViewQuestionnaire/13050049""]",True,True,2026-10-07
882464600,"[""https://jobs.monstergovt.com/dot/ros/rosDashboard.hms?O=2&J=92918"", ""https://jobs.monstergovt.com/dot/ros/rosDashboard.hms?O=2&J=92918&S=1""]",True,False,2026-10-07
882467500,"[""https://jobs.monstergovt.com/dot/ros/rosDashboard.hms?O=2&J=92920"", ""https://jobs.monstergovt.com/dot/ros/rosDashboard.hms?O=2&J=92920&S=1""]",True,False,2026-10-07
882469000,"[""https://jobs.monstergovt.com/dot/ros/rosDashboard.hms?O=2&J=92921"", ""https://jobs.monstergovt.com/dot/ros/rosDashboard.hms?O=2&J=92921&S=1""]",True,False,2026-10-07
882482600,"[""https://apply.usastaffing.gov/ViewQuestionnaire/13049446""]",True,True,2026-10-07
882486900,"[""https://apply.usastaffing.gov/ViewQuestionnaire/13049910""]",True,True,2026-10-07
882492700,"[""https://apply.usastaffing.gov/ViewQuestionnaire/13044148""]",True,True,2026-10-07
882507100,"[""https://apply.usastaffing.gov/ViewQuestionnaire/13050466""]",True,True,2026-10-07
882509500,"[""https://apply.usastaffing.gov/ViewQuestionnaire/13049814""]",True,True,2026-10-07
882512100,"[""https://apply.usastaffing.gov/ViewQuestionnaire/13049279""]",True,True,2026-10-07
882514900,"[""https://apply.usastaffing.gov/ViewQuestionnaire/13044842""]",True,True,2026-10-07
882527700,[],True,True,2026-10-07
882530300,"[""https://apply.usastaffing.gov/ViewQuestionnaire/13049860""]",True,True,2026-10-07
882534600,[],True,False,2026-10-07
882536800,"[""https://apply.usastaffing.gov/ViewQuestionnaire/13050648""]",True,True,2026-10-07
882538000,"[""https://apply.usastaffing.gov/ViewQuestionnaire/13050676""]",True,True,2026-10-07
882539400,"[""https://apply.usastaffing.gov/ViewQuestionnaire/13050234""]",True,True,2026-10-07
882550400,"[""https://apply.usastaffing.gov/ViewQuestionnaire/13043889""]",True,True,2026-10-07
882562400,"[""https://apply.usastaffing.gov/ViewQuestionnaire/13047764""]",True,True,2026-10-07
882571700,"[""https://apply.usastaffing.gov/ViewQuestionnaire/13050938""]",True,True,2026-10-07
882573600,[],True,True,2026-10-07
882573700,[],True,True,2026-10-07
882573800,[],True,True,2026-10-07
882574100,[],True,True,2026-10-07
882574300,[],True,True,2026-10-07
882574600,[],True,True,2026-10-07
882576100,"[""https://apply.usastaffing.gov/ViewQuestionnaire/13050949""]",True,True,2026-10-07
882580200,"[""https://apply.usastaffing.gov/ViewQuestionnaire/13047721""]",True,True,2026-10-07
882582500,"[""https://apply.usastaffing.gov/ViewQuestionnaire/13049672""]",True,True,2026-10-07
882587200,[],True,True,2026-10-07
882591400,"[""https://apply.usastaffing.gov/ViewQuestionnaire/13049305""]",True,True,2026-10-07
882592800,"[""https://apply.usastaffing.gov/ViewQuestionnaire/13042525""]",True,True,2026-10-07
882593600,"[""https://apply.usastaffing.gov/ViewQuestionnaire/13049977""]",True,True,2026-10-07
882594500,"[""https://apply.usastaffing.gov/ViewQuestionnaire/13049976""]",True,True,2026-10-07
882596500,"[""https://apply.usastaffing.gov/ViewQuestionnaire/13051047""]",True,True,2026-10-07
882601300,"[""https://apply.usastaffing.gov/ViewQuestionnaire/13051092""]",True,True,2026-10-07
882605600,"[""https://apply.usastaffing.gov/ViewQuestionnaire/13040683""]",True,True,2026-10-07
882610600,[],False,False,2026-10-07
882622500,"[""https://apply.usastaffing.gov/ViewQuestionnaire/13049479""]",True,True,2026-10-07
882626400,"[""https://apply.usastaffing.gov/ViewQuestionnaire/13051202""]",True,True,2026-10-07
882633200,"[""https://apply.usastaffing.gov/ViewQuestionnaire/13051271""]",True,True,2026-10-07
882636100,"[""https://apply.usastaffing.gov/ViewQuestionnaire/13051132""]",True,True,2026-10-07
882649700,"[""https://apply.usastaffing.gov/ViewQuestionnaire/13050894""]",True,True,2026-10-07
882650400,"[""https://jobs.monstergovt.com/aoc/ros/rosDashboard.hms?O=1749&J=148596"", ""https://jobs.monstergovt.com/aoc/ros/rosDashboard.hms?O=1749&J=148596&S=1""]",True,False,2026-10-07
882656200,[],True,True,2026-10-07
882656800,"[""https://apply.usastaffing.gov/ViewQuestionnaire/13050392""]",True,True,2026-10-07
882657400,[],True,True,2026-10-07
882658700,[],True,True,2026-10-07
882660400,"[""https://apply.usastaffing.gov/ViewQuestionnaire/13050262""]",True,True,2026-10-07
882662000,"[""https://apply.usastaffing.gov/ViewQuestionnaire/13050263""]",True,True,2026-10-07
882672800,[],True,True,2026-10-07
882675500,[],True,True,2026-10-07
882683000,[],True,False,2026-10-07
882695300,"[""https://apply.usastaffing.gov/ViewQuestionnaire/13050716""]",True,True,2026-10-07
882701000,[],True,True,2026-10-07
882701400,"[""https://apply.usastaffing.gov/ViewQuestionnaire/13050715""]",True,True,2026-10-07
882702100,[],True,False,2026-10-07
882704300,[],True,True,2026-10-07
882704800,[],True,True,2026-10-07
882708300,[],True,True,2026-10-07
882708900,"[""https://apply.usastaffing.gov/ViewQuestionnaire/13050727""]",True,True,2026-10-07
882709000,[],True,True,2026-10-07
882715300,[],True,True,2026-10-07
882719400,[],True,True,2026-10-07
882722300,"[""https://apply.usastaffing.gov/ViewQuestionnaire/13048847""]",True,True,2026-10-07
882729400,"[""https://apply.usastaffing.gov/ViewQuestionnaire/13051580""]",True,True,2026-10-07
882733100,[],True,False,2026-10-07
882733200,"[""https://apply.usastaffing.gov/ViewQuestionnaire/13051543""]",True,True,2026-10-07
882743200,"[""https://apply.usastaffing.gov/ViewQuestionnaire/13051433""]",True,True,2026-10-07
882749800,"[""https://apply.usastaffing.gov/ViewQuestionnaire/13051208""]",True,True,2026-10-07
882750300,[],True,True,2026-10-07
882759800,"[""https://apply.usastaffing.gov/ViewQuestionnaire/13050226""]",True,True,2026-10-07
882766400,[],True,True,2026-10-07
882772100,[],True,True,2026-10-07
882786200,"[""https://apply.usastaffing.gov/ViewQuestionnaire/13031981""]",True,True,2026-10-07
882788500,"[""https://apply.usastaffing.gov/ViewQuestionnaire/13034472""]",True,True,2026-10-07
882798400,"[""https://apply.usastaffing.gov/ViewQuestionnaire/13051191""]",True,True,2026-10-07
882798700,"[""https://apply.usastaffing.gov/ViewQuestionnaire/13050619""]",True,True,2026-10-07
882806800,"[""https://apply.usastaffing.gov/ViewQuestionnaire/13046522""]",True,True,2026-10-07
882808000,[],False,False,2026-10-07
882810200,"[""https://apply.usastaffing.gov/ViewQuestionnaire/13052198""]",True,True,2026-10-07
882814400,[],True,True,2026-10-07
882814600,"[""https://apply.usastaffing.gov/ViewQuestionnaire/13052192""]",True,True,2026-10-07
882816600,"[""https://apply.usastaffing.gov/ViewQuestionnaire/13052193""]",True,True,2026-10-07
882823500,"[""https://apply.usastaffing.gov/ViewQuestionnaire/13052271""]",True,True,2026-10-07
882828700,"[""https://apply.usastaffing.gov/ViewQuestionnaire/13052219""]",True,True,2026-10-07
882829700,[],True,True,2026-10-07
882831800,"[""https://apply.usastaffing.gov/ViewQuestionnaire/13052129""]",True,True,2026-10-07
882843500,[],True,True,2026-10-07
882854400,"[""https://apply.usastaffing.gov/ViewQuestionnaire/13052410""]",True,True,2026-10-07
882855200,"[""https://apply.usastaffing.gov/ViewQuestionnaire/13052289""]",True,True,2026-10-07
882856400,"[""https://apply.usastaffing.gov/ViewQuestionnaire/13052288""]",True,True,2026-10-07
882859300,[],False,False,2026-10-07
882864300,"[""https://jobs.monstergovt.com/gsa/ros/rosDashboard.hms?O=1&J=112731"", ""https://jobs.monstergovt.com/gsa/ros/rosDashboard.hms?O=1&J=112731&S=1""]",True,False,2026-10-07
882866400,"[""https://apply.usastaffing.gov/ViewQuestionnaire/13051366""]",True,True,2026-10-07
882866500,"[""https://apply.usastaffing.gov/ViewQuestionnaire/13051363""]",True,True,2026-10-07
882867800,[],True,True,2026-10-07
882869400,"[""https://apply.usastaffing.gov/ViewQuestionnaire/13052561""]",True,True,2026-10-07
882870700,[],True,True,2026-10-07
882872300,[],True,True,2026-10-07
882883100,[],True,True,2026-10-07
882883200,[],True,True,2026-10-07
882887400,"[""https://apply.usastaffing.gov/ViewQuestionnaire/13052691""]",True,True,2026-10-07
882889300,"[""https://apply.usastaffing.gov/ViewQuestionnaire/13052726""]",True,True,2026-10-07
882890300,"[""https://apply.usastaffing.gov/ViewQuestionnaire/13052489""]",True,True,2026-10-07
882891000,"[""https://apply.usastaffing.gov/ViewQuestionnaire/13052501""]",True,True,2026-10-07
882892900,"[""https://apply.usastaffing.gov/ViewQuestionnaire/13052341""]",True,True,2026-10-07
882894200,"[""https://apply.usastaffing.gov/ViewQuestionnaire/13052747""]",True,True,2026-10-07
882895000,[],True,True,2026-10-07
882896700,[],True,True,2026-10-07
882897700,"[""https://apply.usastaffing.gov/ViewQuestionnaire/13052565""]",True,True,2026-10-07
882900900,"[""https://apply.usastaffing.gov/ViewQuestionnaire/13052675""]",True,True,2026-10-07
882907300,[],False,False,2026-10-07
882910800,"[""https://apply.usastaffing.gov/ViewQuestionnaire/13051540""]",True,True,2026-10-07
882917000,"[""https://apply.usastaffing.gov/ViewQuestionnaire/13052716""]",True,True,2026-10-07
882918800,[],True,True,2026-10-07
882934000,"[""https://apply.usastaffing.gov/ViewQuestionnaire/13049518""]",True,True,2026-10-07
882937200,"[""https://apply.usastaffing.gov/ViewQuestionnaire/13053049""]",True,True,2026-10-07
882940900,"[""https://apply.usastaffing.gov/ViewQuestionnaire/13053065""]",True,True,2026-10-07
882942200,"[""https://apply.usastaffing.gov/ViewQuestionnaire/13053076""]",True,True,2026-10-07
882943800,"[""https://apply.usastaffing.gov/ViewQuestionnaire/13053058""]",True,True,2026-10-07
882956700,"[""https://apply.usastaffing.gov/ViewQuestionnaire/13041579""]",True,True,2026-10-07
882956900,"[""https://apply.usastaffing.gov/ViewQuestionnaire/13052751""]",True,True,2026-10-07
882957500,[],True,True,2026-10-07
882964100,"[""https://apply.usastaffing.gov/ViewQuestionnaire/13048881""]",True,True,2026-10-07
882983900,"[""https://apply.usastaffing.gov/ViewQuestionnaire/13053184""]",True,True,2026-10-07
882992100,"[""https://apply.usastaffing.gov/ViewQuestionnaire/13051908""]",True,True,2026-10-07
882993500,[],True,True,2026-10-07
882994100,"[""https://apply.usastaffing.gov/ViewQuestionnaire/13043488""]",True,True,2026-10-07
882995300,"[""https://apply.usastaffing.gov/ViewQuestionnaire/13043487""]",True,True,2026-10-07
882996100,[],True,True,2026-10-07
882997300,"[""https://apply.usastaffing.gov/ViewQuestionnaire/13052790""]",True,True,2026-10-07
882999000,[],True,False,2026-10-07
882999200,[],True,True,2026-10-07
883001500,[],True,True,2026-10-07
883005100,"[""https://jobs.monstergovt.com/aoc/ros/rosDashboard.hms?O=1749&J=148601"", ""https://jobs.monstergovt.com/aoc/ros/rosDashboard.hms?O=1749&J=148601&S=1""]",True,False,2026-10-07
883010400,"[""https://apply.usastaffing.gov/ViewQuestionnaire/13052474""]",True,True,2026-10-07
883039800,"[""https://apply.usastaffing.gov/ViewQuestionnaire/13053657""]",True,True,2026-10-07
883040200,"[""https://apply.usastaffing.gov/ViewQuestionnaire/13052799""]",True,True,2026-10-07
883052200,"[""https://apply.usastaffing.gov/ViewQuestionnaire/13053743""]",True,True,2026-10-07
883062600,"[""https://apply.usastaffing.gov/ViewQuestionnaire/13053647""]",True,True,2026-10-07
883064700,[],True,True,2026-10-07
883073400,[],True,True,2026-10-07
883073500,"[""https://apply.usastaffing.gov/ViewQuestionnaire/13053908""]",True,True,2026-10-07
883080000,[],True,True,2026-10-07
883082300,[],True,True,2026-10-07
883085100,"[""https://apply.usastaffing.gov/ViewQuestionnaire/13043969""]",True,True,2026-10-07
883086500,"[""https://apply.usastaffing.gov/ViewQuestionnaire/13053946""]",True,True,2026-10-07
883088700,[],True,False,2026-10-07
883095400,"[""https://apply.usastaffing.gov/ViewQuestionnaire/13046766""]",True,True,2026-10-07
883100800,"[""https://apply.usastaffing.gov/ViewQuestionnaire/13053592""]",True,True,2026-10-07
883101100,"[""https://apply.usastaffing.gov/ViewQuestionnaire/13053594""]",True,True,2026-10-07
883102000,"[""https://apply.usastaffing.gov/ViewQuestionnaire/13053945""]",True,True,2026-10-07
883109400,[],True,False,2026-10-07
883117000,[],True,True,2026-10-07
883120000,"[""https://apply.usastaffing.gov/ViewQuestionnaire/13043332""]",True,True,2026-10-07
883123100,"[""https://apply.usastaffing.gov/ViewQuestionnaire/13047537""]",True,True,2026-10-07
883126900,"[""https://apply.usastaffing.gov/ViewQuestionnaire/13054210""]",True,True,2026-10-07
883129600,[],False,False,2026-10-07
883134200,[],True,True,2026-10-07
883137600,"[""https://apply.usastaffing.gov/ViewQuestionnaire/13048255""]",True,True,2026-10-07
883142700,[],True,False,2026-10-07
883148200,[],True,True,2026-10-07
883150100,"[""https://apply.usastaffing.gov/ViewQuestionnaire/13053711""]",True,True,2026-10-07
883150900,[],True,True,2026-10-07
883153300,[],True,True,2026-10-07
883153600,[],True,True,2026-10-07
883154900,[],True,True,2026-10-07
883156200,[],True,True,2026-10-07
883158500,"[""https://apply.usastaffing.gov/ViewQuestionnaire/13054383""]",True,True,2026-10-07
883160100,[],True,True,2026-10-07
883163500,[],True,True,2026-10-07
883165400,"[""https://apply.usastaffing.gov/ViewQuestionnaire/13052402""]",True,True,2026-10-07
883165800,"[""https://apply.usastaffing.gov/ViewQuestionnaire/13053790""]",True,True,2026-10-07
883169800,[],True,True,2026-10-07
883170300,[],False,True,2026-10-07
883183100,[],False,False,2026-10-07
883184700,[],False,False,2026-10-07
883188100,[],True,True,2026-10-07
883196200,[],True,False,2026-10-07
883200400,"[""https://apply.usastaffing.gov/ViewQuestionnaire/13054517""]",True,True,2026-10-07
883205600,"[""https://apply.usastaffing.gov/ViewQuestionnaire/13054499""]",True,True,2026-10-07
883219700,"[""https://apply.usastaffing.gov/ViewQuestionnaire/13054658""]",True,True,2026-10-07
883223200,"[""https://apply.usastaffing.gov/ViewQuestionnaire/13054746""]",True,True,2026-10-07
883234900,"[""https://apply.usastaffing.gov/ViewQuestionnaire/13054802""]",True,True,2026-10-07
883237400,"[""https://apply.usastaffing.gov/ViewQuestionnaire/13051140""]",True,True,2026-10-07
883237500,"[""https://apply.usastaffing.gov/ViewQuestionnaire/13051141""]",True,True,2026-10-07
883242700,"[""https://apply.usastaffing.gov/ViewQuestionnaire/13054891""]",True,True,2026-10-07
883248500,"[""https://apply.usastaffing.gov/ViewQuestionnaire/13054956""]",True,True,2026-10-07
883256900,"[""https://apply.usastaffing.gov/ViewQuestionnaire/13054757""]",True,True,2026-10-07
883258800,[],True,True,2026-10-07
883260600,"[""https://apply.usastaffing.gov/ViewQuestionnaire/13054483""]",True,True,2026-10-07
883272300,"[""https://apply.usastaffing.gov/ViewQuestionnaire/13055135""]",True,True,2026-10-07
883276400,[],True,True,2026-10-07
883283700,"[""https://apply.usastaffing.gov/ViewQuestionnaire/13055110""]",True,True,2026-10-07
883294800,"[""https://apply.usastaffing.gov/ViewQuestionnaire/13054633""]",True,True,2026-10-07
883295200,"[""https://apply.usastaffing.gov/ViewQuestionnaire/13055095""]",True,True,2026-10-07
883298100,[],True,False,2026-10-07
883299500,"[""https://apply.usastaffing.gov/ViewQuestionnaire/13054231""]",True,True,2026-10-07
883299900,[],False,True,2026-10-07
883300700,[],True,True,2026-10-07
883304200,"[""https://apply.usastaffing.gov/ViewQuestionnaire/13055356""]",True,True,2026-10-07
883317900,"[""https://apply.usastaffing.gov/ViewQuestionnaire/13052983""]",True,True,2026-10-07
883325000,[],True,True,2026-10-07
883327300,[],True,True,2026-10-07
883327800,"[""https://apply.usastaffing.gov/ViewQuestionnaire/13054360""]",True,True,2026-10-07
883328800,"[""https://apply.usastaffing.gov/ViewQuestionnaire/13043769""]",True,True,2026-10-07
883333100,"[""https://apply.usastaffing.gov/ViewQuestionnaire/13048695""]",True,True,2026-10-07
883347200,"[""https://apply.usastaffing.gov/ViewQuestionnaire/13055681""]",True,True,2026-10-07
883347500,"[""https://apply.usastaffing.gov/ViewQuestionnaire/13054193""]",True,True,2026-10-07
883347700,"[""https://apply.usastaffing.gov/ViewQuestionnaire/13054192""]",True,True,2026-10-07
883348000,"[""https://apply.usastaffing.gov/ViewQuestionnaire/13054272""]",True,True,2026-10-07
883348100,"[""https://apply.usastaffing.gov/ViewQuestionnaire/13054292""]",True,True,2026-10-07
883349400,[],False,False,2026-10-07
883354900,"[""https://apply.usastaffing.gov/ViewQuestionnaire/13050514""]",True,True,2026-10-07
883356300,"[""https://apply.usastaffing.gov/ViewQuestionnaire/13042998""]",True,True,2026-10-07
883363800,"[""https://apply.usastaffing.gov/ViewQuestionnaire/13055331""]",True,True,2026-10-07
883364300,[],True,True,2026-10-07
883366400,[],True,True,2026-10-07
883370200,[],True,True,2026-10-07
883370400,"[""https://apply.usastaffing.gov/ViewQuestionnaire/13055739""]",True,True,2026-10-07
883371100,[],True,True,2026-10-07
883372200,"[""https://apply.usastaffing.gov/ViewQuestionnaire/13053225""]",True,True,2026-10-07
883372300,"[""https://apply.usastaffing.gov/ViewQuestionnaire/13053263""]",True,True,2026-10-07
883372800,[],True,True,2026-10-07
883373300,"[""https://apply.usastaffing.gov/ViewQuestionnaire/13054596""]",True,True,2026-10-07
883373800,[],True,True,2026-10-07
883377200,"[""https://apply.usastaffing.gov/ViewQuestionnaire/13053926""]",True,True,2026-10-07
883378100,"[""https://apply.usastaffing.gov/ViewQuestionnaire/13054587""]",True,True,2026-10-07
883378200,[],True,False,2026-10-07
883382800,"[""https://apply.usastaffing.gov/ViewQuestionnaire/13055865""]",True,True,2026-10-07
883386300,"[""https://apply.usastaffing.gov/ViewQuestionnaire/13055905""]",True,True,2026-10-07
883389100,"[""https://apply.usastaffing.gov/ViewQuestionnaire/13052733""]",True,True,2026-10-07
883390200,"[""https://apply.usastaffing.gov/ViewQuestionnaire/13055829""]",True,True,2026-10-07
883395600,[],False,False,2026-10-07
883396700,[],True,False,2026-10-07
883397000,"[""https://apply.usastaffing.gov/ViewQuestionnaire/13053178""]",True,True,2026-10-07
883397300,[],False,False,2026-10-07
883403900,"[""https://apply.usastaffing.gov/ViewQuestionnaire/13053641""]",True,True,2026-10-07
883408700,[],True,True,2026-10-07
883417300,"[""https://apply.usastaffing.gov/ViewQuestionnaire/13055920""]",True,True,2026-10-07
883417400,[],True,True,2026-10-07
883424800,"[""https://apply.usastaffing.gov/ViewQuestionnaire/13056017""]",True,True,2026-10-07
883428200,"[""https://apply.usastaffing.gov/ViewQuestionnaire/13053164""]",True,True,2026-10-07
883431300,"[""https://apply.usastaffing.gov/ViewQuestionnaire/13050197""]",True,True,2026-10-07
883431700,"[""https://jobs.monstergovt.com/aoc/ros/rosDashboard.hms?O=1749&J=148599"", ""https://jobs.monstergovt.com/aoc/ros/rosDashboard.hms?O=1749&J=148599&S=1""]",True,False,2026-10-07
883432200,"[""https://apply.usastaffing.gov/ViewQuestionnaire/13050199""]",True,True,2026-10-07
883432300,[],False,True,2026-10-07
883448700,"[""https://apply.usastaffing.gov/ViewQuestionnaire/13056174""]",True,True,2026-10-07
883457100,"[""https://apply.usastaffing.gov/ViewQuestionnaire/13056369""]",True,True,2026-10-07
883457800,[],False,False,2026-10-07
883459200,"[""https://apply.usastaffing.gov/ViewQuestionnaire/13056365""]",True,True,2026-10-07
883461300,"[""https://apply.usastaffing.gov/ViewQuestionnaire/13056032""]",True,True,2026-10-07
883467900,"[""https://apply.usastaffing.gov/ViewQuestionnaire/12993647""]",True,True,2026-10-07
883470300,[],True,True,2026-10-07
883475800,"[""https://apply.usastaffing.gov/ViewQuestionnaire/13055933""]",True,True,2026-10-07
883487100,"[""https://apply.usastaffing.gov/ViewQuestionnaire/13055999""]",True,True,2026-10-07
883498500,"[""https://apply.usastaffing.gov/ViewQuestionnaire/13056634""]",True,True,2026-10-07
883500700,"[""https://apply.usastaffing.gov/ViewQuestionnaire/13055598""]",True,True,2026-10-07
883501100,"[""https://jobs.monstergovt.com/aoc/ros/rosDashboard.hms?O=1749&J=148607"", ""https://jobs.monstergovt.com/aoc/ros/rosDashboard.hms?O=1749&J=148607&S=1""]",True,False,2026-10-07
883512400,"[""https://apply.usastaffing.gov/ViewQuestionnaire/13054690""]",True,True,2026-10-07
883517600,"[""https://apply.usastaffing.gov/ViewQuestionnaire/13056553""]",True,True,2026-10-07
883518500,[],True,True,2026-10-07
883521300,"[""https://apply.usastaffing.gov/ViewQuestionnaire/13056383""]",True,True,2026-10-07
883524700,"[""https://apply.usastaffing.gov/ViewQuestionnaire/13055675""]",True,True,2026-10-07
883545000,"[""https://apply.usastaffing.gov/ViewQuestionnaire/13056678""]",True,True,2026-10-07
883547700,[],True,False,2026-10-07
883549400,[],True,False,2026-10-07
883555600,[],True,True,2026-10-07
883557100,"[""https://apply.usastaffing.gov/ViewQuestionnaire/13056518""]",True,True,2026-10-07
883563700,"[""https://apply.usastaffing.gov/ViewQuestionnaire/13056828""]",True,True,2026-10-07
883567500,[],True,True,2026-10-07
883569900,"[""https://apply.usastaffing.gov/ViewQuestionnaire/13055917""]",True,True,2026-10-07
883573500,"[""https://apply.usastaffing.gov/ViewQuestionnaire/13056381""]",True,True,2026-10-07
883578900,"[""https://apply.usastaffing.gov/ViewQuestionnaire/13057086""]",True,True,2026-10-07
883579900,"[""https://apply.usastaffing.gov/ViewQuestionnaire/13056840""]",True,True,2026-10-07
883581200,"[""https://apply.usastaffing.gov/ViewQuestionnaire/13057092""]",True,True,2026-10-07
883583100,"[""https://apply.usastaffing.gov/ViewQuestionnaire/13056786""]",True,True,2026-10-07
883584500,"[""https://apply.usastaffing.gov/ViewQuestionnaire/13057101""]",True,True,2026-10-07
883586200,"[""https://apply.usastaffing.gov/ViewQuestionnaire/13057112""]",True,True,2026-10-07
883589400,"[""https://apply.usastaffing.gov/ViewQuestionnaire/13057129""]",True,True,2026-10-07
883591000,"[""https://apply.usastaffing.gov/ViewQuestionnaire/13057123""]",True,True,2026-10-07
883591300,[],True,False,2026-10-07
883592500,"[""https://apply.usastaffing.gov/ViewQuestionnaire/13057144""]",True,True,2026-10-07
883597500,[],True,True,2026-10-07
883597900,[],True,True,2026-10-07
883598400,"[""https://apply.usastaffing.gov/ViewQuestionnaire/13054051""]",True,True,2026-10-07
883599500,[],True,True,2026-10-07
883599800,"[""https://apply.usastaffing.gov/ViewQuestionnaire/13056870""]",True,True,2026-10-07
883600600,"[""https://apply.usastaffing.gov/ViewQuestionnaire/13057122""]",True,True,2026-10-07
883601400,[],False,False,2026-10-07
883612100,"[""https://apply.usastaffing.gov/ViewQuestionnaire/13056346""]",True,True,2026-10-07
883612500,"[""https://apply.usastaffing.gov/ViewQuestionnaire/13056000""]",True,True,2026-10-07
883613300,"[""https://apply.usastaffing.gov/ViewQuestionnaire/13050026""]",True,True,2026-10-07
883621900,"[""https://apply.usastaffing.gov/ViewQuestionnaire/13035675""]",True,True,2026-10-07
883627700,"[""https://apply.usastaffing.gov/ViewQuestionnaire/13056791""]",True,True,2026-10-07
883630600,"[""https://apply.usastaffing.gov/ViewQuestionnaire/13036014""]",True,True,2026-10-07
883631900,[],True,True,2026-10-07
883632700,"[""https://apply.usastaffing.gov/ViewQuestionnaire/13056742""]",True,True,2026-10-07
883634800,"[""https://apply.usastaffing.gov/ViewQuestionnaire/13057148""]",True,True,2026-10-07
883635600,[],True,False,2026-10-07
883637500,[],True,False,2026-10-07
883639000,[],True,False,2026-10-07
883641000,[],True,False,2026-10-07
883642200,[],True,True,2026-10-07
883643100,[],True,True,2026-10-07
883643500,[],True,True,2026-10-07
883644000,"[""https://apply.usastaffing.gov/ViewQuestionnaire/13052789""]",True,True,2026-10-07
883652200,"[""https://apply.usastaffing.gov/ViewQuestionnaire/13054659""]",True,True,2026-10-07
883653200,[],True,True,2026-10-07
883656600,[],True,False,2026-10-07
883662300,[],True,True,2026-10-07
883664500,"[""https://apply.usastaffing.gov/ViewQuestionnaire/13057327""]",True,True,2026-10-07
883668600,"[""https://apply.usastaffing.gov/ViewQuestionnaire/13054166""]",True,True,2026-10-07
883670800,"[""https://apply.usastaffing.gov/ViewQuestionnaire/13049357""]",True,True,2026-10-07
883671500,"[""https://apply.usastaffing.gov/ViewQuestionnaire/13054263""]",True,True,2026-10-07
883678300,"[""https://apply.usastaffing.gov/ViewQuestionnaire/13057685""]",True,True,2026-10-07
883682100,[],True,True,2026-10-07
883684900,"[""https://apply.usastaffing.gov/ViewQuestionnaire/12993079""]",True,True,2026-10-07
883685200,[],True,True,2026-10-07
883685600,"[""https://apply.usastaffing.gov/ViewQuestionnaire/13057403""]",True,True,2026-10-07
883686900,"[""https://apply.usastaffing.gov/ViewQuestionnaire/13057644""]",True,True,2026-10-07
883687500,"[""https://apply.usastaffing.gov/ViewQuestionnaire/13057720""]",True,True,2026-10-07
883688600,"[""https://apply.usastaffing.gov/ViewQuestionnaire/13055180""]",True,True,2026-10-07
883691200,"[""https://jobs.monstergovt.com/gsa/ros/rosDashboard.hms?O=1&J=112834"", ""https://jobs.monstergovt.com/gsa/ros/rosDashboard.hms?O=1&J=112834&S=1""]",True,False,2026-10-07
883693300,"[""https://jobs.monstergovt.com/gsa/ros/rosDashboard.hms?O=1&J=112847"", ""https://jobs.monstergovt.com/gsa/ros/rosDashboard.hms?O=1&J=112847&S=1""]",True,False,2026-10-07
883695200,"[""https://jobs.monstergovt.com/gsa/ros/rosDashboard.hms?O=1&J=112848"", ""https://jobs.monstergovt.com/gsa/ros/rosDashboard.hms?O=1&J=112848&S=1""]",True,False,2026-10-07
883697300,"[""https://apply.usastaffing.gov/ViewQuestionnaire/13056422""]",True,True,2026-10-07
883704200,"[""https://apply.usastaffing.gov/ViewQuestionnaire/13057791""]",True,True,2026-10-07
883704400,"[""https://apply.usastaffing.gov/ViewQuestionnaire/13057792""]",True,True,2026-10-07
883704600,"[""https://apply.usastaffing.gov/ViewQuestionnaire/13057793""]",True,True,2026-10-07
883704900,"[""https://apply.usastaffing.gov/ViewQuestionnaire/13057797""]",True,True,2026-10-07
883714800,[],True,True,2026-10-07
883724600,"[""https://apply.usastaffing.gov/ViewQuestionnaire/13016466""]",True,True,2026-10-07
883732200,[],True,True,2026-10-07
883735600,[],False,False,2026-10-07
883736400,[],True,True,2026-10-07
883736600,"[""https://apply.usastaffing.gov/ViewQuestionnaire/13051204""]",True,True,2026-10-07
883737000,"[""https://apply.usastaffing.gov/ViewQuestionnaire/13053732""]",True,True,2026-10-07
883747000,[],False,False,2026-10-07
883747200,"[""https://apply.usastaffing.gov/ViewQuestionnaire/13057989""]",True,True,2026-10-07
883748100,[],True,True,2026-10-07
883750700,"[""https://apply.usastaffing.gov/ViewQuestionnaire/13052677""]",True,True,2026-10-07
883750900,"[""https://apply.usastaffing.gov/ViewQuestionnaire/13052678""]",True,True,2026-10-07
883751300,"[""https://apply.usastaffing.gov/ViewQuestionnaire/13058027""]",True,True,2026-10-07
883758100,"[""https://apply.usastaffing.gov/ViewQuestionnaire/13054495""]",True,True,2026-10-07
883762500,"[""https://apply.usastaffing.gov/ViewQuestionnaire/13057142""]",True,True,2026-10-07
883764500,"[""https://apply.usastaffing.gov/ViewQuestionnaire/13057162""]",True,True,2026-10-07
883768300,"[""https://apply.usastaffing.gov/ViewQuestionnaire/13057990""]",True,True,2026-10-07
883769500,[],True,True,2026-10-07
883769900,"[""https://apply.usastaffing.gov/ViewQuestionnaire/13055757""]",True,True,2026-10-07
883771200,"[""https://apply.usastaffing.gov/ViewQuestionnaire/13056999""]",True,True,2026-10-07
883773100,"[""https://apply.usastaffing.gov/ViewQuestionnaire/13057408""]",True,True,2026-10-07
883776400,[],True,True,2026-10-07
883778700,[],True,False,2026-10-07
883782600,"[""https://apply.usastaffing.gov/ViewQuestionnaire/13057227""]",True,True,2026-10-07
883784800,"[""https://apply.usastaffing.gov/ViewQuestionnaire/13058018""]",True,True,2026-10-07
883785300,"[""https://apply.usastaffing.gov/ViewQuestionnaire/13053575""]",True,True,2026-10-07
883786600,"[""https://apply.usastaffing.gov/ViewQuestionnaire/13055197""]",True,True,2026-10-07
883788200,"[""https://apply.usastaffing.gov/ViewQuestionnaire/13056506""]",True,True,2026-10-07
883790000,"[""https://apply.usastaffing.gov/ViewQuestionnaire/13052047""]",True,True,2026-10-07
883795300,[],True,False,2026-10-07
883796900,"[""https://apply.usastaffing.gov/ViewQuestionnaire/13052048""]",True,True,2026-10-07
883799400,[],True,True,2026-10-07
883806300,[],True,True,2026-10-07
883806800,[],True,True,2026-10-07
883810200,[],False,True,2026-10-07
883811700,[],True,True,2026-10-07
883812900,"[""https://apply.usastaffing.gov/ViewQuestionnaire/13058395""]",True,True,2026-10-07
883814500,"[""https://apply.usastaffing.gov/ViewQuestionnaire/13058255""]",True,True,2026-10-07
883815100,[],True,False,2026-10-07
883815600,[],True,True,2026-10-07
883816600,"[""https://apply.usastaffing.gov/ViewQuestionnaire/13050571""]",True,True,2026-10-07
883819900,"[""https://apply.usastaffing.gov/ViewQuestionnaire/13055134""]",True,True,2026-10-07
883822200,"[""https://apply.usastaffing.gov/ViewQuestionnaire/13058548""]",True,True,2026-10-07
883823100,[],True,True,2026-10-07
883824800,[],True,True,2026-10-07
883825200,"[""https://apply.usastaffing.gov/ViewQuestionnaire/13055001""]",True,True,2026-10-07
883826800,[],True,True,2026-10-07
883830100,"[""https://apply.usastaffing.gov/ViewQuestionnaire/13058532""]",True,True,2026-10-07
883835200,[],False,False,2026-10-07
883837500,"[""https://apply.usastaffing.gov/ViewQuestionnaire/13058321""]",True,True,2026-10-07
883840900,"[""https://apply.usastaffing.gov/ViewQuestionnaire/13058177""]",True,True,2026-10-07
883841100,"[""https://apply.usastaffing.gov/ViewQuestionnaire/13058429""]",True,True,2026-10-07
883851100,"[""https://apply.usastaffing.gov/ViewQuestionnaire/13058105""]",True,True,2026-10-07
883856000,[],True,False,2026-10-07
883857700,"[""https://apply.usastaffing.gov/ViewQuestionnaire/13052452""]",True,True,2026-10-07
883860200,[],False,False,2026-10-07
883868400,"[""https://apply.usastaffing.gov/ViewQuestionnaire/13058786""]",True,True,2026-10-07
883868600,[],True,True,2026-10-07
883870800,"[""https://apply.usastaffing.gov/ViewQuestionnaire/13057650""]",True,True,2026-10-07
883871800,[],True,False,2026-10-07
883872300,"[""https://apply.usastaffing.gov/ViewQuestionnaire/13044486""]",True,True,2026-10-07
883878500,[],True,False,2026-10-07
883879200,"[""https://apply.usastaffing.gov/ViewQuestionnaire/13058848""]",True,True,2026-10-07
883889400,"[""https://apply.usastaffing.gov/ViewQuestionnaire/13058122""]",True,True,2026-10-07
883889600,"[""https://apply.usastaffing.gov/ViewQuestionnaire/13058051""]",True,True,2026-10-07
883890000,[],True,True,2026-10-07
883890400,"[""https://apply.usastaffing.gov/ViewQuestionnaire/13051215""]",True,True,2026-10-07
883894900,[],True,True,2026-10-07
883896800,"[""https://apply.usastaffing.gov/ViewQuestionnaire/13058272""]",True,True,2026-10-07
883897000,"[""https://apply.usastaffing.gov/ViewQuestionnaire/13058945""]",True,True,2026-10-07
883898100,[],True,True,2026-10-07
883899600,"[""https://apply.usastaffing.gov/ViewQuestionnaire/13058711""]",True,True,2026-10-07
883900400,[],True,True,2026-10-07
883901800,[],True,True,2026-10-07
883905300,[],False,False,2026-10-07
883908300,[],True,True,2026-10-07
883910500,[],True,True,2026-10-07
883914500,"[""https://apply.usastaffing.gov/ViewQuestionnaire/13058089""]",True,True,2026-10-07
883917700,[],True,True,2026-10-07
883919000,[],True,True,2026-10-07
883919800,[],True,True,2026-10-07
883925700,"[""https://apply.usastaffing.gov/ViewQuestionnaire/13051623""]",True,True,2026-10-07
883930400,"[""https://apply.usastaffing.gov/ViewQuestionnaire/13058530""]",True,True,2026-10-07
883939600,[],True,False,2026-10-07
883944800,"[""https://apply.usastaffing.gov/ViewQuestionnaire/13056893""]",True,True,2026-10-07
883945500,"[""https://apply.usastaffing.gov/ViewQuestionnaire/13059186""]",True,True,2026-10-07
883955200,"[""https://apply.usastaffing.gov/ViewQuestionnaire/13059246""]",True,True,2026-10-07
883960500,"[""https://apply.usastaffing.gov/ViewQuestionnaire/13059323""]",True,True,2026-10-07
883961100,"[""https://apply.usastaffing.gov/ViewQuestionnaire/13059217""]",True,True,2026-10-07
883965300,[],True,True,2026-10-07
883965800,[],True,True,2026-10-07
883967000,"[""https://apply.usastaffing.gov/ViewQuestionnaire/13049206""]",True,True,2026-10-07
883969200,[],True,True,2026-10-07
883970600,"[""https://apply.usastaffing.gov/ViewQuestionnaire/13059115""]",True,True,2026-10-07
883976100,"[""https://apply.usastaffing.gov/ViewQuestionnaire/13059313""]",True,True,2026-10-07
883977300,"[""https://apply.usastaffing.gov/ViewQuestionnaire/13059405""]",True,True,2026-10-07
883977500,"[""https://apply.usastaffing.gov/ViewQuestionnaire/13055584""]",True,True,2026-10-07
883982100,"[""https://apply.usastaffing.gov/ViewQuestionnaire/13059406""]",True,True,2026-10-07
883983000,"[""https://apply.usastaffing.gov/ViewQuestionnaire/13043345""]",True,True,2026-10-07
883983100,"[""https://apply.usastaffing.gov/ViewQuestionnaire/13052784""]",True,True,2026-10-07
883983300,[],True,True,2026-10-07
883986400,"[""https://apply.usastaffing.gov/ViewQuestionnaire/13037212""]",True,True,2026-10-07
883988400,[],True,True,2026-10-07
883990100,[],False,True,2026-10-07
883992400,"[""https://apply.usastaffing.gov/ViewQuestionnaire/13058106""]",True,True,2026-10-07
883997700,"[""https://apply.usastaffing.gov/ViewQuestionnaire/13058560""]",True,True,2026-10-07
884000000,"[""https://apply.usastaffing.gov/ViewQuestionnaire/13019885""]",True,True,2026-10-07
884001400,"[""https://apply.usastaffing.gov/ViewQuestionnaire/13056676""]",True,True,2026-10-07
884007600,"[""https://apply.usastaffing.gov/ViewQuestionnaire/13056021""]",True,True,2026-10-07
884008500,[],True,True,2026-10-07
884008800,"[""https://apply.usastaffing.gov/ViewQuestionnaire/13048912""]",True,True,2026-10-07
884010300,[],True,True,2026-10-07
884010400,"[""https://apply.usastaffing.gov/ViewQuestionnaire/13048918""]",True,True,2026-10-07
884011300,"[""https://apply.usastaffing.gov/ViewQuestionnaire/13059421""]",True,True,2026-10-07
884012400,[],True,True,2026-10-07
884013200,"[""https://apply.usastaffing.gov/ViewQuestionnaire/13059518""]",True,True,2026-10-07
884017900,"[""https://apply.usastaffing.gov/ViewQuestionnaire/13057324""]",True,True,2026-10-07
884019800,"[""https://apply.usastaffing.gov/ViewQuestionnaire/13059036""]",True,True,2026-10-07
884025000,[],True,True,2026-10-07
884025600,"[""https://apply.usastaffing.gov/ViewQuestionnaire/13059428""]",True,True,2026-10-07
884028400,"[""https://apply.usastaffing.gov/ViewQuestionnaire/13059767""]",True,True,2026-10-07
884028700,"[""https://apply.usastaffing.gov/ViewQuestionnaire/13059156""]",True,True,2026-10-07
884031100,"[""https://apply.usastaffing.gov/ViewQuestionnaire/13044797""]",True,True,2026-10-07
884032300,"[""https://apply.usastaffing.gov/ViewQuestionnaire/13029079""]",True,True,2026-10-07
884034100,[],False,True,2026-10-07
884035200,[],True,True,2026-10-07
884036300,"[""https://apply.usastaffing.gov/ViewQuestionnaire/13059581""]",True,True,2026-10-07
884036500,[],True,True,2026-10-07
884042000,"[""https://apply.usastaffing.gov/ViewQuestionnaire/13059265""]",True,True,2026-10-07
884049000,"[""https://apply.usastaffing.gov/ViewQuestionnaire/13058215""]",True,True,2026-10-07
884051200,[],True,True,2026-10-07
884054200,"[""https://apply.usastaffing.gov/ViewQuestionnaire/13059753""]",True,True,2026-10-07
884057400,"[""https://apply.usastaffing.gov/ViewQuestionnaire/13059418""]",True,True,2026-10-07
884060400,"[""https://jobs.monstergovt.com/aoc/ros/rosDashboard.hms?O=1749&J=148616"", ""https://jobs.monstergovt.com/aoc/ros/rosDashboard.hms?O=1749&J=148616&S=1""]",True,False,2026-10-07
884062700,[],True,False,2026-10-07
884066100,"[""https://apply.usastaffing.gov/ViewQuestionnaire/13053911""]",True,True,2026-10-07
884066400,"[""https://apply.usastaffing.gov/ViewQuestionnaire/13053912""]",True,True,2026-10-07
884066600,"[""https://apply.usastaffing.gov/ViewQuestionnaire/13060011""]",True,True,2026-10-07
884070000,"[""https://apply.usastaffing.gov/ViewQuestionnaire/13055938""]",True,True,2026-10-07
884070400,"[""https://apply.usastaffing.gov/ViewQuestionnaire/13058616""]",True,True,2026-10-07
884072900,"[""https://apply.usastaffing.gov/ViewQuestionnaire/13058323""]",True,True,2026-10-07
884085400,[],True,True,2026-10-07
884087100,"[""https://apply.usastaffing.gov/ViewQuestionnaire/13060152""]",True,True,2026-10-07
884094300,"[""https://apply.usastaffing.gov/ViewQuestionnaire/13060068""]",True,True,2026-10-07
884094800,"[""https://apply.usastaffing.gov/ViewQuestionnaire/13059424""]",True,True,2026-10-07
884100500,"[""https://apply.usastaffing.gov/ViewQuestionnaire/13060096""]",True,True,2026-10-07
884101200,"[""https://apply.usastaffing.gov/ViewQuestionnaire/13059651""]",True,True,2026-10-07
884102700,"[""https://jobs.monstergovt.com/loc/ros/rosDashboard.hms?O=1&J=27815"", ""https://jobs.monstergovt.com/loc/ros/rosDashboard.hms?O=1&J=27815&S=1""]",True,False,2026-10-07
884109500,"[""https://apply.usastaffing.gov/ViewQuestionnaire/13059871""]",True,True,2026-10-07
884110400,"[""https://apply.usastaffing.gov/ViewQuestionnaire/13060295""]",True,True,2026-10-07
884112200,[],False,False,2026-10-07
884113700,"[""https://apply.usastaffing.gov/ViewQuestionnaire/13040954""]",True,True,2026-10-07
884113800,"[""https://jobs.monstergovt.com/dot/ros/rosDashboard.hms?O=2&J=92996"", ""https://jobs.monstergovt.com/dot/ros/rosDashboard.hms?O=2&J=92996&S=1""]",True,False,2026-10-07
884115300,"[""https://apply.usastaffing.gov/ViewQuestionnaire/13060358""]",True,True,2026-10-07
884118600,"[""https://apply.usastaffing.gov/ViewQuestionnaire/13058284""]",True,True,2026-10-07
884118900,"[""https://apply.usastaffing.gov/ViewQuestionnaire/13058359""]",True,True,2026-10-07
884119800,"[""https://apply.usastaffing.gov/ViewQuestionnaire/13058285""]",True,True,2026-10-07
884122000,"[""https://apply.usastaffing.gov/ViewQuestionnaire/13060204""]",True,True,2026-10-07
884124100,[],True,True,2026-10-07
884124900,[],True,True,2026-10-07
884126000,"[""https://apply.usastaffing.gov/ViewQuestionnaire/13060420""]",True,True,2026-10-07
884128400,"[""https://apply.usastaffing.gov/ViewQuestionnaire/13050282""]",True,True,2026-10-07
884131600,[],True,False,2026-10-07
884131700,[],True,False,2026-10-07
884134500,"[""https://apply.usastaffing.gov/ViewQuestionnaire/13059079""]",True,True,2026-10-07
884137100,[],True,True,2026-10-07
884138700,"[""https://jobs.monstergovt.com/dot/ros/rosDashboard.hms?O=2&J=92974"", ""https://jobs.monstergovt.com/dot/ros/rosDashboard.hms?O=2&J=92974&S=1""]",True,False,2026-10-07
884143200,"[""https://apply.usastaffing.gov/ViewQuestionnaire/13060237""]",True,True,2026-10-07
884143300,"[""https://apply.usastaffing.gov/ViewQuestionnaire/13060502""]",True,True,2026-10-07
884144300,"[""https://apply.usastaffing.gov/ViewQuestionnaire/13060526""]",True,True,2026-10-07
884146700,"[""https://apply.usastaffing.gov/ViewQuestionnaire/13060238""]",True,True,2026-10-07
884149600,[],True,False,2026-10-07
884151100,"[""https://apply.usastaffing.gov/ViewQuestionnaire/13060604""]",True,True,2026-10-07
884158900,[],True,True,2026-10-07
884160800,[],False,True,2026-10-07
884162700,[],False,False,2026-10-07
884164100,"[""https://apply.usastaffing.gov/ViewQuestionnaire/13060224""]",True,True,2026-10-07
884165500,"[""https://apply.usastaffing.gov/ViewQuestionnaire/13060557""]",True,True,2026-10-07
884166900,[],False,False,2026-10-07
884170500,"[""https://apply.usastaffing.gov/ViewQuestionnaire/13060362""]",True,True,2026-10-07
884172000,[],True,True,2026-10-07
884173200,"[""https://apply.usastaffing.gov/ViewQuestionnaire/13060742""]",True,True,2026-10-07
884175500,"[""https://apply.usastaffing.gov/ViewQuestionnaire/13058028""]",True,True,2026-10-07
884178100,[],True,True,2026-10-07
884185500,"[""https://apply.usastaffing.gov/ViewQuestionnaire/13060815""]",True,True,2026-10-07
884186700,"[""https://apply.usastaffing.gov/ViewQuestionnaire/13060223""]",True,True,2026-10-07
884187400,"[""https://apply.usastaffing.gov/ViewQuestionnaire/13060786""]",True,True,2026-10-07
884188200,"[""https://apply.usastaffing.gov/ViewQuestionnaire/13060868""]",True,True,2026-10-07
884188500,"[""https://apply.usastaffing.gov/ViewQuestionnaire/13060263""]",True,True,2026-10-07
884191000,"[""https://apply.usastaffing.gov/ViewQuestionnaire/13060384""]",True,True,2026-10-07
884192300,"[""https://apply.usastaffing.gov/ViewQuestionnaire/13060897""]",True,True,2026-10-07
884195500,"[""https://apply.usastaffing.gov/ViewQuestionnaire/13060737""]",True,True,2026-10-07
884196500,[],True,False,2026-10-07
884199600,"[""https://apply.usastaffing.gov/ViewQuestionnaire/13058625""]",True,True,2026-10-07
884202100,"[""https://apply.usastaffing.gov/ViewQuestionnaire/13051213""]",True,True,2026-10-07
884204000,"[""https://apply.usastaffing.gov/ViewQuestionnaire/13060852""]",True,True,2026-10-07
884204300,[],True,True,2026-10-07
884206300,"[""https://apply.usastaffing.gov/ViewQuestionnaire/13060488""]",True,True,2026-10-07
884206900,[],True,True,2026-10-07
884210400,"[""https://apply.usastaffing.gov/ViewQuestionnaire/13059568""]",True,True,2026-10-07
884211100,[],False,True,2026-10-07
884212000,"[""https://apply.usastaffing.gov/ViewQuestionnaire/13052276""]",True,True,2026-10-07
884216700,"[""https://apply.usastaffing.gov/ViewQuestionnaire/13050371""]",True,True,2026-10-07
884217500,"[""https://apply.usastaffing.gov/ViewQuestionnaire/13060948""]",True,True,2026-10-07
884218200,"[""https://apply.usastaffing.gov/ViewQuestionnaire/13056692""]",True,True,2026-10-07
884219500,"[""https://apply.usastaffing.gov/ViewQuestionnaire/13048956""]",True,True,2026-10-07
884220700,"[""https://apply.usastaffing.gov/ViewQuestionnaire/13048829""]",True,True,2026-10-07
884224700,"[""https://apply.usastaffing.gov/ViewQuestionnaire/13060077""]",True,True,2026-10-07
884226200,"[""https://apply.usastaffing.gov/ViewQuestionnaire/13061014""]",True,True,2026-10-07
884227100,"[""https://apply.usastaffing.gov/ViewQuestionnaire/13059298""]",True,True,2026-10-07
884228400,"[""https://apply.usastaffing.gov/ViewQuestionnaire/13058433""]",True,True,2026-10-07
884228700,[],True,False,2026-10-07
884230000,"[""https://apply.usastaffing.gov/ViewQuestionnaire/13061005""]",True,True,2026-10-07
884232700,"[""https://apply.usastaffing.gov/ViewQuestionnaire/13049776""]",True,True,2026-10-07
884237800,[],False,True,2026-10-07
884237900,[],True,False,2026-10-07
884241700,"[""https://apply.usastaffing.gov/ViewQuestionnaire/13060411""]",True,True,2026-10-07
884242200,[],True,False,2026-10-07
884247400,"[""https://apply.usastaffing.gov/ViewQuestionnaire/13061175""]",True,True,2026-10-07
884254000,[],False,False,2026-10-07
884255500,[],True,False,2026-10-07
884256700,[],True,True,2026-10-07
884259500,[],False,True,2026-10-07
884260400,"[""https://apply.usastaffing.gov/ViewQuestionnaire/13044306""]",True,True,2026-10-07
884261100,[],True,True,2026-10-07
884273600,"[""https://apply.usastaffing.gov/ViewQuestionnaire/13058994""]",True,True,2026-10-07
884275800,"[""https://apply.usastaffing.gov/ViewQuestionnaire/13059091""]",True,True,2026-10-07
884278700,[],False,False,2026-10-07
884280300,"[""https://apply.usastaffing.gov/ViewQuestionnaire/13060891""]",True,True,2026-10-07
884281300,[],True,True,2026-10-07
884282800,"[""https://apply.usastaffing.gov/ViewQuestionnaire/13057974""]",True,True,2026-10-07
884283700,"[""https://apply.usastaffing.gov/ViewQuestionnaire/13059552""]",True,True,2026-10-07
884285800,"[""https://apply.usastaffing.gov/ViewQuestionnaire/13061398""]",True,True,2026-10-07
884290500,"[""https://apply.usastaffing.gov/ViewQuestionnaire/13057698""]",True,True,2026-10-07
884294400,"[""https://apply.usastaffing.gov/ViewQuestionnaire/13058235""]",True,True,2026-10-07
884297400,"[""https://apply.usastaffing.gov/ViewQuestionnaire/13059148""]",True,True,2026-10-07
884301700,"[""https://apply.usastaffing.gov/ViewQuestionnaire/13060329""]",True,True,2026-10-07
884309900,"[""https://apply.usastaffing.gov/ViewQuestionnaire/13058508""]",True,True,2026-10-07
884310500,"[""https://apply.usastaffing.gov/ViewQuestionnaire/13058509""]",True,True,2026-10-07
884313500,"[""https://apply.usastaffing.gov/ViewQuestionnaire/13056274""]",True,True,2026-10-07
884318500,[],True,True,2026-10-07
884319900,"[""https://apply.usastaffing.gov/ViewQuestionnaire/13061430""]",True,True,2026-10-07
884320300,"[""https://apply.usastaffing.gov/ViewQuestionnaire/13057067""]",True,True,2026-10-07
884321800,"[""https://apply.usastaffing.gov/ViewQuestionnaire/13060705""]",True,True,2026-10-07
884325900,"[""https://jobs.monstergovt.com/dot/ros/rosDashboard.hms?O=2&J=92919"", ""https://jobs.monstergovt.com/dot/ros/rosDashboard.hms?O=2&J=92919&S=1""]",True,False,2026-10-07
884326500,[],True,True,2026-10-07
884328200,"[""https://apply.usastaffing.gov/ViewQuestionnaire/13060598""]",True,True,2026-10-07
884329900,"[""https://apply.usastaffing.gov/ViewQuestionnaire/13061599""]",True,True,2026-10-07
884332000,[],True,False,2026-10-07
884335600,[],True,True,2026-10-07
884340900,"[""https://apply.usastaffing.gov/ViewQuestionnaire/13048773""]",True,True,2026-10-07
884343700,"[""https://apply.usastaffing.gov/ViewQuestionnaire/13057079""]",True,True,2026-10-07
884349300,"[""https://apply.usastaffing.gov/ViewQuestionnaire/13052359""]",True,True,2026-10-07
884351500,"[""https://apply.usastaffing.gov/ViewQuestionnaire/13061813""]",True,True,2026-10-07
884352600,"[""https://apply.usastaffing.gov/ViewQuestionnaire/13048355""]",True,True,2026-10-07
884361500,"[""https://apply.usastaffing.gov/ViewQuestionnaire/13061842""]",True,True,2026-10-07
884361900,"[""https://apply.usastaffing.gov/ViewQuestionnaire/13052601""]",True,True,2026-10-07
884362000,"[""https://apply.usastaffing.gov/ViewQuestionnaire/13061528""]",True,True,2026-10-07
884362300,"[""https://apply.usastaffing.gov/ViewQuestionnaire/13061808""]",True,True,2026-10-07
884366400,"[""https://apply.usastaffing.gov/ViewQuestionnaire/13061047""]",True,True,2026-10-07
884367800,"[""https://apply.usastaffing.gov/ViewQuestionnaire/13061879""]",True,True,2026-10-07
884370000,[],True,True,2026-10-07
884371000,"[""https://apply.usastaffing.gov/ViewQuestionnaire/13061525""]",True,True,2026-10-07
884373900,"[""https://apply.usastaffing.gov/ViewQuestionnaire/13061920""]",True,True,2026-10-07
884374000,"[""https://apply.usastaffing.gov/ViewQuestionnaire/13061883""]",True,True,2026-10-07
884377300,"[""https://apply.usastaffing.gov/ViewQuestionnaire/13058608""]",True,True,2026-10-07
884386800,"[""https://apply.usastaffing.gov/ViewQuestionnaire/13057502""]",True,True,2026-10-07
884387100,"[""https://apply.usastaffing.gov/ViewQuestionnaire/13061458""]",True,True,2026-10-07
884392000,"[""https://apply.usastaffing.gov/ViewQuestionnaire/13061075""]",True,True,2026-10-07
884394400,"[""https://apply.usastaffing.gov/ViewQuestionnaire/13060753""]",True,True,2026-10-07
884395500,"[""https://apply.usastaffing.gov/ViewQuestionnaire/13059660""]",True,True,2026-10-07
884396200,"[""https://apply.usastaffing.gov/ViewQuestionnaire/13059886""]",True,True,2026-10-07
884396500,[],False,False,2026-10-07
884397700,"[""https://apply.usastaffing.gov/ViewQuestionnaire/13061988""]",True,True,2026-10-07
884398500,"[""https://apply.usastaffing.gov/ViewQuestionnaire/13059049""]",True,True,2026-10-07
884401300,"[""https://apply.usastaffing.gov/ViewQuestionnaire/13062079""]",True,True,2026-10-07
884401400,"[""https://apply.usastaffing.gov/ViewQuestionnaire/13060989""]",True,True,2026-10-07
884401700,"[""https://apply.usastaffing.gov/ViewQuestionnaire/13061993""]",True,True,2026-10-07
884405400,"[""https://apply.usastaffing.gov/ViewQuestionnaire/13062086""]",True,True,2026-10-07
884407900,"[""https://apply.usastaffing.gov/ViewQuestionnaire/13061983""]",True,True,2026-10-07
884411600,"[""https://apply.usastaffing.gov/ViewQuestionnaire/13062141""]",True,True,2026-10-07
884411900,"[""https://apply.usastaffing.gov/ViewQuestionnaire/13062031""]",True,True,2026-10-07
884415900,[],True,True,2026-10-07
884422600,"[""https://apply.usastaffing.gov/ViewQuestionnaire/13061546""]",True,True,2026-10-07
884423500,[],True,True,2026-10-07
884424100,"[""https://apply.usastaffing.gov/ViewQuestionnaire/13062149""]",True,True,2026-10-07
884429100,[],True,True,2026-10-07
884430600,"[""https://apply.usastaffing.gov/ViewQuestionnaire/13057686""]",True,True,2026-10-07
884434100,"[""https://apply.usastaffing.gov/ViewQuestionnaire/13059649""]",True,True,2026-10-07
884435500,"[""https://apply.usastaffing.gov/ViewQuestionnaire/13061694""]",True,True,2026-10-07
884438000,"[""https://apply.usastaffing.gov/ViewQuestionnaire/13062282""]",True,True,2026-10-07
884440000,"[""https://apply.usastaffing.gov/ViewQuestionnaire/13059244""]",True,True,2026-10-07
884440700,"[""https://apply.usastaffing.gov/ViewQuestionnaire/13061551""]",True,True,2026-10-07
884441300,"[""https://apply.usastaffing.gov/ViewQuestionnaire/13062279""]",True,True,2026-10-07
884442100,"[""https://apply.usastaffing.gov/ViewQuestionnaire/13062166""]",True,True,2026-10-07
884443100,"[""https://apply.usastaffing.gov/ViewQuestionnaire/13061989""]",True,True,2026-10-07
884445700,[],False,False,2026-10-07
884445900,[],True,True,2026-10-07
884447300,[],True,True,2026-10-07
884448500,"[""https://apply.usastaffing.gov/ViewQuestionnaire/13061289""]",True,True,2026-10-07
884448600,"[""https://apply.usastaffing.gov/ViewQuestionnaire/13058118""]",True,True,2026-10-07
884451500,"[""https://apply.usastaffing.gov/ViewQuestionnaire/13062319""]",True,True,2026-10-07
884456900,"[""https://apply.usastaffing.gov/ViewQuestionnaire/13062404""]",True,True,2026-10-07
884466200,[],True,True,2026-10-07
884466900,"[""https://apply.usastaffing.gov/ViewQuestionnaire/13062451""]",True,True,2026-10-07
884471400,"[""https://apply.usastaffing.gov/ViewQuestionnaire/13062442""]",True,True,2026-10-07
884471500,"[""https://apply.usastaffing.gov/ViewQuestionnaire/13062445""]",True,True,2026-10-07
884474200,"[""https://apply.usastaffing.gov/ViewQuestionnaire/13062496""]",True,True,2026-10-07
884475300,[],False,False,2026-10-07
884477300,[],False,False,2026-10-07
884478500,"[""https://apply.usastaffing.gov/ViewQuestionnaire/13049114""]",True,True,2026-10-07
884478800,"[""https://apply.usastaffing.gov/ViewQuestionnaire/13060971""]",True,True,2026-10-07
884480000,[],False,False,2026-10-07
884485400,"[""https://apply.usastaffing.gov/ViewQuestionnaire/13062530""]",True,True,2026-10-07
884486200,[],True,True,2026-10-07
884495600,"[""https://apply.usastaffing.gov/ViewQuestionnaire/13062191""]",True,True,2026-10-07
884496400,"[""https://apply.usastaffing.gov/ViewQuestionnaire/13062561""]",True,True,2026-10-07
884497500,"[""https://apply.usastaffing.gov/ViewQuestionnaire/13049580""]",True,True,2026-10-07
884500800,"[""https://apply.usastaffing.gov/ViewQuestionnaire/13056276""]",True,True,2026-10-07
884506300,"[""https://apply.usastaffing.gov/ViewQuestionnaire/13061548""]",True,True,2026-10-07
884510900,[],True,True,2026-10-07
884512200,"[""https://apply.usastaffing.gov/ViewQuestionnaire/13062687""]",True,True,2026-10-07
884513300,"[""https://apply.usastaffing.gov/ViewQuestionnaire/13060487""]",True,True,2026-10-07
884515100,[],True,True,2026-10-07
884516600,"[""https://apply.usastaffing.gov/ViewQuestionnaire/13061884""]",True,True,2026-10-07
884519300,"[""https://apply.usastaffing.gov/ViewQuestionnaire/13059276""]",True,True,2026-10-07
884519400,[],False,True,2026-10-07
884522700,[],False,False,2026-10-07
884522800,[],True,True,2026-10-07
884523700,"[""https://apply.usastaffing.gov/ViewQuestionnaire/13062668""]",True,True,2026-10-07
884524900,[],False,False,2026-10-07
884526300,[],False,True,2026-10-07
884528900,"[""https://apply.usastaffing.gov/ViewQuestionnaire/13062789""]",True,True,2026-10-07
884529400,"[""https://apply.usastaffing.gov/ViewQuestionnaire/13062786""]",True,True,2026-10-07
884530500,"[""https://apply.usastaffing.gov/ViewQuestionnaire/13060294""]",True,True,2026-10-07
884531200,"[""https://apply.usastaffing.gov/ViewQuestionnaire/13062800""]",True,True,2026-10-07
884533400,[],True,True,2026-10-07
884534200,[],True,False,2026-10-07
884534900,"[""https://apply.usastaffing.gov/ViewQuestionnaire/13062710""]",True,True,2026-10-07
884535500,[],False,False,2026-10-07
884541000,"[""https://apply.usastaffing.gov/ViewQuestionnaire/12970376""]",True,True,2026-10-07
884541200,"[""https://apply.usastaffing.gov/ViewQuestionnaire/13056399""]",True,True,2026-10-07
884541300,"[""https://apply.usastaffing.gov/ViewQuestionnaire/13046347""]",True,True,2026-10-07
884543900,"[""https://apply.usastaffing.gov/ViewQuestionnaire/13052171""]",True,True,2026-10-07
884558700,"[""https://apply.usastaffing.gov/ViewQuestionnaire/13062978""]",True,True,2026-10-07
884565800,[],True,False,2026-10-07
884568500,"[""https://apply.usastaffing.gov/ViewQuestionnaire/13054215""]",True,True,2026-10-07
884578500,[],True,True,2026-10-07
884578800,"[""https://apply.usastaffing.gov/ViewQuestionnaire/13059746""]",True,True,2026-10-07
884584900,"[""https://apply.usastaffing.gov/ViewQuestionnaire/13061537""]",True,True,2026-10-07
884586500,"[""https://apply.usastaffing.gov/ViewQuestionnaire/13062836""]",True,True,2026-10-07
884587800,"[""https://apply.usastaffing.gov/ViewQuestionnaire/13061647""]",True,True,2026-10-07
884589300,[],False,True,2026-10-07
884590700,"[""https://apply.usastaffing.gov/ViewQuestionnaire/13062247""]",True,True,2026-10-07
884593500,"[""https://apply.usastaffing.gov/ViewQuestionnaire/13062694""]",True,True,2026-10-07
884594300,"[""https://apply.usastaffing.gov/ViewQuestionnaire/13064259""]",True,True,2026-10-07
884595000,[],True,True,2026-10-07
884597700,"[""https://apply.usastaffing.gov/ViewQuestionnaire/13064126""]",True,True,2026-10-07
884597800,"[""https://apply.usastaffing.gov/ViewQuestionnaire/13063103""]",True,True,2026-10-07
884599200,"[""https://apply.usastaffing.gov/ViewQuestionnaire/13058282""]",True,True,2026-10-07
884608200,"[""https://apply.usastaffing.gov/ViewQuestionnaire/13062683""]",True,True,2026-10-07
884608700,"[""https://apply.usastaffing.gov/ViewQuestionnaire/13062682""]",True,True,2026-10-07
884609000,[],True,True,2026-10-07
884610100,[],True,True,2026-10-07
884611600,[],True,True,2026-10-07
884612800,"[""https://apply.usastaffing.gov/ViewQuestionnaire/13062781""]",True,True,2026-10-07
884613300,[],True,True,2026-10-07
884617000,"[""https://apply.usastaffing.gov/ViewQuestionnaire/13060021""]",True,True,2026-10-07
884617200,"[""https://apply.usastaffing.gov/ViewQuestionnaire/13062638""]",True,True,2026-10-07
884618300,[],True,True,2026-10-07
884620400,"[""https://jobs.monstergovt.com/fcc/ros/rosDashboard.hms?O=1751&J=218667"", ""https://jobs.monstergovt.com/fcc/ros/rosDashboard.hms?O=1751&J=218667&S=1""]",False,False,2026-10-07
884623000,"[""https://apply.usastaffing.gov/ViewQuestionnaire/13064461""]",True,True,2026-10-07
884623200,"[""https://apply.usastaffing.gov/ViewQuestionnaire/13064414""]",True,True,2026-10-07
884623400,"[""https://apply.usastaffing.gov/ViewQuestionnaire/13064278""]",True,True,2026-10-07
884623600,[],True,True,2026-10-07
884628400,[],True,True,2026-10-07
884633700,"[""https://apply.usastaffing.gov/ViewQuestionnaire/13064472""]",True,True,2026-10-07
884635700,"[""https://apply.usastaffing.gov/ViewQuestionnaire/13064547""]",True,True,2026-10-07
884636400,"[""https://apply.usastaffing.gov/ViewQuestionnaire/13064164""]",True,True,2026-10-07
884638300,"[""https://jobs.monstergovt.com/fcc/ros/rosDashboard.hms?O=1751&J=218666"", ""https://jobs.monstergovt.com/fcc/ros/rosDashboard.hms?O=1751&J=218666&S=1""]",False,False,2026-10-07
884646300,"[""https://apply.usastaffing.gov/ViewQuestionnaire/13059960""]",True,True,2026-10-07
884646800,"[""https://apply.usastaffing.gov/ViewQuestionnaire/13061143""]",True,True,2026-10-07
884647100,[],True,True,2026-10-07
884648300,[],False,True,2026-10-07
884649400,"[""https://apply.usastaffing.gov/ViewQuestionnaire/13062425""]",True,True,2026-10-07
884649500,"[""https://apply.usastaffing.gov/ViewQuestionnaire/13062426""]",True,True,2026-10-07
884651300,[],True,False,2026-10-07
884651400,[],True,False,2026-10-07
884651500,[],True,False,2026-10-07
884655300,"[""https://apply.usastaffing.gov/ViewQuestionnaire/13059440""]",True,True,2026-10-07
884660300,[],True,True,2026-10-07
884661000,[],True,False,2026-10-07
884662300,"[""https://apply.usastaffing.gov/ViewQuestionnaire/13060102""]",True,True,2026-10-07
884662700,"[""https://apply.usastaffing.gov/ViewQuestionnaire/13034649""]",True,True,2026-10-07
884663300,"[""https://apply.usastaffing.gov/ViewQuestionnaire/13060120""]",True,True,2026-10-07
884664200,"[""https://apply.usastaffing.gov/ViewQuestionnaire/13054511""]",True,True,2026-10-07
884666700,[],True,True,2026-10-07
884667300,[],True,True,2026-10-07
884667800,"[""https://apply.usastaffing.gov/ViewQuestionnaire/13062001""]",True,True,2026-10-07
884671100,[],False,False,2026-10-07
884673900,[],True,True,2026-10-07
884674500,[],False,False,2026-10-07
884676800,"[""https://apply.usastaffing.gov/ViewQuestionnaire/13059343""]",True,True,2026-10-07
884684900,[],False,True,2026-10-07
884685800,"[""https://apply.usastaffing.gov/ViewQuestionnaire/13064760""]",True,True,2026-10-07
884688100,"[""https://apply.usastaffing.gov/ViewQuestionnaire/13064805""]",True,True,2026-10-07
884695400,"[""https://apply.usastaffing.gov/ViewQuestionnaire/13064724""]",True,True,2026-10-07
884710800,"[""https://apply.usastaffing.gov/ViewQuestionnaire/13054763""]",True,True,2026-10-07
884715800,"[""https://apply.usastaffing.gov/ViewQuestionnaire/13064910""]",True,True,2026-10-07
884717700,"[""https://apply.usastaffing.gov/ViewQuestionnaire/13065041""]",True,True,2026-10-07
884718900,"[""https://apply.usastaffing.gov/ViewQuestionnaire/13064186""]",True,True,2026-10-07
884722400,"[""https://apply.usastaffing.gov/ViewQuestionnaire/13065029""]",True,True,2026-10-07
884723900,"[""https://apply.usastaffing.gov/ViewQuestionnaire/13062520""]",True,True,2026-10-07
884728100,"[""https://apply.usastaffing.gov/ViewQuestionnaire/13064997""]",True,True,2026-10-07
884732200,[],True,True,2026-10-07
884733600,"[""https://apply.usastaffing.gov/ViewQuestionnaire/13065092""]",True,True,2026-10-07
884734800,"[""https://apply.usastaffing.gov/ViewQuestionnaire/13065038""]",True,True,2026-10-07
884735700,[],True,True,2026-10-07
884739000,[],True,True,2026-10-07
884742700,"[""https://apply.usastaffing.gov/ViewQuestionnaire/13065215""]",True,True,2026-10-07
884749400,"[""https://apply.usastaffing.gov/ViewQuestionnaire/13064576""]",True,True,2026-10-07
884754000,[],True,True,2026-10-07
884754500,[],True,True,2026-10-07
884759200,"[""https://apply.usastaffing.gov/ViewQuestionnaire/13065278""]",True,True,2026-10-07
884760500,"[""https://apply.usastaffing.gov/ViewQuestionnaire/13064731""]",True,True,2026-10-07
884761700,"[""https://apply.usastaffing.gov/ViewQuestionnaire/13065243""]",True,True,2026-10-07
884763200,"[""https://apply.usastaffing.gov/ViewQuestionnaire/13058222""]",True,True,2026-10-07
884766200,"[""https://apply.usastaffing.gov/ViewQuestionnaire/13065322""]",True,True,2026-10-07
884767600,[],True,True,2026-10-07
884770500,[],True,True,2026-10-07
884770900,"[""https://apply.usastaffing.gov/ViewQuestionnaire/13062153""]",True,True,2026-10-07
884771900,"[""https://apply.usastaffing.gov/ViewQuestionnaire/13065186""]",True,True,2026-10-07
884773800,"[""https://apply.usastaffing.gov/ViewQuestionnaire/13065383""]",True,True,2026-10-07
884774300,[],True,True,2026-10-07
884781900,"[""https://apply.usastaffing.gov/ViewQuestionnaire/13065336""]",True,True,2026-10-07
884784900,[],True,True,2026-10-07
884786700,"[""https://apply.usastaffing.gov/ViewQuestionnaire/13062005""]",True,True,2026-10-07
884789100,[],False,False,2026-10-07
884791300,[],True,True,2026-10-07
884791600,"[""https://apply.usastaffing.gov/ViewQuestionnaire/13031387""]",True,True,2026-10-07
884791800,[],False,False,2026-10-07
884794600,[],True,False,2026-10-07
884796900,[],True,True,2026-10-07
884804600,[],True,True,2026-10-07
884806100,"[""https://apply.usastaffing.gov/ViewQuestionnaire/13056092""]",True,True,2026-10-07
884807800,[],True,True,2026-10-07
884808300,"[""https://apply.usastaffing.gov/ViewQuestionnaire/13065056""]",True,True,2026-10-07
884811500,"[""https://apply.usastaffing.gov/ViewQuestionnaire/13065561""]",True,True,2026-10-07
884812600,[],False,False,2026-10-07
884812800,[],True,True,2026-10-07
884813600,"[""https://apply.usastaffing.gov/ViewQuestionnaire/13065196""]",True,True,2026-10-07
884813800,"[""https://apply.usastaffing.gov/ViewQuestionnaire/13060056""]",True,True,2026-10-07
884814300,"[""https://apply.usastaffing.gov/ViewQuestionnaire/13065197""]",True,True,2026-10-07
884814400,"[""https://apply.usastaffing.gov/ViewQuestionnaire/13061393""]",True,True,2026-10-07
884815000,"[""https://apply.usastaffing.gov/ViewQuestionnaire/13064456""]",True,True,2026-10-07
884815900,"[""https://apply.usastaffing.gov/ViewQuestionnaire/13065640""]",True,True,2026-10-07
884816900,[],False,False,2026-10-07
884820700,"[""https://apply.usastaffing.gov/ViewQuestionnaire/13065674""]",True,True,2026-10-07
884824500,"[""https://apply.usastaffing.gov/ViewQuestionnaire/13064537""]",True,True,2026-10-07
884825200,"[""https://apply.usastaffing.gov/ViewQuestionnaire/13065703""]",True,True,2026-10-07
884825600,"[""https://apply.usastaffing.gov/ViewQuestionnaire/13062784""]",True,True,2026-10-07
884829800,"[""https://apply.usastaffing.gov/ViewQuestionnaire/13056635""]",True,True,2026-10-07
884830200,"[""https://apply.usastaffing.gov/ViewQuestionnaire/13065622""]",True,True,2026-10-07
884832400,[],True,True,2026-10-07
884835300,[],True,False,2026-10-07
884838300,"[""https://apply.usastaffing.gov/ViewQuestionnaire/13065264""]",True,True,2026-10-07
884840200,[],True,True,2026-10-07
884840600,"[""https://apply.usastaffing.gov/ViewQuestionnaire/13049766""]",True,True,2026-10-07
884842800,[],True,True,2026-10-07
884849000,"[""https://apply.usastaffing.gov/ViewQuestionnaire/13064885""]",True,True,2026-10-07
884850700,"[""https://apply.usastaffing.gov/ViewQuestionnaire/13064433""]",True,True,2026-10-07
884852200,"[""https://apply.usastaffing.gov/ViewQuestionnaire/13065778""]",True,True,2026-10-07
884853200,"[""https://apply.usastaffing.gov/ViewQuestionnaire/13061147""]",True,True,2026-10-07
884855400,[],True,True,2026-10-07
884858800,"[""https://apply.usastaffing.gov/ViewQuestionnaire/13065876""]",True,True,2026-10-07
884858900,"[""https://apply.usastaffing.gov/ViewQuestionnaire/13062219""]",True,True,2026-10-07
884860500,"[""https://apply.usastaffing.gov/ViewQuestionnaire/13064181""]",True,True,2026-10-07
884861600,"[""https://apply.usastaffing.gov/ViewQuestionnaire/13065449""]",True,True,2026-10-07
884863100,"[""https://apply.usastaffing.gov/ViewQuestionnaire/13046784""]",True,True,2026-10-07
884869100,"[""https://apply.usastaffing.gov/ViewQuestionnaire/13064431""]",True,True,2026-10-07
884874000,"[""https://apply.usastaffing.gov/ViewQuestionnaire/13065991""]",True,True,2026-10-07
884879500,"[""https://apply.usastaffing.gov/ViewQuestionnaire/13064509""]",True,True,2026-10-07
884879900,"[""https://apply.usastaffing.gov/ViewQuestionnaire/13066017""]",True,True,2026-10-07
884881500,[],True,False,2026-10-07
884883300,[],True,False,2026-10-07
884884000,"[""https://apply.usastaffing.gov/ViewQuestionnaire/13065263""]",True,True,2026-10-07
884885100,"[""https://apply.usastaffing.gov/ViewQuestionnaire/13062611""]",True,True,2026-10-07
884885300,"[""https://apply.usastaffing.gov/ViewQuestionnaire/13062671""]",True,True,2026-10-07
884886400,"[""https://apply.usastaffing.gov/ViewQuestionnaire/13061407""]",True,True,2026-10-07
884886900,"[""https://apply.usastaffing.gov/ViewQuestionnaire/13061413""]",True,True,2026-10-07
884887000,"[""https://apply.usastaffing.gov/ViewQuestionnaire/13061416""]",True,True,2026-10-07
884889600,"[""https://apply.usastaffing.gov/ViewQuestionnaire/13061532""]",True,True,2026-10-07
884890100,"[""https://apply.usastaffing.gov/ViewQuestionnaire/13065209""]",True,True,2026-10-07
884890900,"[""https://apply.usastaffing.gov/ViewQuestionnaire/13063099""]",True,True,2026-10-07
884892400,[],False,False,2026-10-07
884894300,"[""https://apply.usastaffing.gov/ViewQuestionnaire/13060309""]",True,True,2026-10-07
884896300,"[""https://apply.usastaffing.gov/ViewQuestionnaire/13062120""]",True,True,2026-10-07
884898900,"[""https://apply.usastaffing.gov/ViewQuestionnaire/13065025""]",True,True,2026-10-07
884900800,"[""https://apply.usastaffing.gov/ViewQuestionnaire/13065180""]",True,True,2026-10-07
884900900,"[""https://apply.usastaffing.gov/ViewQuestionnaire/13065288""]",True,True,2026-10-07
884901200,"[""https://apply.usastaffing.gov/ViewQuestionnaire/13065885""]",True,True,2026-10-07
884901800,"[""https://apply.usastaffing.gov/ViewQuestionnaire/13061347""]",True,True,2026-10-07
884905000,[],True,True,2026-10-07
884905900,[],True,True,2026-10-07
884911200,"[""https://apply.usastaffing.gov/ViewQuestionnaire/13047952""]",True,True,2026-10-07
884914500,[],True,False,2026-10-07
884914800,[],True,True,2026-10-07
884916400,"[""https://apply.usastaffing.gov/ViewQuestionnaire/13046219""]",True,True,2026-10-07
884916700,"[""https://apply.usastaffing.gov/ViewQuestionnaire/13065224""]",True,True,2026-10-07
884919500,[],True,True,2026-10-07
884920500,"[""https://apply.usastaffing.gov/ViewQuestionnaire/13031490""]",True,True,2026-10-07
884921500,"[""https://apply.usastaffing.gov/ViewQuestionnaire/13066270""]",True,True,2026-10-07
884924600,"[""https://apply.usastaffing.gov/ViewQuestionnaire/13066101""]",True,True,2026-10-07
884926000,"[""https://apply.usastaffing.gov/ViewQuestionnaire/13066272""]",True,True,2026-10-07
884926700,"[""https://apply.usastaffing.gov/ViewQuestionnaire/13061970""]",True,True,2026-10-07
884928200,"[""https://apply.usastaffing.gov/ViewQuestionnaire/13066276""]",True,True,2026-10-07
884928800,"[""https://apply.usastaffing.gov/ViewQuestionnaire/13066247""]",True,True,2026-10-07
884929000,"[""https://apply.usastaffing.gov/ViewQuestionnaire/13066149""]",True,True,2026-10-07
884932700,"[""https://apply.usastaffing.gov/ViewQuestionnaire/13065693""]",True,True,2026-10-07
884935700,"[""https://apply.usastaffing.gov/ViewQuestionnaire/13065253""]",True,True,2026-10-07
884937700,[],True,True,2026-10-07
884938600,"[""https://apply.usastaffing.gov/ViewQuestionnaire/13066324""]",True,True,2026-10-07
884939500,[],False,True,2026-10-07
884941900,[],False,True,2026-10-07
884947900,[],False,False,2026-10-07
884948700,"[""https://apply.usastaffing.gov/ViewQuestionnaire/13066367""]",True,True,2026-10-07
884950300,[],True,True,2026-10-07
884953000,"[""https://apply.usastaffing.gov/ViewQuestionnaire/13066417""]",True,True,2026-10-07
884962400,"[""https://apply.usastaffing.gov/ViewQuestionnaire/13062771""]",True,True,2026-10-07
884964500,[],True,False,2026-10-07
884965800,"[""https://apply.usastaffing.gov/ViewQuestionnaire/13066534""]",True,True,2026-10-07
884968500,[],True,True,2026-10-07
884971400,"[""https://apply.usastaffing.gov/ViewQuestionnaire/13066473""]",True,True,2026-10-07
884973500,"[""https://jobs.monstergovt.com/fcc/ros/rosDashboard.hms?O=1751&J=218669"", ""https://jobs.monstergovt.com/fcc/ros/rosDashboard.hms?O=1751&J=218669&S=1""]",False,False,2026-10-07
884977300,"[""https://apply.usastaffing.gov/ViewQuestionnaire/13066554""]",True,True,2026-10-07
884978100,[],True,True,2026-10-07
884978900,"[""https://apply.usastaffing.gov/ViewQuestionnaire/13066660""]",True,True,2026-10-07
884980400,"[""https://apply.usastaffing.gov/ViewQuestionnaire/13065573""]",True,True,2026-10-07
884982900,"[""https://apply.usastaffing.gov/ViewQuestionnaire/13059592""]",True,True,2026-10-07
884984900,[],True,True,2026-10-07
884985200,"[""https://apply.usastaffing.gov/ViewQuestionnaire/13066689""]",True,True,2026-10-07
884987900,"[""https://apply.usastaffing.gov/ViewQuestionnaire/13063033""]",True,True,2026-10-07
884989200,"[""https://apply.usastaffing.gov/ViewQuestionnaire/13062996""]",True,True,2026-10-07
884989900,"[""https://apply.usastaffing.gov/ViewQuestionnaire/13064744""]",True,True,2026-10-07
884990800,"[""https://apply.usastaffing.gov/ViewQuestionnaire/13065204""]",True,True,2026-10-07
884991100,"[""https://apply.usastaffing.gov/ViewQuestionnaire/13066713""]",True,True,2026-10-07
884992500,"[""https://apply.usastaffing.gov/ViewQuestionnaire/13065614""]",True,True,2026-10-07
884992800,[],True,True,2026-10-07
884993000,"[""https://apply.usastaffing.gov/ViewQuestionnaire/13065717""]",True,True,2026-10-07
884994900,"[""https://apply.usastaffing.gov/ViewQuestionnaire/13065070""]",True,True,2026-10-07
884995600,[],True,True,2026-10-07
884996800,"[""https://apply.usastaffing.gov/ViewQuestionnaire/13065591""]",True,True,2026-10-07
884997500,"[""https://apply.usastaffing.gov/ViewQuestionnaire/13066720""]",True,True,2026-10-07
884999400,"[""https://apply.usastaffing.gov/ViewQuestionnaire/13062798""]",True,True,2026-10-07
884999900,"[""https://apply.usastaffing.gov/ViewQuestionnaire/13062790""]",True,True,2026-10-07
885000100,"[""https://apply.usastaffing.gov/ViewQuestionnaire/13066435""]",True,True,2026-10-07
885006200,"[""https://apply.usastaffing.gov/ViewQuestionnaire/13064156""]",True,True,2026-10-07
885006900,"[""https://apply.usastaffing.gov/ViewQuestionnaire/13064296""]",True,True,2026-10-07
885009700,"[""https://apply.usastaffing.gov/ViewQuestionnaire/13041074""]",True,True,2026-10-07
885011400,[],True,False,2026-10-07
885012600,[],True,True,2026-10-07
885015800,"[""https://apply.usastaffing.gov/ViewQuestionnaire/13065964""]",True,True,2026-10-07
885016900,"[""https://apply.usastaffing.gov/ViewQuestionnaire/13066486""]",True,True,2026-10-07
885018300,[],True,True,2026-10-07
885020600,[],True,False,2026-10-07
885021300,"[""https://apply.usastaffing.gov/ViewQuestionnaire/13066695""]",True,True,2026-10-07
885021900,"[""https://apply.usastaffing.gov/ViewQuestionnaire/13057454""]",True,True,2026-10-07
885022100,[],True,True,2026-10-07
885022300,"[""https://apply.usastaffing.gov/ViewQuestionnaire/13062271""]",True,True,2026-10-07
885024100,"[""https://apply.usastaffing.gov/ViewQuestionnaire/13041078""]",True,True,2026-10-07
885025300,"[""https://apply.usastaffing.gov/ViewQuestionnaire/13062621""]",True,True,2026-10-07
885026600,[],False,True,2026-10-07
885030600,"[""https://apply.usastaffing.gov/ViewQuestionnaire/13066970""]",True,True,2026-10-07
885033300,"[""https://jobs.monstergovt.com/aoc/ros/rosDashboard.hms?O=1749&J=148618"", ""https://jobs.monstergovt.com/aoc/ros/rosDashboard.hms?O=1749&J=148618&S=1""]",True,False,2026-10-07
885034300,"[""https://apply.usastaffing.gov/ViewQuestionnaire/13065893""]",True,True,2026-10-07
885034900,[],False,False,2026-10-07
885036100,"[""https://apply.usastaffing.gov/ViewQuestionnaire/13041077""]",True,True,2026-10-07
885037800,"[""https://apply.usastaffing.gov/ViewQuestionnaire/13061240""]",True,True,2026-10-07
885037900,"[""https://apply.usastaffing.gov/ViewQuestionnaire/13064399""]",True,True,2026-10-07
885038400,"[""https://apply.usastaffing.gov/ViewQuestionnaire/13060841""]",True,True,2026-10-07
885038500,"[""https://apply.usastaffing.gov/ViewQuestionnaire/13061241""]",True,True,2026-10-07
885038900,[],True,False,2026-10-07
885039100,[],True,True,2026-10-07
885040000,"[""https://apply.usastaffing.gov/ViewQuestionnaire/13054022""]",True,True,2026-10-07
885042300,[],True,False,2026-10-07
885043700,[],True,True,2026-10-07
885043800,"[""https://apply.usastaffing.gov/ViewQuestionnaire/13066329""]",True,True,2026-10-07
885044500,"[""https://apply.usastaffing.gov/ViewQuestionnaire/13067075""]",True,True,2026-10-07
885044700,"[""https://apply.usastaffing.gov/ViewQuestionnaire/13067006""]",True,True,2026-10-07
885047000,[],True,True,2026-10-07
885047800,[],True,True,2026-10-07
885048900,"[""https://apply.usastaffing.gov/ViewQuestionnaire/13064790""]",True,True,2026-10-07
885049600,"[""https://apply.usastaffing.gov/ViewQuestionnaire/13067079""]",True,True,2026-10-07
885049900,"[""https://apply.usastaffing.gov/ViewQuestionnaire/13067095""]",True,True,2026-10-07
885051200,"[""https://apply.usastaffing.gov/ViewQuestionnaire/13065705""]",True,True,2026-10-07
885051300,"[""https://apply.usastaffing.gov/ViewQuestionnaire/13066233""]",True,True,2026-10-07
885052400,"[""https://apply.usastaffing.gov/ViewQuestionnaire/13066661""]",True,True,2026-10-07
885055100,"[""https://apply.usastaffing.gov/ViewQuestionnaire/13067025""]",True,True,2026-10-07
885056100,[],True,True,2026-10-07
885056300,"[""https://apply.usastaffing.gov/ViewQuestionnaire/13061977""]",True,True,2026-10-07
885058400,"[""https://apply.usastaffing.gov/ViewQuestionnaire/13067146""]",True,True,2026-10-07
885059100,[],True,False,2026-10-07
885060700,"[""https://apply.usastaffing.gov/ViewQuestionnaire/13067159""]",True,True,2026-10-07
885061900,[],True,True,2026-10-07
885064100,[],True,True,2026-10-07
885065300,[],True,True,2026-10-07
885065700,"[""https://apply.usastaffing.gov/ViewQuestionnaire/13067193""]",True,True,2026-10-07
885067100,"[""https://apply.usastaffing.gov/ViewQuestionnaire/13067198""]",True,True,2026-10-07
885067300,[],True,True,2026-10-07
885069300,"[""https://apply.usastaffing.gov/ViewQuestionnaire/13067238""]",True,True,2026-10-07
885071100,[],True,False,2026-10-07
885073700,"[""https://apply.usastaffing.gov/ViewQuestionnaire/13067156""]",True,True,2026-10-07
885074400,"[""https://apply.usastaffing.gov/ViewQuestionnaire/13055559""]",True,True,2026-10-07
885075000,"[""https://apply.usastaffing.gov/ViewQuestionnaire/13065855""]",True,True,2026-10-07
885075200,"[""https://apply.usastaffing.gov/ViewQuestionnaire/13065864""]",True,True,2026-10-07
885077000,"[""https://apply.usastaffing.gov/ViewQuestionnaire/13067275""]",True,True,2026-10-07
885077600,[],True,True,2026-10-07
885078300,[],True,False,2026-10-07
885079300,"[""https://apply.usastaffing.gov/ViewQuestionnaire/13066430""]",True,True,2026-10-07
885080100,"[""https://apply.usastaffing.gov/ViewQuestionnaire/13059980""]",True,True,2026-10-07
885080300,"[""https://apply.usastaffing.gov/ViewQuestionnaire/13059981""]",True,True,2026-10-07
885082800,"[""https://apply.usastaffing.gov/ViewQuestionnaire/13065982""]",True,True,2026-10-07
885084300,"[""https://apply.usastaffing.gov/ViewQuestionnaire/13064373""]",True,True,2026-10-07
885087800,"[""https://apply.usastaffing.gov/ViewQuestionnaire/13065678""]",True,True,2026-10-07
885089700,[],True,False,2026-10-07
885090700,"[""https://jobs.monstergovt.com/hment/nga/ros/rosDashboard.hms?O=23&J=54975"", ""https://jobs.monstergovt.com/hment/nga/ros/rosDashboard.hms?O=23&J=54975&S=1""]",True,False,2026-10-07
885091000,"[""https://jobs.monstergovt.com/hment/nga/ros/rosDashboard.hms?O=23&J=54974"", ""https://jobs.monstergovt.com/hment/nga/ros/rosDashboard.hms?O=23&J=54974&S=1""]",True,False,2026-10-07
885092100,"[""https://apply.usastaffing.gov/ViewQuestionnaire/13066415""]",True,True,2026-10-07
885094300,"[""https://apply.usastaffing.gov/ViewQuestionnaire/13065520""]",True,True,2026-10-07
885094500,"[""https://apply.usastaffing.gov/ViewQuestionnaire/13066805""]",True,True,2026-10-07
885096600,[],True,True,2026-10-07
885097700,"[""https://apply.usastaffing.gov/ViewQuestionnaire/13061871""]",True,True,2026-10-07
885102100,[],True,True,2026-10-07
885102200,[],True,True,2026-10-07
885105900,[],True,True,2026-10-07
885106400,"[""https://apply.usastaffing.gov/ViewQuestionnaire/13064797""]",True,True,2026-10-07
885106700,"[""https://apply.usastaffing.gov/ViewQuestionnaire/13067420""]",True,True,2026-10-07
885108000,[],True,True,2026-10-07
885108200,"[""https://apply.usastaffing.gov/ViewQuestionnaire/13067326""]",True,True,2026-10-07
885108400,"[""https://apply.usastaffing.gov/ViewQuestionnaire/13067190""]",True,True,2026-10-07
885110900,[],True,True,2026-10-07
885121800,"[""https://apply.usastaffing.gov/ViewQuestionnaire/13064957""]",True,True,2026-10-07
885125100,[],True,True,2026-10-07
885125400,[],True,True,2026-10-07
885127500,"[""https://apply.usastaffing.gov/ViewQuestionnaire/13065609""]",True,True,2026-10-07
885130300,"[""https://apply.usastaffing.gov/ViewQuestionnaire/13066512""]",True,True,2026-10-07
885132800,[],True,True,2026-10-07
885133800,"[""https://apply.usastaffing.gov/ViewQuestionnaire/13067560""]",True,True,2026-10-07
885134100,"[""https://apply.usastaffing.gov/ViewQuestionnaire/13067608""]",True,True,2026-10-07
885136000,"[""https://apply.usastaffing.gov/ViewQuestionnaire/13067151""]",True,True,2026-10-07
885137700,[],True,True,2026-10-07
885140200,"[""https://apply.usastaffing.gov/ViewQuestionnaire/13066451""]",True,True,2026-10-07
885140500,"[""https://apply.usastaffing.gov/ViewQuestionnaire/13049147""]",True,True,2026-10-07
885140800,"[""https://apply.usastaffing.gov/ViewQuestionnaire/13067667""]",True,True,2026-10-07
885141800,"[""https://apply.usastaffing.gov/ViewQuestionnaire/13060864""]",True,True,2026-10-07
885142000,[],False,False,2026-10-07
885146400,"[""https://apply.usastaffing.gov/ViewQuestionnaire/13066576""]",True,True,2026-10-07
885149100,"[""https://apply.usastaffing.gov/ViewQuestionnaire/13067164""]",True,True,2026-10-07
885151500,"[""https://apply.usastaffing.gov/ViewQuestionnaire/13057157""]",True,True,2026-10-07
885152000,"[""https://apply.usastaffing.gov/ViewQuestionnaire/13061227""]",True,True,2026-10-07
885153300,"[""https://apply.usastaffing.gov/ViewQuestionnaire/13067739""]",True,True,2026-10-07
885155000,[],True,True,2026-10-07
885156600,"[""https://apply.usastaffing.gov/ViewQuestionnaire/13067673""]",True,True,2026-10-07
885157100,"[""https://apply.usastaffing.gov/ViewQuestionnaire/13066008""]",True,True,2026-10-07
885157500,"[""https://apply.usastaffing.gov/ViewQuestionnaire/13067760""]",True,True,2026-10-07
885158600,"[""https://jobs.monstergovt.com/aoc/ros/rosDashboard.hms?O=1749&J=148626"", ""https://jobs.monstergovt.com/aoc/ros/rosDashboard.hms?O=1749&J=148626&S=1""]",True,False,2026-10-07
885161600,"[""https://apply.usastaffing.gov/ViewQuestionnaire/13067853""]",True,True,2026-10-07
885162200,"[""https://apply.usastaffing.gov/ViewQuestionnaire/13060532""]",True,True,2026-10-07
885162900,"[""https://apply.usastaffing.gov/ViewQuestionnaire/13060533""]",True,True,2026-10-07
885163000,[],True,True,2026-10-07
885166600,"[""https://apply.usastaffing.gov/ViewQuestionnaire/13067889""]",True,True,2026-10-07
885168500,"[""https://apply.usastaffing.gov/ViewQuestionnaire/13039338""]",True,True,2026-10-07
885168700,"[""https://jobs.monstergovt.com/aoc/ros/rosDashboard.hms?O=1749&J=148628"", ""https://jobs.monstergovt.com/aoc/ros/rosDashboard.hms?O=1749&J=148628&S=1""]",True,False,2026-10-07
885175900,[],True,True,2026-10-07
885176800,"[""https://apply.usastaffing.gov/ViewQuestionnaire/13067835""]",True,True,2026-10-07
885178900,"[""https://apply.usastaffing.gov/ViewQuestionnaire/13067965""]",True,True,2026-10-07
885180400,[],True,False,2026-10-07
885180800,[],True,True,2026-10-07
885181800,"[""https://apply.usastaffing.gov/ViewQuestionnaire/13066127""]",True,True,2026-10-07
885183100,"[""https://apply.usastaffing.gov/ViewQuestionnaire/13065123""]",True,True,2026-10-07
885185700,[],True,True,2026-10-07
885186600,[],True,True,2026-10-07
885189100,"[""https://apply.usastaffing.gov/ViewQuestionnaire/13022915""]",True,True,2026-10-07
885189600,"[""https://apply.usastaffing.gov/ViewQuestionnaire/13041676""]",True,True,2026-10-07
885190300,[],True,False,2026-10-07
885190700,"[""https://apply.usastaffing.gov/ViewQuestionnaire/13061432""]",True,True,2026-10-07
885192900,"[""https://apply.usastaffing.gov/ViewQuestionnaire/13066607""]",True,True,2026-10-07
885194700,[],True,True,2026-10-07
885195400,[],True,True,2026-10-07
885196900,"[""https://apply.usastaffing.gov/ViewQuestionnaire/13066220""]",True,True,2026-10-07
885197500,"[""https://apply.usastaffing.gov/ViewQuestionnaire/13065221""]",True,True,2026-10-07
885202300,[],False,True,2026-10-07
885203000,"[""https://apply.usastaffing.gov/ViewQuestionnaire/13067743""]",True,True,2026-10-07
885205600,"[""https://apply.usastaffing.gov/ViewQuestionnaire/13067859""]",True,True,2026-10-07
885206300,[],True,True,2026-10-07
885208800,"[""https://apply.usastaffing.gov/ViewQuestionnaire/13067004""]",True,True,2026-10-07
885209000,[],True,False,2026-10-07
885210000,[],False,False,2026-10-07
885210800,"[""https://apply.usastaffing.gov/ViewQuestionnaire/13068176""]",True,True,2026-10-07
885211200,"[""https://apply.usastaffing.gov/ViewQuestionnaire/13065948""]",True,True,2026-10-07
885211700,"[""https://apply.usastaffing.gov/ViewQuestionnaire/13065949""]",True,True,2026-10-07
885213300,[],True,True,2026-10-07
885214500,[],True,True,2026-10-07
885215400,"[""https://apply.usastaffing.gov/ViewQuestionnaire/13065661""]",True,True,2026-10-07
885218200,[],True,False,2026-10-07
885218800,"[""https://apply.usastaffing.gov/ViewQuestionnaire/13065660""]",True,True,2026-10-07
885219700,[],True,True,2026-10-07
885220800,[],True,True,2026-10-07
885221200,"[""https://apply.usastaffing.gov/ViewQuestionnaire/13068013""]",True,True,2026-10-07
885221800,"[""https://apply.usastaffing.gov/ViewQuestionnaire/13068146""]",True,True,2026-10-07
885222900,"[""https://apply.usastaffing.gov/ViewQuestionnaire/13067896""]",True,True,2026-10-07
885223600,[],False,False,2026-10-07
885224700,[],True,False,2026-10-07
885226500,"[""https://apply.usastaffing.gov/ViewQuestionnaire/13066448""]",True,True,2026-10-07
885228900,"[""https://apply.usastaffing.gov/ViewQuestionnaire/13068046""]",True,True,2026-10-07
885229200,"[""https://apply.usastaffing.gov/ViewQuestionnaire/13068242""]",True,True,2026-10-07
885230200,"[""https://apply.usastaffing.gov/ViewQuestionnaire/13067443""]",True,True,2026-10-07
885232700,"[""https://apply.usastaffing.gov/ViewQuestionnaire/13057584""]",True,True,2026-10-07
885233800,"[""https://apply.usastaffing.gov/ViewQuestionnaire/13064795""]",True,True,2026-10-07
885236200,[],True,False,2026-10-07
885238000,"[""https://apply.usastaffing.gov/ViewQuestionnaire/13067695""]",True,True,2026-10-07
885238200,[],True,True,2026-10-07
885238300,"[""https://apply.usastaffing.gov/ViewQuestionnaire/13067696""]",True,True,2026-10-07
885239600,[],True,True,2026-10-07
885240700,"[""https://apply.usastaffing.gov/ViewQuestionnaire/13068158""]",True,True,2026-10-07
885241900,"[""https://apply.usastaffing.gov/ViewQuestionnaire/13068220""]",True,True,2026-10-07
885242900,"[""https://apply.usastaffing.gov/ViewQuestionnaire/13055476""]",True,True,2026-10-07
885244200,"[""https://apply.usastaffing.gov/ViewQuestionnaire/13065655""]",True,True,2026-10-07
885244500,"[""https://apply.usastaffing.gov/ViewQuestionnaire/13064725""]",True,True,2026-10-07
885244800,[],True,True,2026-10-07
885245000,[],True,True,2026-10-07
885246000,[],True,True,2026-10-07
885246600,[],True,True,2026-10-07
885247200,"[""https://apply.usastaffing.gov/ViewQuestionnaire/13068330""]",True,True,2026-10-07
885248500,"[""https://apply.usastaffing.gov/ViewQuestionnaire/13066923""]",True,True,2026-10-07
885248600,[],True,True,2026-10-07
885249600,"[""https://apply.usastaffing.gov/ViewQuestionnaire/13067849""]",True,True,2026-10-07
885250800,[],True,True,2026-10-07
885252500,[],True,True,2026-10-07
885253100,[],True,False,2026-10-07
885253300,"[""https://apply.usastaffing.gov/ViewQuestionnaire/13068408""]",True,True,2026-10-07
885255600,[],True,True,2026-10-07
885255900,[],False,True,2026-10-07
885256400,"[""https://apply.usastaffing.gov/ViewQuestionnaire/13062718""]",True,True,2026-10-07
885256800,[],True,True,2026-10-07
885257800,[],True,True,2026-10-07
885259900,"[""https://apply.usastaffing.gov/ViewQuestionnaire/13068157""]",True,True,2026-10-07
885260100,[],True,True,2026-10-07
885265300,[],True,False,2026-10-07
885265400,"[""https://apply.usastaffing.gov/ViewQuestionnaire/13045380""]",True,True,2026-10-07
885267300,"[""https://apply.usastaffing.gov/ViewQuestionnaire/13049158""]",True,True,2026-10-07
885267500,"[""https://apply.usastaffing.gov/ViewQuestionnaire/13067206""]",True,True,2026-10-07
885268300,[],True,False,2026-10-07
885269400,[],True,True,2026-10-07
885269500,[],True,True,2026-10-07
885270100,[],False,False,2026-10-07
885270300,[],True,False,2026-10-07
885270600,"[""https://apply.usastaffing.gov/ViewQuestionnaire/13065357""]",True,True,2026-10-07
885270900,[],True,False,2026-10-07
885271600,"[""https://apply.usastaffing.gov/ViewQuestionnaire/13067192""]",True,True,2026-10-07
885272500,[],True,False,2026-10-07
885272700,[],True,True,2026-10-07
885275500,[],False,False,2026-10-07
885275900,"[""https://apply.usastaffing.gov/ViewQuestionnaire/13067200""]",True,True,2026-10-07
885276700,[],True,True,2026-10-07
885277200,[],True,False,2026-10-07
885277300,"[""https://apply.usastaffing.gov/ViewQuestionnaire/13067225""]",True,True,2026-10-07
885278300,"[""https://apply.usastaffing.gov/ViewQuestionnaire/13037564""]",True,True,2026-10-07
885278500,[],False,True,2026-10-07
885278600,"[""https://apply.usastaffing.gov/ViewQuestionnaire/13065898""]",True,True,2026-10-07
885278800,[],True,True,2026-10-07
885281300,[],False,True,2026-10-07
885282100,"[""https://apply.usastaffing.gov/ViewQuestionnaire/13068436""]",True,True,2026-10-07
885282700,[],True,False,2026-10-07
885282900,"[""https://apply.usastaffing.gov/ViewQuestionnaire/13067290""]",True,True,2026-10-07
885286700,[],False,False,2026-10-07
885287000,"[""https://apply.usastaffing.gov/ViewQuestionnaire/13068634""]",True,True,2026-10-07
885290600,"[""https://apply.usastaffing.gov/ViewQuestionnaire/13059367""]",True,True,2026-10-07
885293800,"[""https://apply.usastaffing.gov/ViewQuestionnaire/13065315""]",True,True,2026-10-07
885295400,"[""https://apply.usastaffing.gov/ViewQuestionnaire/13065499""]",True,True,2026-10-07
885300100,[],True,True,2026-10-07
885302200,[],True,False,2026-10-07
885302700,[],True,False,2026-10-07
885304900,"[""https://apply.usastaffing.gov/ViewQuestionnaire/13053252""]",True,True,2026-10-07
885306100,"[""https://apply.usastaffing.gov/ViewQuestionnaire/13068635""]",True,True,2026-10-07
885306300,"[""https://apply.usastaffing.gov/ViewQuestionnaire/13066890""]",True,True,2026-10-07
885308300,"[""https://apply.usastaffing.gov/ViewQuestionnaire/13068678""]",True,True,2026-10-07
885308900,"[""https://apply.usastaffing.gov/ViewQuestionnaire/13068738""]",True,True,2026-10-07
885310900,[],True,True,2026-10-07
885311400,"[""https://apply.usastaffing.gov/ViewQuestionnaire/13067347""]",True,True,2026-10-07
885311900,[],True,False,2026-10-07
885312300,[],True,True,2026-10-07
885313100,"[""https://apply.usastaffing.gov/ViewQuestionnaire/13068496""]",True,True,2026-10-07
885313500,"[""https://apply.usastaffing.gov/ViewQuestionnaire/13065712""]",True,True,2026-10-07
885313700,"[""https://apply.usastaffing.gov/ViewQuestionnaire/13068677""]",True,True,2026-10-07
885314500,"[""https://apply.usastaffing.gov/ViewQuestionnaire/13058180""]",True,True,2026-10-07
885315300,[],True,True,2026-10-07
885316100,"[""https://apply.usastaffing.gov/ViewQuestionnaire/13059800""]",True,True,2026-10-07
885317400,"[""https://apply.usastaffing.gov/ViewQuestionnaire/13068673""]",True,True,2026-10-07
885317500,"[""https://apply.usastaffing.gov/ViewQuestionnaire/13067305""]",True,True,2026-10-07
885318200,"[""https://apply.usastaffing.gov/ViewQuestionnaire/13067794""]",True,True,2026-10-07
885319100,"[""https://apply.usastaffing.gov/ViewQuestionnaire/13068780""]",True,True,2026-10-07
885323300,"[""https://apply.usastaffing.gov/ViewQuestionnaire/13068674""]",True,True,2026-10-07
885323900,[],True,False,2026-10-07
885325100,[],True,True,2026-10-07
885326500,"[""https://apply.usastaffing.gov/ViewQuestionnaire/13068833""]",True,True,2026-10-07
885327000,[],True,True,2026-10-07
885327700,[],True,False,2026-10-07
885329600,"[""https://apply.usastaffing.gov/ViewQuestionnaire/13065612""]",True,True,2026-10-07
885330300,"[""https://apply.usastaffing.gov/ViewQuestionnaire/13065803""]",True,True,2026-10-07
885331600,"[""https://apply.usastaffing.gov/ViewQuestionnaire/13067080""]",True,True,2026-10-07
885332000,"[""https://jobs.monstergovt.com/dos/ros/rosDashboard.hms?O=6&J=119243"", ""https://jobs.monstergovt.com/dos/ros/rosDashboard.hms?O=6&J=119243&S=1""]",True,False,2026-10-07
885332900,[],True,True,2026-10-07
885333500,"[""https://apply.usastaffing.gov/ViewQuestionnaire/13045306""]",True,True,2026-10-07
885334600,[],True,True,2026-10-07
885334800,"[""https://apply.usastaffing.gov/ViewQuestionnaire/13068495""]",True,True,2026-10-07
885336500,"[""https://apply.usastaffing.gov/ViewQuestionnaire/13068782""]",True,True,2026-10-07
885336700,"[""https://apply.usastaffing.gov/ViewQuestionnaire/13068356""]",True,True,2026-10-07
885337100,"[""https://apply.usastaffing.gov/ViewQuestionnaire/13066716""]",True,True,2026-10-07
885340100,"[""https://apply.usastaffing.gov/ViewQuestionnaire/13044884""]",True,True,2026-10-07
885343700,[],True,True,2026-10-07
885344300,"[""https://apply.usastaffing.gov/ViewQuestionnaire/13068463""]",True,True,2026-10-07
885344900,[],True,False,2026-10-07
885347600,"[""https://apply.usastaffing.gov/ViewQuestionnaire/13057902""]",True,True,2026-10-07
885350800,"[""https://apply.usastaffing.gov/ViewQuestionnaire/13065370""]",True,True,2026-10-07
885350900,"[""https://apply.usastaffing.gov/ViewQuestionnaire/13057903""]",True,True,2026-10-07
885352600,"[""https://apply.usastaffing.gov/ViewQuestionnaire/13064266""]",True,True,2026-10-07
885354500,"[""https://apply.usastaffing.gov/ViewQuestionnaire/13066606""]",True,True,2026-10-07
885355200,"[""https://apply.usastaffing.gov/ViewQuestionnaire/13069017""]",True,True,2026-10-07
885355900,"[""https://jobs.monstergovt.com/loc/ros/rosDashboard.hms?O=1&J=27870"", ""https://jobs.monstergovt.com/loc/ros/rosDashboard.hms?O=1&J=27870&S=1""]",True,False,2026-10-07
885357600,[],True,False,2026-10-07
885358100,[],True,False,2026-10-07
885359900,"[""https://apply.usastaffing.gov/ViewQuestionnaire/13062590""]",True,True,2026-10-07
885362900,[],True,False,2026-10-07
885365900,"[""https://apply.usastaffing.gov/ViewQuestionnaire/13049487""]",True,True,2026-10-07
885367200,[],True,True,2026-10-07
885368200,"[""https://apply.usastaffing.gov/ViewQuestionnaire/13068646""]",True,True,2026-10-07
885368800,"[""https://apply.usastaffing.gov/ViewQuestionnaire/13068645""]",True,True,2026-10-07
885373600,"[""https://apply.usastaffing.gov/ViewQuestionnaire/13062724""]",True,True,2026-10-07
885375300,[],True,False,2026-10-07
885377100,"[""https://apply.usastaffing.gov/ViewQuestionnaire/13069198""]",True,True,2026-10-07
885380300,"[""https://apply.usastaffing.gov/ViewQuestionnaire/13067996""]",True,True,2026-10-07
885380800,[],True,True,2026-10-07
885381600,"[""https://apply.usastaffing.gov/ViewQuestionnaire/13064738""]",True,True,2026-10-07
885381900,"[""https://apply.usastaffing.gov/ViewQuestionnaire/13065894""]",True,True,2026-10-07
885382300,"[""https://apply.usastaffing.gov/ViewQuestionnaire/13066170""]",True,True,2026-10-07
885384900,"[""https://apply.usastaffing.gov/ViewQuestionnaire/13052227""]",True,True,2026-10-07
885385800,[],True,True,2026-10-07
885387000,"[""https://jobs.monstergovt.com/loc/ros/rosDashboard.hms?O=1&J=27849"", ""https://jobs.monstergovt.com/loc/ros/rosDashboard.hms?O=1&J=27849&S=1""]",True,False,2026-10-07
885391400,"[""https://apply.usastaffing.gov/ViewQuestionnaire/13069322""]",True,True,2026-10-07
885391700,"[""https://apply.usastaffing.gov/ViewQuestionnaire/13060707""]",True,True,2026-10-07
885394300,"[""https://apply.usastaffing.gov/ViewQuestionnaire/13066893""]",True,True,2026-10-07
885394400,"[""https://apply.usastaffing.gov/ViewQuestionnaire/13069331""]",True,True,2026-10-07
885395600,[],True,True,2026-10-07
885396400,[],True,True,2026-10-07
885397100,[],False,False,2026-10-07
885398700,"[""https://apply.usastaffing.gov/ViewQuestionnaire/13014112""]",True,True,2026-10-07
885400800,"[""https://apply.usastaffing.gov/ViewQuestionnaire/13069267""]",True,True,2026-10-07
885404500,[],True,True,2026-10-07
885404800,[],True,False,2026-10-07
885405100,"[""https://apply.usastaffing.gov/ViewQuestionnaire/13068809""]",True,True,2026-10-07
885406700,"[""https://apply.usastaffing.gov/ViewQuestionnaire/13060715""]",True,True,2026-10-07
885409200,[],True,True,2026-10-07
885410300,"[""https://apply.usastaffing.gov/ViewQuestionnaire/13068260""]",True,True,2026-10-07
885410700,"[""https://apply.usastaffing.gov/ViewQuestionnaire/13051922""]",True,True,2026-10-07
885410800,"[""https://apply.usastaffing.gov/ViewQuestionnaire/13068243""]",True,True,2026-10-07
885417100,[],True,True,2026-10-07
885419200,"[""https://apply.usastaffing.gov/ViewQuestionnaire/13068827""]",True,True,2026-10-07
885422300,"[""https://apply.usastaffing.gov/ViewQuestionnaire/13069468""]",True,True,2026-10-07
885424100,"[""https://apply.usastaffing.gov/ViewQuestionnaire/13069520""]",True,True,2026-10-07
885428100,"[""https://apply.usastaffing.gov/ViewQuestionnaire/13064737""]",True,True,2026-10-07
885429200,[],True,True,2026-10-07
885432300,"[""https://apply.usastaffing.gov/ViewQuestionnaire/13069353""]",True,True,2026-10-07
885433700,"[""https://apply.usastaffing.gov/ViewQuestionnaire/13060465""]",True,True,2026-10-07
885434300,"[""https://apply.usastaffing.gov/ViewQuestionnaire/13068030""]",True,True,2026-10-07
885434400,"[""https://apply.usastaffing.gov/ViewQuestionnaire/13066244""]",True,True,2026-10-07
885435600,"[""https://apply.usastaffing.gov/ViewQuestionnaire/13069174""]",True,True,2026-10-07
885437700,"[""https://apply.usastaffing.gov/ViewQuestionnaire/13067554""]",True,True,2026-10-07
885439000,"[""https://apply.usastaffing.gov/ViewQuestionnaire/13067037""]",True,True,2026-10-07
885439600,[],True,True,2026-10-07
885439800,"[""https://apply.usastaffing.gov/ViewQuestionnaire/13069551""]",True,True,2026-10-07
885443300,"[""https://apply.usastaffing.gov/ViewQuestionnaire/13067088""]",True,True,2026-10-07
885443700,"[""https://apply.usastaffing.gov/ViewQuestionnaire/13069615""]",True,True,2026-10-07
885445600,[],True,False,2026-10-07
885446700,"[""https://apply.usastaffing.gov/ViewQuestionnaire/13069577""]",True,True,2026-10-07
885446800,"[""https://apply.usastaffing.gov/ViewQuestionnaire/13068773""]",True,True,2026-10-07
885448200,[],True,True,2026-10-07
885452500,"[""https://apply.usastaffing.gov/ViewQuestionnaire/13069617""]",True,True,2026-10-07
885452900,"[""https://apply.usastaffing.gov/ViewQuestionnaire/13069646""]",True,True,2026-10-07
885453500,"[""https://apply.usastaffing.gov/ViewQuestionnaire/13066327""]",True,True,2026-10-07
885454400,[],False,True,2026-10-07
885454700,"[""https://apply.usastaffing.gov/ViewQuestionnaire/13068967""]",True,True,2026-10-07
885455700,[],True,True,2026-10-07
885456500,"[""https://apply.usastaffing.gov/ViewQuestionnaire/13069677""]",True,True,2026-10-07
885456600,[],True,True,2026-10-07
885456700,[],False,True,2026-10-07
885456900,[],True,True,2026-10-07
885457100,[],True,True,2026-10-07
885457200,[],True,True,2026-10-07
885457700,[],True,True,2026-10-07
885458600,[],True,True,2026-10-07
885458900,[],True,False,2026-10-07
885459400,[],True,True,2026-10-07
885459900,[],True,True,2026-10-07
885460100,[],True,True,2026-10-07
885460500,[],True,True,2026-10-07
885460700,[],True,True,2026-10-07
885460900,[],True,True,2026-10-07
885462600,[],True,True,2026-10-07
885462700,[],True,True,2026-10-07
885462800,[],True,True,2026-10-07
885463200,[],True,True,2026-10-07
885463300,[],True,True,2026-10-07
885463400,[],True,True,2026-10-07
885463500,[],True,True,2026-10-07
885463600,[],True,True,2026-10-07
885464000,[],True,True,2026-10-07
885464200,[],True,True,2026-10-07
885464400,[],True,True,2026-10-07
885464700,[],True,True,2026-10-07
885465900,"[""https://apply.usastaffing.gov/ViewQuestionnaire/13069544""]",True,True,2026-10-07
885468100,[],False,False,2026-10-07
885470500,"[""https://apply.usastaffing.gov/ViewQuestionnaire/13064734""]",True,True,2026-10-07
885472900,"[""https://apply.usastaffing.gov/ViewQuestionnaire/13069731""]",True,True,2026-10-07
885476700,"[""https://apply.usastaffing.gov/ViewQuestionnaire/13060622""]",True,True,2026-10-07
885479300,"[""https://apply.usastaffing.gov/ViewQuestionnaire/13058903""]",True,True,2026-10-07
885481000,"[""https://apply.usastaffing.gov/ViewQuestionnaire/13062102""]",True,True,2026-10-07
885482000,[],True,True,2026-10-07
885483100,"[""https://apply.usastaffing.gov/ViewQuestionnaire/13064632""]",True,True,2026-10-07
885483200,"[""https://apply.usastaffing.gov/ViewQuestionnaire/13064636""]",True,True,2026-10-07
885483300,"[""https://apply.usastaffing.gov/ViewQuestionnaire/13047811""]",True,True,2026-10-07
885484900,"[""https://apply.usastaffing.gov/ViewQuestionnaire/13069799""]",True,True,2026-10-07
885485400,"[""https://apply.usastaffing.gov/ViewQuestionnaire/13069149""]",True,True,2026-10-07
885485500,"[""https://apply.usastaffing.gov/ViewQuestionnaire/13069150""]",True,True,2026-10-07
885487300,"[""https://apply.usastaffing.gov/ViewQuestionnaire/13068886""]",True,True,2026-10-07
885487500,[],True,True,2026-10-07
885487600,[],True,True,2026-10-07
885488300,[],True,True,2026-10-07
885489000,[],True,False,2026-10-07
885489400,"[""https://apply.usastaffing.gov/ViewQuestionnaire/13062711""]",True,True,2026-10-07
885492100,"[""https://apply.usastaffing.gov/ViewQuestionnaire/13069833""]",True,True,2026-10-07
885492600,"[""https://apply.usastaffing.gov/ViewQuestionnaire/13064884""]",True,True,2026-10-07
885494400,"[""https://apply.usastaffing.gov/ViewQuestionnaire/13063002""]",True,True,2026-10-07
885495000,"[""https://apply.usastaffing.gov/ViewQuestionnaire/13043151""]",True,True,2026-10-07
885501000,"[""https://apply.usastaffing.gov/ViewQuestionnaire/13069858""]",True,True,2026-10-07
885502100,"[""https://apply.usastaffing.gov/ViewQuestionnaire/13051224""]",True,True,2026-10-07
885502700,"[""https://apply.usastaffing.gov/ViewQuestionnaire/13060722""]",True,True,2026-10-07
885503700,"[""https://apply.usastaffing.gov/ViewQuestionnaire/12964988""]",True,True,2026-10-07
885505400,"[""https://apply.usastaffing.gov/ViewQuestionnaire/13069856""]",True,True,2026-10-07
885507500,"[""https://apply.usastaffing.gov/ViewQuestionnaire/13069855""]",True,True,2026-10-07
885507900,"[""https://apply.usastaffing.gov/ViewQuestionnaire/13067694""]",True,True,2026-10-07
885508000,"[""https://apply.usastaffing.gov/ViewQuestionnaire/13069938""]",True,True,2026-10-07
885512000,"[""https://apply.usastaffing.gov/ViewQuestionnaire/13068462""]",True,True,2026-10-07
885513300,[],True,False,2026-10-07
885513500,"[""https://apply.usastaffing.gov/ViewQuestionnaire/13068864""]",True,True,2026-10-07
885514100,"[""https://apply.usastaffing.gov/ViewQuestionnaire/13061932""]",True,True,2026-10-07
885514300,"[""https://apply.usastaffing.gov/ViewQuestionnaire/13055703""]",True,True,2026-10-07
885514500,[],True,False,2026-10-07
885515600,[],True,False,2026-10-07
885516300,"[""https://apply.usastaffing.gov/ViewQuestionnaire/13065241""]",True,True,2026-10-07
885516800,"[""https://apply.usastaffing.gov/ViewQuestionnaire/13066624""]",True,True,2026-10-07
885518200,"[""https://apply.usastaffing.gov/ViewQuestionnaire/13066639""]",True,True,2026-10-07
885518300,"[""https://apply.usastaffing.gov/ViewQuestionnaire/13066640""]",True,True,2026-10-07
885519100,"[""https://apply.usastaffing.gov/ViewQuestionnaire/13066497""]",True,True,2026-10-07
885526600,"[""https://apply.usastaffing.gov/ViewQuestionnaire/13068237""]",True,True,2026-10-07
885527000,"[""https://apply.usastaffing.gov/ViewQuestionnaire/13070044""]",True,True,2026-10-07
885527100,"[""https://apply.usastaffing.gov/ViewQuestionnaire/13069861""]",True,True,2026-10-07
885527500,"[""https://apply.usastaffing.gov/ViewQuestionnaire/13067463""]",True,True,2026-10-07
885531100,"[""https://apply.usastaffing.gov/ViewQuestionnaire/13064787""]",True,True,2026-10-07
885532700,"[""https://apply.usastaffing.gov/ViewQuestionnaire/13068813""]",True,True,2026-10-07
885538300,"[""https://apply.usastaffing.gov/ViewQuestionnaire/13070096""]",True,True,2026-10-07
885542600,"[""https://apply.usastaffing.gov/ViewQuestionnaire/13070154""]",True,True,2026-10-07
885544500,[],True,True,2026-10-07
885548200,[],False,False,2026-10-07
885550300,"[""https://apply.usastaffing.gov/ViewQuestionnaire/13070197""]",True,True,2026-10-07
885550800,"[""https://apply.usastaffing.gov/ViewQuestionnaire/13070186""]",True,True,2026-10-07
885553000,[],True,False,2026-10-07
885555100,"[""https://apply.usastaffing.gov/ViewQuestionnaire/13070253""]",True,True,2026-10-07
885556800,"[""https://apply.usastaffing.gov/ViewQuestionnaire/12973090""]",True,True,2026-10-07
885557500,"[""https://apply.usastaffing.gov/ViewQuestionnaire/13069164""]",True,True,2026-10-07
885557900,[],False,False,2026-10-07
885559400,"[""https://apply.usastaffing.gov/ViewQuestionnaire/13070269""]",True,True,2026-10-07
885559600,"[""https://apply.usastaffing.gov/ViewQuestionnaire/13027300""]",True,True,2026-10-07
885559700,"[""https://apply.usastaffing.gov/ViewQuestionnaire/13070246""]",True,True,2026-10-07
885559900,"[""https://apply.usastaffing.gov/ViewQuestionnaire/13052318""]",True,True,2026-10-07
885560100,"[""https://apply.usastaffing.gov/ViewQuestionnaire/13066820""]",True,True,2026-10-07
885565000,[],True,True,2026-10-07
885565700,[],True,True,2026-10-07
885568500,"[""https://apply.usastaffing.gov/ViewQuestionnaire/13065888""]",True,True,2026-10-07
885570200,[],True,True,2026-10-07
885570900,"[""https://apply.usastaffing.gov/ViewQuestionnaire/13068067""]",True,True,2026-10-07
885571900,[],True,True,2026-10-07
885572100,"[""https://apply.usastaffing.gov/ViewQuestionnaire/13066731""]",True,True,2026-10-07
885572600,[],False,False,2026-10-07
885573300,"[""https://apply.usastaffing.gov/ViewQuestionnaire/13061658""]",True,True,2026-10-07
885574300,"[""https://apply.usastaffing.gov/ViewQuestionnaire/13070245""]",True,True,2026-10-07
885575100,[],True,True,2026-10-07
885575800,"[""https://apply.usastaffing.gov/ViewQuestionnaire/13070360""]",True,True,2026-10-07
885576700,"[""https://apply.usastaffing.gov/ViewQuestionnaire/13060771""]",True,True,2026-10-07
885576800,"[""https://apply.usastaffing.gov/ViewQuestionnaire/13069913""]",True,True,2026-10-07
885578900,[],True,False,2026-10-07
885580400,[],True,True,2026-10-07
885581400,[],True,False,2026-10-07
885581900,[],True,True,2026-10-07
885584600,"[""https://apply.usastaffing.gov/ViewQuestionnaire/13070209""]",True,True,2026-10-07
885584700,[],True,False,2026-10-07
885585800,[],True,False,2026-10-07
885586000,"[""https://apply.usastaffing.gov/ViewQuestionnaire/13070129""]",True,True,2026-10-07
885586300,"[""https://apply.usastaffing.gov/ViewQuestionnaire/13069682""]",True,True,2026-10-07
885588600,[],True,False,2026-10-07
885588900,"[""https://apply.usastaffing.gov/ViewQuestionnaire/13069713""]",True,True,2026-10-07
885590100,"[""https://apply.usastaffing.gov/ViewQuestionnaire/13067076""]",True,True,2026-10-07
885593100,"[""https://apply.usastaffing.gov/ViewQuestionnaire/13069999""]",True,True,2026-10-07
885594400,"[""https://apply.usastaffing.gov/ViewQuestionnaire/13066242""]",True,True,2026-10-07
885594500,"[""https://apply.usastaffing.gov/ViewQuestionnaire/13070248""]",True,True,2026-10-07
885594600,[],True,True,2026-10-07
885595600,"[""https://apply.usastaffing.gov/ViewQuestionnaire/13066570""]",True,True,2026-10-07
885599600,"[""https://apply.usastaffing.gov/ViewQuestionnaire/13058505""]",True,True,2026-10-07
885600300,"[""https://apply.usastaffing.gov/ViewQuestionnaire/13070446""]",True,True,2026-10-07
885600700,"[""https://apply.usastaffing.gov/ViewQuestionnaire/13060398""]",True,True,2026-10-07
885601500,"[""https://apply.usastaffing.gov/ViewQuestionnaire/13069211""]",True,True,2026-10-07
885602200,"[""https://apply.usastaffing.gov/ViewQuestionnaire/13069237""]",True,True,2026-10-07
885603000,"[""https://apply.usastaffing.gov/ViewQuestionnaire/13069076""]",True,True,2026-10-07
885603600,"[""https://apply.usastaffing.gov/ViewQuestionnaire/13068263""]",True,True,2026-10-07
885604100,"[""https://apply.usastaffing.gov/ViewQuestionnaire/13069132""]",True,True,2026-10-07
885604900,[],True,True,2026-10-07
885605800,"[""https://apply.usastaffing.gov/ViewQuestionnaire/13065403""]",True,True,2026-10-07
885606000,"[""https://apply.usastaffing.gov/ViewQuestionnaire/13070543""]",True,True,2026-10-07
885606800,[],False,True,2026-10-07
885610500,"[""https://apply.usastaffing.gov/ViewQuestionnaire/13066839""]",True,True,2026-10-07
885611700,"[""https://apply.usastaffing.gov/ViewQuestionnaire/13069271""]",True,True,2026-10-07
885611800,"[""https://apply.usastaffing.gov/ViewQuestionnaire/13066929""]",True,True,2026-10-07
885613300,"[""https://apply.usastaffing.gov/ViewQuestionnaire/13067003""]",True,True,2026-10-07
885613800,"[""https://apply.usastaffing.gov/ViewQuestionnaire/13067049""]",True,True,2026-10-07
885614000,"[""https://apply.usastaffing.gov/ViewQuestionnaire/13069238""]",True,True,2026-10-07
885614500,[],True,False,2026-10-07
885615000,"[""https://apply.usastaffing.gov/ViewQuestionnaire/13067323""]",True,True,2026-10-07
885615400,"[""https://apply.usastaffing.gov/ViewQuestionnaire/13067350""]",True,True,2026-10-07
885616300,"[""https://apply.usastaffing.gov/ViewQuestionnaire/13070321""]",True,True,2026-10-07
885616700,"[""https://apply.usastaffing.gov/ViewQuestionnaire/13066000""]",True,True,2026-10-07
885618700,[],True,False,2026-10-07
885619300,"[""https://apply.usastaffing.gov/ViewQuestionnaire/13070097""]",True,True,2026-10-07
885619600,"[""https://apply.usastaffing.gov/ViewQuestionnaire/13070597""]",True,True,2026-10-07
885619700,[],True,True,2026-10-07
885620000,[],True,True,2026-10-07
885620100,[],True,True,2026-10-07
885620300,"[""https://apply.usastaffing.gov/ViewQuestionnaire/13066500""]",True,True,2026-10-07
885620500,"[""https://apply.usastaffing.gov/ViewQuestionnaire/13069202""]",True,True,2026-10-07
885620600,"[""https://apply.usastaffing.gov/ViewQuestionnaire/13066913""]",True,True,2026-10-07
885620900,"[""https://apply.usastaffing.gov/ViewQuestionnaire/13069216""]",True,True,2026-10-07
885621700,"[""https://apply.usastaffing.gov/ViewQuestionnaire/13067689""]",True,True,2026-10-07
885622800,"[""https://apply.usastaffing.gov/ViewQuestionnaire/13066862""]",True,True,2026-10-07
885623100,"[""https://apply.usastaffing.gov/ViewQuestionnaire/13067046""]",True,True,2026-10-07
885624900,"[""https://apply.usastaffing.gov/ViewQuestionnaire/13064605""]",True,True,2026-10-07
885626700,"[""https://apply.usastaffing.gov/ViewQuestionnaire/13070538""]",True,True,2026-10-07
885627300,"[""https://apply.usastaffing.gov/ViewQuestionnaire/13070064""]",True,True,2026-10-07
885628400,"[""https://apply.usastaffing.gov/ViewQuestionnaire/13070065""]",True,True,2026-10-07
885628700,"[""https://apply.usastaffing.gov/ViewQuestionnaire/13069197""]",True,True,2026-10-07
885629300,"[""https://apply.usastaffing.gov/ViewQuestionnaire/13068139""]",True,True,2026-10-07
885629600,"[""https://apply.usastaffing.gov/ViewQuestionnaire/13069626""]",True,True,2026-10-07
885629700,"[""https://apply.usastaffing.gov/ViewQuestionnaire/13068227""]",True,True,2026-10-07
885631700,"[""https://apply.usastaffing.gov/ViewQuestionnaire/13049050""]",True,True,2026-10-07
885632500,"[""https://apply.usastaffing.gov/ViewQuestionnaire/13069619""]",True,True,2026-10-07
885633200,"[""https://apply.usastaffing.gov/ViewQuestionnaire/13070744""]",True,True,2026-10-07
885634300,"[""https://apply.usastaffing.gov/ViewQuestionnaire/13069620""]",True,True,2026-10-07
885635400,"[""https://apply.usastaffing.gov/ViewQuestionnaire/13070701""]",True,True,2026-10-07
885636500,[],True,True,2026-10-07
885637100,"[""https://apply.usastaffing.gov/ViewQuestionnaire/13049051""]",True,True,2026-10-07
885638900,"[""https://apply.usastaffing.gov/ViewQuestionnaire/13064602""]",True,True,2026-10-07
885639400,"[""https://apply.usastaffing.gov/ViewQuestionnaire/13070726""]",True,True,2026-10-07
885640100,"[""https://jobs.monstergovt.com/aoc/ros/rosDashboard.hms?O=1749&J=148619"", ""https://jobs.monstergovt.com/aoc/ros/rosDashboard.hms?O=1749&J=148619&S=1""]",True,False,2026-10-07
885641600,[],True,False,2026-10-07
885642000,[],True,True,2026-10-07
885643700,[],False,True,2026-10-07
885644700,[],True,True,2026-10-07
885646400,[],True,True,2026-10-07
885646800,[],True,False,2026-10-07
885647400,"[""https://apply.usastaffing.gov/ViewQuestionnaire/13069114""]",True,True,2026-10-07
885649400,[],False,False,2026-10-07
885650700,[],True,True,2026-10-07
885651200,"[""https://apply.usastaffing.gov/ViewQuestionnaire/13068518""]",True,True,2026-10-07
885651900,"[""https://apply.usastaffing.gov/ViewQuestionnaire/13070864""]",True,True,2026-10-07
885652600,[],True,True,2026-10-07
885653300,[],True,True,2026-10-07
885653500,[],False,False,2026-10-07
885653600,[],False,False,2026-10-07
885655200,"[""https://apply.usastaffing.gov/ViewQuestionnaire/13070867""]",True,True,2026-10-07
885655400,[],True,True,2026-10-07
885656000,"[""https://apply.usastaffing.gov/ViewQuestionnaire/13070899""]",True,True,2026-10-07
885656600,"[""https://apply.usastaffing.gov/ViewQuestionnaire/13070913""]",True,True,2026-10-07
885657000,"[""https://apply.usastaffing.gov/ViewQuestionnaire/13069793""]",True,True,2026-10-07
885658000,[],True,False,2026-10-07
885658100,[],False,False,2026-10-07
885660700,"[""https://apply.usastaffing.gov/ViewQuestionnaire/13070943""]",True,True,2026-10-07
885661700,"[""https://apply.usastaffing.gov/ViewQuestionnaire/13070949""]",True,True,2026-10-07
885663100,[],True,False,2026-10-07
885663600,"[""https://apply.usastaffing.gov/ViewQuestionnaire/13062536""]",True,True,2026-10-07
885664200,"[""https://apply.usastaffing.gov/ViewQuestionnaire/13060630""]",True,True,2026-10-07
885664800,"[""https://apply.usastaffing.gov/ViewQuestionnaire/13069820""]",True,True,2026-10-07
885665500,"[""https://apply.usastaffing.gov/ViewQuestionnaire/12976229""]",True,True,2026-10-07
885666100,"[""https://apply.usastaffing.gov/ViewQuestionnaire/13069236""]",True,True,2026-10-07
885669400,"[""https://apply.usastaffing.gov/ViewQuestionnaire/13068632""]",True,True,2026-10-07
885672100,"[""https://apply.usastaffing.gov/ViewQuestionnaire/13061349""]",True,True,2026-10-07
885673900,"[""https://apply.usastaffing.gov/ViewQuestionnaire/13070531""]",True,True,2026-10-07
885674000,"[""https://apply.usastaffing.gov/ViewQuestionnaire/13070742""]",True,True,2026-10-07
885674300,"[""https://apply.usastaffing.gov/ViewQuestionnaire/13068442""]",True,True,2026-10-07
885675700,"[""https://apply.usastaffing.gov/ViewQuestionnaire/13071000""]",True,True,2026-10-07
885675800,"[""https://apply.usastaffing.gov/ViewQuestionnaire/13067515""]",True,True,2026-10-07
885677000,"[""https://apply.usastaffing.gov/ViewQuestionnaire/13035184""]",True,True,2026-10-07
885677200,"[""https://jobs.monstergovt.com/loc/ros/rosDashboard.hms?O=1&J=27867"", ""https://jobs.monstergovt.com/loc/ros/rosDashboard.hms?O=1&J=27867&S=1""]",True,False,2026-10-07
885677600,"[""https://apply.usastaffing.gov/ViewQuestionnaire/13071006""]",True,True,2026-10-07
885678900,"[""https://apply.usastaffing.gov/ViewQuestionnaire/13069024""]",True,True,2026-10-07
885679300,"[""https://apply.usastaffing.gov/ViewQuestionnaire/13070953""]",True,True,2026-10-07
885679800,[],True,True,2026-10-07
885683800,[],True,False,2026-10-07
885685100,"[""https://apply.usastaffing.gov/ViewQuestionnaire/13067742""]",True,True,2026-10-07
885686500,[],True,False,2026-10-07
885686700,"[""https://apply.usastaffing.gov/ViewQuestionnaire/13069286""]",True,True,2026-10-07
885688700,[],True,False,2026-10-07
885688800,"[""https://apply.usastaffing.gov/ViewQuestionnaire/13069427""]",True,True,2026-10-07
885689800,[],True,False,2026-10-07
885690400,[],True,False,2026-10-07
885690600,"[""https://apply.usastaffing.gov/ViewQuestionnaire/13056505""]",True,True,2026-10-07
885690800,[],True,False,2026-10-07
885691200,[],True,False,2026-10-07
885692100,"[""https://apply.usastaffing.gov/ViewQuestionnaire/13070646""]",True,True,2026-10-07
885692300,[],True,False,2026-10-07
885693800,"[""https://apply.usastaffing.gov/ViewQuestionnaire/13067894""]",True,True,2026-10-07
885694600,"[""https://apply.usastaffing.gov/ViewQuestionnaire/13055551""]",True,True,2026-10-07
885696000,"[""https://apply.usastaffing.gov/ViewQuestionnaire/13067247""]",True,True,2026-10-07
885698000,"[""https://apply.usastaffing.gov/ViewQuestionnaire/13071117""]",True,True,2026-10-07
885699700,"[""https://apply.usastaffing.gov/ViewQuestionnaire/13069404""]",True,True,2026-10-07
885700000,"[""https://apply.usastaffing.gov/ViewQuestionnaire/13068929""]",True,True,2026-10-07
885700900,[],True,True,2026-10-07
885704500,"[""https://apply.usastaffing.gov/ViewQuestionnaire/13055287""]",True,True,2026-10-07
885706000,"[""https://apply.usastaffing.gov/ViewQuestionnaire/13071105""]",True,True,2026-10-07
885706300,"[""https://apply.usastaffing.gov/ViewQuestionnaire/13065560""]",True,True,2026-10-07
885706600,"[""https://apply.usastaffing.gov/ViewQuestionnaire/13066182""]",True,True,2026-10-07
885708400,"[""https://apply.usastaffing.gov/ViewQuestionnaire/13071213""]",True,True,2026-10-07
885709200,"[""https://apply.usastaffing.gov/ViewQuestionnaire/13064189""]",True,True,2026-10-07
885709300,"[""https://apply.usastaffing.gov/ViewQuestionnaire/13067830""]",True,True,2026-10-07
885710400,"[""https://apply.usastaffing.gov/ViewQuestionnaire/13062837""]",True,True,2026-10-07
885710500,"[""https://apply.usastaffing.gov/ViewQuestionnaire/13071270""]",True,True,2026-10-07
885712000,"[""https://apply.usastaffing.gov/ViewQuestionnaire/13061270""]",True,True,2026-10-07
885713900,"[""https://apply.usastaffing.gov/ViewQuestionnaire/13071265""]",True,True,2026-10-07
885715200,"[""https://apply.usastaffing.gov/ViewQuestionnaire/13051835""]",True,True,2026-10-07
885715500,"[""https://apply.usastaffing.gov/ViewQuestionnaire/13070749""]",True,True,2026-10-07
885716700,[],True,False,2026-10-07
885716800,"[""https://apply.usastaffing.gov/ViewQuestionnaire/13071283""]",True,True,2026-10-07
885717300,[],True,True,2026-10-07
885717700,"[""https://apply.usastaffing.gov/ViewQuestionnaire/13060728""]",True,True,2026-10-07
885718200,[],False,True,2026-10-07
885718900,"[""https://apply.usastaffing.gov/ViewQuestionnaire/13070180""]",True,True,2026-10-07
885720600,[],True,False,2026-10-07
885721100,"[""https://apply.usastaffing.gov/ViewQuestionnaire/13068945""]",True,True,2026-10-07
885721200,[],True,False,2026-10-07
885721600,[],True,True,2026-10-07
885721700,"[""https://apply.usastaffing.gov/ViewQuestionnaire/13071172""]",True,True,2026-10-07
885722500,"[""https://apply.usastaffing.gov/ViewQuestionnaire/13051484""]",True,True,2026-10-07
885722700,[],True,True,2026-10-07
885723300,"[""https://jobs.monstergovt.com/fdic/ros/rosDashboard.hms?O=1&J=74632"", ""https://jobs.monstergovt.com/fdic/ros/rosDashboard.hms?O=1&J=74632&S=1""]",True,False,2026-10-07
885723700,"[""https://jobs.monstergovt.com/fdic/ros/rosDashboard.hms?O=1&J=74633"", ""https://jobs.monstergovt.com/fdic/ros/rosDashboard.hms?O=1&J=74633&S=1""]",True,False,2026-10-07
885724300,"[""https://apply.usastaffing.gov/ViewQuestionnaire/13060365""]",True,True,2026-10-07
885724400,[],True,True,2026-10-07
885724500,[],True,False,2026-10-07
885727600,"[""https://apply.usastaffing.gov/ViewQuestionnaire/13071340""]",True,True,2026-10-07
885728100,[],True,False,2026-10-07
885728200,"[""https://apply.usastaffing.gov/ViewQuestionnaire/13057326""]",True,True,2026-10-07
885728400,[],True,True,2026-10-07
885729400,[],True,True,2026-10-07
885730500,"[""https://apply.usastaffing.gov/ViewQuestionnaire/13069589""]",True,True,2026-10-07
885730900,"[""https://apply.usastaffing.gov/ViewQuestionnaire/13069586""]",True,True,2026-10-07
885731100,"[""https://apply.usastaffing.gov/ViewQuestionnaire/13069884""]",True,True,2026-10-07
885731500,"[""https://apply.usastaffing.gov/ViewQuestionnaire/13067269""]",True,True,2026-10-07
885732800,"[""https://apply.usastaffing.gov/ViewQuestionnaire/11663648""]",True,True,2026-10-07
885733400,"[""https://apply.usastaffing.gov/ViewQuestionnaire/13069526""]",True,True,2026-10-07
885733600,"[""https://apply.usastaffing.gov/ViewQuestionnaire/13071314""]",True,True,2026-10-07
885734400,[],True,True,2026-10-07
885736200,"[""https://apply.usastaffing.gov/ViewQuestionnaire/13069806""]",True,True,2026-10-07
885736600,"[""https://apply.usastaffing.gov/ViewQuestionnaire/13064971""]",True,True,2026-10-07
885737100,"[""https://apply.usastaffing.gov/ViewQuestionnaire/13071393""]",True,True,2026-10-07
885738500,"[""https://apply.usastaffing.gov/ViewQuestionnaire/13071294""]",True,True,2026-10-07
885738600,"[""https://apply.usastaffing.gov/ViewQuestionnaire/13071231""]",True,True,2026-10-07
885742200,[],True,True,2026-10-07
885742600,"[""https://apply.usastaffing.gov/ViewQuestionnaire/13071385""]",True,True,2026-10-07
885743600,"[""https://apply.usastaffing.gov/ViewQuestionnaire/13068372""]",True,True,2026-10-07
885746000,"[""https://jobs.monstergovt.com/loc/ros/rosDashboard.hms?O=1&J=27871"", ""https://jobs.monstergovt.com/loc/ros/rosDashboard.hms?O=1&J=27871&S=1""]",True,False,2026-10-07
885747400,[],True,True,2026-10-07
885748300,"[""https://apply.usastaffing.gov/ViewQuestionnaire/13070678""]",True,True,2026-10-07
885749600,[],True,True,2026-10-07
885749700,"[""https://apply.usastaffing.gov/ViewQuestionnaire/13071384""]",True,True,2026-10-07
885750900,"[""https://apply.usastaffing.gov/ViewQuestionnaire/13069161""]",True,True,2026-10-07
885751200,[],True,True,2026-10-07
885751900,"[""https://apply.usastaffing.gov/ViewQuestionnaire/13071243""]",True,True,2026-10-07
885752500,[],True,True,2026-10-07
885754300,"[""https://apply.usastaffing.gov/ViewQuestionnaire/13071275""]",True,True,2026-10-07
885755900,"[""https://apply.usastaffing.gov/ViewQuestionnaire/13067399""]",True,True,2026-10-07
885756100,"[""https://apply.usastaffing.gov/ViewQuestionnaire/13070015""]",True,True,2026-10-07
885756200,[],True,False,2026-10-07
885756500,[],True,True,2026-10-07
885757600,"[""https://apply.usastaffing.gov/ViewQuestionnaire/13069939""]",True,True,2026-10-07
885758900,"[""https://apply.usastaffing.gov/ViewQuestionnaire/13071464""]",True,True,2026-10-07
885759000,"[""https://apply.usastaffing.gov/ViewQuestionnaire/13071410""]",True,True,2026-10-07
885759100,[],True,False,2026-10-07
885759200,[],True,True,2026-10-07
885759600,"[""https://apply.usastaffing.gov/ViewQuestionnaire/13071320""]",True,True,2026-10-07
885760000,[],True,True,2026-10-07
885760100,[],True,True,2026-10-07
885762000,[],True,False,2026-10-07
885762700,"[""https://apply.usastaffing.gov/ViewQuestionnaire/13068252""]",True,True,2026-10-07
885762900,[],True,True,2026-10-07
885763400,"[""https://apply.usastaffing.gov/ViewQuestionnaire/13071551""]",True,True,2026-10-07
885764900,[],True,True,2026-10-07
885765800,"[""https://apply.usastaffing.gov/ViewQuestionnaire/13061377""]",True,True,2026-10-07
885766700,"[""https://apply.usastaffing.gov/ViewQuestionnaire/13035834""]",True,True,2026-10-07
885766900,[],True,True,2026-10-07
885768400,"[""https://apply.usastaffing.gov/ViewQuestionnaire/13041258""]",True,True,2026-10-07
885768800,"[""https://apply.usastaffing.gov/ViewQuestionnaire/13071506""]",True,True,2026-10-07
885769900,"[""https://apply.usastaffing.gov/ViewQuestionnaire/13069357""]",True,True,2026-10-07
885771100,"[""https://apply.usastaffing.gov/ViewQuestionnaire/13055151""]",True,True,2026-10-07
885771400,"[""https://apply.usastaffing.gov/ViewQuestionnaire/13057652""]",True,True,2026-10-07
885771800,"[""https://apply.usastaffing.gov/ViewQuestionnaire/13059240""]",True,True,2026-10-07
885771900,[],True,True,2026-10-07
885772000,[],True,True,2026-10-07
885772200,"[""https://apply.usastaffing.gov/ViewQuestionnaire/13062808""]",True,True,2026-10-07
885772600,[],True,True,2026-10-07
885772700,"[""https://apply.usastaffing.gov/ViewQuestionnaire/13064117""]",True,True,2026-10-07
885773000,"[""https://apply.usastaffing.gov/ViewQuestionnaire/13067087""]",True,True,2026-10-07
885773800,"[""https://apply.usastaffing.gov/ViewQuestionnaire/13064142""]",True,True,2026-10-07
885773900,"[""https://apply.usastaffing.gov/ViewQuestionnaire/13044096""]",True,True,2026-10-07
885774700,"[""https://apply.usastaffing.gov/ViewQuestionnaire/13071624""]",True,True,2026-10-07
885775500,"[""https://apply.usastaffing.gov/ViewQuestionnaire/13064143""]",True,True,2026-10-07
885775700,[],False,False,2026-10-07
885775800,"[""https://apply.usastaffing.gov/ViewQuestionnaire/13071592""]",True,True,2026-10-07
885776500,"[""https://apply.usastaffing.gov/ViewQuestionnaire/13071593""]",True,True,2026-10-07
885777500,"[""https://apply.usastaffing.gov/ViewQuestionnaire/13071375""]",True,True,2026-10-07
885778000,"[""https://apply.usastaffing.gov/ViewQuestionnaire/13071675""]",True,True,2026-10-07
885778900,"[""https://apply.usastaffing.gov/ViewQuestionnaire/13071368""]",True,True,2026-10-07
885780200,"[""https://apply.usastaffing.gov/ViewQuestionnaire/13066917""]",True,True,2026-10-07
885780500,"[""https://apply.usastaffing.gov/ViewQuestionnaire/13071350""]",True,True,2026-10-07
885781600,[],True,True,2026-10-07
885782100,"[""https://apply.usastaffing.gov/ViewQuestionnaire/13061717""]",True,True,2026-10-07
885782300,"[""https://apply.usastaffing.gov/ViewQuestionnaire/13068117""]",True,True,2026-10-07
885783100,"[""https://apply.usastaffing.gov/ViewQuestionnaire/13069669""]",True,True,2026-10-07
885783600,"[""https://apply.usastaffing.gov/ViewQuestionnaire/13071720""]",True,True,2026-10-07
885784800,[],True,False,2026-10-07
885785200,"[""https://apply.usastaffing.gov/ViewQuestionnaire/13070031""]",True,True,2026-10-07
885785500,"[""https://apply.usastaffing.gov/ViewQuestionnaire/13062885""]",True,True,2026-10-07
885785700,[],True,True,2026-10-07
885786200,"[""https://apply.usastaffing.gov/ViewQuestionnaire/13071518""]",True,True,2026-10-07
885787400,"[""https://apply.usastaffing.gov/ViewQuestionnaire/13065290""]",True,True,2026-10-07
885788200,"[""https://apply.usastaffing.gov/ViewQuestionnaire/13070377""]",True,True,2026-10-07
885788500,"[""https://apply.usastaffing.gov/ViewQuestionnaire/13071713""]",True,True,2026-10-07
885789300,[],True,True,2026-10-07
885789500,"[""https://apply.usastaffing.gov/ViewQuestionnaire/13071458""]",True,True,2026-10-07
885790100,"[""https://apply.usastaffing.gov/ViewQuestionnaire/13059762""]",True,True,2026-10-07
885790500,"[""https://apply.usastaffing.gov/ViewQuestionnaire/13056728""]",True,True,2026-10-07
885792800,"[""https://apply.usastaffing.gov/ViewQuestionnaire/13068798""]",True,True,2026-10-07
885793400,"[""https://apply.usastaffing.gov/ViewQuestionnaire/13066479""]",True,True,2026-10-07
885793600,"[""https://apply.usastaffing.gov/ViewQuestionnaire/13067816""]",True,True,2026-10-07
885793700,"[""https://jobs.monstergovt.com/aoc/ros/rosDashboard.hms?O=1749&J=148634"", ""https://jobs.monstergovt.com/aoc/ros/rosDashboard.hms?O=1749&J=148634&S=1""]",True,False,2026-10-07
885793800,[],True,True,2026-10-07
885794500,"[""https://jobs.monstergovt.com/gsa/ros/rosDashboard.hms?O=1&J=112791"", ""https://jobs.monstergovt.com/gsa/ros/rosDashboard.hms?O=1&J=112791&S=1""]",True,False,2026-10-07
885794800,"[""https://apply.usastaffing.gov/ViewQuestionnaire/13071690""]",True,True,2026-10-07
885795000,"[""https://apply.usastaffing.gov/ViewQuestionnaire/13066089""]",True,True,2026-10-07
885795700,"[""https://apply.usastaffing.gov/ViewQuestionnaire/13066132""]",True,True,2026-10-07
885796100,"[""https://apply.usastaffing.gov/ViewQuestionnaire/13067659""]",True,True,2026-10-07
885796200,"[""https://apply.usastaffing.gov/ViewQuestionnaire/13071663""]",True,True,2026-10-07
885796300,"[""https://apply.usastaffing.gov/ViewQuestionnaire/13070832""]",True,True,2026-10-07
885796400,"[""https://apply.usastaffing.gov/ViewQuestionnaire/13067961""]",True,True,2026-10-07
885797200,"[""https://apply.usastaffing.gov/ViewQuestionnaire/13069920""]",True,True,2026-10-07
885797600,"[""https://apply.usastaffing.gov/ViewQuestionnaire/13067427""]",True,True,2026-10-07
885797700,"[""https://apply.usastaffing.gov/ViewQuestionnaire/13067764""]",True,True,2026-10-07
885798600,[],True,True,2026-10-07
885800300,"[""https://apply.usastaffing.gov/ViewQuestionnaire/13067246""]",True,True,2026-10-07
885800500,"[""https://apply.usastaffing.gov/ViewQuestionnaire/13066445""]",True,True,2026-10-07
885801100,"[""https://jobs.monstergovt.com/aoc/ros/rosDashboard.hms?O=1749&J=148636"", ""https://jobs.monstergovt.com/aoc/ros/rosDashboard.hms?O=1749&J=148636&S=1""]",True,False,2026-10-07
885801200,[],True,False,2026-10-07
885801300,"[""https://apply.usastaffing.gov/ViewQuestionnaire/13067793""]",True,True,2026-10-07
885801700,"[""https://apply.usastaffing.gov/ViewQuestionnaire/13071007""]",True,True,2026-10-07
885801900,"[""https://apply.usastaffing.gov/ViewQuestionnaire/13069203""]",True,True,2026-10-07
885803600,"[""https://apply.usastaffing.gov/ViewQuestionnaire/13067378""]",True,True,2026-10-07
885804200,[],True,True,2026-10-07
885805100,"[""https://apply.usastaffing.gov/ViewQuestionnaire/13071870""]",True,True,2026-10-07
885805400,"[""https://apply.usastaffing.gov/ViewQuestionnaire/13069959""]",True,True,2026-10-07
885805500,"[""https://apply.usastaffing.gov/ViewQuestionnaire/13066136""]",True,True,2026-10-07
885805800,[],True,True,2026-10-07
885807200,"[""https://apply.usastaffing.gov/ViewQuestionnaire/13068342""]",True,True,2026-10-07
885808900,[],True,True,2026-10-07
885809300,"[""https://jobs.monstergovt.com/aoc/ros/rosDashboard.hms?O=1749&J=148637"", ""https://jobs.monstergovt.com/aoc/ros/rosDashboard.hms?O=1749&J=148637&S=1""]",True,False,2026-10-07
885810700,"[""https://apply.usastaffing.gov/ViewQuestionnaire/13065384""]",True,True,2026-10-07
885812200,"[""https://apply.usastaffing.gov/ViewQuestionnaire/13067786""]",True,True,2026-10-07
885812400,"[""https://apply.usastaffing.gov/ViewQuestionnaire/13057706""]",True,True,2026-10-07
885812700,[],True,True,2026-10-07
885813600,[],True,False,2026-10-07
885814000,[],True,True,2026-10-07
885817700,"[""https://apply.usastaffing.gov/ViewQuestionnaire/13054782""]",True,True,2026-10-07
885818600,"[""https://apply.usastaffing.gov/ViewQuestionnaire/13071949""]",True,True,2026-10-07
885818900,[],True,True,2026-10-07
885819100,"[""https://apply.usastaffing.gov/ViewQuestionnaire/13071652""]",True,True,2026-10-07
885819900,"[""https://apply.usastaffing.gov/ViewQuestionnaire/13062239""]",True,True,2026-10-07
885820200,"[""https://apply.usastaffing.gov/ViewQuestionnaire/13071109""]",True,True,2026-10-07
885821200,"[""https://apply.usastaffing.gov/ViewQuestionnaire/13064197""]",True,True,2026-10-07
885821600,"[""https://apply.usastaffing.gov/ViewQuestionnaire/13071497""]",True,True,2026-10-07
885821700,"[""https://apply.usastaffing.gov/ViewQuestionnaire/13071659""]",True,True,2026-10-07
885822900,"[""https://apply.usastaffing.gov/ViewQuestionnaire/13071703""]",True,True,2026-10-07
885824800,[],True,True,2026-10-07
885825100,[],True,True,2026-10-07
885825500,[],True,True,2026-10-07
885825600,[],True,True,2026-10-07
885825700,[],True,True,2026-10-07
885825800,[],False,True,2026-10-07
885826000,[],True,True,2026-10-07
885826200,"[""https://apply.usastaffing.gov/ViewQuestionnaire/13071835""]",True,True,2026-10-07
885826300,"[""https://apply.usastaffing.gov/ViewQuestionnaire/13059386""]",True,True,2026-10-07
885826700,"[""https://apply.usastaffing.gov/ViewQuestionnaire/13067175""]",True,True,2026-10-07
885827000,"[""https://apply.usastaffing.gov/ViewQuestionnaire/13071767""]",True,True,2026-10-07
885827200,"[""https://apply.usastaffing.gov/ViewQuestionnaire/13071986""]",True,True,2026-10-07
885829000,[],True,True,2026-10-07
885829300,"[""https://apply.usastaffing.gov/ViewQuestionnaire/13068283""]",True,True,2026-10-07
885830500,"[""https://apply.usastaffing.gov/ViewQuestionnaire/13071307""]",True,True,2026-10-07
885831100,"[""https://apply.usastaffing.gov/ViewQuestionnaire/13071793""]",True,True,2026-10-07
885833100,"[""https://apply.usastaffing.gov/ViewQuestionnaire/13070990""]",True,True,2026-10-07
885833300,"[""https://apply.usastaffing.gov/ViewQuestionnaire/13071808""]",True,True,2026-10-07
885834300,[],True,True,2026-10-07
885836100,[],True,False,2026-10-07
885836400,"[""https://apply.usastaffing.gov/ViewQuestionnaire/13068598""]",True,True,2026-10-07
885837500,"[""https://apply.usastaffing.gov/ViewQuestionnaire/13070561""]",True,True,2026-10-07
885838300,[],True,True,2026-10-07
885838400,[],True,True,2026-10-07
885838500,"[""https://apply.usastaffing.gov/ViewQuestionnaire/13068607""]",True,True,2026-10-07
885839300,"[""https://apply.usastaffing.gov/ViewQuestionnaire/13072065""]",True,True,2026-10-07
885839500,"[""https://apply.usastaffing.gov/ViewQuestionnaire/13066390""]",True,True,2026-10-07
885839800,[],True,False,2026-10-07
885840600,"[""https://apply.usastaffing.gov/ViewQuestionnaire/13056559""]",True,True,2026-10-07
885840700,"[""https://apply.usastaffing.gov/ViewQuestionnaire/13067189""]",True,True,2026-10-07
885841200,"[""https://apply.usastaffing.gov/ViewQuestionnaire/13067598""]",True,True,2026-10-07
885841500,"[""https://apply.usastaffing.gov/ViewQuestionnaire/13072055""]",True,True,2026-10-07
885841600,"[""https://apply.usastaffing.gov/ViewQuestionnaire/13067710""]",True,True,2026-10-07
885841900,"[""https://apply.usastaffing.gov/ViewQuestionnaire/13071985""]",True,True,2026-10-07
885842200,"[""https://apply.usastaffing.gov/ViewQuestionnaire/13072010""]",True,True,2026-10-07
885842800,"[""https://apply.usastaffing.gov/ViewQuestionnaire/13067777""]",True,True,2026-10-07
885842900,[],True,True,2026-10-07
885843100,"[""https://apply.usastaffing.gov/ViewQuestionnaire/13067943""]",True,True,2026-10-07
885843500,[],True,False,2026-10-07
885843700,"[""https://apply.usastaffing.gov/ViewQuestionnaire/13071881""]",True,True,2026-10-07
885843800,"[""https://jobs.monstergovt.com/aoc/ros/rosDashboard.hms?O=1749&J=148635"", ""https://jobs.monstergovt.com/aoc/ros/rosDashboard.hms?O=1749&J=148635&S=1""]",True,False,2026-10-07
885844100,[],True,True,2026-10-07
885846000,"[""https://apply.usastaffing.gov/ViewQuestionnaire/13072102""]",True,True,2026-10-07
885846300,"[""https://apply.usastaffing.gov/ViewQuestionnaire/13061749""]",True,True,2026-10-07
885847800,[],True,True,2026-10-07
885848000,"[""https://apply.usastaffing.gov/ViewQuestionnaire/13069455""]",True,True,2026-10-07
885848400,"[""https://apply.usastaffing.gov/ViewQuestionnaire/13069456""]",True,True,2026-10-07
885848900,"[""https://apply.usastaffing.gov/ViewQuestionnaire/13069726""]",True,True,2026-10-07
885849200,"[""https://apply.usastaffing.gov/ViewQuestionnaire/13070888""]",True,True,2026-10-07
885849800,"[""https://jobs.monstergovt.com/aoc/ros/rosDashboard.hms?O=1749&J=148631"", ""https://jobs.monstergovt.com/aoc/ros/rosDashboard.hms?O=1749&J=148631&S=1""]",True,False,2026-10-07
885850300,"[""https://apply.usastaffing.gov/ViewQuestionnaire/13071860""]",True,True,2026-10-07
885850800,"[""https://apply.usastaffing.gov/ViewQuestionnaire/13069342""]",True,True,2026-10-07
885851700,[],True,True,2026-10-07
885852200,"[""https://apply.usastaffing.gov/ViewQuestionnaire/13072112""]",True,True,2026-10-07
885852500,"[""https://apply.usastaffing.gov/ViewQuestionnaire/13072124""]",True,True,2026-10-07
885853300,"[""https://apply.usastaffing.gov/ViewQuestionnaire/13065936""]",True,True,2026-10-07
885853500,"[""https://apply.usastaffing.gov/ViewQuestionnaire/13068143""]",True,True,2026-10-07
885854000,"[""https://apply.usastaffing.gov/ViewQuestionnaire/13072123""]",True,True,2026-10-07
885856000,"[""https://apply.usastaffing.gov/ViewQuestionnaire/13071936""]",True,True,2026-10-07
885856400,"[""https://apply.usastaffing.gov/ViewQuestionnaire/13064223""]",True,True,2026-10-07
885857200,"[""https://apply.usastaffing.gov/ViewQuestionnaire/13070919""]",True,True,2026-10-07
885858200,"[""https://apply.usastaffing.gov/ViewQuestionnaire/13069716""]",True,True,2026-10-07
885858600,"[""https://apply.usastaffing.gov/ViewQuestionnaire/13070906""]",True,True,2026-10-07
885859600,"[""https://apply.usastaffing.gov/ViewQuestionnaire/13072185""]",True,True,2026-10-07
885860800,[],False,False,2026-10-07
885861400,[],False,False,2026-10-07
885861500,[],True,True,2026-10-07
885862500,"[""https://jobs.monstergovt.com/fdic/ros/rosDashboard.hms?O=1&J=74619"", ""https://jobs.monstergovt.com/fdic/ros/rosDashboard.hms?O=1&J=74619&S=1""]",True,False,2026-10-07
885863600,"[""https://apply.usastaffing.gov/ViewQuestionnaire/13068676""]",True,True,2026-10-07
885864100,"[""https://apply.usastaffing.gov/ViewQuestionnaire/13070947""]",True,True,2026-10-07
885865100,"[""https://apply.usastaffing.gov/ViewQuestionnaire/13057088""]",True,True,2026-10-07
885868500,"[""https://apply.usastaffing.gov/ViewQuestionnaire/13069941""]",True,True,2026-10-07
885869700,"[""https://apply.usastaffing.gov/ViewQuestionnaire/13072020""]",True,True,2026-10-07
885870900,[],False,False,2026-10-07
885873100,"[""https://apply.usastaffing.gov/ViewQuestionnaire/13060651""]",True,True,2026-10-07
885874200,"[""https://apply.usastaffing.gov/ViewQuestionnaire/13070612""]",True,True,2026-10-07
885874300,"[""https://apply.usastaffing.gov/ViewQuestionnaire/13068938""]",True,True,2026-10-07
885874900,"[""https://apply.usastaffing.gov/ViewQuestionnaire/13057629""]",True,True,2026-10-07
885875700,"[""https://apply.usastaffing.gov/ViewQuestionnaire/13071013""]",True,True,2026-10-07
885876500,"[""https://apply.usastaffing.gov/ViewQuestionnaire/13069350""]",True,True,2026-10-07
885876800,"[""https://apply.usastaffing.gov/ViewQuestionnaire/13062188""]",True,True,2026-10-07
885877200,"[""https://apply.usastaffing.gov/ViewQuestionnaire/13071014""]",True,True,2026-10-07
885879000,"[""https://apply.usastaffing.gov/ViewQuestionnaire/13061474""]",True,True,2026-10-07
885879100,"[""https://apply.usastaffing.gov/ViewQuestionnaire/13069958""]",True,True,2026-10-07
885881300,"[""https://apply.usastaffing.gov/ViewQuestionnaire/13072292""]",True,True,2026-10-07
885881700,"[""https://apply.usastaffing.gov/ViewQuestionnaire/13066543""]",True,True,2026-10-07
885882100,"[""https://apply.usastaffing.gov/ViewQuestionnaire/13068138""]",True,True,2026-10-07
885883300,[],True,True,2026-10-07
885883900,"[""https://apply.usastaffing.gov/ViewQuestionnaire/13071039""]",True,True,2026-10-07
885885000,[],True,True,2026-10-07
885885600,"[""https://apply.usastaffing.gov/ViewQuestionnaire/13072272""]",True,True,2026-10-07
885885900,"[""https://jobs.monstergovt.com/dot/ros/rosDashboard.hms?O=2&J=92953"", ""https://jobs.monstergovt.com/dot/ros/rosDashboard.hms?O=2&J=92953&S=1""]",True,False,2026-10-07
885886200,"[""https://apply.usastaffing.gov/ViewQuestionnaire/13072329""]",True,True,2026-10-07
885886400,"[""https://apply.usastaffing.gov/ViewQuestionnaire/13067457""]",True,True,2026-10-07
885886500,"[""https://apply.usastaffing.gov/ViewQuestionnaire/13069597""]",True,True,2026-10-07
885886600,"[""https://apply.usastaffing.gov/ViewQuestionnaire/13071601""]",True,True,2026-10-07
885886700,"[""https://apply.usastaffing.gov/ViewQuestionnaire/13067481""]",True,True,2026-10-07
885887700,"[""https://apply.usastaffing.gov/ViewQuestionnaire/13069040""]",True,True,2026-10-07
885887900,[],True,False,2026-10-07
885888000,"[""https://apply.usastaffing.gov/ViewQuestionnaire/13070824""]",True,True,2026-10-07
885888900,"[""https://apply.usastaffing.gov/ViewQuestionnaire/13066836""]",True,True,2026-10-07
885890100,"[""https://apply.usastaffing.gov/ViewQuestionnaire/13071488""]",True,True,2026-10-07
885890300,"[""https://apply.usastaffing.gov/ViewQuestionnaire/13069344""]",True,True,2026-10-07
885890600,"[""https://apply.usastaffing.gov/ViewQuestionnaire/13072217""]",True,True,2026-10-07
885892200,"[""https://jobs.monstergovt.com/hment/ros/rosDashboard.hms?O=1&J=55014"", ""https://jobs.monstergovt.com/hment/ros/rosDashboard.hms?O=1&J=55014&S=1""]",True,False,2026-10-07
885893100,"[""https://apply.usastaffing.gov/ViewQuestionnaire/13072355""]",True,True,2026-10-07
885894000,"[""https://apply.usastaffing.gov/ViewQuestionnaire/13065628""]",True,True,2026-10-07
885895100,"[""https://apply.usastaffing.gov/ViewQuestionnaire/13065627""]",True,True,2026-10-07
885896200,"[""https://apply.usastaffing.gov/ViewQuestionnaire/13061762""]",True,True,2026-10-07
885896800,"[""https://apply.usastaffing.gov/ViewQuestionnaire/13066167""]",True,True,2026-10-07
885897000,"[""https://apply.usastaffing.gov/ViewQuestionnaire/13072341""]",True,True,2026-10-07
885897500,"[""https://apply.usastaffing.gov/ViewQuestionnaire/13071062""]",True,True,2026-10-07
885898700,"[""https://apply.usastaffing.gov/ViewQuestionnaire/13072366""]",True,True,2026-10-07
885899000,[],True,True,2026-10-07
885899100,"[""https://apply.usastaffing.gov/ViewQuestionnaire/13071588""]",True,True,2026-10-07
885899300,[],True,False,2026-10-07
885900800,"[""https://apply.usastaffing.gov/ViewQuestionnaire/13072383""]",True,True,2026-10-07
885901100,"[""https://apply.usastaffing.gov/ViewQuestionnaire/13067997""]",True,True,2026-10-07
885901800,"[""https://apply.usastaffing.gov/ViewQuestionnaire/13060142""]",True,True,2026-10-07
885901900,"[""https://apply.usastaffing.gov/ViewQuestionnaire/13058637""]",True,True,2026-10-07
885902100,"[""https://apply.usastaffing.gov/ViewQuestionnaire/13060112""]",True,True,2026-10-07
885902300,"[""https://apply.usastaffing.gov/ViewQuestionnaire/13060115""]",True,True,2026-10-07
885902400,"[""https://apply.usastaffing.gov/ViewQuestionnaire/13064916""]",True,True,2026-10-07
885902700,"[""https://apply.usastaffing.gov/ViewQuestionnaire/13060108""]",True,True,2026-10-07
885902800,"[""https://apply.usastaffing.gov/ViewQuestionnaire/13065390""]",True,True,2026-10-07
885903000,"[""https://apply.usastaffing.gov/ViewQuestionnaire/13058725""]",True,True,2026-10-07
885903300,"[""https://apply.usastaffing.gov/ViewQuestionnaire/13069172""]",True,True,2026-10-07
885903400,[],True,True,2026-10-07
885903500,"[""https://apply.usastaffing.gov/ViewQuestionnaire/13058645""]",True,True,2026-10-07
885903600,"[""https://apply.usastaffing.gov/ViewQuestionnaire/13058647""]",True,True,2026-10-07
885903800,"[""https://apply.usastaffing.gov/ViewQuestionnaire/13058642""]",True,True,2026-10-07
885904200,"[""https://apply.usastaffing.gov/ViewQuestionnaire/13056224""]",True,True,2026-10-07
885904400,"[""https://apply.usastaffing.gov/ViewQuestionnaire/13060103""]",True,True,2026-10-07
885904700,"[""https://apply.usastaffing.gov/ViewQuestionnaire/13060104""]",True,True,2026-10-07
885905000,"[""https://apply.usastaffing.gov/ViewQuestionnaire/13060106""]",True,True,2026-10-07
885905200,"[""https://apply.usastaffing.gov/ViewQuestionnaire/13069175""]",True,True,2026-10-07
885905400,"[""https://apply.usastaffing.gov/ViewQuestionnaire/13060168""]",True,True,2026-10-07
885905900,"[""https://apply.usastaffing.gov/ViewQuestionnaire/13060117""]",True,True,2026-10-07
885906200,"[""https://apply.usastaffing.gov/ViewQuestionnaire/13069178""]",True,True,2026-10-07
885907100,"[""https://apply.usastaffing.gov/ViewQuestionnaire/13069180""]",True,True,2026-10-07
885907400,"[""https://apply.usastaffing.gov/ViewQuestionnaire/13070273""]",True,True,2026-10-07
885907600,[],True,True,2026-10-07
885907900,"[""https://apply.usastaffing.gov/ViewQuestionnaire/13069181""]",True,True,2026-10-07
885908800,"[""https://apply.usastaffing.gov/ViewQuestionnaire/13066972""]",True,True,2026-10-07
885909000,"[""https://apply.usastaffing.gov/ViewQuestionnaire/13070758""]",True,True,2026-10-07
885909100,"[""https://apply.usastaffing.gov/ViewQuestionnaire/13066974""]",True,True,2026-10-07
885910000,"[""https://apply.usastaffing.gov/ViewQuestionnaire/13069182""]",True,True,2026-10-07
885910100,"[""https://apply.usastaffing.gov/ViewQuestionnaire/13071523""]",True,True,2026-10-07
885910300,"[""https://apply.usastaffing.gov/ViewQuestionnaire/13072379""]",True,True,2026-10-07
885910500,"[""https://apply.usastaffing.gov/ViewQuestionnaire/13070297""]",True,True,2026-10-07
885910700,"[""https://apply.usastaffing.gov/ViewQuestionnaire/13072444""]",True,True,2026-10-07
885910800,"[""https://apply.usastaffing.gov/ViewQuestionnaire/13072386""]",True,True,2026-10-07
885911000,"[""https://apply.usastaffing.gov/ViewQuestionnaire/13067651""]",True,True,2026-10-07
885911100,"[""https://apply.usastaffing.gov/ViewQuestionnaire/13069186""]",True,True,2026-10-07
885911600,"[""https://apply.usastaffing.gov/ViewQuestionnaire/13064244""]",True,True,2026-10-07
885911700,"[""https://apply.usastaffing.gov/ViewQuestionnaire/13072339""]",True,True,2026-10-07
885912000,"[""https://apply.usastaffing.gov/ViewQuestionnaire/13067685""]",True,True,2026-10-07
885912200,"[""https://apply.usastaffing.gov/ViewQuestionnaire/13069187""]",True,True,2026-10-07
885912700,"[""https://apply.usastaffing.gov/ViewQuestionnaire/13068460""]",True,True,2026-10-07
885912800,"[""https://apply.usastaffing.gov/ViewQuestionnaire/13062647""]",True,True,2026-10-07
885913600,"[""https://apply.usastaffing.gov/ViewQuestionnaire/13067866""]",True,True,2026-10-07
885913800,"[""https://apply.usastaffing.gov/ViewQuestionnaire/13072324""]",True,True,2026-10-07
885913900,"[""https://apply.usastaffing.gov/ViewQuestionnaire/13071987""]",True,True,2026-10-07
885914200,"[""https://apply.usastaffing.gov/ViewQuestionnaire/13072447""]",True,True,2026-10-07
885915100,"[""https://apply.usastaffing.gov/ViewQuestionnaire/13071288""]",True,True,2026-10-07
885916200,"[""https://apply.usastaffing.gov/ViewQuestionnaire/13072443""]",True,True,2026-10-07
885919000,"[""https://apply.usastaffing.gov/ViewQuestionnaire/13072466""]",True,True,2026-10-07
885919200,"[""https://apply.usastaffing.gov/ViewQuestionnaire/13062438""]",True,True,2026-10-07
885919300,"[""https://apply.usastaffing.gov/ViewQuestionnaire/13062082""]",True,True,2026-10-07
885920000,"[""https://apply.usastaffing.gov/ViewQuestionnaire/13065242""]",True,True,2026-10-07
885920300,[],True,True,2026-10-07
885920500,"[""https://apply.usastaffing.gov/ViewQuestionnaire/13061890""]",True,True,2026-10-07
885920700,"[""https://apply.usastaffing.gov/ViewQuestionnaire/13071397""]",True,True,2026-10-07
885920900,"[""https://apply.usastaffing.gov/ViewQuestionnaire/13072516""]",True,True,2026-10-07
885921500,"[""https://apply.usastaffing.gov/ViewQuestionnaire/13072518""]",True,True,2026-10-07
885922800,"[""https://apply.usastaffing.gov/ViewQuestionnaire/13070517""]",True,True,2026-10-07
885923100,"[""https://apply.usastaffing.gov/ViewQuestionnaire/13065345""]",True,True,2026-10-07
885923200,"[""https://apply.usastaffing.gov/ViewQuestionnaire/13070077""]",True,True,2026-10-07
885923900,"[""https://apply.usastaffing.gov/ViewQuestionnaire/13071661""]",True,True,2026-10-07
885924300,[],False,True,2026-10-07
885924600,[],True,True,2026-10-07
885924700,"[""https://apply.usastaffing.gov/ViewQuestionnaire/13072569""]",True,True,2026-10-07
885924900,"[""https://apply.usastaffing.gov/ViewQuestionnaire/13071844""]",True,True,2026-10-07
885925200,"[""https://apply.usastaffing.gov/ViewQuestionnaire/13071188""]",True,True,2026-10-07
885925800,"[""https://apply.usastaffing.gov/ViewQuestionnaire/13070406""]",True,True,2026-10-07
885926300,[],True,True,2026-10-07
885926400,"[""https://apply.usastaffing.gov/ViewQuestionnaire/13072533""]",True,True,2026-10-07
885926500,"[""https://apply.usastaffing.gov/ViewQuestionnaire/13072404""]",True,True,2026-10-07
885927300,"[""https://apply.usastaffing.gov/ViewQuestionnaire/13071019""]",True,True,2026-10-07
885927800,"[""https://apply.usastaffing.gov/ViewQuestionnaire/13045462""]",True,True,2026-10-07
885928100,"[""https://apply.usastaffing.gov/ViewQuestionnaire/13039794""]",True,True,2026-10-07
885928500,[],True,True,2026-10-07
885929000,"[""https://apply.usastaffing.gov/ViewQuestionnaire/13069380""]",True,True,2026-10-07
885929200,[],True,True,2026-10-07
885929400,"[""https://apply.usastaffing.gov/ViewQuestionnaire/13065997""]",True,True,2026-10-07
885929800,"[""https://apply.usastaffing.gov/ViewQuestionnaire/13072539""]",True,True,2026-10-07
885930100,"[""https://apply.usastaffing.gov/ViewQuestionnaire/13070880""]",True,True,2026-10-07
885930900,"[""https://apply.usastaffing.gov/ViewQuestionnaire/13070881""]",True,True,2026-10-07
885931200,"[""https://apply.usastaffing.gov/ViewQuestionnaire/13066164""]",True,True,2026-10-07
885931800,"[""https://apply.usastaffing.gov/ViewQuestionnaire/13072564""]",True,True,2026-10-07
885932600,"[""https://apply.usastaffing.gov/ViewQuestionnaire/13072264""]",True,True,2026-10-07
885932700,[],True,True,2026-10-07
885933400,[],True,True,2026-10-07
885933800,"[""https://apply.usastaffing.gov/ViewQuestionnaire/13072023""]",True,True,2026-10-07
885934000,"[""https://apply.usastaffing.gov/ViewQuestionnaire/13069432""]",True,True,2026-10-07
885935000,[],True,True,2026-10-07
885935400,"[""https://apply.usastaffing.gov/ViewQuestionnaire/13072621""]",True,True,2026-10-07
885935900,"[""https://apply.usastaffing.gov/ViewQuestionnaire/13070000""]",True,True,2026-10-07
885936000,"[""https://apply.usastaffing.gov/ViewQuestionnaire/13072410""]",True,True,2026-10-07
885936800,"[""https://apply.usastaffing.gov/ViewQuestionnaire/13070251""]",True,True,2026-10-07
885937000,[],True,True,2026-10-07
885937500,"[""https://apply.usastaffing.gov/ViewQuestionnaire/13072458""]",True,True,2026-10-07
885937800,"[""https://apply.usastaffing.gov/ViewQuestionnaire/13071931""]",True,True,2026-10-07
885938500,"[""https://apply.usastaffing.gov/ViewQuestionnaire/13050200""]",True,True,2026-10-07
885938700,[],True,False,2026-10-07
885938900,"[""https://jobs.monstergovt.com/dos/ros/rosDashboard.hms?O=6&J=119345"", ""https://jobs.monstergovt.com/dos/ros/rosDashboard.hms?O=6&J=119345&S=1""]",True,False,2026-10-07
885940000,[],True,True,2026-10-07
885940400,"[""https://apply.usastaffing.gov/ViewQuestionnaire/13067021""]",True,True,2026-10-07
885940500,"[""https://apply.usastaffing.gov/ViewQuestionnaire/13070779""]",True,True,2026-10-07
885940600,"[""https://apply.usastaffing.gov/ViewQuestionnaire/13070802""]",True,True,2026-10-07
885940800,[],True,True,2026-10-07
885941400,"[""https://apply.usastaffing.gov/ViewQuestionnaire/13072572""]",True,True,2026-10-07
885943400,"[""https://apply.usastaffing.gov/ViewQuestionnaire/13072465""]",True,True,2026-10-07
885943700,"[""https://apply.usastaffing.gov/ViewQuestionnaire/13071524""]",True,True,2026-10-07
885944500,"[""https://jobs.monstergovt.com/dot/ros/rosDashboard.hms?O=2&J=92940"", ""https://jobs.monstergovt.com/dot/ros/rosDashboard.hms?O=2&J=92940&S=1""]",True,False,2026-10-07
885944900,"[""https://apply.usastaffing.gov/ViewQuestionnaire/13067589""]",True,True,2026-10-07
885947300,"[""https://jobs.monstergovt.com/dot/ros/rosDashboard.hms?O=2&J=92990"", ""https://jobs.monstergovt.com/dot/ros/rosDashboard.hms?O=2&J=92990&S=1""]",True,False,2026-10-07
885947600,"[""https://apply.usastaffing.gov/ViewQuestionnaire/13062893""]",True,True,2026-10-07
885948000,"[""https://apply.usastaffing.gov/ViewQuestionnaire/13072515""]",True,True,2026-10-07
885948500,[],True,True,2026-10-07
885949000,"[""https://apply.usastaffing.gov/ViewQuestionnaire/13071921""]",True,True,2026-10-07
885949100,[],True,True,2026-10-07
885949400,[],True,True,2026-10-07
885950100,"[""https://apply.usastaffing.gov/ViewQuestionnaire/13071194""]",True,True,2026-10-07
885951000,"[""https://apply.usastaffing.gov/ViewQuestionnaire/13068656""]",True,True,2026-10-07
885951300,"[""https://apply.usastaffing.gov/ViewQuestionnaire/13066755""]",True,True,2026-10-07
885951400,[],True,False,2026-10-07
885951900,"[""https://apply.usastaffing.gov/ViewQuestionnaire/13062110""]",True,True,2026-10-07
885953000,"[""https://jobs.monstergovt.com/dos/ros/rosDashboard.hms?O=6&J=119390"", ""https://jobs.monstergovt.com/dos/ros/rosDashboard.hms?O=6&J=119390&S=1""]",True,False,2026-10-07
885953900,[],False,True,2026-10-07
885954200,[],False,False,2026-10-07
885954700,"[""https://apply.usastaffing.gov/ViewQuestionnaire/13071278""]",True,True,2026-10-07
885955700,"[""https://apply.usastaffing.gov/ViewQuestionnaire/13068451""]",True,True,2026-10-07
885955900,"[""https://apply.usastaffing.gov/ViewQuestionnaire/13054186""]",True,True,2026-10-07
885956500,"[""https://jobs.monstergovt.com/dos/ros/rosDashboard.hms?O=6&J=119338"", ""https://jobs.monstergovt.com/dos/ros/rosDashboard.hms?O=6&J=119338&S=1""]",True,False,2026-10-07
885956600,"[""https://apply.usastaffing.gov/ViewQuestionnaire/13067645""]",True,True,2026-10-07
885956900,"[""https://apply.usastaffing.gov/ViewQuestionnaire/13072670""]",True,True,2026-10-07
885957200,"[""https://apply.usastaffing.gov/ViewQuestionnaire/13071027""]",True,True,2026-10-07
885957500,[],True,True,2026-10-07
885957800,"[""https://apply.usastaffing.gov/ViewQuestionnaire/13067646""]",True,True,2026-10-07
885958400,"[""https://apply.usastaffing.gov/ViewQuestionnaire/13072736""]",True,True,2026-10-07
885958600,"[""https://apply.usastaffing.gov/ViewQuestionnaire/13072489""]",True,True,2026-10-07
885958700,"[""https://apply.usastaffing.gov/ViewQuestionnaire/13071947""]",True,True,2026-10-07
885961600,"[""https://apply.usastaffing.gov/ViewQuestionnaire/13068427""]",True,True,2026-10-07
885962200,"[""https://apply.usastaffing.gov/ViewQuestionnaire/13068218""]",True,True,2026-10-07
885962300,[],True,True,2026-10-07
885962600,"[""https://apply.usastaffing.gov/ViewQuestionnaire/13072687""]",True,True,2026-10-07
885962900,[],True,True,2026-10-07
885963700,"[""https://apply.usastaffing.gov/ViewQuestionnaire/13067446""]",True,True,2026-10-07
885964000,"[""https://apply.usastaffing.gov/ViewQuestionnaire/13072551""]",True,True,2026-10-07
885964400,"[""https://apply.usastaffing.gov/ViewQuestionnaire/13061999""]",True,True,2026-10-07
885964700,"[""https://apply.usastaffing.gov/ViewQuestionnaire/13072698""]",True,True,2026-10-07
885966100,"[""https://apply.usastaffing.gov/ViewQuestionnaire/13066325""]",True,True,2026-10-07
885966500,"[""https://apply.usastaffing.gov/ViewQuestionnaire/13068432""]",True,True,2026-10-07
885966900,"[""https://apply.usastaffing.gov/ViewQuestionnaire/13066326""]",True,True,2026-10-07
885967000,"[""https://apply.usastaffing.gov/ViewQuestionnaire/13070719""]",True,True,2026-10-07
885968300,"[""https://apply.usastaffing.gov/ViewQuestionnaire/13072614""]",True,True,2026-10-07
885969200,"[""https://apply.usastaffing.gov/ViewQuestionnaire/13072162""]",True,True,2026-10-07
885970200,"[""https://apply.usastaffing.gov/ViewQuestionnaire/13072620""]",True,True,2026-10-07
885970400,"[""https://apply.usastaffing.gov/ViewQuestionnaire/13072804""]",True,True,2026-10-07
885971300,"[""https://apply.usastaffing.gov/ViewQuestionnaire/13072617""]",True,True,2026-10-07
885971500,"[""https://apply.usastaffing.gov/ViewQuestionnaire/13051686""]",True,True,2026-10-07
885971800,[],True,True,2026-10-07
885972400,"[""https://apply.usastaffing.gov/ViewQuestionnaire/13067571""]",True,True,2026-10-07
885972900,"[""https://jobs.monstergovt.com/gsa/ros/rosDashboard.hms?O=1&J=112869"", ""https://jobs.monstergovt.com/gsa/ros/rosDashboard.hms?O=1&J=112869&S=1""]",True,False,2026-10-07
885974200,[],True,True,2026-10-07
885974600,"[""https://apply.usastaffing.gov/ViewQuestionnaire/13055801""]",True,True,2026-10-07
885975100,[],True,True,2026-10-07
885975800,"[""https://apply.usastaffing.gov/ViewQuestionnaire/13072749""]",True,True,2026-10-07
885975900,[],True,True,2026-10-07
885976300,"[""https://apply.usastaffing.gov/ViewQuestionnaire/13070263""]",True,True,2026-10-07
885976900,"[""https://apply.usastaffing.gov/ViewQuestionnaire/13072786""]",True,True,2026-10-07
885977000,"[""https://apply.usastaffing.gov/ViewQuestionnaire/13068068""]",True,True,2026-10-07
885977300,"[""https://apply.usastaffing.gov/ViewQuestionnaire/13071963""]",True,True,2026-10-07
885978300,"[""https://apply.usastaffing.gov/ViewQuestionnaire/13071443""]",True,True,2026-10-07
885978400,"[""https://apply.usastaffing.gov/ViewQuestionnaire/13070896""]",True,True,2026-10-07
885978600,"[""https://apply.usastaffing.gov/ViewQuestionnaire/13072706""]",True,True,2026-10-07
885979700,"[""https://apply.usastaffing.gov/ViewQuestionnaire/13071643""]",True,True,2026-10-07
885980000,[],True,False,2026-10-07
885980400,"[""https://apply.usastaffing.gov/ViewQuestionnaire/13061346""]",True,True,2026-10-07
885980600,"[""https://apply.usastaffing.gov/ViewQuestionnaire/13067952""]",True,True,2026-10-07
885980700,"[""https://apply.usastaffing.gov/ViewQuestionnaire/13071122""]",True,True,2026-10-07
885980900,[],True,True,2026-10-07
885981300,"[""https://apply.usastaffing.gov/ViewQuestionnaire/13072452""]",True,True,2026-10-07
885981400,"[""https://apply.usastaffing.gov/ViewQuestionnaire/13067937""]",True,True,2026-10-07
885981900,"[""https://apply.usastaffing.gov/ViewQuestionnaire/13071087""]",True,True,2026-10-07
885985300,[],True,True,2026-10-07
885986000,"[""https://apply.usastaffing.gov/ViewQuestionnaire/13072232""]",True,True,2026-10-07
885986400,"[""https://apply.usastaffing.gov/ViewQuestionnaire/13072873""]",True,True,2026-10-07
885987100,"[""https://apply.usastaffing.gov/ViewQuestionnaire/13072513""]",True,True,2026-10-07
885987400,[],True,True,2026-10-07
885987500,"[""https://apply.usastaffing.gov/ViewQuestionnaire/13068649""]",True,True,2026-10-07
885987600,"[""https://apply.usastaffing.gov/ViewQuestionnaire/13071944""]",True,True,2026-10-07
885987900,"[""https://apply.usastaffing.gov/ViewQuestionnaire/13071799""]",True,True,2026-10-07
885988800,"[""https://apply.usastaffing.gov/ViewQuestionnaire/13072803""]",True,True,2026-10-07
885989100,"[""https://apply.usastaffing.gov/ViewQuestionnaire/13072741""]",True,True,2026-10-07
885989300,"[""https://apply.usastaffing.gov/ViewQuestionnaire/13072896""]",True,True,2026-10-07
885990100,"[""https://apply.usastaffing.gov/ViewQuestionnaire/13072745""]",True,True,2026-10-07
885990400,[],True,True,2026-10-07
885990800,[],False,True,2026-10-07
885991300,"[""https://apply.usastaffing.gov/ViewQuestionnaire/13072978""]",True,True,2026-10-07
885991400,"[""https://apply.usastaffing.gov/ViewQuestionnaire/13061098""]",True,True,2026-10-07
885991600,"[""https://apply.usastaffing.gov/ViewQuestionnaire/13049094""]",True,True,2026-10-07
885992300,"[""https://apply.usastaffing.gov/ViewQuestionnaire/13067454""]",True,True,2026-10-07
885992900,"[""https://apply.usastaffing.gov/ViewQuestionnaire/13072844""]",True,True,2026-10-07
885993100,[],False,True,2026-10-07
885994200,"[""https://apply.usastaffing.gov/ViewQuestionnaire/13071057""]",True,True,2026-10-07
885994400,"[""https://apply.usastaffing.gov/ViewQuestionnaire/13070956""]",True,True,2026-10-07
885994600,"[""https://jobs.monstergovt.com/aoc/ros/rosDashboard.hms?O=1749&J=148622"", ""https://jobs.monstergovt.com/aoc/ros/rosDashboard.hms?O=1749&J=148622&S=1""]",True,False,2026-10-07
885995400,"[""https://apply.usastaffing.gov/ViewQuestionnaire/13072946""]",True,True,2026-10-07
885995800,"[""https://apply.usastaffing.gov/ViewQuestionnaire/13072811""]",True,True,2026-10-07
885997500,"[""https://apply.usastaffing.gov/ViewQuestionnaire/13072593""]",True,True,2026-10-07
885998000,[],True,True,2026-10-07
885998100,[],True,True,2026-10-07
885998300,"[""https://apply.usastaffing.gov/ViewQuestionnaire/13069091""]",True,True,2026-10-07
885999100,"[""https://apply.usastaffing.gov/ViewQuestionnaire/13072394""]",True,True,2026-10-07
885999700,"[""https://apply.usastaffing.gov/ViewQuestionnaire/13072884""]",True,True,2026-10-07
886000000,"[""https://apply.usastaffing.gov/ViewQuestionnaire/13058585""]",True,True,2026-10-07
886000400,"[""https://apply.usastaffing.gov/ViewQuestionnaire/13072990""]",True,True,2026-10-07
886000600,"[""https://apply.usastaffing.gov/ViewQuestionnaire/13073032""]",True,True,2026-10-07
886000700,"[""https://apply.usastaffing.gov/ViewQuestionnaire/13071403""]",True,True,2026-10-07
886000900,"[""https://apply.usastaffing.gov/ViewQuestionnaire/13072800""]",True,True,2026-10-07
886001600,"[""https://apply.usastaffing.gov/ViewQuestionnaire/13070743""]",True,True,2026-10-07
886002100,"[""https://apply.usastaffing.gov/ViewQuestionnaire/13069001""]",True,True,2026-10-07
886002600,[],True,True,2026-10-07
886003400,[],True,True,2026-10-07
886003500,"[""https://apply.usastaffing.gov/ViewQuestionnaire/13062195""]",True,True,2026-10-07
886005200,"[""https://apply.usastaffing.gov/ViewQuestionnaire/13072930""]",True,True,2026-10-07
886005300,"[""https://apply.usastaffing.gov/ViewQuestionnaire/13061880""]",True,True,2026-10-07
886007000,"[""https://jobs.monstergovt.com/dos/ros/rosDashboard.hms?O=6&J=119355"", ""https://jobs.monstergovt.com/dos/ros/rosDashboard.hms?O=6&J=119355&S=1""]",True,False,2026-10-07
886008400,"[""https://apply.usastaffing.gov/ViewQuestionnaire/13047737""]",True,True,2026-10-07
886008800,"[""https://apply.usastaffing.gov/ViewQuestionnaire/13068844""]",True,True,2026-10-07
886009300,"[""https://apply.usastaffing.gov/ViewQuestionnaire/13073073""]",True,True,2026-10-07
886009400,"[""https://apply.usastaffing.gov/ViewQuestionnaire/13071827""]",True,True,2026-10-07
886009500,"[""https://apply.usastaffing.gov/ViewQuestionnaire/13073072""]",True,True,2026-10-07
886009900,"[""https://apply.usastaffing.gov/ViewQuestionnaire/13003318""]",True,True,2026-10-07
886010600,"[""https://apply.usastaffing.gov/ViewQuestionnaire/13003292""]",True,True,2026-10-07
886010900,"[""https://apply.usastaffing.gov/ViewQuestionnaire/13069985""]",True,True,2026-10-07
886011300,"[""https://apply.usastaffing.gov/ViewQuestionnaire/13072063""]",True,True,2026-10-07
886011600,"[""https://apply.usastaffing.gov/ViewQuestionnaire/13069587""]",True,True,2026-10-07
886013200,"[""https://apply.usastaffing.gov/ViewQuestionnaire/13071800""]",True,True,2026-10-07
886014200,[],True,False,2026-10-07
886014700,"[""https://apply.usastaffing.gov/ViewQuestionnaire/13072277""]",True,True,2026-10-07
886014800,[],True,True,2026-10-07
886015100,[],True,False,2026-10-07
886016000,"[""https://apply.usastaffing.gov/ViewQuestionnaire/13068273""]",True,True,2026-10-07
886016300,"[""https://apply.usastaffing.gov/ViewQuestionnaire/13073136""]",True,True,2026-10-07
886016700,"[""https://apply.usastaffing.gov/ViewQuestionnaire/13014553""]",True,True,2026-10-07
886016800,[],True,True,2026-10-07
886016900,"[""https://apply.usastaffing.gov/ViewQuestionnaire/13060138""]",True,True,2026-10-07
886017300,"[""https://apply.usastaffing.gov/ViewQuestionnaire/13071513""]",True,True,2026-10-07
886019000,"[""https://jobs.monstergovt.com/dos/ros/rosDashboard.hms?O=6&J=119351"", ""https://jobs.monstergovt.com/dos/ros/rosDashboard.hms?O=6&J=119351&S=1""]",True,False,2026-10-07
886019200,"[""https://apply.usastaffing.gov/ViewQuestionnaire/13071925""]",True,True,2026-10-07
886019400,"[""https://apply.usastaffing.gov/ViewQuestionnaire/13060174""]",True,True,2026-10-07
886020900,"[""https://apply.usastaffing.gov/ViewQuestionnaire/13060140""]",True,True,2026-10-07
886021500,"[""https://apply.usastaffing.gov/ViewQuestionnaire/13068473""]",True,True,2026-10-07
886021700,"[""https://apply.usastaffing.gov/ViewQuestionnaire/13065024""]",True,True,2026-10-07
886021800,"[""https://apply.usastaffing.gov/ViewQuestionnaire/13070807""]",True,True,2026-10-07
886022400,"[""https://apply.usastaffing.gov/ViewQuestionnaire/13073019""]",True,True,2026-10-07
886024200,"[""https://apply.usastaffing.gov/ViewQuestionnaire/13072722""]",True,True,2026-10-07
886025000,"[""https://apply.usastaffing.gov/ViewQuestionnaire/13060179""]",True,True,2026-10-07
886025100,"[""https://apply.usastaffing.gov/ViewQuestionnaire/13072752""]",True,True,2026-10-07
886025700,"[""https://apply.usastaffing.gov/ViewQuestionnaire/13073142""]",True,True,2026-10-07
886026100,"[""https://apply.usastaffing.gov/ViewQuestionnaire/13060116""]",True,True,2026-10-07
886027700,"[""https://apply.usastaffing.gov/ViewQuestionnaire/13073024""]",True,True,2026-10-07
886028200,"[""https://apply.usastaffing.gov/ViewQuestionnaire/13072484""]",True,True,2026-10-07
886029200,"[""https://apply.usastaffing.gov/ViewQuestionnaire/13029343""]",True,True,2026-10-07
886030000,"[""https://apply.usastaffing.gov/ViewQuestionnaire/13073193""]",True,True,2026-10-07
886030400,[],True,True,2026-10-07
886030600,"[""https://apply.usastaffing.gov/ViewQuestionnaire/13067596""]",True,True,2026-10-07
886030900,[],True,True,2026-10-07
886031100,[],True,True,2026-10-07
886031900,"[""https://apply.usastaffing.gov/ViewQuestionnaire/13058638""]",True,True,2026-10-07
886032300,"[""https://apply.usastaffing.gov/ViewQuestionnaire/13071526""]",True,True,2026-10-07
886032400,"[""https://apply.usastaffing.gov/ViewQuestionnaire/13072171""]",True,True,2026-10-07
886032700,"[""https://apply.usastaffing.gov/ViewQuestionnaire/13060119""]",True,True,2026-10-07
886033000,[],True,False,2026-10-07
886033400,"[""https://apply.usastaffing.gov/ViewQuestionnaire/13071527""]",True,True,2026-10-07
886034000,"[""https://apply.usastaffing.gov/ViewQuestionnaire/13060121""]",True,True,2026-10-07
886034600,"[""https://apply.usastaffing.gov/ViewQuestionnaire/13073230""]",True,True,2026-10-07
886035100,"[""https://apply.usastaffing.gov/ViewQuestionnaire/13073262""]",True,True,2026-10-07
886035400,"[""https://apply.usastaffing.gov/ViewQuestionnaire/13060242""]",True,True,2026-10-07
886035500,"[""https://apply.usastaffing.gov/ViewQuestionnaire/13067770""]",True,True,2026-10-07
886036200,"[""https://apply.usastaffing.gov/ViewQuestionnaire/13060151""]",True,True,2026-10-07
886036300,"[""https://apply.usastaffing.gov/ViewQuestionnaire/13072787""]",True,True,2026-10-07
886036500,"[""https://apply.usastaffing.gov/ViewQuestionnaire/13060143""]",True,True,2026-10-07
886037000,[],True,True,2026-10-07
886037200,"[""https://apply.usastaffing.gov/ViewQuestionnaire/13070238""]",True,True,2026-10-07
886037300,"[""https://apply.usastaffing.gov/ViewQuestionnaire/13073214""]",True,True,2026-10-07
886037700,"[""https://apply.usastaffing.gov/ViewQuestionnaire/13070917""]",True,True,2026-10-07
886037800,"[""https://apply.usastaffing.gov/ViewQuestionnaire/13073281""]",True,True,2026-10-07
886038300,"[""https://apply.usastaffing.gov/ViewQuestionnaire/13070424""]",True,True,2026-10-07
886038400,"[""https://apply.usastaffing.gov/ViewQuestionnaire/13072821""]",True,True,2026-10-07
886038700,"[""https://apply.usastaffing.gov/ViewQuestionnaire/13071399""]",True,True,2026-10-07
886038900,"[""https://apply.usastaffing.gov/ViewQuestionnaire/13072000""]",True,True,2026-10-07
886039100,[],True,True,2026-10-07
886039200,"[""https://apply.usastaffing.gov/ViewQuestionnaire/13062310""]",True,True,2026-10-07
886039400,"[""https://apply.usastaffing.gov/ViewQuestionnaire/13067771""]",True,True,2026-10-07
886040700,"[""https://apply.usastaffing.gov/ViewQuestionnaire/13065843""]",True,True,2026-10-07
886041500,"[""https://apply.usastaffing.gov/ViewQuestionnaire/13046894""]",True,True,2026-10-07
886041900,"[""https://apply.usastaffing.gov/ViewQuestionnaire/13046893""]",True,True,2026-10-07
886044400,"[""https://apply.usastaffing.gov/ViewQuestionnaire/13071509""]",True,True,2026-10-07
886044800,[],True,False,2026-10-07
886044900,"[""https://apply.usastaffing.gov/ViewQuestionnaire/13071796""]",True,True,2026-10-07
886045000,[],True,True,2026-10-07
886046400,"[""https://apply.usastaffing.gov/ViewQuestionnaire/13071797""]",True,True,2026-10-07
886047600,"[""https://apply.usastaffing.gov/ViewQuestionnaire/13073318""]",True,True,2026-10-07
886048300,"[""https://apply.usastaffing.gov/ViewQuestionnaire/13071426""]",True,True,2026-10-07
886049400,[],True,True,2026-10-07
886049900,"[""https://apply.usastaffing.gov/ViewQuestionnaire/13072380""]",True,True,2026-10-07
886050100,[],True,True,2026-10-07
886050900,[],True,True,2026-10-07
886051700,[],True,False,2026-10-07
886052600,"[""https://apply.usastaffing.gov/ViewQuestionnaire/13066823""]",True,True,2026-10-07
886052900,[],False,False,2026-10-07
886053200,[],True,True,2026-10-07
886053500,"[""https://apply.usastaffing.gov/ViewQuestionnaire/13073345""]",True,True,2026-10-07
886054600,"[""https://apply.usastaffing.gov/ViewQuestionnaire/13065500""]",True,True,2026-10-07
886054800,[],True,True,2026-10-07
886055300,[],True,True,2026-10-07
886056000,"[""https://apply.usastaffing.gov/ViewQuestionnaire/13071402""]",True,True,2026-10-07
886056600,"[""https://jobs.monstergovt.com/dot/ros/rosDashboard.hms?O=2&J=93004"", ""https://jobs.monstergovt.com/dot/ros/rosDashboard.hms?O=2&J=93004&S=1""]",True,False,2026-10-07
886057500,[],False,True,2026-10-07
886058600,[],True,False,2026-10-07
886058800,"[""https://apply.usastaffing.gov/ViewQuestionnaire/13073322""]",True,True,2026-10-07
886058900,"[""https://apply.usastaffing.gov/ViewQuestionnaire/13073417""]",True,True,2026-10-07
886059000,"[""https://apply.usastaffing.gov/ViewQuestionnaire/13065638""]",True,True,2026-10-07
886059100,"[""https://apply.usastaffing.gov/ViewQuestionnaire/13068494""]",True,True,2026-10-07
886059700,"[""https://apply.usastaffing.gov/ViewQuestionnaire/13069708""]",True,True,2026-10-07
886059800,"[""https://apply.usastaffing.gov/ViewQuestionnaire/13054664""]",True,True,2026-10-07
886060800,"[""https://jobs.monstergovt.com/loc/ros/rosDashboard.hms?O=1&J=27856"", ""https://jobs.monstergovt.com/loc/ros/rosDashboard.hms?O=1&J=27856&S=1""]",False,False,2026-10-07
886061700,"[""https://apply.usastaffing.gov/ViewQuestionnaire/13070230""]",True,True,2026-10-07
886063000,"[""https://apply.usastaffing.gov/ViewQuestionnaire/13066648""]",True,True,2026-10-07
886063500,"[""https://apply.usastaffing.gov/ViewQuestionnaire/13073437""]",True,True,2026-10-07
886063600,"[""https://apply.usastaffing.gov/ViewQuestionnaire/13068614""]",True,True,2026-10-07
886063800,[],False,False,2026-10-07
886064100,"[""https://apply.usastaffing.gov/ViewQuestionnaire/13070433""]",True,True,2026-10-07
886064200,[],False,True,2026-10-07
886065600,[],False,False,2026-10-07
886065900,"[""https://apply.usastaffing.gov/ViewQuestionnaire/13070721""]",True,True,2026-10-07
886066300,[],True,True,2026-10-07
886066400,[],True,True,2026-10-07
886066500,"[""https://apply.usastaffing.gov/ViewQuestionnaire/13070121""]",True,True,2026-10-07
886066600,"[""https://apply.usastaffing.gov/ViewQuestionnaire/13056950""]",True,True,2026-10-07
886066700,"[""https://apply.usastaffing.gov/ViewQuestionnaire/13073111""]",True,True,2026-10-07
886067800,"[""https://apply.usastaffing.gov/ViewQuestionnaire/13070535""]",True,True,2026-10-07
886068100,[],False,False,2026-10-07
886069000,"[""https://apply.usastaffing.gov/ViewQuestionnaire/13071250""]",True,True,2026-10-07
886069400,"[""https://apply.usastaffing.gov/ViewQuestionnaire/13073493""]",True,True,2026-10-07
886070100,"[""https://apply.usastaffing.gov/ViewQuestionnaire/13073496""]",True,True,2026-10-07
886070600,"[""https://jobs.monstergovt.com/aoc/ros/rosDashboard.hms?O=1749&J=148641"", ""https://jobs.monstergovt.com/aoc/ros/rosDashboard.hms?O=1749&J=148641&S=1""]",True,False,2026-10-07
886070900,"[""https://apply.usastaffing.gov/ViewQuestionnaire/13070915""]",True,True,2026-10-07
886072000,[],False,False,2026-10-07
886072200,"[""https://jobs.monstergovt.com/aoc/ros/rosDashboard.hms?O=1749&J=148642"", ""https://jobs.monstergovt.com/aoc/ros/rosDashboard.hms?O=1749&J=148642&S=1""]",True,False,2026-10-07
886072500,"[""https://apply.usastaffing.gov/ViewQuestionnaire/13073515""]",True,True,2026-10-07
886072700,"[""https://apply.usastaffing.gov/ViewQuestionnaire/13069030""]",True,True,2026-10-07
886075900,"[""https://apply.usastaffing.gov/ViewQuestionnaire/13072351""]",True,True,2026-10-07
886077000,"[""https://apply.usastaffing.gov/ViewQuestionnaire/13068718""]",True,True,2026-10-07
886077200,"[""https://apply.usastaffing.gov/ViewQuestionnaire/13072204""]",True,True,2026-10-07
886077400,"[""https://apply.usastaffing.gov/ViewQuestionnaire/13073542""]",True,True,2026-10-07
886078000,"[""https://jobs.monstergovt.com/hment/ros/rosDashboard.hms?O=1&J=54986"", ""https://jobs.monstergovt.com/hment/ros/rosDashboard.hms?O=1&J=54986&S=1""]",True,False,2026-10-07
886080600,"[""https://apply.usastaffing.gov/ViewQuestionnaire/13072299""]",True,True,2026-10-07
886081100,"[""https://apply.usastaffing.gov/ViewQuestionnaire/13073077""]",True,True,2026-10-07
886081300,"[""https://apply.usastaffing.gov/ViewQuestionnaire/13072301""]",True,True,2026-10-07
886081400,"[""https://apply.usastaffing.gov/ViewQuestionnaire/13071389""]",True,True,2026-10-07
886082200,"[""https://apply.usastaffing.gov/ViewQuestionnaire/13073112""]",True,True,2026-10-07
886082300,"[""https://apply.usastaffing.gov/ViewQuestionnaire/13072178""]",True,True,2026-10-07
886082700,[],True,True,2026-10-07
886083400,[],True,True,2026-10-07
886084300,"[""https://apply.usastaffing.gov/ViewQuestionnaire/13072434""]",True,True,2026-10-07
886084500,"[""https://apply.usastaffing.gov/ViewQuestionnaire/13069191""]",True,True,2026-10-07
886085200,"[""https://apply.usastaffing.gov/ViewQuestionnaire/13066811""]",True,True,2026-10-07
886085800,"[""https://apply.usastaffing.gov/ViewQuestionnaire/13030604""]",True,True,2026-10-07
886085900,"[""https://apply.usastaffing.gov/ViewQuestionnaire/13073577""]",True,True,2026-10-07
886086000,"[""https://apply.usastaffing.gov/ViewQuestionnaire/13071951""]",True,True,2026-10-07
886086100,"[""https://apply.usastaffing.gov/ViewQuestionnaire/12945242""]",True,True,2026-10-07
886087000,"[""https://apply.usastaffing.gov/ViewQuestionnaire/13070398""]",True,True,2026-10-07
886087100,"[""https://apply.usastaffing.gov/ViewQuestionnaire/13072644""]",True,True,2026-10-07
886087800,"[""https://apply.usastaffing.gov/ViewQuestionnaire/13073010""]",True,True,2026-10-07
886088000,"[""https://apply.usastaffing.gov/ViewQuestionnaire/13068187""]",True,True,2026-10-07
886088500,"[""https://apply.usastaffing.gov/ViewQuestionnaire/13044092""]",True,True,2026-10-07
886089900,"[""https://apply.usastaffing.gov/ViewQuestionnaire/13067348""]",True,True,2026-10-07
886090100,"[""https://apply.usastaffing.gov/ViewQuestionnaire/13070451""]",True,True,2026-10-07
886090300,"[""https://apply.usastaffing.gov/ViewQuestionnaire/13072724""]",True,True,2026-10-07
886090600,"[""https://jobs.monstergovt.com/aoc/ros/rosDashboard.hms?O=1749&J=148643"", ""https://jobs.monstergovt.com/aoc/ros/rosDashboard.hms?O=1749&J=148643&S=1""]",True,False,2026-10-07
886090900,[],True,False,2026-10-07
886091800,[],False,False,2026-10-07
886092500,"[""https://apply.usastaffing.gov/ViewQuestionnaire/13070425""]",True,True,2026-10-07
886093800,"[""https://apply.usastaffing.gov/ViewQuestionnaire/13072894""]",True,True,2026-10-07
886094100,"[""https://apply.usastaffing.gov/ViewQuestionnaire/13073608""]",True,True,2026-10-07
886094900,"[""https://apply.usastaffing.gov/ViewQuestionnaire/13073348""]",True,True,2026-10-07
886095000,"[""https://apply.usastaffing.gov/ViewQuestionnaire/13071798""]",True,True,2026-10-07
886095500,"[""https://apply.usastaffing.gov/ViewQuestionnaire/13073653""]",True,True,2026-10-07
886095700,"[""https://apply.usastaffing.gov/ViewQuestionnaire/13073045""]",True,True,2026-10-07
886096200,"[""https://apply.usastaffing.gov/ViewQuestionnaire/13072330""]",True,True,2026-10-07
886096300,"[""https://jobs.monstergovt.com/aoc/ros/rosDashboard.hms?O=1749&J=148644"", ""https://jobs.monstergovt.com/aoc/ros/rosDashboard.hms?O=1749&J=148644&S=1""]",True,False,2026-10-07
886096800,"[""https://apply.usastaffing.gov/ViewQuestionnaire/13072875""]",True,True,2026-10-07
886097300,"[""https://apply.usastaffing.gov/ViewQuestionnaire/13071884""]",True,True,2026-10-07
886097900,"[""https://apply.usastaffing.gov/ViewQuestionnaire/13070993""]",True,True,2026-10-07
886098300,"[""https://apply.usastaffing.gov/ViewQuestionnaire/13072335""]",True,True,2026-10-07
886098500,"[""https://apply.usastaffing.gov/ViewQuestionnaire/13072523""]",True,True,2026-10-07
886099100,"[""https://apply.usastaffing.gov/ViewQuestionnaire/13072798""]",True,True,2026-10-07
886099500,[],True,True,2026-10-07
886099700,"[""https://apply.usastaffing.gov/ViewQuestionnaire/13025994""]",True,True,2026-10-07
886099800,"[""https://apply.usastaffing.gov/ViewQuestionnaire/13073546""]",True,True,2026-10-07
886101000,[],True,True,2026-10-07
886101600,[],True,True,2026-10-07
886102000,"[""https://apply.usastaffing.gov/ViewQuestionnaire/13071030""]",True,True,2026-10-07
886102400,"[""https://apply.usastaffing.gov/ViewQuestionnaire/13073654""]",True,True,2026-10-07
886102900,"[""https://apply.usastaffing.gov/ViewQuestionnaire/13068071""]",True,True,2026-10-07
886105700,"[""https://apply.usastaffing.gov/ViewQuestionnaire/13073631""]",True,True,2026-10-07
886105800,[],True,True,2026-10-07
886107800,"[""https://apply.usastaffing.gov/ViewQuestionnaire/13073206""]",True,True,2026-10-07
886108100,[],True,True,2026-10-07
886108800,"[""https://apply.usastaffing.gov/ViewQuestionnaire/13071752""]",True,True,2026-10-07
886109400,"[""https://apply.usastaffing.gov/ViewQuestionnaire/13072796""]",True,True,2026-10-07
886111700,"[""https://apply.usastaffing.gov/ViewQuestionnaire/13073662""]",True,True,2026-10-07
886112200,"[""https://apply.usastaffing.gov/ViewQuestionnaire/13051767""]",True,True,2026-10-07
886112300,"[""https://jobs.monstergovt.com/dot/ros/rosDashboard.hms?O=2&J=92983"", ""https://jobs.monstergovt.com/dot/ros/rosDashboard.hms?O=2&J=92983&S=1""]",True,False,2026-10-07
886112800,"[""https://apply.usastaffing.gov/ViewQuestionnaire/13071809""]",True,True,2026-10-07
886113400,"[""https://apply.usastaffing.gov/ViewQuestionnaire/13068062""]",True,True,2026-10-07
886114700,"[""https://apply.usastaffing.gov/ViewQuestionnaire/13071664""]",True,True,2026-10-07
886114800,"[""https://apply.usastaffing.gov/ViewQuestionnaire/13073687""]",True,True,2026-10-07
886115500,"[""https://apply.usastaffing.gov/ViewQuestionnaire/12989175""]",True,True,2026-10-07
886116100,"[""https://apply.usastaffing.gov/ViewQuestionnaire/13073710""]",True,True,2026-10-07
886116300,"[""https://apply.usastaffing.gov/ViewQuestionnaire/13044856""]",True,True,2026-10-07
886118100,"[""https://apply.usastaffing.gov/ViewQuestionnaire/13073743""]",True,True,2026-10-07
886118200,[],True,False,2026-10-07
886118700,"[""https://apply.usastaffing.gov/ViewQuestionnaire/13073183""]",True,True,2026-10-07
886118800,"[""https://apply.usastaffing.gov/ViewQuestionnaire/13065480""]",True,True,2026-10-07
886118900,"[""https://apply.usastaffing.gov/ViewQuestionnaire/13071199""]",True,True,2026-10-07
886119300,"[""https://apply.usastaffing.gov/ViewQuestionnaire/13072836""]",True,True,2026-10-07
886119400,"[""https://apply.usastaffing.gov/ViewQuestionnaire/13073213""]",True,True,2026-10-07
886120400,"[""https://apply.usastaffing.gov/ViewQuestionnaire/13069847""]",True,True,2026-10-07
886121200,"[""https://apply.usastaffing.gov/ViewQuestionnaire/13073016""]",True,True,2026-10-07
886121300,"[""https://apply.usastaffing.gov/ViewQuestionnaire/13062669""]",True,True,2026-10-07
886121700,"[""https://apply.usastaffing.gov/ViewQuestionnaire/13071435""]",True,True,2026-10-07
886121800,"[""https://apply.usastaffing.gov/ViewQuestionnaire/13071740""]",True,True,2026-10-07
886122100,"[""https://apply.usastaffing.gov/ViewQuestionnaire/13071437""]",True,True,2026-10-07
886122900,"[""https://apply.usastaffing.gov/ViewQuestionnaire/13072802""]",True,True,2026-10-07
886123100,[],True,True,2026-10-07
886123200,[],True,True,2026-10-07
886123300,"[""https://apply.usastaffing.gov/ViewQuestionnaire/13073015""]",True,True,2026-10-07
886123700,"[""https://apply.usastaffing.gov/ViewQuestionnaire/13073014""]",True,True,2026-10-07
886124100,"[""https://apply.usastaffing.gov/ViewQuestionnaire/13073785""]",True,True,2026-10-07
886124500,"[""https://apply.usastaffing.gov/ViewQuestionnaire/13073709""]",True,True,2026-10-07
886124700,"[""https://apply.usastaffing.gov/ViewQuestionnaire/13073751""]",True,True,2026-10-07
886124800,"[""https://apply.usastaffing.gov/ViewQuestionnaire/13071877""]",True,True,2026-10-07
886125000,"[""https://apply.usastaffing.gov/ViewQuestionnaire/13070790""]",True,True,2026-10-07
886125700,"[""https://apply.usastaffing.gov/ViewQuestionnaire/13071262""]",True,True,2026-10-07
886125900,"[""https://apply.usastaffing.gov/ViewQuestionnaire/13070911""]",True,True,2026-10-07
886126300,"[""https://apply.usastaffing.gov/ViewQuestionnaire/13071263""]",True,True,2026-10-07
886126400,"[""https://apply.usastaffing.gov/ViewQuestionnaire/13073774""]",True,True,2026-10-07
886126500,"[""https://apply.usastaffing.gov/ViewQuestionnaire/13070791""]",True,True,2026-10-07
886126800,"[""https://apply.usastaffing.gov/ViewQuestionnaire/13061814""]",True,True,2026-10-07
886127700,"[""https://apply.usastaffing.gov/ViewQuestionnaire/13072733""]",True,True,2026-10-07
886127900,"[""https://apply.usastaffing.gov/ViewQuestionnaire/13073799""]",True,True,2026-10-07
886128000,"[""https://apply.usastaffing.gov/ViewQuestionnaire/13073837""]",True,True,2026-10-07
886128200,"[""https://apply.usastaffing.gov/ViewQuestionnaire/13073474""]",True,True,2026-10-07
886128800,"[""https://apply.usastaffing.gov/ViewQuestionnaire/13073794""]",True,True,2026-10-07
886129000,"[""https://apply.usastaffing.gov/ViewQuestionnaire/13073801""]",True,True,2026-10-07
886130200,"[""https://apply.usastaffing.gov/ViewQuestionnaire/13070373""]",True,True,2026-10-07
886130400,"[""https://apply.usastaffing.gov/ViewQuestionnaire/13073097""]",True,True,2026-10-07
886131400,"[""https://apply.usastaffing.gov/ViewQuestionnaire/13066666""]",True,True,2026-10-07
886131500,[],True,False,2026-10-07
886131700,"[""https://apply.usastaffing.gov/ViewQuestionnaire/13066511""]",True,True,2026-10-07
886132600,"[""https://apply.usastaffing.gov/ViewQuestionnaire/13066843""]",True,True,2026-10-07
886132800,"[""https://apply.usastaffing.gov/ViewQuestionnaire/13073098""]",True,True,2026-10-07
886134200,"[""https://apply.usastaffing.gov/ViewQuestionnaire/13073188""]",True,True,2026-10-07
886134400,"[""https://apply.usastaffing.gov/ViewQuestionnaire/13057819""]",True,True,2026-10-07
886134500,"[""https://apply.usastaffing.gov/ViewQuestionnaire/13073877""]",True,True,2026-10-07
886135400,"[""https://apply.usastaffing.gov/ViewQuestionnaire/13057820""]",True,True,2026-10-07
886135900,"[""https://apply.usastaffing.gov/ViewQuestionnaire/13057821""]",True,True,2026-10-07
886136300,"[""https://apply.usastaffing.gov/ViewQuestionnaire/13057822""]",True,True,2026-10-07
886136500,"[""https://apply.usastaffing.gov/ViewQuestionnaire/13072417""]",True,True,2026-10-07
886136600,"[""https://apply.usastaffing.gov/ViewQuestionnaire/13073916""]",True,True,2026-10-07
886136800,"[""https://apply.usastaffing.gov/ViewQuestionnaire/13045073""]",True,True,2026-10-07
886137000,"[""https://apply.usastaffing.gov/ViewQuestionnaire/13066588""]",True,True,2026-10-07
886137600,"[""https://apply.usastaffing.gov/ViewQuestionnaire/13073319""]",True,True,2026-10-07
886137800,"[""https://apply.usastaffing.gov/ViewQuestionnaire/13066587""]",True,True,2026-10-07
886137900,"[""https://apply.usastaffing.gov/ViewQuestionnaire/13071790""]",True,True,2026-10-07
886138000,"[""https://apply.usastaffing.gov/ViewQuestionnaire/13073889""]",True,True,2026-10-07
886138100,"[""https://apply.usastaffing.gov/ViewQuestionnaire/13062552""]",True,True,2026-10-07
886138700,"[""https://apply.usastaffing.gov/ViewQuestionnaire/13050828""]",True,True,2026-10-07
886139200,"[""https://apply.usastaffing.gov/ViewQuestionnaire/13070762""]",True,True,2026-10-07
886139400,"[""https://apply.usastaffing.gov/ViewQuestionnaire/13066392""]",True,True,2026-10-07
886139600,"[""https://apply.usastaffing.gov/ViewQuestionnaire/13057456""]",True,True,2026-10-07
886140000,"[""https://apply.usastaffing.gov/ViewQuestionnaire/13073856""]",True,True,2026-10-07
886140200,"[""https://apply.usastaffing.gov/ViewQuestionnaire/13064226""]",True,True,2026-10-07
886140600,"[""https://apply.usastaffing.gov/ViewQuestionnaire/13055226""]",True,True,2026-10-07
886140800,"[""https://apply.usastaffing.gov/ViewQuestionnaire/13073320""]",True,True,2026-10-07
886141000,[],True,True,2026-10-07
886141200,"[""https://apply.usastaffing.gov/ViewQuestionnaire/13072502""]",True,True,2026-10-07
886141700,"[""https://apply.usastaffing.gov/ViewQuestionnaire/13073321""]",True,True,2026-10-07
886141900,"[""https://apply.usastaffing.gov/ViewQuestionnaire/13071679""]",True,True,2026-10-07
886142300,"[""https://apply.usastaffing.gov/ViewQuestionnaire/13064526""]",True,True,2026-10-07
886142400,"[""https://apply.usastaffing.gov/ViewQuestionnaire/13061457""]",True,True,2026-10-07
886142900,"[""https://apply.usastaffing.gov/ViewQuestionnaire/13064944""]",True,True,2026-10-07
886143100,[],True,True,2026-10-07
886143800,"[""https://apply.usastaffing.gov/ViewQuestionnaire/13071631""]",True,True,2026-10-07
886144500,"[""https://apply.usastaffing.gov/ViewQuestionnaire/13070789""]",True,True,2026-10-07
886144600,"[""https://jobs.monstergovt.com/dot/ros/rosDashboard.hms?O=2&J=93036"", ""https://jobs.monstergovt.com/dot/ros/rosDashboard.hms?O=2&J=93036&S=1""]",True,False,2026-10-07
886144900,"[""https://apply.usastaffing.gov/ViewQuestionnaire/13073276""]",True,True,2026-10-07
886145400,[],True,False,2026-10-07
886145800,[],True,False,2026-10-07
886146700,"[""https://apply.usastaffing.gov/ViewQuestionnaire/13073452""]",True,True,2026-10-07
886147000,"[""https://apply.usastaffing.gov/ViewQuestionnaire/13072302""]",True,True,2026-10-07
886147400,"[""https://apply.usastaffing.gov/ViewQuestionnaire/13073679""]",True,True,2026-10-07
886149000,"[""https://apply.usastaffing.gov/ViewQuestionnaire/13068660""]",True,True,2026-10-07
886149300,"[""https://apply.usastaffing.gov/ViewQuestionnaire/13062117""]",True,True,2026-10-07
886149700,"[""https://apply.usastaffing.gov/ViewQuestionnaire/13073836""]",True,True,2026-10-07
886151300,"[""https://apply.usastaffing.gov/ViewQuestionnaire/13073993""]",True,True,2026-10-07
886151700,"[""https://apply.usastaffing.gov/ViewQuestionnaire/13072024""]",True,True,2026-10-07
886152100,"[""https://apply.usastaffing.gov/ViewQuestionnaire/13072715""]",True,True,2026-10-07
886152600,"[""https://apply.usastaffing.gov/ViewQuestionnaire/13055812""]",True,True,2026-10-07
886153200,"[""https://apply.usastaffing.gov/ViewQuestionnaire/13071107""]",True,True,2026-10-07
886153600,"[""https://apply.usastaffing.gov/ViewQuestionnaire/13043129""]",True,True,2026-10-07
886153700,"[""https://apply.usastaffing.gov/ViewQuestionnaire/13070903""]",True,True,2026-10-07
886154100,[],False,True,2026-10-07
886154200,"[""https://jobs.monstergovt.com/hment/ros/rosDashboard.hms?O=1&J=55036"", ""https://jobs.monstergovt.com/hment/ros/rosDashboard.hms?O=1&J=55036&S=1""]",True,False,2026-10-07
886154400,"[""https://apply.usastaffing.gov/ViewQuestionnaire/13073078""]",True,True,2026-10-07
886154500,"[""https://apply.usastaffing.gov/ViewQuestionnaire/13071930""]",True,True,2026-10-07
886154600,"[""https://apply.usastaffing.gov/ViewQuestionnaire/13061307""]",True,True,2026-10-07
886154700,"[""https://apply.usastaffing.gov/ViewQuestionnaire/13071433""]",True,True,2026-10-07
886155400,"[""https://apply.usastaffing.gov/ViewQuestionnaire/13073393""]",True,True,2026-10-07
886155600,"[""https://apply.usastaffing.gov/ViewQuestionnaire/13062060""]",True,True,2026-10-07
886155700,"[""https://apply.usastaffing.gov/ViewQuestionnaire/13074004""]",True,True,2026-10-07
886155900,"[""https://apply.usastaffing.gov/ViewQuestionnaire/13070672""]",True,True,2026-10-07
886156100,"[""https://apply.usastaffing.gov/ViewQuestionnaire/13073984""]",True,True,2026-10-07
886156600,"[""https://apply.usastaffing.gov/ViewQuestionnaire/13073428""]",True,True,2026-10-07
886156900,"[""https://apply.usastaffing.gov/ViewQuestionnaire/13073427""]",True,True,2026-10-07
886157000,"[""https://jobs.monstergovt.com/hment/ros/rosDashboard.hms?O=1&J=55019"", ""https://jobs.monstergovt.com/hment/ros/rosDashboard.hms?O=1&J=55019&S=1""]",True,False,2026-10-07
886157100,"[""https://apply.usastaffing.gov/ViewQuestionnaire/13069606""]",True,True,2026-10-07
886157200,"[""https://apply.usastaffing.gov/ViewQuestionnaire/13072150""]",True,True,2026-10-07
886157600,"[""https://apply.usastaffing.gov/ViewQuestionnaire/13051181""]",True,True,2026-10-07
886157800,[],True,True,2026-10-07
886158000,"[""https://apply.usastaffing.gov/ViewQuestionnaire/13071254""]",True,True,2026-10-07
886158100,[],False,True,2026-10-07
886158600,"[""https://apply.usastaffing.gov/ViewQuestionnaire/13073721""]",True,True,2026-10-07
886158800,"[""https://apply.usastaffing.gov/ViewQuestionnaire/13073094""]",True,True,2026-10-07
886159300,"[""https://apply.usastaffing.gov/ViewQuestionnaire/13073969""]",True,True,2026-10-07
886159500,"[""https://apply.usastaffing.gov/ViewQuestionnaire/13073686""]",True,True,2026-10-07
886160200,"[""https://apply.usastaffing.gov/ViewQuestionnaire/13073951""]",True,True,2026-10-07
886161200,"[""https://apply.usastaffing.gov/ViewQuestionnaire/13061308""]",True,True,2026-10-07
886161400,"[""https://jobs.monstergovt.com/dot/ros/rosDashboard.hms?O=2&J=93008"", ""https://jobs.monstergovt.com/dot/ros/rosDashboard.hms?O=2&J=93008&S=1""]",True,False,2026-10-07
886161800,"[""https://apply.usastaffing.gov/ViewQuestionnaire/13073949""]",True,True,2026-10-07
886162500,"[""https://apply.usastaffing.gov/ViewQuestionnaire/13074053""]",True,True,2026-10-07
886162800,"[""https://apply.usastaffing.gov/ViewQuestionnaire/13061309""]",True,True,2026-10-07
886163300,[],True,True,2026-10-07
886163500,[],True,True,2026-10-07
886163700,"[""https://apply.usastaffing.gov/ViewQuestionnaire/13073947""]",True,True,2026-10-07
886164100,"[""https://apply.usastaffing.gov/ViewQuestionnaire/13073985""]",True,True,2026-10-07
886164200,[],True,True,2026-10-07
886164400,"[""https://apply.usastaffing.gov/ViewQuestionnaire/13062521""]",True,True,2026-10-07
886164500,[],True,True,2026-10-07
886164800,"[""https://apply.usastaffing.gov/ViewQuestionnaire/13073541""]",True,True,2026-10-07
886165100,"[""https://apply.usastaffing.gov/ViewQuestionnaire/13073924""]",True,True,2026-10-07
886165400,"[""https://apply.usastaffing.gov/ViewQuestionnaire/13071645""]",True,True,2026-10-07
886165800,"[""https://apply.usastaffing.gov/ViewQuestionnaire/13065326""]",True,True,2026-10-07
886167100,"[""https://apply.usastaffing.gov/ViewQuestionnaire/13070187""]",True,True,2026-10-07
886167400,"[""https://apply.usastaffing.gov/ViewQuestionnaire/13074018""]",True,True,2026-10-07
886167500,"[""https://apply.usastaffing.gov/ViewQuestionnaire/13074030""]",True,True,2026-10-07
886167700,"[""https://apply.usastaffing.gov/ViewQuestionnaire/13073893""]",True,True,2026-10-07
886168100,"[""https://apply.usastaffing.gov/ViewQuestionnaire/13073552""]",True,True,2026-10-07
886168400,[],True,True,2026-10-07
886169000,[],True,True,2026-10-07
886172300,"[""https://apply.usastaffing.gov/ViewQuestionnaire/13072818""]",True,True,2026-10-07
886173100,"[""https://apply.usastaffing.gov/ViewQuestionnaire/13073742""]",True,True,2026-10-07
886173400,[],True,True,2026-10-07
886173900,"[""https://apply.usastaffing.gov/ViewQuestionnaire/13073819""]",True,True,2026-10-07
886174300,"[""https://apply.usastaffing.gov/ViewQuestionnaire/13045920""]",True,True,2026-10-07
886174600,[],True,True,2026-10-07
886174700,[],True,True,2026-10-07
886174800,[],True,True,2026-10-07
886175400,"[""https://apply.usastaffing.gov/ViewQuestionnaire/13074064""]",True,True,2026-10-07
886175700,"[""https://apply.usastaffing.gov/ViewQuestionnaire/13072319""]",True,True,2026-10-07
886176600,"[""https://apply.usastaffing.gov/ViewQuestionnaire/13073853""]",True,True,2026-10-07
886177500,"[""https://apply.usastaffing.gov/ViewQuestionnaire/13071293""]",True,True,2026-10-07
886177800,"[""https://apply.usastaffing.gov/ViewQuestionnaire/13074122""]",True,True,2026-10-07
886178300,"[""https://apply.usastaffing.gov/ViewQuestionnaire/13049565""]",True,True,2026-10-07
886179200,"[""https://apply.usastaffing.gov/ViewQuestionnaire/13072046""]",True,True,2026-10-07
886179300,"[""https://apply.usastaffing.gov/ViewQuestionnaire/13073463""]",True,True,2026-10-07
886180400,"[""https://apply.usastaffing.gov/ViewQuestionnaire/13070322""]",True,True,2026-10-07
886180900,"[""https://apply.usastaffing.gov/ViewQuestionnaire/13074022""]",True,True,2026-10-07
886181300,"[""https://apply.usastaffing.gov/ViewQuestionnaire/13059473""]",True,True,2026-10-07
886181400,"[""https://apply.usastaffing.gov/ViewQuestionnaire/13073883""]",True,True,2026-10-07
886181500,"[""https://apply.usastaffing.gov/ViewQuestionnaire/13073618""]",True,True,2026-10-07
886182200,[],True,True,2026-10-07
886182500,"[""https://apply.usastaffing.gov/ViewQuestionnaire/13074120""]",True,True,2026-10-07
886183900,"[""https://apply.usastaffing.gov/ViewQuestionnaire/13073694""]",True,True,2026-10-07
886184000,"[""https://apply.usastaffing.gov/ViewQuestionnaire/13067038""]",True,True,2026-10-07
886185100,"[""https://apply.usastaffing.gov/ViewQuestionnaire/13074114""]",True,True,2026-10-07
886186400,"[""https://apply.usastaffing.gov/ViewQuestionnaire/13039318""]",True,True,2026-10-07
886186800,[],True,True,2026-10-07
886187800,"[""https://apply.usastaffing.gov/ViewQuestionnaire/13071846""]",True,True,2026-10-07
886188000,"[""https://apply.usastaffing.gov/ViewQuestionnaire/13059569""]",True,True,2026-10-07
886188300,"[""https://apply.usastaffing.gov/ViewQuestionnaire/13072757""]",True,True,2026-10-07
886189000,"[""https://jobs.monstergovt.com/hment/ros/rosDashboard.hms?O=1&J=55028"", ""https://jobs.monstergovt.com/hment/ros/rosDashboard.hms?O=1&J=55028&S=1""]",True,False,2026-10-07
886189700,"[""https://apply.usastaffing.gov/ViewQuestionnaire/13066976""]",True,True,2026-10-07
886190200,[],True,True,2026-10-07
886192600,"[""https://apply.usastaffing.gov/ViewQuestionnaire/13070319""]",True,True,2026-10-07
886192700,"[""https://apply.usastaffing.gov/ViewQuestionnaire/13073297""]",True,True,2026-10-07
886192800,"[""https://apply.usastaffing.gov/ViewQuestionnaire/13073390""]",True,True,2026-10-07
886194600,"[""https://apply.usastaffing.gov/ViewQuestionnaire/13070759""]",True,True,2026-10-07
886195200,"[""https://apply.usastaffing.gov/ViewQuestionnaire/13074173""]",True,True,2026-10-07
886195400,"[""https://apply.usastaffing.gov/ViewQuestionnaire/13068983""]",True,True,2026-10-07
886196700,"[""https://apply.usastaffing.gov/ViewQuestionnaire/13074172""]",True,True,2026-10-07
886197300,"[""https://apply.usastaffing.gov/ViewQuestionnaire/13073909""]",True,True,2026-10-07
886197700,[],True,True,2026-10-07
886197900,"[""https://apply.usastaffing.gov/ViewQuestionnaire/13062985""]",True,True,2026-10-07
886198000,[],True,True,2026-10-07
886199000,"[""https://apply.usastaffing.gov/ViewQuestionnaire/13071769""]",True,True,2026-10-07
886199100,"[""https://jobs.monstergovt.com/dos/ros/rosDashboard.hms?O=6&J=119360"", ""https://jobs.monstergovt.com/dos/ros/rosDashboard.hms?O=6&J=119360&S=1""]",True,False,2026-10-07
886199200,"[""https://apply.usastaffing.gov/ViewQuestionnaire/13064370""]",True,True,2026-10-07
886199700,"[""https://apply.usastaffing.gov/ViewQuestionnaire/13071562""]",True,True,2026-10-07
886200400,"[""https://apply.usastaffing.gov/ViewQuestionnaire/13071482""]",True,True,2026-10-07
886200500,"[""https://apply.usastaffing.gov/ViewQuestionnaire/13074230""]",True,True,2026-10-07
886200600,"[""https://apply.usastaffing.gov/ViewQuestionnaire/13072680""]",True,True,2026-10-07
886200700,"[""https://jobs.monstergovt.com/fcc/ros/rosDashboard.hms?O=1751&J=218672"", ""https://jobs.monstergovt.com/fcc/ros/rosDashboard.hms?O=1751&J=218672&S=1""]",False,False,2026-10-07
886201800,"[""https://apply.usastaffing.gov/ViewQuestionnaire/13074051""]",True,True,2026-10-07
886202300,"[""https://apply.usastaffing.gov/ViewQuestionnaire/13073634""]",True,True,2026-10-07
886203600,[],True,True,2026-10-07
886204200,"[""https://apply.usastaffing.gov/ViewQuestionnaire/13072485""]",True,True,2026-10-07
886204800,"[""https://apply.usastaffing.gov/ViewQuestionnaire/13073727""]",True,True,2026-10-07
886205800,[],True,True,2026-10-07
886206000,"[""https://apply.usastaffing.gov/ViewQuestionnaire/13073595""]",True,True,2026-10-07
886206100,"[""https://apply.usastaffing.gov/ViewQuestionnaire/13067107""]",True,True,2026-10-07
886206200,[],True,False,2026-10-07
886206500,"[""https://apply.usastaffing.gov/ViewQuestionnaire/13074237""]",True,True,2026-10-07
886207200,"[""https://apply.usastaffing.gov/ViewQuestionnaire/13074208""]",True,True,2026-10-07
886207800,"[""https://apply.usastaffing.gov/ViewQuestionnaire/13074268""]",True,True,2026-10-07
886208100,"[""https://apply.usastaffing.gov/ViewQuestionnaire/13072487""]",True,True,2026-10-07
886208700,"[""https://apply.usastaffing.gov/ViewQuestionnaire/13071143""]",True,True,2026-10-07
886210400,"[""https://apply.usastaffing.gov/ViewQuestionnaire/13067431""]",True,True,2026-10-07
886210500,"[""https://apply.usastaffing.gov/ViewQuestionnaire/13074017""]",True,True,2026-10-07
886210700,"[""https://apply.usastaffing.gov/ViewQuestionnaire/13074007""]",True,True,2026-10-07
886211000,"[""https://apply.usastaffing.gov/ViewQuestionnaire/13071519""]",True,True,2026-10-07
886211100,"[""https://apply.usastaffing.gov/ViewQuestionnaire/13073216""]",True,True,2026-10-07
886211200,"[""https://apply.usastaffing.gov/ViewQuestionnaire/13074327""]",True,True,2026-10-07
886211400,"[""https://apply.usastaffing.gov/ViewQuestionnaire/13074087""]",True,True,2026-10-07
886211500,"[""https://apply.usastaffing.gov/ViewQuestionnaire/13066683""]",True,True,2026-10-07
886212900,[],True,False,2026-10-07
886213400,"[""https://apply.usastaffing.gov/ViewQuestionnaire/13071831""]",True,True,2026-10-07
886213900,"[""https://apply.usastaffing.gov/ViewQuestionnaire/13059312""]",True,True,2026-10-07
886214100,[],False,False,2026-10-07
886214800,"[""https://apply.usastaffing.gov/ViewQuestionnaire/13074218""]",True,True,2026-10-07
886215200,"[""https://apply.usastaffing.gov/ViewQuestionnaire/13074236""]",True,True,2026-10-07
886215500,"[""https://apply.usastaffing.gov/ViewQuestionnaire/13070647""]",True,True,2026-10-07
886215900,"[""https://apply.usastaffing.gov/ViewQuestionnaire/13074292""]",True,True,2026-10-07
886217200,[],False,False,2026-10-07
886217600,"[""https://apply.usastaffing.gov/ViewQuestionnaire/13070793""]",True,True,2026-10-07
886217700,[],True,True,2026-10-07
886218500,"[""https://apply.usastaffing.gov/ViewQuestionnaire/13067477""]",True,True,2026-10-07
886218800,[],True,True,2026-10-07
886219300,"[""https://apply.usastaffing.gov/ViewQuestionnaire/13073876""]",True,True,2026-10-07
886219500,"[""https://apply.usastaffing.gov/ViewQuestionnaire/13073146""]",True,True,2026-10-07
886219700,"[""https://apply.usastaffing.gov/ViewQuestionnaire/13073931""]",True,True,2026-10-07
886219900,"[""https://apply.usastaffing.gov/ViewQuestionnaire/13072088""]",True,True,2026-10-07
886220200,[],False,False,2026-10-07
886221700,"[""https://apply.usastaffing.gov/ViewQuestionnaire/13073849""]",True,True,2026-10-07
886221800,[],False,True,2026-10-07
886222800,[],True,True,2026-10-07
886222900,"[""https://apply.usastaffing.gov/ViewQuestionnaire/13073002""]",True,True,2026-10-07
886223100,"[""https://apply.usastaffing.gov/ViewQuestionnaire/13073261""]",True,True,2026-10-07
886224100,"[""https://apply.usastaffing.gov/ViewQuestionnaire/13073336""]",True,True,2026-10-07
886224400,"[""https://apply.usastaffing.gov/ViewQuestionnaire/13074078""]",True,True,2026-10-07
886224800,"[""https://apply.usastaffing.gov/ViewQuestionnaire/13072488""]",True,True,2026-10-07
886226000,"[""https://apply.usastaffing.gov/ViewQuestionnaire/13073697""]",True,True,2026-10-07
886226100,"[""https://apply.usastaffing.gov/ViewQuestionnaire/13064634""]",True,True,2026-10-07
886226300,"[""https://apply.usastaffing.gov/ViewQuestionnaire/13074366""]",True,True,2026-10-07
886227200,[],False,True,2026-10-07
886227400,"[""https://apply.usastaffing.gov/ViewQuestionnaire/13074144""]",True,True,2026-10-07
886227600,"[""https://apply.usastaffing.gov/ViewQuestionnaire/13074171""]",True,True,2026-10-07
886228100,"[""https://apply.usastaffing.gov/ViewQuestionnaire/13074383""]",True,True,2026-10-07
886228600,"[""https://apply.usastaffing.gov/ViewQuestionnaire/13074251""]",True,True,2026-10-07
886228800,"[""https://apply.usastaffing.gov/ViewQuestionnaire/13072378""]",True,True,2026-10-07
886229100,[],True,True,2026-10-07
886229400,"[""https://apply.usastaffing.gov/ViewQuestionnaire/13074309""]",True,True,2026-10-07
886229900,[],True,False,2026-10-07
886230500,"[""https://apply.usastaffing.gov/ViewQuestionnaire/13073023""]",True,True,2026-10-07
886230600,"[""https://apply.usastaffing.gov/ViewQuestionnaire/13070706""]",True,True,2026-10-07
886231000,[],True,False,2026-10-07
886231500,"[""https://apply.usastaffing.gov/ViewQuestionnaire/13074283""]",True,True,2026-10-07
886232100,"[""https://apply.usastaffing.gov/ViewQuestionnaire/13072755""]",True,True,2026-10-07
886232800,"[""https://apply.usastaffing.gov/ViewQuestionnaire/13074436""]",True,True,2026-10-07
886233300,"[""https://apply.usastaffing.gov/ViewQuestionnaire/13071908""]",True,True,2026-10-07
886233500,"[""https://apply.usastaffing.gov/ViewQuestionnaire/13073713""]",True,True,2026-10-07
886234000,"[""https://apply.usastaffing.gov/ViewQuestionnaire/13073938""]",True,True,2026-10-07
886234100,[],True,False,2026-10-07
886234200,"[""https://apply.usastaffing.gov/ViewQuestionnaire/13074340""]",True,True,2026-10-07
886234600,"[""https://apply.usastaffing.gov/ViewQuestionnaire/13074397""]",True,True,2026-10-07
886234900,[],True,False,2026-10-07
886235200,[],True,False,2026-10-07
886236200,"[""https://apply.usastaffing.gov/ViewQuestionnaire/13073238""]",True,True,2026-10-07
886236600,"[""https://apply.usastaffing.gov/ViewQuestionnaire/13050268""]",True,True,2026-10-07
886236700,"[""https://jobs.monstergovt.com/hment/ros/rosDashboard.hms?O=1&J=54945"", ""https://jobs.monstergovt.com/hment/ros/rosDashboard.hms?O=1&J=54945&S=1""]",True,False,2026-10-07
886236800,"[""https://apply.usastaffing.gov/ViewQuestionnaire/13071885""]",True,True,2026-10-07
886237000,"[""https://apply.usastaffing.gov/ViewQuestionnaire/13044276""]",True,True,2026-10-07
886237100,"[""https://apply.usastaffing.gov/ViewQuestionnaire/13074139""]",True,True,2026-10-07
886237400,"[""https://apply.usastaffing.gov/ViewQuestionnaire/12999852""]",True,True,2026-10-07
886237800,"[""https://apply.usastaffing.gov/ViewQuestionnaire/13071886""]",True,True,2026-10-07
886237900,"[""https://apply.usastaffing.gov/ViewQuestionnaire/13070469""]",True,True,2026-10-07
886238300,"[""https://apply.usastaffing.gov/ViewQuestionnaire/13074047""]",True,True,2026-10-07
886238400,"[""https://apply.usastaffing.gov/ViewQuestionnaire/13061205""]",True,True,2026-10-07
886238500,"[""https://apply.usastaffing.gov/ViewQuestionnaire/13074329""]",True,True,2026-10-07
886239200,"[""https://apply.usastaffing.gov/ViewQuestionnaire/13073859""]",True,True,2026-10-07
886240100,"[""https://apply.usastaffing.gov/ViewQuestionnaire/13074412""]",True,True,2026-10-07
886241300,"[""https://apply.usastaffing.gov/ViewQuestionnaire/13061484""]",True,True,2026-10-07
886242000,"[""https://apply.usastaffing.gov/ViewQuestionnaire/13071300""]",True,True,2026-10-07
886242100,[],True,False,2026-10-07
886242300,"[""https://apply.usastaffing.gov/ViewQuestionnaire/13070010""]",True,True,2026-10-07
886242900,"[""https://jobs.monstergovt.com/dot/ros/rosDashboard.hms?O=2&J=92997"", ""https://jobs.monstergovt.com/dot/ros/rosDashboard.hms?O=2&J=92997&S=1""]",True,False,2026-10-07
886243200,[],True,True,2026-10-07
886243900,"[""https://apply.usastaffing.gov/ViewQuestionnaire/13073994""]",True,True,2026-10-07
886244100,[],False,True,2026-10-07
886244900,"[""https://jobs.monstergovt.com/dot/ros/rosDashboard.hms?O=2&J=93007"", ""https://jobs.monstergovt.com/dot/ros/rosDashboard.hms?O=2&J=93007&S=1""]",True,False,2026-10-07
886245200,"[""https://apply.usastaffing.gov/ViewQuestionnaire/13074217""]",True,True,2026-10-07
886245900,"[""https://apply.usastaffing.gov/ViewQuestionnaire/13069411""]",True,True,2026-10-07
886246200,"[""https://apply.usastaffing.gov/ViewQuestionnaire/13073302""]",True,True,2026-10-07
886246900,[],True,True,2026-10-07
886247500,"[""https://apply.usastaffing.gov/ViewQuestionnaire/13072003""]",True,True,2026-10-07
886247700,"[""https://apply.usastaffing.gov/ViewQuestionnaire/13070399""]",True,True,2026-10-07
886248300,"[""https://apply.usastaffing.gov/ViewQuestionnaire/13049642""]",True,True,2026-10-07
886248400,"[""https://apply.usastaffing.gov/ViewQuestionnaire/13074472""]",True,True,2026-10-07
886249500,"[""https://apply.usastaffing.gov/ViewQuestionnaire/13074445""]",True,True,2026-10-07
886249800,"[""https://apply.usastaffing.gov/ViewQuestionnaire/13072081""]",True,True,2026-10-07
886250200,[],True,False,2026-10-07
886251100,"[""https://apply.usastaffing.gov/ViewQuestionnaire/13073614""]",True,True,2026-10-07
886251400,"[""https://apply.usastaffing.gov/ViewQuestionnaire/13068894""]",True,True,2026-10-07
886251600,[],True,True,2026-10-07
886251700,"[""https://apply.usastaffing.gov/ViewQuestionnaire/13068893""]",True,True,2026-10-07
886252000,"[""https://apply.usastaffing.gov/ViewQuestionnaire/13070127""]",True,True,2026-10-07
886253300,"[""https://apply.usastaffing.gov/ViewQuestionnaire/13073724""]",True,True,2026-10-07
886254200,[],True,True,2026-10-07
886254300,[],True,True,2026-10-07
886254800,[],True,True,2026-10-07
886255800,[],True,True,2026-10-07
886256300,"[""https://apply.usastaffing.gov/ViewQuestionnaire/13065807""]",True,True,2026-10-07
886257300,[],False,True,2026-10-07
886257800,[],True,True,2026-10-07
886259000,"[""https://apply.usastaffing.gov/ViewQuestionnaire/13074082""]",True,True,2026-10-07
886259600,[],False,True,2026-10-07
886260000,[],True,True,2026-10-07
886261500,"[""https://apply.usastaffing.gov/ViewQuestionnaire/13070132""]",True,True,2026-10-07
886263400,"[""https://apply.usastaffing.gov/ViewQuestionnaire/13074194""]",True,True,2026-10-07
886263900,"[""https://apply.usastaffing.gov/ViewQuestionnaire/13074345""]",True,True,2026-10-07
886264800,"[""https://apply.usastaffing.gov/ViewQuestionnaire/13072622""]",True,True,2026-10-07
886265300,[],True,False,2026-10-07
886265600,"[""https://apply.usastaffing.gov/ViewQuestionnaire/13068309""]",True,True,2026-10-07
886266100,[],False,False,2026-10-07
886266200,"[""https://apply.usastaffing.gov/ViewQuestionnaire/13074452""]",True,True,2026-10-07
886266700,"[""https://jobs.monstergovt.com/dos/ros/rosDashboard.hms?O=6&J=119402"", ""https://jobs.monstergovt.com/dos/ros/rosDashboard.hms?O=6&J=119402&S=1""]",True,False,2026-10-07
886267300,[],True,True,2026-10-07
886267800,[],True,True,2026-10-07
886268200,"[""https://apply.usastaffing.gov/ViewQuestionnaire/13070095""]",True,True,2026-10-07
886268500,"[""https://apply.usastaffing.gov/ViewQuestionnaire/13069050""]",True,True,2026-10-07
886269300,"[""https://apply.usastaffing.gov/ViewQuestionnaire/13072839""]",True,True,2026-10-07
886269800,"[""https://apply.usastaffing.gov/ViewQuestionnaire/13071976""]",True,True,2026-10-07
886270000,"[""https://apply.usastaffing.gov/ViewQuestionnaire/13068745""]",True,True,2026-10-07
886270700,"[""https://apply.usastaffing.gov/ViewQuestionnaire/13075562""]",True,True,2026-10-07
886270800,"[""https://apply.usastaffing.gov/ViewQuestionnaire/13061133""]",True,True,2026-10-07
886270900,"[""https://apply.usastaffing.gov/ViewQuestionnaire/13074119""]",True,True,2026-10-07
886271000,"[""https://apply.usastaffing.gov/ViewQuestionnaire/13061170""]",True,True,2026-10-07
886271100,"[""https://apply.usastaffing.gov/ViewQuestionnaire/13061247""]",True,True,2026-10-07
886271300,"[""https://apply.usastaffing.gov/ViewQuestionnaire/13061150""]",True,True,2026-10-07
886271600,"[""https://apply.usastaffing.gov/ViewQuestionnaire/13060587""]",True,True,2026-10-07
886272000,"[""https://apply.usastaffing.gov/ViewQuestionnaire/13069696""]",True,True,2026-10-07
886272600,[],True,True,2026-10-07
886272800,"[""https://apply.usastaffing.gov/ViewQuestionnaire/13075566""]",True,True,2026-10-07
886273500,"[""https://apply.usastaffing.gov/ViewQuestionnaire/13071924""]",True,True,2026-10-07
886273600,"[""https://apply.usastaffing.gov/ViewQuestionnaire/13074080""]",True,True,2026-10-07
886274000,"[""https://apply.usastaffing.gov/ViewQuestionnaire/13074368""]",True,True,2026-10-07
886274100,"[""https://apply.usastaffing.gov/ViewQuestionnaire/13075631""]",True,True,2026-10-07
886274800,[],True,True,2026-10-07
886274900,[],True,True,2026-10-07
886275300,[],True,True,2026-10-07
886275900,"[""https://apply.usastaffing.gov/ViewQuestionnaire/13072445""]",True,True,2026-10-07
886276100,"[""https://apply.usastaffing.gov/ViewQuestionnaire/13072439""]",True,True,2026-10-07
886276200,"[""https://apply.usastaffing.gov/ViewQuestionnaire/13072699""]",True,True,2026-10-07
886276500,"[""https://apply.usastaffing.gov/ViewQuestionnaire/13072191""]",True,True,2026-10-07
886276900,"[""https://apply.usastaffing.gov/ViewQuestionnaire/13075556""]",True,True,2026-10-07
886277100,"[""https://apply.usastaffing.gov/ViewQuestionnaire/13065489""]",True,True,2026-10-07
886277300,[],True,False,2026-10-07
886277600,"[""https://apply.usastaffing.gov/ViewQuestionnaire/13049505""]",True,True,2026-10-07
886278100,"[""https://apply.usastaffing.gov/ViewQuestionnaire/13070570""]",True,True,2026-10-07
886279100,"[""https://apply.usastaffing.gov/ViewQuestionnaire/13067110""]",True,True,2026-10-07
886279200,"[""https://apply.usastaffing.gov/ViewQuestionnaire/13070441""]",True,True,2026-10-07
886279500,"[""https://apply.usastaffing.gov/ViewQuestionnaire/13073413""]",True,True,2026-10-07
886279700,"[""https://apply.usastaffing.gov/ViewQuestionnaire/13070126""]",True,True,2026-10-07
886279800,[],True,True,2026-10-07
886279900,"[""https://apply.usastaffing.gov/ViewQuestionnaire/13074222""]",True,True,2026-10-07
886280000,"[""https://apply.usastaffing.gov/ViewQuestionnaire/13070716""]",True,True,2026-10-07
886280800,[],True,True,2026-10-07
886281300,[],True,True,2026-10-07
886281600,"[""https://apply.usastaffing.gov/ViewQuestionnaire/13071775""]",True,True,2026-10-07
886282900,"[""https://apply.usastaffing.gov/ViewQuestionnaire/13074385""]",True,True,2026-10-07
886283200,"[""https://jobs.monstergovt.com/fcc/ros/rosDashboard.hms?O=1751&J=218671"", ""https://jobs.monstergovt.com/fcc/ros/rosDashboard.hms?O=1751&J=218671&S=1""]",True,False,2026-10-07
886283400,"[""https://apply.usastaffing.gov/ViewQuestionnaire/13074271""]",True,True,2026-10-07
886283600,"[""https://apply.usastaffing.gov/ViewQuestionnaire/13074103""]",True,True,2026-10-07
886283800,[],True,True,2026-10-07
886283900,"[""https://apply.usastaffing.gov/ViewQuestionnaire/13070781""]",True,True,2026-10-07
886284000,"[""https://apply.usastaffing.gov/ViewQuestionnaire/13068539""]",True,True,2026-10-07
886284200,"[""https://apply.usastaffing.gov/ViewQuestionnaire/13068538""]",True,True,2026-10-07
886284300,"[""https://apply.usastaffing.gov/ViewQuestionnaire/13074353""]",True,True,2026-10-07
886284400,"[""https://apply.usastaffing.gov/ViewQuestionnaire/13074027""]",True,True,2026-10-07
886284600,[],True,False,2026-10-07
886285000,"[""https://apply.usastaffing.gov/ViewQuestionnaire/13068814""]",True,True,2026-10-07
886285300,[],True,True,2026-10-07
886285400,[],True,False,2026-10-07
886286300,"[""https://apply.usastaffing.gov/ViewQuestionnaire/13034379""]",True,True,2026-10-07
886287700,"[""https://apply.usastaffing.gov/ViewQuestionnaire/13032039""]",True,True,2026-10-07
886287800,"[""https://apply.usastaffing.gov/ViewQuestionnaire/13074298""]",True,True,2026-10-07
886288000,"[""https://apply.usastaffing.gov/ViewQuestionnaire/13073528""]",True,True,2026-10-07
886288100,"[""https://jobs.monstergovt.com/aoc/ros/rosDashboard.hms?O=1749&J=148638"", ""https://jobs.monstergovt.com/aoc/ros/rosDashboard.hms?O=1749&J=148638&S=1""]",True,False,2026-10-07
886288900,"[""https://apply.usastaffing.gov/ViewQuestionnaire/13071063""]",True,True,2026-10-07
886289300,"[""https://apply.usastaffing.gov/ViewQuestionnaire/13075719""]",True,True,2026-10-07
886289400,[],False,False,2026-10-07
886290600,"[""https://apply.usastaffing.gov/ViewQuestionnaire/13057766""]",True,True,2026-10-07
886290900,[],False,False,2026-10-07
886291000,[],False,False,2026-10-07
886291300,"[""https://apply.usastaffing.gov/ViewQuestionnaire/13073689""]",True,True,2026-10-07
886291500,"[""https://apply.usastaffing.gov/ViewQuestionnaire/13075742""]",True,True,2026-10-07
886292300,"[""https://apply.usastaffing.gov/ViewQuestionnaire/13059616""]",True,True,2026-10-07
886292800,"[""https://apply.usastaffing.gov/ViewQuestionnaire/13075748""]",True,True,2026-10-07
886293400,"[""https://apply.usastaffing.gov/ViewQuestionnaire/13064857""]",True,True,2026-10-07
886293600,"[""https://apply.usastaffing.gov/ViewQuestionnaire/13075749""]",True,True,2026-10-07
886293900,"[""https://apply.usastaffing.gov/ViewQuestionnaire/13065267""]",True,True,2026-10-07
886294500,"[""https://apply.usastaffing.gov/ViewQuestionnaire/13075752""]",True,True,2026-10-07
886294900,"[""https://apply.usastaffing.gov/ViewQuestionnaire/13074243""]",True,True,2026-10-07
886295000,"[""https://apply.usastaffing.gov/ViewQuestionnaire/13073189""]",True,True,2026-10-07
886295200,"[""https://apply.usastaffing.gov/ViewQuestionnaire/13073917""]",True,True,2026-10-07
886295800,"[""https://apply.usastaffing.gov/ViewQuestionnaire/13072506""]",True,True,2026-10-07
886295900,[],True,True,2026-10-07
886296000,"[""https://apply.usastaffing.gov/ViewQuestionnaire/13074269""]",True,True,2026-10-07
886296700,"[""https://apply.usastaffing.gov/ViewQuestionnaire/13068736""]",True,True,2026-10-07
886297200,"[""https://apply.usastaffing.gov/ViewQuestionnaire/13075745""]",True,True,2026-10-07
886297600,"[""https://apply.usastaffing.gov/ViewQuestionnaire/13073652""]",True,True,2026-10-07
886297700,[],True,True,2026-10-07
886297900,"[""https://apply.usastaffing.gov/ViewQuestionnaire/13075775""]",True,True,2026-10-07
886298100,"[""https://apply.usastaffing.gov/ViewQuestionnaire/13074400""]",True,True,2026-10-07
886298400,"[""https://apply.usastaffing.gov/ViewQuestionnaire/13070622""]",True,True,2026-10-07
886298500,[],True,True,2026-10-07
886298800,"[""https://apply.usastaffing.gov/ViewQuestionnaire/13075755""]",True,True,2026-10-07
886298900,"[""https://apply.usastaffing.gov/ViewQuestionnaire/13074496""]",True,True,2026-10-07
886299300,"[""https://apply.usastaffing.gov/ViewQuestionnaire/13071360""]",True,True,2026-10-07
886299700,"[""https://apply.usastaffing.gov/ViewQuestionnaire/13075776""]",True,True,2026-10-07
886300000,"[""https://apply.usastaffing.gov/ViewQuestionnaire/13073122""]",True,True,2026-10-07
886300300,"[""https://apply.usastaffing.gov/ViewQuestionnaire/13072531""]",True,True,2026-10-07
886300900,"[""https://apply.usastaffing.gov/ViewQuestionnaire/13068737""]",True,True,2026-10-07
886301100,"[""https://jobs.monstergovt.com/hment/ros/rosDashboard.hms?O=1&J=54954"", ""https://jobs.monstergovt.com/hment/ros/rosDashboard.hms?O=1&J=54954&S=1""]",True,False,2026-10-07
886301500,"[""https://apply.usastaffing.gov/ViewQuestionnaire/13071493""]",True,True,2026-10-07
886301700,"[""https://jobs.monstergovt.com/hment/ros/rosDashboard.hms?O=1&J=54958"", ""https://jobs.monstergovt.com/hment/ros/rosDashboard.hms?O=1&J=54958&S=1""]",True,False,2026-10-07
886302000,"[""https://apply.usastaffing.gov/ViewQuestionnaire/13072560""]",True,True,2026-10-07
886302200,"[""https://apply.usastaffing.gov/ViewQuestionnaire/13061212""]",True,True,2026-10-07
886302400,"[""https://apply.usastaffing.gov/ViewQuestionnaire/13071494""]",True,True,2026-10-07
886302500,"[""https://apply.usastaffing.gov/ViewQuestionnaire/13073646""]",True,True,2026-10-07
886302800,"[""https://apply.usastaffing.gov/ViewQuestionnaire/13067593""]",True,True,2026-10-07
886302900,"[""https://apply.usastaffing.gov/ViewQuestionnaire/13075792""]",True,True,2026-10-07
886303300,"[""https://apply.usastaffing.gov/ViewQuestionnaire/13072892""]",True,True,2026-10-07
886303700,"[""https://apply.usastaffing.gov/ViewQuestionnaire/13071485""]",True,True,2026-10-07
886303900,[],False,False,2026-10-07
886304200,"[""https://apply.usastaffing.gov/ViewQuestionnaire/13073942""]",True,True,2026-10-07
886304300,"[""https://apply.usastaffing.gov/ViewQuestionnaire/13072428""]",True,True,2026-10-07
886304500,"[""https://apply.usastaffing.gov/ViewQuestionnaire/13073265""]",True,True,2026-10-07
886304700,"[""https://apply.usastaffing.gov/ViewQuestionnaire/13075793""]",True,True,2026-10-07
886305200,"[""https://apply.usastaffing.gov/ViewQuestionnaire/13052938""]",True,True,2026-10-07
886306200,"[""https://jobs.monstergovt.com/dos/ros/rosDashboard.hms?O=6&J=119419"", ""https://jobs.monstergovt.com/dos/ros/rosDashboard.hms?O=6&J=119419&S=1""]",True,False,2026-10-07
886306400,"[""https://apply.usastaffing.gov/ViewQuestionnaire/13054635""]",True,True,2026-10-07
886306700,"[""https://apply.usastaffing.gov/ViewQuestionnaire/13070134""]",True,True,2026-10-07
886306800,"[""https://apply.usastaffing.gov/ViewQuestionnaire/13072373""]",True,True,2026-10-07
886307600,[],False,False,2026-10-07
886307800,"[""https://apply.usastaffing.gov/ViewQuestionnaire/13064512""]",True,True,2026-10-07
886308000,"[""https://apply.usastaffing.gov/ViewQuestionnaire/13074250""]",True,True,2026-10-07
886308100,"[""https://apply.usastaffing.gov/ViewQuestionnaire/12993635""]",True,True,2026-10-07
886308200,"[""https://apply.usastaffing.gov/ViewQuestionnaire/13054636""]",True,True,2026-10-07
886308300,"[""https://apply.usastaffing.gov/ViewQuestionnaire/13075513""]",True,True,2026-10-07
886308600,[],True,False,2026-10-07
886309800,"[""https://apply.usastaffing.gov/ViewQuestionnaire/13074407""]",True,True,2026-10-07
886310100,"[""https://jobs.monstergovt.com/fdic/ros/rosDashboard.hms?O=1&J=74610"", ""https://jobs.monstergovt.com/fdic/ros/rosDashboard.hms?O=1&J=74610&S=1""]",True,False,2026-10-07
886311400,"[""https://apply.usastaffing.gov/ViewQuestionnaire/13075630""]",True,True,2026-10-07
886311600,"[""https://apply.usastaffing.gov/ViewQuestionnaire/13072550""]",True,True,2026-10-07
886312400,"[""https://apply.usastaffing.gov/ViewQuestionnaire/13073747""]",True,True,2026-10-07
886312600,"[""https://apply.usastaffing.gov/ViewQuestionnaire/13072034""]",True,True,2026-10-07
886313100,"[""https://apply.usastaffing.gov/ViewQuestionnaire/13075529""]",True,True,2026-10-07
886313300,[],True,False,2026-10-07
886313800,"[""https://apply.usastaffing.gov/ViewQuestionnaire/13041450""]",True,True,2026-10-07
886314000,[],True,True,2026-10-07
886314900,"[""https://apply.usastaffing.gov/ViewQuestionnaire/13073315""]",True,True,2026-10-07
886315900,"[""https://apply.usastaffing.gov/ViewQuestionnaire/13075779""]",True,True,2026-10-07
886316300,"[""https://apply.usastaffing.gov/ViewQuestionnaire/13075867""]",True,True,2026-10-07
886316700,"[""https://apply.usastaffing.gov/ViewQuestionnaire/13072924""]",True,True,2026-10-07
886317200,"[""https://apply.usastaffing.gov/ViewQuestionnaire/13069522""]",True,True,2026-10-07
886317800,"[""https://apply.usastaffing.gov/ViewQuestionnaire/13066787""]",True,True,2026-10-07
886318400,"[""https://apply.usastaffing.gov/ViewQuestionnaire/13075743""]",True,True,2026-10-07
886318800,"[""https://apply.usastaffing.gov/ViewQuestionnaire/13075859""]",True,True,2026-10-07
886319000,[],True,False,2026-10-07
886319800,"[""https://apply.usastaffing.gov/ViewQuestionnaire/13075887""]",True,True,2026-10-07
886320200,"[""https://apply.usastaffing.gov/ViewQuestionnaire/13070166""]",True,True,2026-10-07
886320700,"[""https://apply.usastaffing.gov/ViewQuestionnaire/13075843""]",True,True,2026-10-07
886320900,[],True,True,2026-10-07
886321500,"[""https://apply.usastaffing.gov/ViewQuestionnaire/13075805""]",True,True,2026-10-07
886321800,"[""https://apply.usastaffing.gov/ViewQuestionnaire/13075577""]",True,True,2026-10-07
886323500,[],True,True,2026-10-07
886324700,"[""https://apply.usastaffing.gov/ViewQuestionnaire/13075788""]",True,True,2026-10-07
886324800,"[""https://apply.usastaffing.gov/ViewQuestionnaire/13075789""]",True,True,2026-10-07
886325000,"[""https://apply.usastaffing.gov/ViewQuestionnaire/13061533""]",True,True,2026-10-07
886325600,"[""https://apply.usastaffing.gov/ViewQuestionnaire/13075629""]",True,True,2026-10-07
886325900,"[""https://apply.usastaffing.gov/ViewQuestionnaire/13062331""]",True,True,2026-10-07
886326200,"[""https://apply.usastaffing.gov/ViewQuestionnaire/13072678""]",True,True,2026-10-07
886326300,"[""https://apply.usastaffing.gov/ViewQuestionnaire/13075921""]",True,True,2026-10-07
886326400,"[""https://apply.usastaffing.gov/ViewQuestionnaire/13075940""]",True,True,2026-10-07
886327900,"[""https://apply.usastaffing.gov/ViewQuestionnaire/13072249""]",True,True,2026-10-07
886328000,"[""https://apply.usastaffing.gov/ViewQuestionnaire/13075938""]",True,True,2026-10-07
886328300,"[""https://apply.usastaffing.gov/ViewQuestionnaire/13072845""]",True,True,2026-10-07
886328400,"[""https://apply.usastaffing.gov/ViewQuestionnaire/13072999""]",True,True,2026-10-07
886328500,[],True,True,2026-10-07
886328600,[],True,True,2026-10-07
886328700,"[""https://apply.usastaffing.gov/ViewQuestionnaire/13075560""]",True,True,2026-10-07
886329000,"[""https://apply.usastaffing.gov/ViewQuestionnaire/13069081""]",True,True,2026-10-07
886329900,[],True,True,2026-10-07
886330600,[],True,True,2026-10-07
886331300,"[""https://apply.usastaffing.gov/ViewQuestionnaire/13073135""]",True,True,2026-10-07
886331500,"[""https://apply.usastaffing.gov/ViewQuestionnaire/13066745""]",True,True,2026-10-07
886333100,"[""https://apply.usastaffing.gov/ViewQuestionnaire/13054921""]",True,True,2026-10-07
886333200,"[""https://apply.usastaffing.gov/ViewQuestionnaire/13066545""]",True,True,2026-10-07
886333900,"[""https://apply.usastaffing.gov/ViewQuestionnaire/13073902""]",True,True,2026-10-07
886334000,"[""https://apply.usastaffing.gov/ViewQuestionnaire/13073901""]",True,True,2026-10-07
886334700,[],True,True,2026-10-07
886335000,[],False,False,2026-10-07
886335100,"[""https://apply.usastaffing.gov/ViewQuestionnaire/13070323""]",True,True,2026-10-07
886335200,"[""https://apply.usastaffing.gov/ViewQuestionnaire/13060619""]",True,True,2026-10-07
886336400,"[""https://apply.usastaffing.gov/ViewQuestionnaire/13073103""]",True,True,2026-10-07
886336600,"[""https://apply.usastaffing.gov/ViewQuestionnaire/13073200""]",True,True,2026-10-07
886337200,"[""https://apply.usastaffing.gov/ViewQuestionnaire/13034949""]",True,True,2026-10-07
886338400,"[""https://apply.usastaffing.gov/ViewQuestionnaire/13075540""]",True,True,2026-10-07
886338600,"[""https://apply.usastaffing.gov/ViewQuestionnaire/13073828""]",True,True,2026-10-07
886338700,"[""https://apply.usastaffing.gov/ViewQuestionnaire/13074471""]",True,True,2026-10-07
886340400,"[""https://apply.usastaffing.gov/ViewQuestionnaire/13076029""]",True,True,2026-10-07
886341100,"[""https://apply.usastaffing.gov/ViewQuestionnaire/13076043""]",True,True,2026-10-07
886342600,"[""https://apply.usastaffing.gov/ViewQuestionnaire/13075897""]",True,True,2026-10-07
886342700,"[""https://apply.usastaffing.gov/ViewQuestionnaire/13074490""]",True,True,2026-10-07
886344300,"[""https://jobs.monstergovt.com/dot/ros/rosDashboard.hms?O=2&J=92957"", ""https://jobs.monstergovt.com/dot/ros/rosDashboard.hms?O=2&J=92957&S=1""]",True,False,2026-10-07
886344400,"[""https://apply.usastaffing.gov/ViewQuestionnaire/13066058""]",True,True,2026-10-07
886345100,[],True,True,2026-10-07
886345200,[],True,True,2026-10-07
886345500,"[""https://apply.usastaffing.gov/ViewQuestionnaire/13073239""]",True,True,2026-10-07
886345600,"[""https://apply.usastaffing.gov/ViewQuestionnaire/13075957""]",True,True,2026-10-07
886346200,"[""https://apply.usastaffing.gov/ViewQuestionnaire/13076028""]",True,True,2026-10-07
886346500,[],True,True,2026-10-07
886346800,"[""https://apply.usastaffing.gov/ViewQuestionnaire/13073981""]",True,True,2026-10-07
886346900,"[""https://apply.usastaffing.gov/ViewQuestionnaire/13075588""]",True,True,2026-10-07
886347100,[],True,True,2026-10-07
886347500,"[""https://jobs.monstergovt.com/dos/ros/rosDashboard.hms?O=6&J=119393"", ""https://jobs.monstergovt.com/dos/ros/rosDashboard.hms?O=6&J=119393&S=1""]",True,False,2026-10-07
886347600,"[""https://apply.usastaffing.gov/ViewQuestionnaire/13075996""]",True,True,2026-10-07
886347800,"[""https://apply.usastaffing.gov/ViewQuestionnaire/13074501""]",True,True,2026-10-07
886348000,"[""https://apply.usastaffing.gov/ViewQuestionnaire/13075987""]",True,True,2026-10-07
886348400,"[""https://apply.usastaffing.gov/ViewQuestionnaire/13073037""]",True,True,2026-10-07
886349600,"[""https://apply.usastaffing.gov/ViewQuestionnaire/13076074""]",True,True,2026-10-07
886350500,"[""https://apply.usastaffing.gov/ViewQuestionnaire/13073036""]",True,True,2026-10-07
886351000,"[""https://apply.usastaffing.gov/ViewQuestionnaire/13069208""]",True,True,2026-10-07
886351200,[],True,True,2026-10-07
886351300,"[""https://apply.usastaffing.gov/ViewQuestionnaire/13073080""]",True,True,2026-10-07
886351700,[],True,True,2026-10-07
886351800,"[""https://apply.usastaffing.gov/ViewQuestionnaire/13073349""]",True,True,2026-10-07
886352000,"[""https://apply.usastaffing.gov/ViewQuestionnaire/13061424""]",True,True,2026-10-07
886352700,[],True,True,2026-10-07
886353200,"[""https://jobs.monstergovt.com/dot/ros/rosDashboard.hms?O=2&J=93015"", ""https://jobs.monstergovt.com/dot/ros/rosDashboard.hms?O=2&J=93015&S=1""]",True,False,2026-10-07
886353400,"[""https://apply.usastaffing.gov/ViewQuestionnaire/13074249""]",True,True,2026-10-07
886354000,"[""https://apply.usastaffing.gov/ViewQuestionnaire/13075949""]",True,True,2026-10-07
886354700,"[""https://apply.usastaffing.gov/ViewQuestionnaire/13072101""]",True,True,2026-10-07
886355100,[],True,True,2026-10-07
886355800,"[""https://apply.usastaffing.gov/ViewQuestionnaire/13046742""]",True,True,2026-10-07
886356200,[],False,True,2026-10-07
886357100,"[""https://apply.usastaffing.gov/ViewQuestionnaire/13067923""]",True,True,2026-10-07
886357700,"[""https://apply.usastaffing.gov/ViewQuestionnaire/13069289""]",True,True,2026-10-07
886357800,"[""https://apply.usastaffing.gov/ViewQuestionnaire/13074067""]",True,True,2026-10-07
886358600,[],True,False,2026-10-07
886358700,[],True,False,2026-10-07
886358800,[],True,False,2026-10-07
886358900,[],True,False,2026-10-07
886359000,[],True,False,2026-10-07
886359200,[],True,False,2026-10-07
886359600,[],True,True,2026-10-07
886359700,"[""https://apply.usastaffing.gov/ViewQuestionnaire/13073241""]",True,True,2026-10-07
886360300,"[""https://apply.usastaffing.gov/ViewQuestionnaire/13072087""]",True,True,2026-10-07
886360500,"[""https://apply.usastaffing.gov/ViewQuestionnaire/13073870""]",True,True,2026-10-07
886360600,"[""https://apply.usastaffing.gov/ViewQuestionnaire/13071674""]",True,True,2026-10-07
886361000,"[""https://apply.usastaffing.gov/ViewQuestionnaire/13076008""]",True,True,2026-10-07
886361700,"[""https://apply.usastaffing.gov/ViewQuestionnaire/13075893""]",True,True,2026-10-07
886362300,"[""https://apply.usastaffing.gov/ViewQuestionnaire/13071984""]",True,True,2026-10-07
886362400,[],False,False,2026-10-07
886362600,[],False,False,2026-10-07
886363100,"[""https://apply.usastaffing.gov/ViewQuestionnaire/13074077""]",True,True,2026-10-07
886363200,"[""https://apply.usastaffing.gov/ViewQuestionnaire/13073755""]",True,True,2026-10-07
886363300,"[""https://apply.usastaffing.gov/ViewQuestionnaire/13068928""]",True,True,2026-10-07
886365900,"[""https://apply.usastaffing.gov/ViewQuestionnaire/13076135""]",True,True,2026-10-07
886366500,"[""https://apply.usastaffing.gov/ViewQuestionnaire/13074097""]",True,True,2026-10-07
886368000,[],True,True,2026-10-07
886368200,"[""https://apply.usastaffing.gov/ViewQuestionnaire/13075685""]",True,True,2026-10-07
886368700,"[""https://apply.usastaffing.gov/ViewQuestionnaire/13075883""]",True,True,2026-10-07
886368900,"[""https://apply.usastaffing.gov/ViewQuestionnaire/13074319""]",True,True,2026-10-07
886369100,[],True,True,2026-10-07
886369700,"[""https://apply.usastaffing.gov/ViewQuestionnaire/13065692""]",True,True,2026-10-07
886369800,[],True,True,2026-10-07
886369900,"[""https://apply.usastaffing.gov/ViewQuestionnaire/13067119""]",True,True,2026-10-07
886370000,"[""https://apply.usastaffing.gov/ViewQuestionnaire/13076097""]",True,True,2026-10-07
886370100,[],True,True,2026-10-07
886370900,"[""https://apply.usastaffing.gov/ViewQuestionnaire/13067903""]",True,True,2026-10-07
886371500,"[""https://apply.usastaffing.gov/ViewQuestionnaire/13076152""]",True,True,2026-10-07
886371600,[],True,False,2026-10-07
886372200,"[""https://apply.usastaffing.gov/ViewQuestionnaire/13072605""]",True,True,2026-10-07
886372500,"[""https://apply.usastaffing.gov/ViewQuestionnaire/13072870""]",True,True,2026-10-07
886372600,[],True,False,2026-10-07
886372700,"[""https://apply.usastaffing.gov/ViewQuestionnaire/13076191""]",True,True,2026-10-07
886372900,[],True,True,2026-10-07
886373100,[],False,False,2026-10-07
886373200,"[""https://apply.usastaffing.gov/ViewQuestionnaire/13075828""]",True,True,2026-10-07
886373600,"[""https://apply.usastaffing.gov/ViewQuestionnaire/13073797""]",True,True,2026-10-07
886373800,"[""https://apply.usastaffing.gov/ViewQuestionnaire/13076127""]",True,True,2026-10-07
886374400,"[""https://apply.usastaffing.gov/ViewQuestionnaire/13076109""]",True,True,2026-10-07
886375100,"[""https://apply.usastaffing.gov/ViewQuestionnaire/13071578""]",True,True,2026-10-07
886375200,[],True,True,2026-10-07
886375300,[],True,True,2026-10-07
886375400,"[""https://apply.usastaffing.gov/ViewQuestionnaire/13047907""]",True,True,2026-10-07
886375600,"[""https://apply.usastaffing.gov/ViewQuestionnaire/13074170""]",True,True,2026-10-07
886376000,"[""https://apply.usastaffing.gov/ViewQuestionnaire/13070445""]",True,True,2026-10-07
886376400,[],True,False,2026-10-07
886376900,[],True,True,2026-10-07
886377300,"[""https://apply.usastaffing.gov/ViewQuestionnaire/13076212""]",True,True,2026-10-07
886377400,[],True,True,2026-10-07
886377700,"[""https://apply.usastaffing.gov/ViewQuestionnaire/13074456""]",True,True,2026-10-07
886377900,"[""https://apply.usastaffing.gov/ViewQuestionnaire/13076121""]",True,True,2026-10-07
886378200,"[""https://apply.usastaffing.gov/ViewQuestionnaire/13070664""]",True,True,2026-10-07
886378500,"[""https://apply.usastaffing.gov/ViewQuestionnaire/13073651""]",True,True,2026-10-07
886378900,[],True,True,2026-10-07
886379400,"[""https://apply.usastaffing.gov/ViewQuestionnaire/13075767""]",True,True,2026-10-07
886379600,"[""https://apply.usastaffing.gov/ViewQuestionnaire/13071706""]",True,True,2026-10-07
886379700,[],True,True,2026-10-07
886379800,[],True,True,2026-10-07
886380600,[],True,True,2026-10-07
886381800,"[""https://apply.usastaffing.gov/ViewQuestionnaire/13003774""]",True,True,2026-10-07
886382100,[],False,True,2026-10-07
886382500,"[""https://apply.usastaffing.gov/ViewQuestionnaire/13071428""]",True,True,2026-10-07
886383600,"[""https://apply.usastaffing.gov/ViewQuestionnaire/13068079""]",True,True,2026-10-07
886384200,[],True,True,2026-10-07
886384600,"[""https://apply.usastaffing.gov/ViewQuestionnaire/13076213""]",True,True,2026-10-07
886385100,"[""https://apply.usastaffing.gov/ViewQuestionnaire/13076119""]",True,True,2026-10-07
886385900,[],False,False,2026-10-07
886386700,"[""https://apply.usastaffing.gov/ViewQuestionnaire/13076166""]",True,True,2026-10-07
886386800,"[""https://apply.usastaffing.gov/ViewQuestionnaire/13075571""]",True,True,2026-10-07
886386900,[],False,True,2026-10-07
886388300,"[""https://apply.usastaffing.gov/ViewQuestionnaire/13073664""]",True,True,2026-10-07
886388900,"[""https://apply.usastaffing.gov/ViewQuestionnaire/13075498""]",True,True,2026-10-07
886389000,"[""https://apply.usastaffing.gov/ViewQuestionnaire/13031112""]",True,True,2026-10-07
886389200,"[""https://apply.usastaffing.gov/ViewQuestionnaire/13072286""]",True,True,2026-10-07
886389400,"[""https://apply.usastaffing.gov/ViewQuestionnaire/13075499""]",True,True,2026-10-07
886389700,"[""https://apply.usastaffing.gov/ViewQuestionnaire/13072984""]",True,True,2026-10-07
886389800,"[""https://apply.usastaffing.gov/ViewQuestionnaire/13073844""]",True,True,2026-10-07
886389900,"[""https://apply.usastaffing.gov/ViewQuestionnaire/13004525""]",True,True,2026-10-07
886390300,"[""https://apply.usastaffing.gov/ViewQuestionnaire/13071093""]",True,True,2026-10-07
886390700,"[""https://apply.usastaffing.gov/ViewQuestionnaire/13062021""]",True,True,2026-10-07
886391000,"[""https://apply.usastaffing.gov/ViewQuestionnaire/13004569""]",True,True,2026-10-07
886391600,"[""https://apply.usastaffing.gov/ViewQuestionnaire/13073970""]",True,True,2026-10-07
886391900,"[""https://apply.usastaffing.gov/ViewQuestionnaire/13076310""]",True,True,2026-10-07
886392100,[],True,False,2026-10-07
886394100,"[""https://apply.usastaffing.gov/ViewQuestionnaire/13076142""]",True,True,2026-10-07
886394900,"[""https://apply.usastaffing.gov/ViewQuestionnaire/13073927""]",True,True,2026-10-07
886395400,"[""https://apply.usastaffing.gov/ViewQuestionnaire/13076115""]",True,True,2026-10-07
886395900,"[""https://apply.usastaffing.gov/ViewQuestionnaire/13076140""]",True,True,2026-10-07
886396000,"[""https://jobs.monstergovt.com/aoc/ros/rosDashboard.hms?O=1749&J=148646"", ""https://jobs.monstergovt.com/aoc/ros/rosDashboard.hms?O=1749&J=148646&S=1""]",True,False,2026-10-07
886396400,"[""https://apply.usastaffing.gov/ViewQuestionnaire/13056946""]",True,True,2026-10-07
886397500,"[""https://apply.usastaffing.gov/ViewQuestionnaire/13064755""]",True,True,2026-10-07
886397600,"[""https://apply.usastaffing.gov/ViewQuestionnaire/13074238""]",True,True,2026-10-07
886398100,[],True,False,2026-10-07
886398200,"[""https://apply.usastaffing.gov/ViewQuestionnaire/13059372""]",True,True,2026-10-07
886398800,"[""https://apply.usastaffing.gov/ViewQuestionnaire/13071094""]",True,True,2026-10-07
886399000,"[""https://apply.usastaffing.gov/ViewQuestionnaire/13065460""]",True,True,2026-10-07
886399300,"[""https://apply.usastaffing.gov/ViewQuestionnaire/13076240""]",True,True,2026-10-07
886400100,[],True,True,2026-10-07
886400700,"[""https://apply.usastaffing.gov/ViewQuestionnaire/13073352""]",True,True,2026-10-07
886401000,"[""https://jobs.monstergovt.com/dot/ros/rosDashboard.hms?O=2&J=92980"", ""https://jobs.monstergovt.com/dot/ros/rosDashboard.hms?O=2&J=92980&S=1""]",True,False,2026-10-07
886401500,[],True,True,2026-10-07
886401700,"[""https://apply.usastaffing.gov/ViewQuestionnaire/13068698""]",True,True,2026-10-07
886401800,[],False,False,2026-10-07
886401900,[],False,False,2026-10-07
886402300,[],True,True,2026-10-07
886402400,[],True,False,2026-10-07
886404000,"[""https://apply.usastaffing.gov/ViewQuestionnaire/13074322""]",True,True,2026-10-07
886404400,"[""https://apply.usastaffing.gov/ViewQuestionnaire/13053095""]",True,True,2026-10-07
886406000,[],True,True,2026-10-07
886406800,"[""https://apply.usastaffing.gov/ViewQuestionnaire/13071727""]",True,True,2026-10-07
886407300,"[""https://apply.usastaffing.gov/ViewQuestionnaire/13071871""]",True,True,2026-10-07
886407700,"[""https://apply.usastaffing.gov/ViewQuestionnaire/13076397""]",True,True,2026-10-07
886408300,"[""https://apply.usastaffing.gov/ViewQuestionnaire/13075559""]",True,True,2026-10-07
886408500,"[""https://apply.usastaffing.gov/ViewQuestionnaire/13074442""]",True,True,2026-10-07
886409200,"[""https://apply.usastaffing.gov/ViewQuestionnaire/13075965""]",True,True,2026-10-07
886409500,"[""https://apply.usastaffing.gov/ViewQuestionnaire/13071354""]",True,True,2026-10-07
886409600,"[""https://jobs.monstergovt.com/dos/ros/rosDashboard.hms?O=6&J=119352"", ""https://jobs.monstergovt.com/dos/ros/rosDashboard.hms?O=6&J=119352&S=1""]",True,False,2026-10-07
886410500,"[""https://apply.usastaffing.gov/ViewQuestionnaire/13054770""]",True,True,2026-10-07
886410600,"[""https://apply.usastaffing.gov/ViewQuestionnaire/13075565""]",True,True,2026-10-07
886410800,"[""https://apply.usastaffing.gov/ViewQuestionnaire/13045339""]",True,True,2026-10-07
886411200,"[""https://apply.usastaffing.gov/ViewQuestionnaire/13075583""]",True,True,2026-10-07
886411400,[],False,False,2026-10-07
886412600,"[""https://apply.usastaffing.gov/ViewQuestionnaire/13075888""]",True,True,2026-10-07
886412700,[],False,False,2026-10-07
886413000,"[""https://apply.usastaffing.gov/ViewQuestionnaire/13068849""]",True,True,2026-10-07
886413100,"[""https://apply.usastaffing.gov/ViewQuestionnaire/13073722""]",True,True,2026-10-07
886413600,[],True,True,2026-10-07
886414300,"[""https://apply.usastaffing.gov/ViewQuestionnaire/13070578""]",True,True,2026-10-07
886414600,"[""https://apply.usastaffing.gov/ViewQuestionnaire/13075618""]",True,True,2026-10-07
886414700,"[""https://apply.usastaffing.gov/ViewQuestionnaire/13075929""]",True,True,2026-10-07
886414900,"[""https://apply.usastaffing.gov/ViewQuestionnaire/13068975""]",True,True,2026-10-07
886415200,"[""https://apply.usastaffing.gov/ViewQuestionnaire/13026976""]",True,True,2026-10-07
886415400,"[""https://apply.usastaffing.gov/ViewQuestionnaire/13074305""]",True,True,2026-10-07
886415700,[],True,True,2026-10-07
886416200,"[""https://apply.usastaffing.gov/ViewQuestionnaire/13076373""]",True,True,2026-10-07
886416600,[],True,False,2026-10-07
886417200,"[""https://apply.usastaffing.gov/ViewQuestionnaire/13075990""]",True,True,2026-10-07
886417400,[],True,True,2026-10-07
886417700,"[""https://jobs.monstergovt.com/dot/ros/rosDashboard.hms?O=2&J=92962"", ""https://jobs.monstergovt.com/dot/ros/rosDashboard.hms?O=2&J=92962&S=1""]",True,False,2026-10-07
886417900,"[""https://apply.usastaffing.gov/ViewQuestionnaire/13074514""]",True,True,2026-10-07
886418400,"[""https://apply.usastaffing.gov/ViewQuestionnaire/13076088""]",True,True,2026-10-07
886418500,"[""https://apply.usastaffing.gov/ViewQuestionnaire/13073884""]",True,True,2026-10-07
886418700,"[""https://apply.usastaffing.gov/ViewQuestionnaire/13076183""]",True,True,2026-10-07
886418800,"[""https://apply.usastaffing.gov/ViewQuestionnaire/13076302""]",True,True,2026-10-07
886418900,"[""https://apply.usastaffing.gov/ViewQuestionnaire/13076489""]",True,True,2026-10-07
886419600,"[""https://apply.usastaffing.gov/ViewQuestionnaire/13075953""]",True,True,2026-10-07
886419800,"[""https://apply.usastaffing.gov/ViewQuestionnaire/13076179""]",True,True,2026-10-07
886419900,"[""https://apply.usastaffing.gov/ViewQuestionnaire/13064841""]",True,True,2026-10-07
886421100,"[""https://apply.usastaffing.gov/ViewQuestionnaire/13076112""]",True,True,2026-10-07
886421800,"[""https://apply.usastaffing.gov/ViewQuestionnaire/13076490""]",True,True,2026-10-07
886421900,"[""https://apply.usastaffing.gov/ViewQuestionnaire/13075657""]",True,True,2026-10-07
886422100,"[""https://apply.usastaffing.gov/ViewQuestionnaire/13073439""]",True,True,2026-10-07
886422200,"[""https://apply.usastaffing.gov/ViewQuestionnaire/13076136""]",True,True,2026-10-07
886422300,"[""https://apply.usastaffing.gov/ViewQuestionnaire/13067059""]",True,True,2026-10-07
886422600,"[""https://apply.usastaffing.gov/ViewQuestionnaire/13076464""]",True,True,2026-10-07
886422700,[],False,False,2026-10-07
886423300,"[""https://apply.usastaffing.gov/ViewQuestionnaire/13076161""]",True,True,2026-10-07
886423400,"[""https://apply.usastaffing.gov/ViewQuestionnaire/13076293""]",True,True,2026-10-07
886423500,"[""https://apply.usastaffing.gov/ViewQuestionnaire/13074454""]",True,True,2026-10-07
886424300,"[""https://apply.usastaffing.gov/ViewQuestionnaire/13019867""]",True,True,2026-10-07
886424400,"[""https://jobs.monstergovt.com/loc/ros/rosDashboard.hms?O=1&J=27865"", ""https://jobs.monstergovt.com/loc/ros/rosDashboard.hms?O=1&J=27865&S=1""]",True,False,2026-10-07
886424500,[],False,False,2026-10-07
886424600,"[""https://apply.usastaffing.gov/ViewQuestionnaire/13076253""]",True,True,2026-10-07
886425000,"[""https://apply.usastaffing.gov/ViewQuestionnaire/13068956""]",True,True,2026-10-07
886425500,"[""https://apply.usastaffing.gov/ViewQuestionnaire/13076276""]",True,True,2026-10-07
886427000,"[""https://apply.usastaffing.gov/ViewQuestionnaire/13076252""]",True,True,2026-10-07
886427200,"[""https://apply.usastaffing.gov/ViewQuestionnaire/13076173""]",True,True,2026-10-07
886428100,[],True,True,2026-10-07
886428800,"[""https://apply.usastaffing.gov/ViewQuestionnaire/13063004""]",True,True,2026-10-07
886429100,[],False,False,2026-10-07
886429600,"[""https://apply.usastaffing.gov/ViewQuestionnaire/13071741""]",True,True,2026-10-07
886429700,"[""https://apply.usastaffing.gov/ViewQuestionnaire/13047321""]",True,True,2026-10-07
886429900,"[""https://apply.usastaffing.gov/ViewQuestionnaire/13063008""]",True,True,2026-10-07
886430800,"[""https://apply.usastaffing.gov/ViewQuestionnaire/13075667""]",True,True,2026-10-07
886431800,[],True,True,2026-10-07
886431900,"[""https://apply.usastaffing.gov/ViewQuestionnaire/13076085""]",True,True,2026-10-07
886432600,"[""https://apply.usastaffing.gov/ViewQuestionnaire/13051883""]",True,True,2026-10-07
886432700,"[""https://apply.usastaffing.gov/ViewQuestionnaire/13076026""]",True,True,2026-10-07
886432800,[],False,False,2026-10-07
886433000,[],True,True,2026-10-07
886433100,"[""https://apply.usastaffing.gov/ViewQuestionnaire/13068285""]",True,True,2026-10-07
886433300,"[""https://apply.usastaffing.gov/ViewQuestionnaire/13076386""]",True,True,2026-10-07
886433400,"[""https://apply.usastaffing.gov/ViewQuestionnaire/13076027""]",True,True,2026-10-07
886433800,"[""https://apply.usastaffing.gov/ViewQuestionnaire/13076086""]",True,True,2026-10-07
886433900,[],False,True,2026-10-07
886434000,"[""https://apply.usastaffing.gov/ViewQuestionnaire/13071721""]",True,True,2026-10-07
886434100,[],True,False,2026-10-07
886434500,"[""https://apply.usastaffing.gov/ViewQuestionnaire/13069584""]",True,True,2026-10-07
886435400,"[""https://apply.usastaffing.gov/ViewQuestionnaire/13072815""]",True,True,2026-10-07
886435500,"[""https://apply.usastaffing.gov/ViewQuestionnaire/13056426""]",True,True,2026-10-07
886435700,"[""https://apply.usastaffing.gov/ViewQuestionnaire/13055314""]",True,True,2026-10-07
886435800,"[""https://apply.usastaffing.gov/ViewQuestionnaire/13071719""]",True,True,2026-10-07
886436400,"[""https://apply.usastaffing.gov/ViewQuestionnaire/13067331""]",True,True,2026-10-07
886437300,"[""https://apply.usastaffing.gov/ViewQuestionnaire/13076493""]",True,True,2026-10-07
886437600,"[""https://apply.usastaffing.gov/ViewQuestionnaire/13076291""]",True,True,2026-10-07
886438100,[],True,True,2026-10-07
886438700,"[""https://apply.usastaffing.gov/ViewQuestionnaire/13070040""]",True,True,2026-10-07
886438900,"[""https://apply.usastaffing.gov/ViewQuestionnaire/13076123""]",True,True,2026-10-07
886439100,"[""https://apply.usastaffing.gov/ViewQuestionnaire/13076425""]",True,True,2026-10-07
886439200,"[""https://apply.usastaffing.gov/ViewQuestionnaire/13071736""]",True,True,2026-10-07
886439400,"[""https://apply.usastaffing.gov/ViewQuestionnaire/13065890""]",True,True,2026-10-07
886439600,"[""https://apply.usastaffing.gov/ViewQuestionnaire/13076279""]",True,True,2026-10-07
886440400,"[""https://apply.usastaffing.gov/ViewQuestionnaire/12968261""]",True,True,2026-10-07
886440500,[],True,True,2026-10-07
886441200,"[""https://apply.usastaffing.gov/ViewQuestionnaire/13075546""]",True,True,2026-10-07
886441700,[],True,True,2026-10-07
886441900,"[""https://apply.usastaffing.gov/ViewQuestionnaire/13071819""]",True,True,2026-10-07
886442500,"[""https://apply.usastaffing.gov/ViewQuestionnaire/13076243""]",True,True,2026-10-07
886442800,[],False,False,2026-10-07
886443100,"[""https://apply.usastaffing.gov/ViewQuestionnaire/13076486""]",True,True,2026-10-07
886443300,[],True,False,2026-10-07
886443400,"[""https://apply.usastaffing.gov/ViewQuestionnaire/13076331""]",True,True,2026-10-07
886443700,[],True,True,2026-10-07
886444000,"[""https://apply.usastaffing.gov/ViewQuestionnaire/13068976""]",True,True,2026-10-07
886444200,"[""https://apply.usastaffing.gov/ViewQuestionnaire/13074444""]",True,True,2026-10-07
886444700,[],True,True,2026-10-07
886445000,"[""https://apply.usastaffing.gov/ViewQuestionnaire/13075665""]",True,True,2026-10-07
886445600,"[""https://apply.usastaffing.gov/ViewQuestionnaire/13076543""]",True,True,2026-10-07
886446200,"[""https://apply.usastaffing.gov/ViewQuestionnaire/13068977""]",True,True,2026-10-07
886446900,"[""https://apply.usastaffing.gov/ViewQuestionnaire/13076563""]",True,True,2026-10-07
886447100,"[""https://apply.usastaffing.gov/ViewQuestionnaire/13070849""]",True,True,2026-10-07
886447400,"[""https://apply.usastaffing.gov/ViewQuestionnaire/13073955""]",True,True,2026-10-07
886447500,"[""https://apply.usastaffing.gov/ViewQuestionnaire/13070875""]",True,True,2026-10-07
886448300,"[""https://apply.usastaffing.gov/ViewQuestionnaire/13070889""]",True,True,2026-10-07
886448400,[],True,True,2026-10-07
886448600,"[""https://apply.usastaffing.gov/ViewQuestionnaire/13075656""]",True,True,2026-10-07
886448800,"[""https://apply.usastaffing.gov/ViewQuestionnaire/13061663""]",True,True,2026-10-07
886448900,"[""https://apply.usastaffing.gov/ViewQuestionnaire/13072135""]",True,True,2026-10-07
886449100,"[""https://apply.usastaffing.gov/ViewQuestionnaire/13061662""]",True,True,2026-10-07
886449200,"[""https://apply.usastaffing.gov/ViewQuestionnaire/13072145""]",True,True,2026-10-07
886449600,"[""https://apply.usastaffing.gov/ViewQuestionnaire/13075714""]",True,True,2026-10-07
886449800,"[""https://apply.usastaffing.gov/ViewQuestionnaire/13076607""]",True,True,2026-10-07
886450400,"[""https://apply.usastaffing.gov/ViewQuestionnaire/13076581""]",True,True,2026-10-07
886451200,"[""https://apply.usastaffing.gov/ViewQuestionnaire/13072163""]",True,True,2026-10-07
886451400,"[""https://apply.usastaffing.gov/ViewQuestionnaire/13062636""]",True,True,2026-10-07
886451600,"[""https://apply.usastaffing.gov/ViewQuestionnaire/13076646""]",True,True,2026-10-07
886451900,"[""https://apply.usastaffing.gov/ViewQuestionnaire/13062744""]",True,True,2026-10-07
886452000,"[""https://apply.usastaffing.gov/ViewQuestionnaire/13070939""]",True,True,2026-10-07
886452600,"[""https://apply.usastaffing.gov/ViewQuestionnaire/13075720""]",True,True,2026-10-07
886452700,"[""https://apply.usastaffing.gov/ViewQuestionnaire/13072128""]",True,True,2026-10-07
886452900,"[""https://apply.usastaffing.gov/ViewQuestionnaire/13075721""]",True,True,2026-10-07
886453200,"[""https://apply.usastaffing.gov/ViewQuestionnaire/13075722""]",True,True,2026-10-07
886453700,"[""https://apply.usastaffing.gov/ViewQuestionnaire/13075723""]",True,True,2026-10-07
886454500,[],True,True,2026-10-07
886454600,"[""https://apply.usastaffing.gov/ViewQuestionnaire/13076329""]",True,True,2026-10-07
886454700,"[""https://apply.usastaffing.gov/ViewQuestionnaire/13075664""]",True,True,2026-10-07
886455000,[],True,True,2026-10-07
886455300,[],True,True,2026-10-07
886455500,"[""https://apply.usastaffing.gov/ViewQuestionnaire/13067068""]",True,True,2026-10-07
886456100,[],True,False,2026-10-07
886456400,"[""https://apply.usastaffing.gov/ViewQuestionnaire/13074448""]",True,True,2026-10-07
886456600,[],True,True,2026-10-07
886457100,"[""https://apply.usastaffing.gov/ViewQuestionnaire/13076675""]",True,True,2026-10-07
886457400,[],True,True,2026-10-07
886457800,[],False,False,2026-10-07
886458300,"[""https://apply.usastaffing.gov/ViewQuestionnaire/13073458""]",True,True,2026-10-07
886458500,"[""https://apply.usastaffing.gov/ViewQuestionnaire/13076038""]",True,True,2026-10-07
886459500,[],True,False,2026-10-07
886460400,"[""https://apply.usastaffing.gov/ViewQuestionnaire/13076713""]",True,True,2026-10-07
886460800,"[""https://apply.usastaffing.gov/ViewQuestionnaire/13076726""]",True,True,2026-10-07
886461200,"[""https://apply.usastaffing.gov/ViewQuestionnaire/13076621""]",True,True,2026-10-07
886462400,"[""https://apply.usastaffing.gov/ViewQuestionnaire/13063092""]",True,True,2026-10-07
886462700,"[""https://apply.usastaffing.gov/ViewQuestionnaire/13074291""]",True,True,2026-10-07
886463000,"[""https://apply.usastaffing.gov/ViewQuestionnaire/13073350""]",True,True,2026-10-07
886463800,"[""https://apply.usastaffing.gov/ViewQuestionnaire/13074371""]",True,True,2026-10-07
886464800,"[""https://jobs.monstergovt.com/cftc/rospost/?O=3&J=5508"", ""https://jobs.monstergovt.com/cftc/rospost/?O=3&J=5508&S=1""]",True,False,2026-10-07
886465100,[],False,True,2026-10-07
886465200,"[""https://apply.usastaffing.gov/ViewQuestionnaire/13074308""]",True,True,2026-10-07
886465400,"[""https://apply.usastaffing.gov/ViewQuestionnaire/13076659""]",True,True,2026-10-07
886465700,"[""https://jobs.monstergovt.com/cftc/rospost/?O=3&J=5501"", ""https://jobs.monstergovt.com/cftc/rospost/?O=3&J=5501&S=1""]",True,False,2026-10-07
886465900,"[""https://apply.usastaffing.gov/ViewQuestionnaire/13075808""]",True,True,2026-10-07
886466000,"[""https://apply.usastaffing.gov/ViewQuestionnaire/13076511""]",True,True,2026-10-07
886466200,"[""https://apply.usastaffing.gov/ViewQuestionnaire/13065610""]",True,True,2026-10-07
886466400,"[""https://apply.usastaffing.gov/ViewQuestionnaire/13073858""]",True,True,2026-10-07
886467100,"[""https://apply.usastaffing.gov/ViewQuestionnaire/13076395""]",True,True,2026-10-07
886467200,"[""https://apply.usastaffing.gov/ViewQuestionnaire/13076663""]",True,True,2026-10-07
886467700,"[""https://apply.usastaffing.gov/ViewQuestionnaire/13064315""]",True,True,2026-10-07
886468100,[],True,True,2026-10-07
886468200,"[""https://apply.usastaffing.gov/ViewQuestionnaire/13076608""]",True,True,2026-10-07
886468700,"[""https://apply.usastaffing.gov/ViewQuestionnaire/13076746""]",True,True,2026-10-07
886468900,"[""https://apply.usastaffing.gov/ViewQuestionnaire/13076228""]",True,True,2026-10-07
886470000,[],True,True,2026-10-07
886470100,[],True,True,2026-10-07
886470200,[],True,False,2026-10-07
886470500,[],False,False,2026-10-07
886470700,"[""https://apply.usastaffing.gov/ViewQuestionnaire/13055585""]",True,True,2026-10-07
886470900,"[""https://apply.usastaffing.gov/ViewQuestionnaire/13074023""]",True,True,2026-10-07
886471400,[],True,True,2026-10-07
886471900,[],True,True,2026-10-07
886472600,"[""https://apply.usastaffing.gov/ViewQuestionnaire/13076655""]",True,True,2026-10-07
886473100,"[""https://apply.usastaffing.gov/ViewQuestionnaire/13043563""]",True,True,2026-10-07
886474300,"[""https://apply.usastaffing.gov/ViewQuestionnaire/13070224""]",True,True,2026-10-07
886474500,"[""https://apply.usastaffing.gov/ViewQuestionnaire/13076566""]",True,True,2026-10-07
886474800,"[""https://apply.usastaffing.gov/ViewQuestionnaire/13076731""]",True,True,2026-10-07
886475700,"[""https://apply.usastaffing.gov/ViewQuestionnaire/13076780""]",True,True,2026-10-07
886476300,"[""https://apply.usastaffing.gov/ViewQuestionnaire/13057528""]",True,True,2026-10-07
886476400,[],False,False,2026-10-07
886476600,"[""https://apply.usastaffing.gov/ViewQuestionnaire/13075732""]",True,True,2026-10-07
886476700,"[""https://apply.usastaffing.gov/ViewQuestionnaire/13075727""]",True,True,2026-10-07
886476800,"[""https://apply.usastaffing.gov/ViewQuestionnaire/13062383""]",True,True,2026-10-07
886477000,"[""https://apply.usastaffing.gov/ViewQuestionnaire/13071049""]",True,True,2026-10-07
886479100,"[""https://apply.usastaffing.gov/ViewQuestionnaire/13072340""]",True,True,2026-10-07
886479800,[],True,False,2026-10-07
886480100,"[""https://apply.usastaffing.gov/ViewQuestionnaire/13068481""]",True,True,2026-10-07
886480200,"[""https://apply.usastaffing.gov/ViewQuestionnaire/13068482""]",True,True,2026-10-07
886481600,[],True,False,2026-10-07
886481700,[],True,False,2026-10-07
886482000,"[""https://apply.usastaffing.gov/ViewQuestionnaire/13061337""]",True,True,2026-10-07
886482600,"[""https://apply.usastaffing.gov/ViewQuestionnaire/13076860""]",True,True,2026-10-07
886484100,"[""https://apply.usastaffing.gov/ViewQuestionnaire/13076867""]",True,True,2026-10-07
886485400,"[""https://apply.usastaffing.gov/ViewQuestionnaire/13064148""]",True,True,2026-10-07
886485700,[],False,False,2026-10-07
886486100,"[""https://apply.usastaffing.gov/ViewQuestionnaire/13069971""]",True,True,2026-10-07
886486200,"[""https://apply.usastaffing.gov/ViewQuestionnaire/13069786""]",True,True,2026-10-07
886486400,"[""https://apply.usastaffing.gov/ViewQuestionnaire/13069778""]",True,True,2026-10-07
886487200,"[""https://jobs.monstergovt.com/aoc/ros/rosDashboard.hms?O=1749&J=148633"", ""https://jobs.monstergovt.com/aoc/ros/rosDashboard.hms?O=1749&J=148633&S=1""]",True,False,2026-10-07
886487400,"[""https://apply.usastaffing.gov/ViewQuestionnaire/13076561""]",True,True,2026-10-07
886487600,[],False,False,2026-10-07
886487700,[],False,False,2026-10-07
886487800,[],False,False,2026-10-07
886488100,"[""https://apply.usastaffing.gov/ViewQuestionnaire/13065181""]",True,True,2026-10-07
886488300,"[""https://apply.usastaffing.gov/ViewQuestionnaire/13073549""]",True,True,2026-10-07
886488600,[],True,False,2026-10-07
886489400,"[""https://apply.usastaffing.gov/ViewQuestionnaire/13076895""]",True,True,2026-10-07
886489700,"[""https://apply.usastaffing.gov/ViewQuestionnaire/13076899""]",True,True,2026-10-07
886489900,[],True,False,2026-10-07
886490000,"[""https://apply.usastaffing.gov/ViewQuestionnaire/13057887""]",True,True,2026-10-07
886490200,"[""https://apply.usastaffing.gov/ViewQuestionnaire/13076548""]",True,True,2026-10-07
886490400,"[""https://apply.usastaffing.gov/ViewQuestionnaire/13062563""]",True,True,2026-10-07
886491000,"[""https://apply.usastaffing.gov/ViewQuestionnaire/13076477""]",True,True,2026-10-07
886491600,"[""https://apply.usastaffing.gov/ViewQuestionnaire/13073539""]",True,True,2026-10-07
886491700,"[""https://apply.usastaffing.gov/ViewQuestionnaire/13076852""]",True,True,2026-10-07
886491900,"[""https://apply.usastaffing.gov/ViewQuestionnaire/13073540""]",True,True,2026-10-07
886492100,"[""https://apply.usastaffing.gov/ViewQuestionnaire/13076906""]",True,True,2026-10-07
886492200,"[""https://apply.usastaffing.gov/ViewQuestionnaire/13067115""]",True,True,2026-10-07
886492500,[],True,True,2026-10-07
886493300,"[""https://apply.usastaffing.gov/ViewQuestionnaire/13067368""]",True,True,2026-10-07
886493500,"[""https://apply.usastaffing.gov/ViewQuestionnaire/13076560""]",True,True,2026-10-07
886493600,"[""https://apply.usastaffing.gov/ViewQuestionnaire/13074093""]",True,True,2026-10-07
886493800,"[""https://jobs.monstergovt.com/dos/ros/rosDashboard.hms?O=6&J=119412"", ""https://jobs.monstergovt.com/dos/ros/rosDashboard.hms?O=6&J=119412&S=1""]",True,False,2026-10-07
886494000,"[""https://apply.usastaffing.gov/ViewQuestionnaire/13067406""]",True,True,2026-10-07
886494100,"[""https://apply.usastaffing.gov/ViewQuestionnaire/13074260""]",True,True,2026-10-07
886494600,"[""https://apply.usastaffing.gov/ViewQuestionnaire/13076080""]",True,True,2026-10-07
886495200,"[""https://apply.usastaffing.gov/ViewQuestionnaire/13072944""]",True,True,2026-10-07
886495300,"[""https://apply.usastaffing.gov/ViewQuestionnaire/13076886""]",True,True,2026-10-07
886495400,"[""https://apply.usastaffing.gov/ViewQuestionnaire/13066108""]",True,True,2026-10-07
886495700,"[""https://apply.usastaffing.gov/ViewQuestionnaire/13075790""]",True,True,2026-10-07
886495800,[],True,False,2026-10-07
886495900,[],True,True,2026-10-07
886496200,"[""https://apply.usastaffing.gov/ViewQuestionnaire/13072243""]",True,True,2026-10-07
886496300,"[""https://apply.usastaffing.gov/ViewQuestionnaire/13064856""]",True,True,2026-10-07
886496600,"[""https://apply.usastaffing.gov/ViewQuestionnaire/13073061""]",True,True,2026-10-07
886496800,"[""https://apply.usastaffing.gov/ViewQuestionnaire/13073925""]",True,True,2026-10-07
886497400,"[""https://apply.usastaffing.gov/ViewQuestionnaire/13065347""]",True,True,2026-10-07
886497600,"[""https://apply.usastaffing.gov/ViewQuestionnaire/13069110""]",True,True,2026-10-07
886498400,"[""https://apply.usastaffing.gov/ViewQuestionnaire/13075995""]",True,True,2026-10-07
886498600,[],False,False,2026-10-07
886498700,"[""https://apply.usastaffing.gov/ViewQuestionnaire/13072882""]",True,True,2026-10-07
886498900,[],True,True,2026-10-07
886499100,"[""https://apply.usastaffing.gov/ViewQuestionnaire/13073702""]",True,True,2026-10-07
886499200,"[""https://apply.usastaffing.gov/ViewQuestionnaire/13076431""]",True,True,2026-10-07
886499300,"[""https://apply.usastaffing.gov/ViewQuestionnaire/13076432""]",True,True,2026-10-07
886499400,"[""https://apply.usastaffing.gov/ViewQuestionnaire/13076722""]",True,True,2026-10-07
886499800,"[""https://apply.usastaffing.gov/ViewQuestionnaire/13070490""]",True,True,2026-10-07
886500200,"[""https://apply.usastaffing.gov/ViewQuestionnaire/13076940""]",True,True,2026-10-07
886500300,"[""https://apply.usastaffing.gov/ViewQuestionnaire/13073223""]",True,True,2026-10-07
886500700,"[""https://apply.usastaffing.gov/ViewQuestionnaire/13072358""]",True,True,2026-10-07
886501000,"[""https://apply.usastaffing.gov/ViewQuestionnaire/13070233""]",True,True,2026-10-07
886501200,"[""https://apply.usastaffing.gov/ViewQuestionnaire/13073199""]",True,True,2026-10-07
886501400,"[""https://apply.usastaffing.gov/ViewQuestionnaire/13076606""]",True,True,2026-10-07
886501600,"[""https://apply.usastaffing.gov/ViewQuestionnaire/12950926""]",True,True,2026-10-07
886501700,"[""https://apply.usastaffing.gov/ViewQuestionnaire/13071060""]",True,True,2026-10-07
886502000,[],True,True,2026-10-07
886502200,"[""https://apply.usastaffing.gov/ViewQuestionnaire/13071059""]",True,True,2026-10-07
886502400,"[""https://apply.usastaffing.gov/ViewQuestionnaire/13076209""]",True,True,2026-10-07
886502700,"[""https://apply.usastaffing.gov/ViewQuestionnaire/13071591""]",True,True,2026-10-07
886502800,"[""https://apply.usastaffing.gov/ViewQuestionnaire/13074028""]",True,True,2026-10-07
886502900,[],True,True,2026-10-07
886503400,"[""https://apply.usastaffing.gov/ViewQuestionnaire/13071616""]",True,True,2026-10-07
886504000,"[""https://jobs.monstergovt.com/dos/ros/rosDashboard.hms?O=6&J=119404"", ""https://jobs.monstergovt.com/dos/ros/rosDashboard.hms?O=6&J=119404&S=1""]",True,False,2026-10-07
886504300,"[""https://apply.usastaffing.gov/ViewQuestionnaire/13076845""]",True,True,2026-10-07
886504400,"[""https://apply.usastaffing.gov/ViewQuestionnaire/13070715""]",True,True,2026-10-07
886504500,"[""https://apply.usastaffing.gov/ViewQuestionnaire/13066075""]",True,True,2026-10-07
886504900,"[""https://apply.usastaffing.gov/ViewQuestionnaire/13061080""]",True,True,2026-10-07
886506300,"[""https://apply.usastaffing.gov/ViewQuestionnaire/13068960""]",True,True,2026-10-07
886506400,"[""https://apply.usastaffing.gov/ViewQuestionnaire/13073137""]",True,True,2026-10-07
886506500,"[""https://apply.usastaffing.gov/ViewQuestionnaire/13076660""]",True,True,2026-10-07
886506600,"[""https://apply.usastaffing.gov/ViewQuestionnaire/13076949""]",True,True,2026-10-07
886506800,"[""https://apply.usastaffing.gov/ViewQuestionnaire/13074036""]",True,True,2026-10-07
886507400,"[""https://jobs.monstergovt.com/aoc/ros/rosDashboard.hms?O=1749&J=148531"", ""https://jobs.monstergovt.com/aoc/ros/rosDashboard.hms?O=1749&J=148531&S=1""]",True,False,2026-10-07
886508100,"[""https://apply.usastaffing.gov/ViewQuestionnaire/13075531""]",True,True,2026-10-07
886508200,"[""https://apply.usastaffing.gov/ViewQuestionnaire/13072455""]",True,True,2026-10-07
886508300,"[""https://apply.usastaffing.gov/ViewQuestionnaire/13052384""]",True,True,2026-10-07
886508600,"[""https://apply.usastaffing.gov/ViewQuestionnaire/13073081""]",True,True,2026-10-07
886508700,"[""https://apply.usastaffing.gov/ViewQuestionnaire/13076956""]",True,True,2026-10-07
886508900,[],True,True,2026-10-07
886509400,"[""https://apply.usastaffing.gov/ViewQuestionnaire/13075854""]",True,True,2026-10-07
886509700,"[""https://apply.usastaffing.gov/ViewQuestionnaire/13076916""]",True,True,2026-10-07
886510100,"[""https://apply.usastaffing.gov/ViewQuestionnaire/13041174""]",True,True,2026-10-07
886510400,"[""https://apply.usastaffing.gov/ViewQuestionnaire/13076300""]",True,True,2026-10-07
886510500,[],True,True,2026-10-07
886511100,"[""https://apply.usastaffing.gov/ViewQuestionnaire/13076113""]",True,True,2026-10-07
886511200,"[""https://apply.usastaffing.gov/ViewQuestionnaire/13076978""]",True,True,2026-10-07
886511500,[],True,True,2026-10-07
886512200,"[""https://apply.usastaffing.gov/ViewQuestionnaire/13074224""]",True,True,2026-10-07
886512300,"[""https://apply.usastaffing.gov/ViewQuestionnaire/13075832""]",True,True,2026-10-07
886512500,"[""https://apply.usastaffing.gov/ViewQuestionnaire/13076296""]",True,True,2026-10-07
886512600,"[""https://apply.usastaffing.gov/ViewQuestionnaire/13051330""]",True,True,2026-10-07
886512800,"[""https://apply.usastaffing.gov/ViewQuestionnaire/13072332""]",True,True,2026-10-07
886513500,"[""https://apply.usastaffing.gov/ViewQuestionnaire/13044802""]",True,True,2026-10-07
886513600,"[""https://apply.usastaffing.gov/ViewQuestionnaire/13076598""]",True,True,2026-10-07
886513700,[],True,False,2026-10-07
886514000,"[""https://apply.usastaffing.gov/ViewQuestionnaire/13073734""]",True,True,2026-10-07
886514100,"[""https://apply.usastaffing.gov/ViewQuestionnaire/13074055""]",True,True,2026-10-07
886514200,"[""https://apply.usastaffing.gov/ViewQuestionnaire/13072362""]",True,True,2026-10-07
886514500,"[""https://apply.usastaffing.gov/ViewQuestionnaire/13065238""]",True,True,2026-10-07
886514700,"[""https://apply.usastaffing.gov/ViewQuestionnaire/13066541""]",True,True,2026-10-07
886515100,[],True,True,2026-10-07
886515200,"[""https://apply.usastaffing.gov/ViewQuestionnaire/13073793""]",True,True,2026-10-07
886516100,"[""https://apply.usastaffing.gov/ViewQuestionnaire/13075622""]",True,True,2026-10-07
886516300,"[""https://apply.usastaffing.gov/ViewQuestionnaire/13076957""]",True,True,2026-10-07
886516600,"[""https://apply.usastaffing.gov/ViewQuestionnaire/13073769""]",True,True,2026-10-07
886517100,"[""https://apply.usastaffing.gov/ViewQuestionnaire/13067732""]",True,True,2026-10-07
886517600,"[""https://apply.usastaffing.gov/ViewQuestionnaire/13066730""]",True,True,2026-10-07
886517800,"[""https://apply.usastaffing.gov/ViewQuestionnaire/13068341""]",True,True,2026-10-07
886518000,"[""https://apply.usastaffing.gov/ViewQuestionnaire/13073992""]",True,True,2026-10-07
886518400,"[""https://apply.usastaffing.gov/ViewQuestionnaire/13064127""]",True,True,2026-10-07
886518900,"[""https://apply.usastaffing.gov/ViewQuestionnaire/13072100""]",True,True,2026-10-07
886519100,"[""https://apply.usastaffing.gov/ViewQuestionnaire/13067407""]",True,True,2026-10-07
886519400,[],True,True,2026-10-07
886519500,"[""https://apply.usastaffing.gov/ViewQuestionnaire/13069865""]",True,True,2026-10-07
886519700,"[""https://apply.usastaffing.gov/ViewQuestionnaire/13073932""]",True,True,2026-10-07
886519900,"[""https://apply.usastaffing.gov/ViewQuestionnaire/13070035""]",True,True,2026-10-07
886520100,"[""https://apply.usastaffing.gov/ViewQuestionnaire/13076457""]",True,True,2026-10-07
886520200,"[""https://apply.usastaffing.gov/ViewQuestionnaire/13076593""]",True,True,2026-10-07
886520300,[],True,False,2026-10-07
886520700,"[""https://apply.usastaffing.gov/ViewQuestionnaire/13036036""]",True,True,2026-10-07
886520900,[],True,False,2026-10-07
886521200,"[""https://apply.usastaffing.gov/ViewQuestionnaire/13074492""]",True,True,2026-10-07
886521300,"[""https://apply.usastaffing.gov/ViewQuestionnaire/13073461""]",True,True,2026-10-07
886521500,"[""https://apply.usastaffing.gov/ViewQuestionnaire/13076281""]",True,True,2026-10-07
886521800,[],True,False,2026-10-07
886522000,"[""https://apply.usastaffing.gov/ViewQuestionnaire/13076282""]",True,True,2026-10-07
886522300,"[""https://apply.usastaffing.gov/ViewQuestionnaire/13073462""]",True,True,2026-10-07
886522500,[],True,True,2026-10-07
886522800,"[""https://apply.usastaffing.gov/ViewQuestionnaire/13076283""]",True,True,2026-10-07
886523400,"[""https://apply.usastaffing.gov/ViewQuestionnaire/13076284""]",True,True,2026-10-07
886523800,"[""https://apply.usastaffing.gov/ViewQuestionnaire/13070363""]",True,True,2026-10-07
886525500,"[""https://apply.usastaffing.gov/ViewQuestionnaire/13075942""]",True,True,2026-10-07
886525700,"[""https://apply.usastaffing.gov/ViewQuestionnaire/13073154""]",True,True,2026-10-07
886525800,"[""https://apply.usastaffing.gov/ViewQuestionnaire/13076047""]",True,True,2026-10-07
886526000,"[""https://apply.usastaffing.gov/ViewQuestionnaire/13072514""]",True,True,2026-10-07
886526200,"[""https://apply.usastaffing.gov/ViewQuestionnaire/13075934""]",True,True,2026-10-07
886526900,"[""https://apply.usastaffing.gov/ViewQuestionnaire/13071991""]",True,True,2026-10-07
886527000,"[""https://apply.usastaffing.gov/ViewQuestionnaire/13070918""]",True,True,2026-10-07
886527100,"[""https://jobs.monstergovt.com/aoc/ros/rosDashboard.hms?O=1749&J=148647"", ""https://jobs.monstergovt.com/aoc/ros/rosDashboard.hms?O=1749&J=148647&S=1""]",True,False,2026-10-07
886527300,[],True,False,2026-10-07
886527700,"[""https://apply.usastaffing.gov/ViewQuestionnaire/13071990""]",True,True,2026-10-07
886528100,"[""https://apply.usastaffing.gov/ViewQuestionnaire/13074140""]",True,True,2026-10-07
886528900,"[""https://apply.usastaffing.gov/ViewQuestionnaire/13075507""]",True,True,2026-10-07
886529000,"[""https://apply.usastaffing.gov/ViewQuestionnaire/13075763""]",True,True,2026-10-07
886529300,"[""https://apply.usastaffing.gov/ViewQuestionnaire/13076874""]",True,True,2026-10-07
886530000,"[""https://apply.usastaffing.gov/ViewQuestionnaire/13077072""]",True,True,2026-10-07
886530100,"[""https://apply.usastaffing.gov/ViewQuestionnaire/13074503""]",True,True,2026-10-07
886530200,"[""https://apply.usastaffing.gov/ViewQuestionnaire/13076972""]",True,True,2026-10-07
886530300,[],False,True,2026-10-07
886530800,"[""https://apply.usastaffing.gov/ViewQuestionnaire/13077008""]",True,True,2026-10-07
886531000,[],True,True,2026-10-07
886531200,"[""https://apply.usastaffing.gov/ViewQuestionnaire/13069948""]",True,True,2026-10-07
886531800,[],True,False,2026-10-07
886531900,[],False,True,2026-10-07
886532100,"[""https://apply.usastaffing.gov/ViewQuestionnaire/13069290""]",True,True,2026-10-07
886532300,[],True,True,2026-10-07
886532600,"[""https://apply.usastaffing.gov/ViewQuestionnaire/13077069""]",True,True,2026-10-07
886532800,"[""https://apply.usastaffing.gov/ViewQuestionnaire/13072001""]",True,True,2026-10-07
886533200,[],True,True,2026-10-07
886533700,"[""https://apply.usastaffing.gov/ViewQuestionnaire/13076467""]",True,True,2026-10-07
886533800,[],True,True,2026-10-07
886533900,"[""https://apply.usastaffing.gov/ViewQuestionnaire/13076914""]",True,True,2026-10-07
886534200,"[""https://apply.usastaffing.gov/ViewQuestionnaire/13076740""]",True,True,2026-10-07
886534300,"[""https://apply.usastaffing.gov/ViewQuestionnaire/13077061""]",True,True,2026-10-07
886534500,[],True,True,2026-10-07
886534600,"[""https://apply.usastaffing.gov/ViewQuestionnaire/13064940""]",True,True,2026-10-07
886536000,[],False,True,2026-10-07
886536100,"[""https://apply.usastaffing.gov/ViewQuestionnaire/13065062""]",True,True,2026-10-07
886536200,"[""https://apply.usastaffing.gov/ViewQuestionnaire/13072214""]",True,True,2026-10-07
886537200,[],True,True,2026-10-07
886537400,[],True,True,2026-10-07
886537500,"[""https://apply.usastaffing.gov/ViewQuestionnaire/13075977""]",True,True,2026-10-07
886537700,[],False,True,2026-10-07
886537900,"[""https://apply.usastaffing.gov/ViewQuestionnaire/13075978""]",True,True,2026-10-07
886538100,"[""https://apply.usastaffing.gov/ViewQuestionnaire/13068768""]",True,True,2026-10-07
886538700,"[""https://apply.usastaffing.gov/ViewQuestionnaire/13077076""]",True,True,2026-10-07
886539400,"[""https://apply.usastaffing.gov/ViewQuestionnaire/12956982""]",True,True,2026-10-07
886540000,"[""https://apply.usastaffing.gov/ViewQuestionnaire/13074402""]",True,True,2026-10-07
886540300,"[""https://apply.usastaffing.gov/ViewQuestionnaire/13075804""]",True,True,2026-10-07
886540400,"[""https://apply.usastaffing.gov/ViewQuestionnaire/13076858""]",True,True,2026-10-07
886540500,"[""https://apply.usastaffing.gov/ViewQuestionnaire/13075780""]",True,True,2026-10-07
886540700,"[""https://apply.usastaffing.gov/ViewQuestionnaire/13074299""]",True,True,2026-10-07
886540800,"[""https://apply.usastaffing.gov/ViewQuestionnaire/13065466""]",True,True,2026-10-07
886541100,"[""https://apply.usastaffing.gov/ViewQuestionnaire/13076905""]",True,True,2026-10-07
886541200,"[""https://apply.usastaffing.gov/ViewQuestionnaire/13074272""]",True,True,2026-10-07
886541300,"[""https://apply.usastaffing.gov/ViewQuestionnaire/13065648""]",True,True,2026-10-07
886541900,"[""https://apply.usastaffing.gov/ViewQuestionnaire/13076146""]",True,True,2026-10-07
886543100,"[""https://apply.usastaffing.gov/ViewQuestionnaire/13077154""]",True,True,2026-10-07
886543500,"[""https://apply.usastaffing.gov/ViewQuestionnaire/13076063""]",True,True,2026-10-07
886544000,[],True,False,2026-10-07
886544100,"[""https://apply.usastaffing.gov/ViewQuestionnaire/13076946""]",True,True,2026-10-07
886544200,[],True,True,2026-10-07
886544400,"[""https://apply.usastaffing.gov/ViewQuestionnaire/13076947""]",True,True,2026-10-07
886544600,"[""https://apply.usastaffing.gov/ViewQuestionnaire/13051795""]",True,True,2026-10-07
886545600,[],True,False,2026-10-07
886545900,[],True,True,2026-10-07
886546600,"[""https://apply.usastaffing.gov/ViewQuestionnaire/13066722""]",True,True,2026-10-07
886546700,"[""https://apply.usastaffing.gov/ViewQuestionnaire/13073031""]",True,True,2026-10-07
886546900,[],True,False,2026-10-07
886547000,"[""https://apply.usastaffing.gov/ViewQuestionnaire/13076380""]",True,True,2026-10-07
886547200,"[""https://apply.usastaffing.gov/ViewQuestionnaire/13077048""]",True,True,2026-10-07
886547300,"[""https://apply.usastaffing.gov/ViewQuestionnaire/13072866""]",True,True,2026-10-07
886548000,[],True,True,2026-10-07
886548100,"[""https://apply.usastaffing.gov/ViewQuestionnaire/13076075""]",True,True,2026-10-07
886548200,"[""https://apply.usastaffing.gov/ViewQuestionnaire/13073053""]",True,True,2026-10-07
886548300,"[""https://apply.usastaffing.gov/ViewQuestionnaire/13075703""]",True,True,2026-10-07
886548500,"[""https://apply.usastaffing.gov/ViewQuestionnaire/13076238""]",True,True,2026-10-07
886549200,"[""https://apply.usastaffing.gov/ViewQuestionnaire/13076619""]",True,True,2026-10-07
886549900,"[""https://apply.usastaffing.gov/ViewQuestionnaire/13064402""]",True,True,2026-10-07
886550200,"[""https://apply.usastaffing.gov/ViewQuestionnaire/13076620""]",True,True,2026-10-07
886550300,[],True,True,2026-10-07
886550600,"[""https://apply.usastaffing.gov/ViewQuestionnaire/13064851""]",True,True,2026-10-07
886550800,"[""https://apply.usastaffing.gov/ViewQuestionnaire/13035016""]",True,True,2026-10-07
886551000,"[""https://apply.usastaffing.gov/ViewQuestionnaire/13065256""]",True,True,2026-10-07
886551400,[],True,True,2026-10-07
886551700,"[""https://apply.usastaffing.gov/ViewQuestionnaire/13070254""]",True,True,2026-10-07
886551900,"[""https://apply.usastaffing.gov/ViewQuestionnaire/13073149""]",True,True,2026-10-07
886552100,"[""https://apply.usastaffing.gov/ViewQuestionnaire/13067801""]",True,True,2026-10-07
886552200,[],False,True,2026-10-07
886552500,"[""https://apply.usastaffing.gov/ViewQuestionnaire/13077121""]",True,True,2026-10-07
886553500,[],True,True,2026-10-07
886554300,"[""https://apply.usastaffing.gov/ViewQuestionnaire/13076900""]",True,True,2026-10-07
886554400,"[""https://apply.usastaffing.gov/ViewQuestionnaire/13061116""]",True,True,2026-10-07
886554600,"[""https://apply.usastaffing.gov/ViewQuestionnaire/13071453""]",True,True,2026-10-07
886554700,"[""https://apply.usastaffing.gov/ViewQuestionnaire/13073923""]",True,True,2026-10-07
886554800,"[""https://apply.usastaffing.gov/ViewQuestionnaire/13065073""]",True,True,2026-10-07
886554900,[],True,False,2026-10-07
886555000,[],True,False,2026-10-07
886555100,[],True,False,2026-10-07
886555200,[],True,False,2026-10-07
886555400,[],True,False,2026-10-07
886555500,[],True,False,2026-10-07
886555600,"[""https://apply.usastaffing.gov/ViewQuestionnaire/13076918""]",True,True,2026-10-07
886556500,"[""https://apply.usastaffing.gov/ViewQuestionnaire/13077122""]",True,True,2026-10-07
886557000,[],True,False,2026-10-07
886557200,"[""https://apply.usastaffing.gov/ViewQuestionnaire/13077217""]",True,True,2026-10-07
886557300,"[""https://apply.usastaffing.gov/ViewQuestionnaire/13076990""]",True,True,2026-10-07
886558000,"[""https://jobs.monstergovt.com/dos/ros/rosDashboard.hms?O=6&J=119424"", ""https://jobs.monstergovt.com/dos/ros/rosDashboard.hms?O=6&J=119424&S=1""]",True,False,2026-10-07
886558300,"[""https://apply.usastaffing.gov/ViewQuestionnaire/13070182""]",True,True,2026-10-07
886558600,[],True,True,2026-10-07
886558800,"[""https://apply.usastaffing.gov/ViewQuestionnaire/13076969""]",True,True,2026-10-07
886558900,[],True,True,2026-10-07
886559500,"[""https://apply.usastaffing.gov/ViewQuestionnaire/13077207""]",True,True,2026-10-07
886559900,"[""https://apply.usastaffing.gov/ViewQuestionnaire/13068433""]",True,True,2026-10-07
886560100,"[""https://jobs.monstergovt.com/gsa/ros/rosDashboard.hms?O=1&J=112866"", ""https://jobs.monstergovt.com/gsa/ros/rosDashboard.hms?O=1&J=112866&S=1""]",True,False,2026-10-07
886560200,"[""https://apply.usastaffing.gov/ViewQuestionnaire/13072522""]",True,True,2026-10-07
886561000,"[""https://apply.usastaffing.gov/ViewQuestionnaire/13073846""]",True,True,2026-10-07
886561100,"[""https://apply.usastaffing.gov/ViewQuestionnaire/13075600""]",True,True,2026-10-07
886561500,"[""https://apply.usastaffing.gov/ViewQuestionnaire/13066800""]",True,True,2026-10-07
886561800,"[""https://apply.usastaffing.gov/ViewQuestionnaire/13077262""]",True,True,2026-10-07
886562100,[],True,False,2026-10-07
886562400,"[""https://apply.usastaffing.gov/ViewQuestionnaire/13077110""]",True,True,2026-10-07
886562700,"[""https://apply.usastaffing.gov/ViewQuestionnaire/13076514""]",True,True,2026-10-07
886563300,[],True,True,2026-10-07
886563600,"[""https://apply.usastaffing.gov/ViewQuestionnaire/13077277""]",True,True,2026-10-07
886564300,"[""https://apply.usastaffing.gov/ViewQuestionnaire/13077225""]",True,True,2026-10-07
886564700,"[""https://apply.usastaffing.gov/ViewQuestionnaire/13072418""]",True,True,2026-10-07
886564900,"[""https://apply.usastaffing.gov/ViewQuestionnaire/13077270""]",True,True,2026-10-07
886565700,"[""https://apply.usastaffing.gov/ViewQuestionnaire/13072456""]",True,True,2026-10-07
886565800,"[""https://apply.usastaffing.gov/ViewQuestionnaire/13072457""]",True,True,2026-10-07
886566200,"[""https://apply.usastaffing.gov/ViewQuestionnaire/13073635""]",True,True,2026-10-07
886566700,"[""https://apply.usastaffing.gov/ViewQuestionnaire/13057188""]",True,True,2026-10-07
886567400,"[""https://apply.usastaffing.gov/ViewQuestionnaire/13077181""]",True,True,2026-10-07
886568300,"[""https://apply.usastaffing.gov/ViewQuestionnaire/13077033""]",True,True,2026-10-07
886568700,[],True,True,2026-10-07
886569100,"[""https://apply.usastaffing.gov/ViewQuestionnaire/13076926""]",True,True,2026-10-07
886569200,"[""https://apply.usastaffing.gov/ViewQuestionnaire/13077257""]",True,True,2026-10-07
886569300,"[""https://apply.usastaffing.gov/ViewQuestionnaire/13057189""]",True,True,2026-10-07
886569600,"[""https://apply.usastaffing.gov/ViewQuestionnaire/13077195""]",True,True,2026-10-07
886569700,"[""https://apply.usastaffing.gov/ViewQuestionnaire/13077301""]",True,True,2026-10-07
886570400,"[""https://apply.usastaffing.gov/ViewQuestionnaire/13073904""]",True,True,2026-10-07
886570500,[],True,True,2026-10-07
886570900,[],True,True,2026-10-07
886571000,[],True,True,2026-10-07
886571500,"[""https://apply.usastaffing.gov/ViewQuestionnaire/13073911""]",True,True,2026-10-07
886571600,"[""https://apply.usastaffing.gov/ViewQuestionnaire/13074273""]",True,True,2026-10-07
886572400,"[""https://apply.usastaffing.gov/ViewQuestionnaire/13075509""]",True,True,2026-10-07
886573200,"[""https://apply.usastaffing.gov/ViewQuestionnaire/13073022""]",True,True,2026-10-07
886574000,"[""https://apply.usastaffing.gov/ViewQuestionnaire/13071869""]",True,True,2026-10-07
886574100,"[""https://apply.usastaffing.gov/ViewQuestionnaire/13075686""]",True,True,2026-10-07
886574200,"[""https://apply.usastaffing.gov/ViewQuestionnaire/13072004""]",True,True,2026-10-07
886574300,"[""https://apply.usastaffing.gov/ViewQuestionnaire/13071612""]",True,True,2026-10-07
886575000,"[""https://apply.usastaffing.gov/ViewQuestionnaire/13072040""]",True,True,2026-10-07
886576300,"[""https://apply.usastaffing.gov/ViewQuestionnaire/13077112""]",True,True,2026-10-07
886576400,"[""https://apply.usastaffing.gov/ViewQuestionnaire/13071259""]",True,True,2026-10-07
886576500,"[""https://apply.usastaffing.gov/ViewQuestionnaire/13074057""]",True,True,2026-10-07
886577000,[],True,False,2026-10-07
886577100,"[""https://apply.usastaffing.gov/ViewQuestionnaire/13071298""]",True,True,2026-10-07
886577300,[],True,True,2026-10-07
886577900,"[""https://apply.usastaffing.gov/ViewQuestionnaire/13071620""]",True,True,2026-10-07
886578400,"[""https://apply.usastaffing.gov/ViewQuestionnaire/13058515""]",True,True,2026-10-07
886578500,"[""https://apply.usastaffing.gov/ViewQuestionnaire/13077250""]",True,True,2026-10-07
886578900,"[""https://apply.usastaffing.gov/ViewQuestionnaire/13066261""]",True,True,2026-10-07
886579000,[],True,True,2026-10-07
886579400,"[""https://apply.usastaffing.gov/ViewQuestionnaire/13076919""]",True,True,2026-10-07
886579800,"[""https://apply.usastaffing.gov/ViewQuestionnaire/13076982""]",True,True,2026-10-07
886580100,[],True,True,2026-10-07
886580300,"[""https://apply.usastaffing.gov/ViewQuestionnaire/13070453""]",True,True,2026-10-07
886580400,[],False,True,2026-10-07
886580500,"[""https://apply.usastaffing.gov/ViewQuestionnaire/13077380""]",True,True,2026-10-07
886580700,[],False,True,2026-10-07
886580800,"[""https://apply.usastaffing.gov/ViewQuestionnaire/13077322""]",True,True,2026-10-07
886581100,"[""https://apply.usastaffing.gov/ViewQuestionnaire/13077007""]",True,True,2026-10-07
886581900,[],True,True,2026-10-07
886582500,"[""https://apply.usastaffing.gov/ViewQuestionnaire/13077329""]",True,True,2026-10-07
886582700,[],False,False,2026-10-07
886582900,"[""https://apply.usastaffing.gov/ViewQuestionnaire/13069514""]",True,True,2026-10-07
886583100,"[""https://apply.usastaffing.gov/ViewQuestionnaire/13072917""]",True,True,2026-10-07
886583300,"[""https://apply.usastaffing.gov/ViewQuestionnaire/13077396""]",True,True,2026-10-07
886583400,[],False,False,2026-10-07
886583500,"[""https://apply.usastaffing.gov/ViewQuestionnaire/13076963""]",True,True,2026-10-07
886583700,"[""https://apply.usastaffing.gov/ViewQuestionnaire/13072548""]",True,True,2026-10-07
886584000,[],True,True,2026-10-07
886584200,"[""https://apply.usastaffing.gov/ViewQuestionnaire/13075608""]",True,True,2026-10-07
886584600,"[""https://apply.usastaffing.gov/ViewQuestionnaire/13073852""]",True,True,2026-10-07
886584700,"[""https://apply.usastaffing.gov/ViewQuestionnaire/13070549""]",True,True,2026-10-07
886584800,[],True,False,2026-10-07
886585600,"[""https://apply.usastaffing.gov/ViewQuestionnaire/13069206""]",True,True,2026-10-07
886585800,"[""https://apply.usastaffing.gov/ViewQuestionnaire/13072916""]",True,True,2026-10-07
886586200,"[""https://apply.usastaffing.gov/ViewQuestionnaire/13074464""]",True,True,2026-10-07
886586400,"[""https://apply.usastaffing.gov/ViewQuestionnaire/13070712""]",True,True,2026-10-07
886586800,"[""https://apply.usastaffing.gov/ViewQuestionnaire/13069362""]",True,True,2026-10-07
886587100,[],True,True,2026-10-07
886587600,[],True,True,2026-10-07
886588400,[],True,True,2026-10-07
886588600,"[""https://apply.usastaffing.gov/ViewQuestionnaire/13077081""]",True,True,2026-10-07
886588700,"[""https://apply.usastaffing.gov/ViewQuestionnaire/13077088""]",True,True,2026-10-07
886589400,[],True,True,2026-10-07
886590000,"[""https://jobs.monstergovt.com/dot/ros/rosDashboard.hms?O=2&J=93039"", ""https://jobs.monstergovt.com/dot/ros/rosDashboard.hms?O=2&J=93039&S=1""]",True,False,2026-10-07
886590200,"[""https://jobs.monstergovt.com/dos/ros/rosDashboard.hms?O=6&J=119401"", ""https://jobs.monstergovt.com/dos/ros/rosDashboard.hms?O=6&J=119401&S=1""]",True,False,2026-10-07
886590600,"[""https://apply.usastaffing.gov/ViewQuestionnaire/13067328""]",True,True,2026-10-07
886591200,[],True,True,2026-10-07
886591700,"[""https://apply.usastaffing.gov/ViewQuestionnaire/13077240""]",True,True,2026-10-07
886591900,[],True,True,2026-10-07
886592200,"[""https://apply.usastaffing.gov/ViewQuestionnaire/13073629""]",True,True,2026-10-07
886592600,"[""https://apply.usastaffing.gov/ViewQuestionnaire/13077275""]",True,True,2026-10-07
886592800,[],True,True,2026-10-07
886593100,"[""https://apply.usastaffing.gov/ViewQuestionnaire/13077287""]",True,True,2026-10-07
886593600,"[""https://apply.usastaffing.gov/ViewQuestionnaire/13076410""]",True,True,2026-10-07
886593900,[],True,False,2026-10-07
886594100,[],True,True,2026-10-07
886594200,"[""https://apply.usastaffing.gov/ViewQuestionnaire/13077469""]",True,True,2026-10-07
886594300,[],False,False,2026-10-07
886594500,[],True,False,2026-10-07
886594600,"[""https://apply.usastaffing.gov/ViewQuestionnaire/13072097""]",True,True,2026-10-07
886595000,[],True,True,2026-10-07
886595500,"[""https://apply.usastaffing.gov/ViewQuestionnaire/13074428""]",True,True,2026-10-07
886595800,"[""https://apply.usastaffing.gov/ViewQuestionnaire/12914852""]",True,True,2026-10-07
886596200,"[""https://apply.usastaffing.gov/ViewQuestionnaire/13073875""]",True,True,2026-10-07
886597200,"[""https://apply.usastaffing.gov/ViewQuestionnaire/13077190""]",True,True,2026-10-07
886597700,"[""https://apply.usastaffing.gov/ViewQuestionnaire/13064335""]",True,True,2026-10-07
886598100,"[""https://apply.usastaffing.gov/ViewQuestionnaire/13073335""]",True,True,2026-10-07
886598200,"[""https://apply.usastaffing.gov/ViewQuestionnaire/13077441""]",True,True,2026-10-07
886598500,"[""https://apply.usastaffing.gov/ViewQuestionnaire/13076670""]",True,True,2026-10-07
886598800,"[""https://apply.usastaffing.gov/ViewQuestionnaire/13072627""]",True,True,2026-10-07
886599000,"[""https://apply.usastaffing.gov/ViewQuestionnaire/13073012""]",True,True,2026-10-07
886599100,"[""https://apply.usastaffing.gov/ViewQuestionnaire/13077283""]",True,True,2026-10-07
886599800,"[""https://apply.usastaffing.gov/ViewQuestionnaire/13074475""]",True,True,2026-10-07
886599900,"[""https://apply.usastaffing.gov/ViewQuestionnaire/13077482""]",True,True,2026-10-07
886601400,"[""https://jobs.monstergovt.com/dos/ros/rosDashboard.hms?O=6&J=119323"", ""https://jobs.monstergovt.com/dos/ros/rosDashboard.hms?O=6&J=119323&S=1""]",True,False,2026-10-07
886601700,[],False,False,2026-10-07
886602000,"[""https://apply.usastaffing.gov/ViewQuestionnaire/13076995""]",True,True,2026-10-07
886602100,"[""https://apply.usastaffing.gov/ViewQuestionnaire/13077488""]",True,True,2026-10-07
886602300,"[""https://apply.usastaffing.gov/ViewQuestionnaire/13076733""]",True,True,2026-10-07
886602600,"[""https://apply.usastaffing.gov/ViewQuestionnaire/13073432""]",True,True,2026-10-07
886602900,[],True,True,2026-10-07
886603300,"[""https://apply.usastaffing.gov/ViewQuestionnaire/13077297""]",True,True,2026-10-07
886603900,"[""https://apply.usastaffing.gov/ViewQuestionnaire/13077311""]",True,True,2026-10-07
886604700,"[""https://apply.usastaffing.gov/ViewQuestionnaire/13077409""]",True,True,2026-10-07
886604900,"[""https://apply.usastaffing.gov/ViewQuestionnaire/13077252""]",True,True,2026-10-07
886605000,"[""https://apply.usastaffing.gov/ViewQuestionnaire/13077476""]",True,True,2026-10-07
886605200,"[""https://apply.usastaffing.gov/ViewQuestionnaire/13077440""]",True,True,2026-10-07
886605700,"[""https://apply.usastaffing.gov/ViewQuestionnaire/13077036""]",True,True,2026-10-07
886605800,"[""https://apply.usastaffing.gov/ViewQuestionnaire/13077021""]",True,True,2026-10-07
886605900,"[""https://apply.usastaffing.gov/ViewQuestionnaire/13077483""]",True,True,2026-10-07
886606000,"[""https://apply.usastaffing.gov/ViewQuestionnaire/13061124""]",True,True,2026-10-07
886606600,"[""https://apply.usastaffing.gov/ViewQuestionnaire/13068762""]",True,True,2026-10-07
886606800,"[""https://apply.usastaffing.gov/ViewQuestionnaire/13076541""]",True,True,2026-10-07
886606900,"[""https://apply.usastaffing.gov/ViewQuestionnaire/13077006""]",True,True,2026-10-07
886607000,"[""https://apply.usastaffing.gov/ViewQuestionnaire/13071284""]",True,True,2026-10-07
886607200,[],True,False,2026-10-07
886607400,"[""https://apply.usastaffing.gov/ViewQuestionnaire/13073868""]",True,True,2026-10-07
886608300,"[""https://apply.usastaffing.gov/ViewQuestionnaire/13077064""]",True,True,2026-10-07
886608400,[],True,True,2026-10-07
886608600,"[""https://apply.usastaffing.gov/ViewQuestionnaire/13067756""]",True,True,2026-10-07
886608700,"[""https://apply.usastaffing.gov/ViewQuestionnaire/13077289""]",True,True,2026-10-07
886609700,"[""https://apply.usastaffing.gov/ViewQuestionnaire/13077087""]",True,True,2026-10-07
886609800,"[""https://apply.usastaffing.gov/ViewQuestionnaire/13077447""]",True,True,2026-10-07
886609900,"[""https://apply.usastaffing.gov/ViewQuestionnaire/13077264""]",True,True,2026-10-07
886610000,"[""https://apply.usastaffing.gov/ViewQuestionnaire/13074491""]",True,True,2026-10-07
886610400,"[""https://apply.usastaffing.gov/ViewQuestionnaire/13077116""]",True,True,2026-10-07
886610900,"[""https://apply.usastaffing.gov/ViewQuestionnaire/13075575""]",True,True,2026-10-07
886611100,"[""https://apply.usastaffing.gov/ViewQuestionnaire/13062128""]",True,True,2026-10-07
886611300,"[""https://apply.usastaffing.gov/ViewQuestionnaire/13070221""]",True,True,2026-10-07
886611600,"[""https://apply.usastaffing.gov/ViewQuestionnaire/13071304""]",True,True,2026-10-07
886611900,"[""https://apply.usastaffing.gov/ViewQuestionnaire/13070222""]",True,True,2026-10-07
886612800,"[""https://apply.usastaffing.gov/ViewQuestionnaire/13077288""]",True,True,2026-10-07
886613100,"[""https://apply.usastaffing.gov/ViewQuestionnaire/13074274""]",True,True,2026-10-07
886613600,[],True,False,2026-10-07
886613800,[],True,True,2026-10-07
886614000,[],True,False,2026-10-07
886614500,[],True,True,2026-10-07
886614700,"[""https://apply.usastaffing.gov/ViewQuestionnaire/13074202""]",True,True,2026-10-07
886615500,"[""https://apply.usastaffing.gov/ViewQuestionnaire/13076335""]",True,True,2026-10-07
886615600,"[""https://apply.usastaffing.gov/ViewQuestionnaire/13071032""]",True,True,2026-10-07
886615900,[],True,False,2026-10-07
886616600,[],True,False,2026-10-07
886617200,[],True,False,2026-10-07
886617700,[],True,True,2026-10-07
886617900,"[""https://apply.usastaffing.gov/ViewQuestionnaire/13070585""]",True,True,2026-10-07
886618200,"[""https://apply.usastaffing.gov/ViewQuestionnaire/13077535""]",True,True,2026-10-07
886618800,"[""https://apply.usastaffing.gov/ViewQuestionnaire/13076788""]",True,True,2026-10-07
886620100,[],True,True,2026-10-07
886620300,"[""https://apply.usastaffing.gov/ViewQuestionnaire/13077542""]",True,True,2026-10-07
886620600,"[""https://apply.usastaffing.gov/ViewQuestionnaire/13056121""]",True,True,2026-10-07
886620700,"[""https://apply.usastaffing.gov/ViewQuestionnaire/13073640""]",True,True,2026-10-07
886622200,"[""https://apply.usastaffing.gov/ViewQuestionnaire/13069013""]",True,True,2026-10-07
886622300,[],True,True,2026-10-07
886622400,"[""https://apply.usastaffing.gov/ViewQuestionnaire/13073118""]",True,True,2026-10-07
886622700,"[""https://apply.usastaffing.gov/ViewQuestionnaire/13075574""]",True,True,2026-10-07
886623300,"[""https://apply.usastaffing.gov/ViewQuestionnaire/13076571""]",True,True,2026-10-07
886623600,[],True,True,2026-10-07
886623800,"[""https://apply.usastaffing.gov/ViewQuestionnaire/13075642""]",True,True,2026-10-07
886623900,[],False,False,2026-10-07
886624000,[],False,False,2026-10-07
886624100,"[""https://apply.usastaffing.gov/ViewQuestionnaire/13076214""]",True,True,2026-10-07
886624300,"[""https://apply.usastaffing.gov/ViewQuestionnaire/13076989""]",True,True,2026-10-07
886624400,"[""https://apply.usastaffing.gov/ViewQuestionnaire/13077398""]",True,True,2026-10-07
886624500,"[""https://apply.usastaffing.gov/ViewQuestionnaire/13067641""]",True,True,2026-10-07
886625200,"[""https://apply.usastaffing.gov/ViewQuestionnaire/13077505""]",True,True,2026-10-07
886625500,"[""https://apply.usastaffing.gov/ViewQuestionnaire/13069014""]",True,True,2026-10-07
886625900,"[""https://apply.usastaffing.gov/ViewQuestionnaire/13068963""]",True,True,2026-10-07
886626300,"[""https://apply.usastaffing.gov/ViewQuestionnaire/13069015""]",True,True,2026-10-07
886626500,[],True,True,2026-10-07
886626600,"[""https://jobs.monstergovt.com/fdic/ros/rosDashboard.hms?O=1&J=74648"", ""https://jobs.monstergovt.com/fdic/ros/rosDashboard.hms?O=1&J=74648&S=1""]",True,False,2026-10-07
886627100,"[""https://apply.usastaffing.gov/ViewQuestionnaire/13069016""]",True,True,2026-10-07
886627200,"[""https://apply.usastaffing.gov/ViewQuestionnaire/13073153""]",True,True,2026-10-07
886627300,[],True,False,2026-10-07
886627400,"[""https://apply.usastaffing.gov/ViewQuestionnaire/13072567""]",True,True,2026-10-07
886627700,"[""https://apply.usastaffing.gov/ViewQuestionnaire/13072922""]",True,True,2026-10-07
886628300,"[""https://apply.usastaffing.gov/ViewQuestionnaire/13046884""]",True,True,2026-10-07
886628600,"[""https://apply.usastaffing.gov/ViewQuestionnaire/13077561""]",True,True,2026-10-07
886628700,"[""https://apply.usastaffing.gov/ViewQuestionnaire/13076273""]",True,True,2026-10-07
886628800,"[""https://apply.usastaffing.gov/ViewQuestionnaire/13067082""]",True,True,2026-10-07
886628900,"[""https://apply.usastaffing.gov/ViewQuestionnaire/13076650""]",True,True,2026-10-07
886629200,[],True,True,2026-10-07
886629300,"[""https://apply.usastaffing.gov/ViewQuestionnaire/13076752""]",True,True,2026-10-07
886629400,"[""https://apply.usastaffing.gov/ViewQuestionnaire/13077373""]",True,True,2026-10-07
886629700,[],True,True,2026-10-07
886629800,[],False,True,2026-10-07
886629900,"[""https://apply.usastaffing.gov/ViewQuestionnaire/13076753""]",True,True,2026-10-07
886630800,"[""https://apply.usastaffing.gov/ViewQuestionnaire/13077017""]",True,True,2026-10-07
886631400,[],True,False,2026-10-07
886631600,"[""https://apply.usastaffing.gov/ViewQuestionnaire/13075502""]",True,True,2026-10-07
886631700,"[""https://apply.usastaffing.gov/ViewQuestionnaire/13077566""]",True,True,2026-10-07
886631800,"[""https://apply.usastaffing.gov/ViewQuestionnaire/13077588""]",True,True,2026-10-07
886631900,"[""https://apply.usastaffing.gov/ViewQuestionnaire/13071841""]",True,True,2026-10-07
886632000,"[""https://apply.usastaffing.gov/ViewQuestionnaire/13071840""]",True,True,2026-10-07
886632100,"[""https://apply.usastaffing.gov/ViewQuestionnaire/13059383""]",True,True,2026-10-07
886632300,"[""https://apply.usastaffing.gov/ViewQuestionnaire/13076422""]",True,True,2026-10-07
886632700,"[""https://apply.usastaffing.gov/ViewQuestionnaire/13077657""]",True,True,2026-10-07
886633900,"[""https://apply.usastaffing.gov/ViewQuestionnaire/13076819""]",True,True,2026-10-07
886634100,"[""https://apply.usastaffing.gov/ViewQuestionnaire/13075860""]",True,True,2026-10-07
886634600,"[""https://apply.usastaffing.gov/ViewQuestionnaire/13077617""]",True,True,2026-10-07
886634700,"[""https://apply.usastaffing.gov/ViewQuestionnaire/13076820""]",True,True,2026-10-07
886635200,"[""https://apply.usastaffing.gov/ViewQuestionnaire/13077658""]",True,True,2026-10-07
886635300,"[""https://apply.usastaffing.gov/ViewQuestionnaire/13077010""]",True,True,2026-10-07
886635400,[],True,False,2026-10-07
886636400,"[""https://apply.usastaffing.gov/ViewQuestionnaire/13071622""]",True,True,2026-10-07
886636500,[],True,True,2026-10-07
886637000,"[""https://apply.usastaffing.gov/ViewQuestionnaire/13076465""]",True,True,2026-10-07
886637200,"[""https://apply.usastaffing.gov/ViewQuestionnaire/13075606""]",True,True,2026-10-07
886637700,"[""https://apply.usastaffing.gov/ViewQuestionnaire/13076466""]",True,True,2026-10-07
886637800,[],True,True,2026-10-07
886637900,"[""https://apply.usastaffing.gov/ViewQuestionnaire/13076634""]",True,True,2026-10-07
886638000,"[""https://apply.usastaffing.gov/ViewQuestionnaire/13076622""]",True,True,2026-10-07
886638200,"[""https://apply.usastaffing.gov/ViewQuestionnaire/13073744""]",True,True,2026-10-07
886638500,"[""https://apply.usastaffing.gov/ViewQuestionnaire/13075729""]",True,True,2026-10-07
886639100,"[""https://apply.usastaffing.gov/ViewQuestionnaire/13075506""]",True,True,2026-10-07
886639300,"[""https://apply.usastaffing.gov/ViewQuestionnaire/13072717""]",True,True,2026-10-07
886639400,"[""https://apply.usastaffing.gov/ViewQuestionnaire/13076503""]",True,True,2026-10-07
886641000,"[""https://apply.usastaffing.gov/ViewQuestionnaire/13077580""]",True,True,2026-10-07
886641200,"[""https://apply.usastaffing.gov/ViewQuestionnaire/13077717""]",True,True,2026-10-07
886641800,"[""https://apply.usastaffing.gov/ViewQuestionnaire/13076064""]",True,True,2026-10-07
886642100,"[""https://apply.usastaffing.gov/ViewQuestionnaire/13077642""]",True,True,2026-10-07
886642600,"[""https://apply.usastaffing.gov/ViewQuestionnaire/13076618""]",True,True,2026-10-07
886643000,"[""https://apply.usastaffing.gov/ViewQuestionnaire/13076781""]",True,True,2026-10-07
886644100,"[""https://apply.usastaffing.gov/ViewQuestionnaire/13076522""]",True,True,2026-10-07
886644500,"[""https://apply.usastaffing.gov/ViewQuestionnaire/13077712""]",True,True,2026-10-07
886645600,[],True,True,2026-10-07
886645900,"[""https://apply.usastaffing.gov/ViewQuestionnaire/13077584""]",True,True,2026-10-07
886646300,"[""https://apply.usastaffing.gov/ViewQuestionnaire/13076523""]",True,True,2026-10-07
886646400,"[""https://apply.usastaffing.gov/ViewQuestionnaire/13075836""]",True,True,2026-10-07
886646600,"[""https://apply.usastaffing.gov/ViewQuestionnaire/13077416""]",True,True,2026-10-07
886646700,"[""https://apply.usastaffing.gov/ViewQuestionnaire/13077680""]",True,True,2026-10-07
886646800,"[""https://apply.usastaffing.gov/ViewQuestionnaire/13077742""]",True,True,2026-10-07
886647200,"[""https://apply.usastaffing.gov/ViewQuestionnaire/13077464""]",True,True,2026-10-07
886647700,"[""https://apply.usastaffing.gov/ViewQuestionnaire/13076872""]",True,True,2026-10-07
886647900,"[""https://jobs.monstergovt.com/gsa/ros/rosDashboard.hms?O=1&J=112875"", ""https://jobs.monstergovt.com/gsa/ros/rosDashboard.hms?O=1&J=112875&S=1""]",True,False,2026-10-07
886648000,"[""https://apply.usastaffing.gov/ViewQuestionnaire/13076873""]",True,True,2026-10-07
886648100,[],True,True,2026-10-07
886648400,"[""https://apply.usastaffing.gov/ViewQuestionnaire/13075916""]",True,True,2026-10-07
886648500,"[""https://apply.usastaffing.gov/ViewQuestionnaire/13077538""]",True,True,2026-10-07
886648600,[],True,True,2026-10-07
886648800,"[""https://apply.usastaffing.gov/ViewQuestionnaire/13077465""]",True,True,2026-10-07
886649400,"[""https://apply.usastaffing.gov/ViewQuestionnaire/13066336""]",True,True,2026-10-07
886649500,"[""https://apply.usastaffing.gov/ViewQuestionnaire/13072061""]",True,True,2026-10-07
886649800,"[""https://apply.usastaffing.gov/ViewQuestionnaire/13077744""]",True,True,2026-10-07
886650000,[],True,True,2026-10-07
886650200,"[""https://apply.usastaffing.gov/ViewQuestionnaire/13077670""]",True,True,2026-10-07
886650500,"[""https://apply.usastaffing.gov/ViewQuestionnaire/13077713""]",True,True,2026-10-07
886650800,"[""https://apply.usastaffing.gov/ViewQuestionnaire/13070448""]",True,True,2026-10-07
886650900,"[""https://apply.usastaffing.gov/ViewQuestionnaire/13077663""]",True,True,2026-10-07
886651400,"[""https://jobs.monstergovt.com/ushmm/ros/rosDashboard.hms?O=1&J=10045"", ""https://jobs.monstergovt.com/ushmm/ros/rosDashboard.hms?O=1&J=10045&S=1""]",True,False,2026-10-07
886651900,"[""https://apply.usastaffing.gov/ViewQuestionnaire/13073988""]",True,True,2026-10-07
886652100,"[""https://apply.usastaffing.gov/ViewQuestionnaire/13076362""]",True,True,2026-10-07
886652200,"[""https://apply.usastaffing.gov/ViewQuestionnaire/13077310""]",True,True,2026-10-07
886652500,"[""https://apply.usastaffing.gov/ViewQuestionnaire/13077309""]",True,True,2026-10-07
886653200,"[""https://apply.usastaffing.gov/ViewQuestionnaire/13073989""]",True,True,2026-10-07
886654600,[],False,False,2026-10-07
886654700,[],False,False,2026-10-07
886654900,[],True,False,2026-10-07
886655100,[],False,False,2026-10-07
886655200,[],False,True,2026-10-07
886655500,"[""https://apply.usastaffing.gov/ViewQuestionnaire/13077004""]",True,True,2026-10-07
886655900,"[""https://apply.usastaffing.gov/ViewQuestionnaire/13068648""]",True,True,2026-10-07
886656000,"[""https://apply.usastaffing.gov/ViewQuestionnaire/13076644""]",True,True,2026-10-07
886656100,"[""https://apply.usastaffing.gov/ViewQuestionnaire/13066289""]",True,True,2026-10-07
886656200,"[""https://apply.usastaffing.gov/ViewQuestionnaire/13075882""]",True,True,2026-10-07
886656700,[],True,True,2026-10-07
886657100,[],True,True,2026-10-07
886658300,[],True,False,2026-10-07
886658700,"[""https://apply.usastaffing.gov/ViewQuestionnaire/13076750""]",True,True,2026-10-07
886659100,[],True,True,2026-10-07
886659600,"[""https://apply.usastaffing.gov/ViewQuestionnaire/13076751""]",True,True,2026-10-07
886659700,"[""https://apply.usastaffing.gov/ViewQuestionnaire/13077186""]",True,True,2026-10-07
886659900,"[""https://apply.usastaffing.gov/ViewQuestionnaire/13076836""]",True,True,2026-10-07
886660100,"[""https://apply.usastaffing.gov/ViewQuestionnaire/13077764""]",True,True,2026-10-07
886660300,"[""https://apply.usastaffing.gov/ViewQuestionnaire/13069345""]",True,True,2026-10-07
886660400,"[""https://apply.usastaffing.gov/ViewQuestionnaire/13076837""]",True,True,2026-10-07
886660600,"[""https://apply.usastaffing.gov/ViewQuestionnaire/13073482""]",True,True,2026-10-07
886661100,[],True,False,2026-10-07
886661700,"[""https://apply.usastaffing.gov/ViewQuestionnaire/13070005""]",True,True,2026-10-07
886661800,"[""https://apply.usastaffing.gov/ViewQuestionnaire/13077516""]",True,True,2026-10-07
886662400,"[""https://apply.usastaffing.gov/ViewQuestionnaire/13075704""]",True,True,2026-10-07
886662900,"[""https://apply.usastaffing.gov/ViewQuestionnaire/13077835""]",True,True,2026-10-07
886663500,[],True,False,2026-10-07
886663800,[],False,False,2026-10-07
886664000,"[""https://apply.usastaffing.gov/ViewQuestionnaire/13072512""]",True,True,2026-10-07
886664400,"[""https://apply.usastaffing.gov/ViewQuestionnaire/13077631""]",True,True,2026-10-07
886664700,"[""https://apply.usastaffing.gov/ViewQuestionnaire/13069643""]",True,True,2026-10-07
886664900,"[""https://apply.usastaffing.gov/ViewQuestionnaire/13071642""]",True,True,2026-10-07
886665000,"[""https://apply.usastaffing.gov/ViewQuestionnaire/13077704""]",True,True,2026-10-07
886665200,[],False,False,2026-10-07
886665600,[],True,True,2026-10-07
886665800,[],True,True,2026-10-07
886665900,"[""https://apply.usastaffing.gov/ViewQuestionnaire/13077853""]",True,True,2026-10-07
886666200,"[""https://apply.usastaffing.gov/ViewQuestionnaire/13072535""]",True,True,2026-10-07
886666300,"[""https://apply.usastaffing.gov/ViewQuestionnaire/13067974""]",True,True,2026-10-07
886666400,"[""https://apply.usastaffing.gov/ViewQuestionnaire/13077814""]",True,True,2026-10-07
886666700,[],False,False,2026-10-07
886667400,"[""https://apply.usastaffing.gov/ViewQuestionnaire/13077234""]",True,True,2026-10-07
886667500,"[""https://apply.usastaffing.gov/ViewQuestionnaire/13077872""]",True,True,2026-10-07
886667600,[],False,False,2026-10-07
886667800,"[""https://apply.usastaffing.gov/ViewQuestionnaire/13077873""]",True,True,2026-10-07
886668600,"[""https://apply.usastaffing.gov/ViewQuestionnaire/13077883""]",True,True,2026-10-07
886668700,"[""https://apply.usastaffing.gov/ViewQuestionnaire/13064929""]",True,True,2026-10-07
886669200,"[""https://apply.usastaffing.gov/ViewQuestionnaire/13077887""]",True,True,2026-10-07
886669500,[],True,False,2026-10-07
886669900,"[""https://apply.usastaffing.gov/ViewQuestionnaire/13073486""]",True,True,2026-10-07
886670000,"[""https://apply.usastaffing.gov/ViewQuestionnaire/13073522""]",True,True,2026-10-07
886670100,[],True,False,2026-10-07
886670200,[],True,False,2026-10-07
886670300,"[""https://apply.usastaffing.gov/ViewQuestionnaire/13077893""]",True,True,2026-10-07
886670600,"[""https://apply.usastaffing.gov/ViewQuestionnaire/13077841""]",True,True,2026-10-07
886671100,[],True,False,2026-10-07
886672700,"[""https://apply.usastaffing.gov/ViewQuestionnaire/13077904""]",True,True,2026-10-07
886672800,"[""https://apply.usastaffing.gov/ViewQuestionnaire/13077905""]",True,True,2026-10-07
886672900,"[""https://apply.usastaffing.gov/ViewQuestionnaire/13077902""]",True,True,2026-10-07
886673800,"[""https://apply.usastaffing.gov/ViewQuestionnaire/13073582""]",True,True,2026-10-07
886673900,"[""https://apply.usastaffing.gov/ViewQuestionnaire/13073565""]",True,True,2026-10-07
886674100,"[""https://apply.usastaffing.gov/ViewQuestionnaire/13071486""]",True,True,2026-10-07
886674300,"[""https://apply.usastaffing.gov/ViewQuestionnaire/13076203""]",True,True,2026-10-07
886674600,"[""https://apply.usastaffing.gov/ViewQuestionnaire/13066094""]",True,True,2026-10-07
886675100,"[""https://apply.usastaffing.gov/ViewQuestionnaire/13068652""]",True,True,2026-10-07
886675200,"[""https://apply.usastaffing.gov/ViewQuestionnaire/13066084""]",True,True,2026-10-07
886675300,"[""https://apply.usastaffing.gov/ViewQuestionnaire/13077919""]",True,True,2026-10-07
886675600,[],True,True,2026-10-07
886675700,[],True,True,2026-10-07
886676000,"[""https://apply.usastaffing.gov/ViewQuestionnaire/13071296""]",True,True,2026-10-07
886676200,[],True,True,2026-10-07
886676500,"[""https://apply.usastaffing.gov/ViewQuestionnaire/13034894""]",True,True,2026-10-07
886676700,"[""https://apply.usastaffing.gov/ViewQuestionnaire/13065388""]",True,True,2026-10-07
886676900,"[""https://apply.usastaffing.gov/ViewQuestionnaire/13077925""]",True,True,2026-10-07
886677200,"[""https://apply.usastaffing.gov/ViewQuestionnaire/13075857""]",True,True,2026-10-07
886677600,"[""https://apply.usastaffing.gov/ViewQuestionnaire/13070048""]",True,True,2026-10-07
886677800,"[""https://apply.usastaffing.gov/ViewQuestionnaire/13077908""]",True,True,2026-10-07
886677900,"[""https://jobs.monstergovt.com/dot/ros/rosDashboard.hms?O=2&J=93040"", ""https://jobs.monstergovt.com/dot/ros/rosDashboard.hms?O=2&J=93040&S=1""]",True,False,2026-10-07
886678000,"[""https://apply.usastaffing.gov/ViewQuestionnaire/13061511""]",True,True,2026-10-07
886678100,"[""https://apply.usastaffing.gov/ViewQuestionnaire/13076582""]",True,True,2026-10-07
886678200,[],True,True,2026-10-07
886678300,"[""https://apply.usastaffing.gov/ViewQuestionnaire/13072265""]",True,True,2026-10-07
886678700,"[""https://apply.usastaffing.gov/ViewQuestionnaire/13073766""]",True,True,2026-10-07
886678800,"[""https://apply.usastaffing.gov/ViewQuestionnaire/13073767""]",True,True,2026-10-07
886679000,"[""https://apply.usastaffing.gov/ViewQuestionnaire/13072219""]",True,True,2026-10-07
886679600,"[""https://apply.usastaffing.gov/ViewQuestionnaire/13077583""]",True,True,2026-10-07
886679700,"[""https://apply.usastaffing.gov/ViewQuestionnaire/13077484""]",True,True,2026-10-07
886680000,"[""https://jobs.monstergovt.com/dot/ros/rosDashboard.hms?O=2&J=92960"", ""https://jobs.monstergovt.com/dot/ros/rosDashboard.hms?O=2&J=92960&S=1""]",True,False,2026-10-07
886680400,"[""https://apply.usastaffing.gov/ViewQuestionnaire/13073203""]",True,True,2026-10-07
886680600,[],True,True,2026-10-07
886680700,"[""https://apply.usastaffing.gov/ViewQuestionnaire/13076050""]",True,True,2026-10-07
886680900,"[""https://apply.usastaffing.gov/ViewQuestionnaire/13077474""]",True,True,2026-10-07
886681000,"[""https://apply.usastaffing.gov/ViewQuestionnaire/13074050""]",True,True,2026-10-07
886681200,"[""https://apply.usastaffing.gov/ViewQuestionnaire/13073551""]",True,True,2026-10-07
886681300,"[""https://apply.usastaffing.gov/ViewQuestionnaire/13077916""]",True,True,2026-10-07
886681600,"[""https://apply.usastaffing.gov/ViewQuestionnaire/13077524""]",True,True,2026-10-07
886681800,[],True,False,2026-10-07
886682400,"[""https://apply.usastaffing.gov/ViewQuestionnaire/13076974""]",True,True,2026-10-07
886682500,"[""https://apply.usastaffing.gov/ViewQuestionnaire/13071756""]",True,True,2026-10-07
886682600,"[""https://apply.usastaffing.gov/ViewQuestionnaire/13074422""]",True,True,2026-10-07
886683000,"[""https://apply.usastaffing.gov/ViewQuestionnaire/13077508""]",True,True,2026-10-07
886683100,"[""https://apply.usastaffing.gov/ViewQuestionnaire/13070928""]",True,True,2026-10-07
886683300,[],True,True,2026-10-07
886683400,"[""https://apply.usastaffing.gov/ViewQuestionnaire/13076356""]",True,True,2026-10-07
886683700,"[""https://apply.usastaffing.gov/ViewQuestionnaire/13071326""]",True,True,2026-10-07
886683900,"[""https://apply.usastaffing.gov/ViewQuestionnaire/13077071""]",True,True,2026-10-07
886684000,"[""https://apply.usastaffing.gov/ViewQuestionnaire/13069994""]",True,True,2026-10-07
886684600,"[""https://apply.usastaffing.gov/ViewQuestionnaire/13074350""]",True,True,2026-10-07
886684700,"[""https://jobs.monstergovt.com/fdic/ros/rosDashboard.hms?O=1&J=74643"", ""https://jobs.monstergovt.com/fdic/ros/rosDashboard.hms?O=1&J=74643&S=1""]",True,False,2026-10-07
886684900,[],True,False,2026-10-07
886685000,[],True,True,2026-10-07
886685200,"[""https://jobs.monstergovt.com/fdic/ros/rosDashboard.hms?O=1&J=74647"", ""https://jobs.monstergovt.com/fdic/ros/rosDashboard.hms?O=1&J=74647&S=1""]",True,False,2026-10-07
886685300,"[""https://apply.usastaffing.gov/ViewQuestionnaire/13077356""]",True,True,2026-10-07
886685400,"[""https://apply.usastaffing.gov/ViewQuestionnaire/13073292""]",True,True,2026-10-07
886685800,"[""https://apply.usastaffing.gov/ViewQuestionnaire/13076211""]",True,True,2026-10-07
886686000,"[""https://apply.usastaffing.gov/ViewQuestionnaire/13069837""]",True,True,2026-10-07
886686900,"[""https://apply.usastaffing.gov/ViewQuestionnaire/13069593""]",True,True,2026-10-07
886687100,[],True,False,2026-10-07
886687300,[],True,False,2026-10-07
886687700,"[""https://apply.usastaffing.gov/ViewQuestionnaire/13073657""]",True,True,2026-10-07
886688000,"[""https://apply.usastaffing.gov/ViewQuestionnaire/13077737""]",True,True,2026-10-07
886688200,"[""https://apply.usastaffing.gov/ViewQuestionnaire/13077609""]",True,True,2026-10-07
886688500,"[""https://apply.usastaffing.gov/ViewQuestionnaire/13071429""]",True,True,2026-10-07
886688600,"[""https://apply.usastaffing.gov/ViewQuestionnaire/13077734""]",True,True,2026-10-07
886688700,"[""https://apply.usastaffing.gov/ViewQuestionnaire/13076868""]",True,True,2026-10-07
886689000,"[""https://apply.usastaffing.gov/ViewQuestionnaire/13077907""]",True,True,2026-10-07
886689400,"[""https://apply.usastaffing.gov/ViewQuestionnaire/13077280""]",True,True,2026-10-07
886690000,"[""https://apply.usastaffing.gov/ViewQuestionnaire/13076964""]",True,True,2026-10-07
886690300,"[""https://apply.usastaffing.gov/ViewQuestionnaire/13076693""]",True,True,2026-10-07
886690400,[],True,True,2026-10-07
886690500,"[""https://apply.usastaffing.gov/ViewQuestionnaire/13065244""]",True,True,2026-10-07
886690600,"[""https://apply.usastaffing.gov/ViewQuestionnaire/13076715""]",True,True,2026-10-07
886690700,"[""https://apply.usastaffing.gov/ViewQuestionnaire/13077259""]",True,True,2026-10-07
886691000,"[""https://apply.usastaffing.gov/ViewQuestionnaire/13076100""]",True,True,2026-10-07
886691100,"[""https://apply.usastaffing.gov/ViewQuestionnaire/13076098""]",True,True,2026-10-07
886691200,"[""https://apply.usastaffing.gov/ViewQuestionnaire/13075814""]",True,True,2026-10-07
886691300,"[""https://apply.usastaffing.gov/ViewQuestionnaire/13077955""]",True,True,2026-10-07
886691500,"[""https://jobs.monstergovt.com/loc/ros/rosDashboard.hms?O=1&J=27868"", ""https://jobs.monstergovt.com/loc/ros/rosDashboard.hms?O=1&J=27868&S=1""]",True,False,2026-10-07
886691800,"[""https://apply.usastaffing.gov/ViewQuestionnaire/13076134""]",True,True,2026-10-07
886692000,"[""https://jobs.monstergovt.com/dot/ros/rosDashboard.hms?O=2&J=93045"", ""https://jobs.monstergovt.com/dot/ros/rosDashboard.hms?O=2&J=93045&S=1""]",True,False,2026-10-07
886692100,"[""https://apply.usastaffing.gov/ViewQuestionnaire/13076354""]",True,True,2026-10-07
886693400,[],True,True,2026-10-07
886693600,"[""https://apply.usastaffing.gov/ViewQuestionnaire/13077022""]",True,True,2026-10-07
886694000,"[""https://apply.usastaffing.gov/ViewQuestionnaire/13077974""]",True,True,2026-10-07
886694200,"[""https://apply.usastaffing.gov/ViewQuestionnaire/13076637""]",True,True,2026-10-07
886694400,"[""https://apply.usastaffing.gov/ViewQuestionnaire/13077958""]",True,True,2026-10-07
886694600,"[""https://apply.usastaffing.gov/ViewQuestionnaire/13077622""]",True,True,2026-10-07
886694700,[],True,True,2026-10-07
886694900,"[""https://apply.usastaffing.gov/ViewQuestionnaire/13076717""]",True,True,2026-10-07
886695700,[],True,False,2026-10-07
886695900,"[""https://apply.usastaffing.gov/ViewQuestionnaire/13077761""]",True,True,2026-10-07
886696600,[],True,False,2026-10-07
886697000,"[""https://apply.usastaffing.gov/ViewQuestionnaire/13077987""]",True,True,2026-10-07
886697100,"[""https://apply.usastaffing.gov/ViewQuestionnaire/13076942""]",True,True,2026-10-07
886697300,"[""https://apply.usastaffing.gov/ViewQuestionnaire/13075654""]",True,True,2026-10-07
886697700,[],True,True,2026-10-07
886697900,"[""https://apply.usastaffing.gov/ViewQuestionnaire/13077130""]",True,True,2026-10-07
886698200,"[""https://apply.usastaffing.gov/ViewQuestionnaire/13069299""]",True,True,2026-10-07
886698700,"[""https://jobs.monstergovt.com/dos/ros/rosDashboard.hms?O=6&J=119427"", ""https://jobs.monstergovt.com/dos/ros/rosDashboard.hms?O=6&J=119427&S=1""]",True,False,2026-10-07
886699100,"[""https://apply.usastaffing.gov/ViewQuestionnaire/13077393""]",True,True,2026-10-07
886699300,"[""https://apply.usastaffing.gov/ViewQuestionnaire/13077459""]",True,True,2026-10-07
886699600,[],True,False,2026-10-07
886699700,[],True,False,2026-10-07
886700000,[],False,False,2026-10-07
886700100,"[""https://apply.usastaffing.gov/ViewQuestionnaire/13076208""]",True,True,2026-10-07
886700300,[],True,True,2026-10-07
886700600,"[""https://apply.usastaffing.gov/ViewQuestionnaire/13070952""]",True,True,2026-10-07
886700700,"[""https://apply.usastaffing.gov/ViewQuestionnaire/13077752""]",True,True,2026-10-07
886700900,[],True,True,2026-10-07
886701500,"[""https://apply.usastaffing.gov/ViewQuestionnaire/13074453""]",True,True,2026-10-07
886701600,"[""https://apply.usastaffing.gov/ViewQuestionnaire/13053329""]",True,True,2026-10-07
886701800,"[""https://apply.usastaffing.gov/ViewQuestionnaire/13077433""]",True,True,2026-10-07
886702000,"[""https://apply.usastaffing.gov/ViewQuestionnaire/13073997""]",True,True,2026-10-07
886702200,"[""https://apply.usastaffing.gov/ViewQuestionnaire/13072228""]",True,True,2026-10-07
886702300,"[""https://apply.usastaffing.gov/ViewQuestionnaire/13077957""]",True,True,2026-10-07
886702700,"[""https://apply.usastaffing.gov/ViewQuestionnaire/13047242""]",True,True,2026-10-07
886702800,"[""https://apply.usastaffing.gov/ViewQuestionnaire/13073563""]",True,True,2026-10-07
886702900,"[""https://apply.usastaffing.gov/ViewQuestionnaire/13076831""]",True,True,2026-10-07
886703000,[],True,False,2026-10-07
886703400,"[""https://apply.usastaffing.gov/ViewQuestionnaire/13061899""]",True,True,2026-10-07
886703600,"[""https://apply.usastaffing.gov/ViewQuestionnaire/13076798""]",True,True,2026-10-07
886703700,"[""https://apply.usastaffing.gov/ViewQuestionnaire/13078049""]",True,True,2026-10-07
886704100,"[""https://apply.usastaffing.gov/ViewQuestionnaire/13072037""]",True,True,2026-10-07
886704200,"[""https://apply.usastaffing.gov/ViewQuestionnaire/13077013""]",True,True,2026-10-07
886704500,"[""https://apply.usastaffing.gov/ViewQuestionnaire/13078002""]",True,True,2026-10-07
886704700,"[""https://apply.usastaffing.gov/ViewQuestionnaire/13077656""]",True,True,2026-10-07
886704800,"[""https://apply.usastaffing.gov/ViewQuestionnaire/13078021""]",True,True,2026-10-07
886704900,"[""https://apply.usastaffing.gov/ViewQuestionnaire/13073557""]",True,True,2026-10-07
886705000,"[""https://apply.usastaffing.gov/ViewQuestionnaire/13076318""]",True,True,2026-10-07
886705100,"[""https://apply.usastaffing.gov/ViewQuestionnaire/13074344""]",True,True,2026-10-07
886705200,"[""https://apply.usastaffing.gov/ViewQuestionnaire/13074304""]",True,True,2026-10-07
886705800,"[""https://apply.usastaffing.gov/ViewQuestionnaire/13068822""]",True,True,2026-10-07
886705900,"[""https://apply.usastaffing.gov/ViewQuestionnaire/13073341""]",True,True,2026-10-07
886706000,"[""https://apply.usastaffing.gov/ViewQuestionnaire/13068818""]",True,True,2026-10-07
886706200,"[""https://apply.usastaffing.gov/ViewQuestionnaire/13078031""]",True,True,2026-10-07
886706300,"[""https://apply.usastaffing.gov/ViewQuestionnaire/13078067""]",True,True,2026-10-07
886706500,[],True,True,2026-10-07
886706700,"[""https://apply.usastaffing.gov/ViewQuestionnaire/13074189""]",True,True,2026-10-07
886707100,"[""https://apply.usastaffing.gov/ViewQuestionnaire/13077392""]",True,True,2026-10-07
886707200,"[""https://apply.usastaffing.gov/ViewQuestionnaire/13077952""]",True,True,2026-10-07
886707300,[],True,True,2026-10-07
886708000,"[""https://apply.usastaffing.gov/ViewQuestionnaire/13077346""]",True,True,2026-10-07
886708200,"[""https://apply.usastaffing.gov/ViewQuestionnaire/13078046""]",True,True,2026-10-07
886708800,"[""https://apply.usastaffing.gov/ViewQuestionnaire/13077402""]",True,True,2026-10-07
886709000,[],True,True,2026-10-07
886709200,"[""https://apply.usastaffing.gov/ViewQuestionnaire/13073527""]",True,True,2026-10-07
886709300,"[""https://apply.usastaffing.gov/ViewQuestionnaire/13078028""]",True,True,2026-10-07
886709800,"[""https://apply.usastaffing.gov/ViewQuestionnaire/13077351""]",True,True,2026-10-07
886709900,"[""https://apply.usastaffing.gov/ViewQuestionnaire/13076749""]",True,True,2026-10-07
886710600,"[""https://apply.usastaffing.gov/ViewQuestionnaire/13073915""]",True,True,2026-10-07
886710900,"[""https://apply.usastaffing.gov/ViewQuestionnaire/13056743""]",True,True,2026-10-07
886711000,"[""https://apply.usastaffing.gov/ViewQuestionnaire/13073659""]",True,True,2026-10-07
886711200,"[""https://apply.usastaffing.gov/ViewQuestionnaire/13064625""]",True,True,2026-10-07
886711400,"[""https://apply.usastaffing.gov/ViewQuestionnaire/13071478""]",True,True,2026-10-07
886711500,"[""https://apply.usastaffing.gov/ViewQuestionnaire/13076885""]",True,True,2026-10-07
886711900,"[""https://apply.usastaffing.gov/ViewQuestionnaire/13070817""]",True,True,2026-10-07
886712600,"[""https://apply.usastaffing.gov/ViewQuestionnaire/13057199""]",True,True,2026-10-07
886712900,"[""https://apply.usastaffing.gov/ViewQuestionnaire/13078099""]",True,True,2026-10-07
886713200,"[""https://apply.usastaffing.gov/ViewQuestionnaire/13078064""]",True,True,2026-10-07
886713300,"[""https://apply.usastaffing.gov/ViewQuestionnaire/13057200""]",True,True,2026-10-07
886713800,"[""https://apply.usastaffing.gov/ViewQuestionnaire/13067306""]",True,True,2026-10-07
886714200,"[""https://apply.usastaffing.gov/ViewQuestionnaire/13076058""]",True,True,2026-10-07
886714300,"[""https://apply.usastaffing.gov/ViewQuestionnaire/13057860""]",True,True,2026-10-07
886714500,"[""https://apply.usastaffing.gov/ViewQuestionnaire/13078055""]",True,True,2026-10-07
886714900,"[""https://apply.usastaffing.gov/ViewQuestionnaire/13078051""]",True,True,2026-10-07
886715000,"[""https://apply.usastaffing.gov/ViewQuestionnaire/13070958""]",True,True,2026-10-07
886715500,"[""https://apply.usastaffing.gov/ViewQuestionnaire/13074190""]",True,True,2026-10-07
886715800,"[""https://apply.usastaffing.gov/ViewQuestionnaire/13072828""]",True,True,2026-10-07
886715900,"[""https://apply.usastaffing.gov/ViewQuestionnaire/13002235""]",True,True,2026-10-07
886716000,"[""https://apply.usastaffing.gov/ViewQuestionnaire/13077455""]",True,True,2026-10-07
886716100,[],True,False,2026-10-07
886716700,"[""https://apply.usastaffing.gov/ViewQuestionnaire/13078134""]",True,True,2026-10-07
886717700,"[""https://jobs.monstergovt.com/dos/ros/rosDashboard.hms?O=6&J=119287"", ""https://jobs.monstergovt.com/dos/ros/rosDashboard.hms?O=6&J=119287&S=1""]",True,False,2026-10-07
886718100,"[""https://apply.usastaffing.gov/ViewQuestionnaire/13064801""]",True,True,2026-10-07
886718500,"[""https://apply.usastaffing.gov/ViewQuestionnaire/13077343""]",True,True,2026-10-07
886719200,"[""https://apply.usastaffing.gov/ViewQuestionnaire/13073897""]",True,True,2026-10-07
886719800,"[""https://apply.usastaffing.gov/ViewQuestionnaire/13076747""]",True,True,2026-10-07
886720000,"[""https://apply.usastaffing.gov/ViewQuestionnaire/13077075""]",True,True,2026-10-07
886720100,"[""https://apply.usastaffing.gov/ViewQuestionnaire/13066854""]",True,True,2026-10-07
886721000,[],False,True,2026-10-07
886721100,"[""https://apply.usastaffing.gov/ViewQuestionnaire/13072098""]",True,True,2026-10-07
886721500,"[""https://apply.usastaffing.gov/ViewQuestionnaire/13071071""]",True,True,2026-10-07
886721700,"[""https://apply.usastaffing.gov/ViewQuestionnaire/13077760""]",True,True,2026-10-07
886721900,[],True,True,2026-10-07
886722000,"[""https://apply.usastaffing.gov/ViewQuestionnaire/13071070""]",True,True,2026-10-07
886722400,[],True,True,2026-10-07
886722700,"[""https://apply.usastaffing.gov/ViewQuestionnaire/13077605""]",True,True,2026-10-07
886723100,"[""https://apply.usastaffing.gov/ViewQuestionnaire/13076024""]",True,True,2026-10-07
886723600,"[""https://apply.usastaffing.gov/ViewQuestionnaire/13076095""]",True,True,2026-10-07
886723700,[],True,True,2026-10-07
886723800,"[""https://apply.usastaffing.gov/ViewQuestionnaire/13076010""]",True,True,2026-10-07
886724200,"[""https://jobs.monstergovt.com/dot/ros/rosDashboard.hms?O=2&J=92975"", ""https://jobs.monstergovt.com/dot/ros/rosDashboard.hms?O=2&J=92975&S=1""]",True,False,2026-10-07
886724600,"[""https://apply.usastaffing.gov/ViewQuestionnaire/13078075""]",True,True,2026-10-07
886724900,"[""https://apply.usastaffing.gov/ViewQuestionnaire/13075554""]",True,True,2026-10-07
886725300,"[""https://apply.usastaffing.gov/ViewQuestionnaire/13070311""]",True,True,2026-10-07
886725500,"[""https://apply.usastaffing.gov/ViewQuestionnaire/13074486""]",True,True,2026-10-07
886725600,"[""https://apply.usastaffing.gov/ViewQuestionnaire/13077697""]",True,True,2026-10-07
886725800,"[""https://apply.usastaffing.gov/ViewQuestionnaire/13076379""]",True,True,2026-10-07
886726300,"[""https://apply.usastaffing.gov/ViewQuestionnaire/13078127""]",True,True,2026-10-07
886726400,"[""https://apply.usastaffing.gov/ViewQuestionnaire/13078077""]",True,True,2026-10-07
886726700,"[""https://apply.usastaffing.gov/ViewQuestionnaire/13076712""]",True,True,2026-10-07
886727100,"[""https://apply.usastaffing.gov/ViewQuestionnaire/13077970""]",True,True,2026-10-07
886727400,"[""https://apply.usastaffing.gov/ViewQuestionnaire/13077688""]",True,True,2026-10-07
886727500,"[""https://apply.usastaffing.gov/ViewQuestionnaire/13076450""]",True,True,2026-10-07
886727700,"[""https://apply.usastaffing.gov/ViewQuestionnaire/13064901""]",True,True,2026-10-07
886727900,[],True,True,2026-10-07
886728100,"[""https://apply.usastaffing.gov/ViewQuestionnaire/13078104""]",True,True,2026-10-07
886728200,[],True,False,2026-10-07
886729800,"[""https://apply.usastaffing.gov/ViewQuestionnaire/13073361""]",True,True,2026-10-07
886729900,"[""https://apply.usastaffing.gov/ViewQuestionnaire/13077342""]",True,True,2026-10-07
886730000,"[""https://apply.usastaffing.gov/ViewQuestionnaire/13077149""]",True,True,2026-10-07
886730300,"[""https://apply.usastaffing.gov/ViewQuestionnaire/13078166""]",True,True,2026-10-07
886730600,[],True,True,2026-10-07
886730900,"[""https://apply.usastaffing.gov/ViewQuestionnaire/13073051""]",True,True,2026-10-07
886731300,"[""https://apply.usastaffing.gov/ViewQuestionnaire/13076594""]",True,True,2026-10-07
886731400,[],False,True,2026-10-07
886731900,[],True,True,2026-10-07
886732000,"[""https://apply.usastaffing.gov/ViewQuestionnaire/13049139""]",True,True,2026-10-07
886732200,"[""https://apply.usastaffing.gov/ViewQuestionnaire/13078059""]",True,True,2026-10-07
886732300,"[""https://apply.usastaffing.gov/ViewQuestionnaire/13078113""]",True,True,2026-10-07
886732400,[],True,True,2026-10-07
886732600,"[""https://apply.usastaffing.gov/ViewQuestionnaire/13076595""]",True,True,2026-10-07
886732700,"[""https://apply.usastaffing.gov/ViewQuestionnaire/13062777""]",True,True,2026-10-07
886732800,"[""https://apply.usastaffing.gov/ViewQuestionnaire/13078087""]",True,True,2026-10-07
886733000,"[""https://apply.usastaffing.gov/ViewQuestionnaire/13072408""]",True,True,2026-10-07
886733900,"[""https://apply.usastaffing.gov/ViewQuestionnaire/13077451""]",True,True,2026-10-07
886734200,"[""https://apply.usastaffing.gov/ViewQuestionnaire/13077960""]",True,True,2026-10-07
886734500,"[""https://apply.usastaffing.gov/ViewQuestionnaire/13078180""]",True,True,2026-10-07
886734600,[],True,True,2026-10-07
886734700,"[""https://apply.usastaffing.gov/ViewQuestionnaire/13078156""]",True,True,2026-10-07
886735000,"[""https://apply.usastaffing.gov/ViewQuestionnaire/13077063""]",True,True,2026-10-07
886735100,"[""https://apply.usastaffing.gov/ViewQuestionnaire/13076445""]",True,True,2026-10-07
886735300,"[""https://apply.usastaffing.gov/ViewQuestionnaire/13076825""]",True,True,2026-10-07
886735600,[],True,True,2026-10-07
886735800,"[""https://apply.usastaffing.gov/ViewQuestionnaire/13077431""]",True,True,2026-10-07
886735900,"[""https://apply.usastaffing.gov/ViewQuestionnaire/13076826""]",True,True,2026-10-07
886736000,"[""https://apply.usastaffing.gov/ViewQuestionnaire/13078148""]",True,True,2026-10-07
886736400,"[""https://apply.usastaffing.gov/ViewQuestionnaire/13071382""]",True,True,2026-10-07
886736500,[],False,True,2026-10-07
886736600,[],True,False,2026-10-07
886736700,"[""https://apply.usastaffing.gov/ViewQuestionnaire/13078044""]",True,True,2026-10-07
886737000,"[""https://apply.usastaffing.gov/ViewQuestionnaire/13077462""]",True,True,2026-10-07
886737200,[],True,True,2026-10-07
886737400,"[""https://apply.usastaffing.gov/ViewQuestionnaire/13076369""]",True,True,2026-10-07
886737600,"[""https://apply.usastaffing.gov/ViewQuestionnaire/13077395""]",True,True,2026-10-07
886737700,"[""https://apply.usastaffing.gov/ViewQuestionnaire/13078133""]",True,True,2026-10-07
886737800,"[""https://apply.usastaffing.gov/ViewQuestionnaire/13076662""]",True,True,2026-10-07
886738400,"[""https://apply.usastaffing.gov/ViewQuestionnaire/13078162""]",True,True,2026-10-07
886738500,"[""https://apply.usastaffing.gov/ViewQuestionnaire/13078224""]",True,True,2026-10-07
886739000,[],True,True,2026-10-07
886739200,"[""https://apply.usastaffing.gov/ViewQuestionnaire/13078208""]",True,True,2026-10-07
886739900,"[""https://apply.usastaffing.gov/ViewQuestionnaire/13078248""]",True,True,2026-10-07
886740000,"[""https://apply.usastaffing.gov/ViewQuestionnaire/13058263""]",True,True,2026-10-07
886740300,"[""https://apply.usastaffing.gov/ViewQuestionnaire/13076355""]",True,True,2026-10-07
886740800,"[""https://apply.usastaffing.gov/ViewQuestionnaire/13061102""]",True,True,2026-10-07
886741100,[],False,True,2026-10-07
886741200,"[""https://apply.usastaffing.gov/ViewQuestionnaire/13073115""]",True,True,2026-10-07
886741600,"[""https://apply.usastaffing.gov/ViewQuestionnaire/13076320""]",True,True,2026-10-07
886741800,"[""https://apply.usastaffing.gov/ViewQuestionnaire/13077062""]",True,True,2026-10-07
886742000,"[""https://apply.usastaffing.gov/ViewQuestionnaire/13078050""]",True,True,2026-10-07
886742200,"[""https://apply.usastaffing.gov/ViewQuestionnaire/13077074""]",True,True,2026-10-07
886742400,"[""https://apply.usastaffing.gov/ViewQuestionnaire/13076451""]",True,True,2026-10-07
886742800,[],True,False,2026-10-07
886743100,"[""https://apply.usastaffing.gov/ViewQuestionnaire/13078242""]",True,True,2026-10-07
886743500,"[""https://apply.usastaffing.gov/ViewQuestionnaire/13072707""]",True,True,2026-10-07
886744200,"[""https://apply.usastaffing.gov/ViewQuestionnaire/13075524""]",True,True,2026-10-07
886744600,"[""https://apply.usastaffing.gov/ViewQuestionnaire/13074511""]",True,True,2026-10-07
886744800,"[""https://apply.usastaffing.gov/ViewQuestionnaire/13075511""]",True,True,2026-10-07
886745100,"[""https://apply.usastaffing.gov/ViewQuestionnaire/13075568""]",True,True,2026-10-07
886745900,"[""https://apply.usastaffing.gov/ViewQuestionnaire/13078185""]",True,True,2026-10-07
886746100,"[""https://apply.usastaffing.gov/ViewQuestionnaire/13076649""]",True,True,2026-10-07
886747400,"[""https://apply.usastaffing.gov/ViewQuestionnaire/13076647""]",True,True,2026-10-07
886747900,[],True,True,2026-10-07
886748300,"[""https://apply.usastaffing.gov/ViewQuestionnaire/13078302""]",True,True,2026-10-07
886748500,"[""https://apply.usastaffing.gov/ViewQuestionnaire/13073535""]",True,True,2026-10-07
886748600,"[""https://apply.usastaffing.gov/ViewQuestionnaire/13078114""]",True,True,2026-10-07
886748800,[],True,False,2026-10-07
886749300,"[""https://apply.usastaffing.gov/ViewQuestionnaire/13062543""]",True,True,2026-10-07
886749400,[],True,False,2026-10-07
886749700,"[""https://apply.usastaffing.gov/ViewQuestionnaire/13078240""]",True,True,2026-10-07
886750200,"[""https://apply.usastaffing.gov/ViewQuestionnaire/13074405""]",True,True,2026-10-07
886750800,"[""https://apply.usastaffing.gov/ViewQuestionnaire/13070157""]",True,True,2026-10-07
886751000,"[""https://apply.usastaffing.gov/ViewQuestionnaire/13077793""]",True,True,2026-10-07
886751300,"[""https://apply.usastaffing.gov/ViewQuestionnaire/13070156""]",True,True,2026-10-07
886751900,[],True,True,2026-10-07
886752100,"[""https://jobs.monstergovt.com/dos/ros/rosDashboard.hms?O=6&J=119367"", ""https://jobs.monstergovt.com/dos/ros/rosDashboard.hms?O=6&J=119367&S=1""]",True,False,2026-10-07
886752400,"[""https://apply.usastaffing.gov/ViewQuestionnaire/13076702""]",True,True,2026-10-07
886752500,"[""https://apply.usastaffing.gov/ViewQuestionnaire/13072628""]",True,True,2026-10-07
886752600,"[""https://apply.usastaffing.gov/ViewQuestionnaire/13078261""]",True,True,2026-10-07
886752700,"[""https://apply.usastaffing.gov/ViewQuestionnaire/13078058""]",True,True,2026-10-07
886752800,"[""https://apply.usastaffing.gov/ViewQuestionnaire/13078285""]",True,True,2026-10-07
886753000,"[""https://apply.usastaffing.gov/ViewQuestionnaire/13077133""]",True,True,2026-10-07
886753300,"[""https://apply.usastaffing.gov/ViewQuestionnaire/13078184""]",True,True,2026-10-07
886753400,"[""https://apply.usastaffing.gov/ViewQuestionnaire/13077210""]",True,True,2026-10-07
886753600,"[""https://apply.usastaffing.gov/ViewQuestionnaire/13078029""]",True,True,2026-10-07
886754200,"[""https://apply.usastaffing.gov/ViewQuestionnaire/13066729""]",True,True,2026-10-07
886754300,"[""https://apply.usastaffing.gov/ViewQuestionnaire/13078372""]",True,True,2026-10-07
886755400,"[""https://apply.usastaffing.gov/ViewQuestionnaire/13077645""]",True,True,2026-10-07
886755600,"[""https://apply.usastaffing.gov/ViewQuestionnaire/13077443""]",True,True,2026-10-07
886755700,"[""https://apply.usastaffing.gov/ViewQuestionnaire/13064764""]",True,True,2026-10-07
886755800,[],True,True,2026-10-07
886756000,"[""https://apply.usastaffing.gov/ViewQuestionnaire/13073701""]",True,True,2026-10-07
886756100,"[""https://apply.usastaffing.gov/ViewQuestionnaire/13077646""]",True,True,2026-10-07
886756200,"[""https://apply.usastaffing.gov/ViewQuestionnaire/13074153""]",True,True,2026-10-07
886756600,"[""https://apply.usastaffing.gov/ViewQuestionnaire/13071411""]",True,True,2026-10-07
886756800,"[""https://apply.usastaffing.gov/ViewQuestionnaire/13025878""]",True,True,2026-10-07
886757000,"[""https://apply.usastaffing.gov/ViewQuestionnaire/13076699""]",True,True,2026-10-07
886757600,"[""https://jobs.monstergovt.com/fdic/ros/rosDashboard.hms?O=1&J=74639"", ""https://jobs.monstergovt.com/fdic/ros/rosDashboard.hms?O=1&J=74639&S=1""]",True,False,2026-10-07
886757700,"[""https://apply.usastaffing.gov/ViewQuestionnaire/13078194""]",True,True,2026-10-07
886758400,"[""https://apply.usastaffing.gov/ViewQuestionnaire/13073617""]",True,True,2026-10-07
886759100,[],True,True,2026-10-07
886759200,"[""https://jobs.monstergovt.com/fdic/ros/rosDashboard.hms?O=1&J=74645"", ""https://jobs.monstergovt.com/fdic/ros/rosDashboard.hms?O=1&J=74645&S=1""]",True,False,2026-10-07
886759300,"[""https://apply.usastaffing.gov/ViewQuestionnaire/13077973""]",True,True,2026-10-07
886759500,[],True,True,2026-10-07
886759900,[],False,False,2026-10-07
886761100,"[""https://apply.usastaffing.gov/ViewQuestionnaire/13077687""]",True,True,2026-10-07
886761200,"[""https://apply.usastaffing.gov/ViewQuestionnaire/13077005""]",True,True,2026-10-07
886761300,"[""https://apply.usastaffing.gov/ViewQuestionnaire/13078170""]",True,True,2026-10-07
886761800,[],True,True,2026-10-07
886761900,"[""https://apply.usastaffing.gov/ViewQuestionnaire/13074020""]",True,True,2026-10-07
886762000,"[""https://apply.usastaffing.gov/ViewQuestionnaire/13078186""]",True,True,2026-10-07
886762700,[],True,True,2026-10-07
886762900,"[""https://apply.usastaffing.gov/ViewQuestionnaire/13075682""]",True,True,2026-10-07
886763000,"[""https://apply.usastaffing.gov/ViewQuestionnaire/13078377""]",True,True,2026-10-07
886763200,"[""https://apply.usastaffing.gov/ViewQuestionnaire/13041271""]",True,True,2026-10-07
886763400,[],True,True,2026-10-07
886763900,[],True,True,2026-10-07
886764100,"[""https://apply.usastaffing.gov/ViewQuestionnaire/13042216""]",True,True,2026-10-07
886764300,"[""https://apply.usastaffing.gov/ViewQuestionnaire/13053551""]",True,True,2026-10-07
886764700,"[""https://apply.usastaffing.gov/ViewQuestionnaire/13074145""]",True,True,2026-10-07
886765300,"[""https://apply.usastaffing.gov/ViewQuestionnaire/13076174""]",True,True,2026-10-07
886765800,"[""https://apply.usastaffing.gov/ViewQuestionnaire/13077553""]",True,True,2026-10-07
886766100,"[""https://apply.usastaffing.gov/ViewQuestionnaire/13078387""]",True,True,2026-10-07
886766200,"[""https://apply.usastaffing.gov/ViewQuestionnaire/13025770""]",True,True,2026-10-07
886766600,[],True,True,2026-10-07
886766700,"[""https://apply.usastaffing.gov/ViewQuestionnaire/13072205""]",True,True,2026-10-07
886766800,"[""https://apply.usastaffing.gov/ViewQuestionnaire/13067691""]",True,True,2026-10-07
886767200,"[""https://apply.usastaffing.gov/ViewQuestionnaire/13078022""]",True,True,2026-10-07
886767400,"[""https://apply.usastaffing.gov/ViewQuestionnaire/13078330""]",True,True,2026-10-07
886767500,"[""https://apply.usastaffing.gov/ViewQuestionnaire/13078173""]",True,True,2026-10-07
886767600,"[""https://apply.usastaffing.gov/ViewQuestionnaire/13067917""]",True,True,2026-10-07
886767800,"[""https://apply.usastaffing.gov/ViewQuestionnaire/13078407""]",True,True,2026-10-07
886767900,"[""https://apply.usastaffing.gov/ViewQuestionnaire/13074451""]",True,True,2026-10-07
886768200,"[""https://apply.usastaffing.gov/ViewQuestionnaire/13078345""]",True,True,2026-10-07
886768800,"[""https://apply.usastaffing.gov/ViewQuestionnaire/13077773""]",True,True,2026-10-07
886769000,"[""https://apply.usastaffing.gov/ViewQuestionnaire/13074021""]",True,True,2026-10-07
886769100,"[""https://apply.usastaffing.gov/ViewQuestionnaire/13076648""]",True,True,2026-10-07
886769400,"[""https://apply.usastaffing.gov/ViewQuestionnaire/13078382""]",True,True,2026-10-07
886769500,"[""https://apply.usastaffing.gov/ViewQuestionnaire/13078193""]",True,True,2026-10-07
886769800,"[""https://apply.usastaffing.gov/ViewQuestionnaire/13078410""]",True,True,2026-10-07
886770000,"[""https://apply.usastaffing.gov/ViewQuestionnaire/13078006""]",True,True,2026-10-07
886771000,"[""https://apply.usastaffing.gov/ViewQuestionnaire/13077784""]",True,True,2026-10-07
886771100,"[""https://apply.usastaffing.gov/ViewQuestionnaire/13074406""]",True,True,2026-10-07
886771300,"[""https://apply.usastaffing.gov/ViewQuestionnaire/13070516""]",True,True,2026-10-07
886771500,"[""https://apply.usastaffing.gov/ViewQuestionnaire/13078116""]",True,True,2026-10-07
886771700,"[""https://apply.usastaffing.gov/ViewQuestionnaire/13077308""]",True,True,2026-10-07
886772300,"[""https://apply.usastaffing.gov/ViewQuestionnaire/13028593""]",True,True,2026-10-07
886772700,"[""https://apply.usastaffing.gov/ViewQuestionnaire/13076319""]",True,True,2026-10-07
886772900,"[""https://apply.usastaffing.gov/ViewQuestionnaire/13072693""]",True,True,2026-10-07
886773000,[],True,False,2026-10-07
886773400,"[""https://apply.usastaffing.gov/ViewQuestionnaire/13076199""]",True,True,2026-10-07
886773500,[],True,True,2026-10-07
886774400,"[""https://apply.usastaffing.gov/ViewQuestionnaire/13070530""]",True,True,2026-10-07
886774600,"[""https://apply.usastaffing.gov/ViewQuestionnaire/13077699""]",True,True,2026-10-07
886774700,[],True,True,2026-10-07
886775200,"[""https://apply.usastaffing.gov/ViewQuestionnaire/13061300""]",True,True,2026-10-07
886775300,[],True,True,2026-10-07
886775400,"[""https://apply.usastaffing.gov/ViewQuestionnaire/13078004""]",True,True,2026-10-07
886775800,"[""https://apply.usastaffing.gov/ViewQuestionnaire/13077782""]",True,True,2026-10-07
886776000,"[""https://apply.usastaffing.gov/ViewQuestionnaire/13078513""]",True,True,2026-10-07
886776100,"[""https://apply.usastaffing.gov/ViewQuestionnaire/13057790""]",True,True,2026-10-07
886776400,"[""https://apply.usastaffing.gov/ViewQuestionnaire/13077787""]",True,True,2026-10-07
886776600,"[""https://apply.usastaffing.gov/ViewQuestionnaire/13077920""]",True,True,2026-10-07
886776900,"[""https://apply.usastaffing.gov/ViewQuestionnaire/13078499""]",True,True,2026-10-07
886777200,"[""https://apply.usastaffing.gov/ViewQuestionnaire/13065758""]",True,True,2026-10-07
886777300,[],True,True,2026-10-07
886778100,"[""https://apply.usastaffing.gov/ViewQuestionnaire/13074081""]",True,True,2026-10-07
886778800,"[""https://apply.usastaffing.gov/ViewQuestionnaire/13078388""]",True,True,2026-10-07
886778900,[],False,False,2026-10-07
886779000,[],True,True,2026-10-07
886779400,[],True,False,2026-10-07
886779500,"[""https://apply.usastaffing.gov/ViewQuestionnaire/13078545""]",True,True,2026-10-07
886780000,"[""https://apply.usastaffing.gov/ViewQuestionnaire/13027313""]",True,True,2026-10-07
886780300,[],True,False,2026-10-07
886780600,[],True,False,2026-10-07
886780700,"[""https://apply.usastaffing.gov/ViewQuestionnaire/13072963""]",True,True,2026-10-07
886780800,"[""https://apply.usastaffing.gov/ViewQuestionnaire/13077982""]",True,True,2026-10-07
886781200,"[""https://apply.usastaffing.gov/ViewQuestionnaire/13078043""]",True,True,2026-10-07
886781300,"[""https://apply.usastaffing.gov/ViewQuestionnaire/13078362""]",True,True,2026-10-07
886781700,"[""https://apply.usastaffing.gov/ViewQuestionnaire/13076175""]",True,True,2026-10-07
886781900,"[""https://apply.usastaffing.gov/ViewQuestionnaire/13074186""]",True,True,2026-10-07
886782000,"[""https://apply.usastaffing.gov/ViewQuestionnaire/13074049""]",True,True,2026-10-07
886782100,"[""https://apply.usastaffing.gov/ViewQuestionnaire/13078562""]",True,True,2026-10-07
886782200,[],True,False,2026-10-07
886782300,[],True,False,2026-10-07
886782500,"[""https://apply.usastaffing.gov/ViewQuestionnaire/13062304""]",True,True,2026-10-07
886782800,"[""https://apply.usastaffing.gov/ViewQuestionnaire/13074386""]",True,True,2026-10-07
886783000,"[""https://apply.usastaffing.gov/ViewQuestionnaire/13074391""]",True,True,2026-10-07
886783600,"[""https://apply.usastaffing.gov/ViewQuestionnaire/13077776""]",True,True,2026-10-07
886783700,"[""https://apply.usastaffing.gov/ViewQuestionnaire/13078408""]",True,True,2026-10-07
886783800,"[""https://apply.usastaffing.gov/ViewQuestionnaire/13073770""]",True,True,2026-10-07
886784000,"[""https://apply.usastaffing.gov/ViewQuestionnaire/13076480""]",True,True,2026-10-07
886784600,"[""https://apply.usastaffing.gov/ViewQuestionnaire/13058967""]",True,True,2026-10-07
886784700,"[""https://apply.usastaffing.gov/ViewQuestionnaire/13062258""]",True,True,2026-10-07
886784900,"[""https://apply.usastaffing.gov/ViewQuestionnaire/13070073""]",True,True,2026-10-07
886785400,"[""https://apply.usastaffing.gov/ViewQuestionnaire/13078470""]",True,True,2026-10-07
886785600,"[""https://apply.usastaffing.gov/ViewQuestionnaire/13078500""]",True,True,2026-10-07
886785800,"[""https://apply.usastaffing.gov/ViewQuestionnaire/13076623""]",True,True,2026-10-07
886785900,"[""https://apply.usastaffing.gov/ViewQuestionnaire/13077723""]",True,True,2026-10-07
886786100,[],True,False,2026-10-07
886786500,[],False,True,2026-10-07
886786700,"[""https://apply.usastaffing.gov/ViewQuestionnaire/13034475""]",True,True,2026-10-07
886786800,"[""https://apply.usastaffing.gov/ViewQuestionnaire/13060911""]",True,True,2026-10-07
886787700,[],True,False,2026-10-07
886787800,"[""https://apply.usastaffing.gov/ViewQuestionnaire/13075672""]",True,True,2026-10-07
886788000,"[""https://apply.usastaffing.gov/ViewQuestionnaire/13067838""]",True,True,2026-10-07
886788200,"[""https://apply.usastaffing.gov/ViewQuestionnaire/13077705""]",True,True,2026-10-07
886788400,"[""https://apply.usastaffing.gov/ViewQuestionnaire/13076544""]",True,True,2026-10-07
886788500,[],True,False,2026-10-07
886789200,"[""https://apply.usastaffing.gov/ViewQuestionnaire/13073666""]",True,True,2026-10-07
886789700,"[""https://apply.usastaffing.gov/ViewQuestionnaire/13078115""]",True,True,2026-10-07
886789800,"[""https://apply.usastaffing.gov/ViewQuestionnaire/13075852""]",True,True,2026-10-07
886790200,[],True,True,2026-10-07
886790400,"[""https://apply.usastaffing.gov/ViewQuestionnaire/13078573""]",True,True,2026-10-07
886790600,"[""https://apply.usastaffing.gov/ViewQuestionnaire/13077741""]",True,True,2026-10-07
886791200,"[""https://apply.usastaffing.gov/ViewQuestionnaire/13078191""]",True,True,2026-10-07
886791300,"[""https://apply.usastaffing.gov/ViewQuestionnaire/13078326""]",True,True,2026-10-07
886791500,"[""https://apply.usastaffing.gov/ViewQuestionnaire/13070176""]",True,True,2026-10-07
886791700,"[""https://apply.usastaffing.gov/ViewQuestionnaire/13062194""]",True,True,2026-10-07
886791800,"[""https://apply.usastaffing.gov/ViewQuestionnaire/13066053""]",True,True,2026-10-07
886792000,"[""https://apply.usastaffing.gov/ViewQuestionnaire/13076372""]",True,True,2026-10-07
886792100,"[""https://apply.usastaffing.gov/ViewQuestionnaire/13078524""]",True,True,2026-10-07
886792200,[],True,True,2026-10-07
886792500,[],True,True,2026-10-07
886792700,"[""https://apply.usastaffing.gov/ViewQuestionnaire/13070172""]",True,True,2026-10-07
886792800,"[""https://apply.usastaffing.gov/ViewQuestionnaire/13078532""]",True,True,2026-10-07
886793200,"[""https://apply.usastaffing.gov/ViewQuestionnaire/13076473""]",True,True,2026-10-07
886793400,"[""https://apply.usastaffing.gov/ViewQuestionnaire/12995274""]",True,True,2026-10-07
886793600,"[""https://apply.usastaffing.gov/ViewQuestionnaire/13078446""]",True,True,2026-10-07
886793700,"[""https://apply.usastaffing.gov/ViewQuestionnaire/13078341""]",True,True,2026-10-07
886794200,"[""https://apply.usastaffing.gov/ViewQuestionnaire/13077930""]",True,True,2026-10-07
886794400,[],True,False,2026-10-07
886794500,[],True,False,2026-10-07
886794800,[],True,True,2026-10-07
886795300,[],True,True,2026-10-07
886795400,"[""https://apply.usastaffing.gov/ViewQuestionnaire/13074512""]",True,True,2026-10-07
886795600,"[""https://apply.usastaffing.gov/ViewQuestionnaire/13073824""]",True,True,2026-10-07
886795700,"[""https://apply.usastaffing.gov/ViewQuestionnaire/13069886""]",True,True,2026-10-07
886796000,"[""https://apply.usastaffing.gov/ViewQuestionnaire/13076067""]",True,True,2026-10-07
886796100,[],True,True,2026-10-07
886796500,"[""https://jobs.monstergovt.com/dos/ros/rosDashboard.hms?O=6&J=119411"", ""https://jobs.monstergovt.com/dos/ros/rosDashboard.hms?O=6&J=119411&S=1""]",True,False,2026-10-07
886796600,[],True,True,2026-10-07
886796900,[],True,True,2026-10-07
886797500,"[""https://apply.usastaffing.gov/ViewQuestionnaire/13077994""]",True,True,2026-10-07
886797600,"[""https://apply.usastaffing.gov/ViewQuestionnaire/13030882""]",True,True,2026-10-07
886797800,[],True,True,2026-10-07
886797900,"[""https://apply.usastaffing.gov/ViewQuestionnaire/13078403""]",True,True,2026-10-07
886798000,"[""https://apply.usastaffing.gov/ViewQuestionnaire/13058138""]",True,True,2026-10-07
886798200,"[""https://apply.usastaffing.gov/ViewQuestionnaire/13076418""]",True,True,2026-10-07
886798800,"[""https://apply.usastaffing.gov/ViewQuestionnaire/13076690""]",True,True,2026-10-07
886799100,"[""https://apply.usastaffing.gov/ViewQuestionnaire/13070412""]",True,True,2026-10-07
886800000,"[""https://apply.usastaffing.gov/ViewQuestionnaire/13073140""]",True,True,2026-10-07
886800200,"[""https://apply.usastaffing.gov/ViewQuestionnaire/13045770""]",True,True,2026-10-07
886800300,"[""https://apply.usastaffing.gov/ViewQuestionnaire/13077012""]",True,True,2026-10-07
886800500,[],False,False,2026-10-07
886800900,"[""https://apply.usastaffing.gov/ViewQuestionnaire/13070951""]",True,True,2026-10-07
886801300,"[""https://apply.usastaffing.gov/ViewQuestionnaire/13077155""]",True,True,2026-10-07
886801400,"[""https://apply.usastaffing.gov/ViewQuestionnaire/13069530""]",True,True,2026-10-07
886801500,"[""https://apply.usastaffing.gov/ViewQuestionnaire/13077636""]",True,True,2026-10-07
886801800,"[""https://apply.usastaffing.gov/ViewQuestionnaire/13078300""]",True,True,2026-10-07
886801900,"[""https://apply.usastaffing.gov/ViewQuestionnaire/13076272""]",True,True,2026-10-07
886802000,"[""https://apply.usastaffing.gov/ViewQuestionnaire/13077204""]",True,True,2026-10-07
886802200,[],True,True,2026-10-07
886802300,"[""https://apply.usastaffing.gov/ViewQuestionnaire/13078319""]",True,True,2026-10-07
886802500,"[""https://apply.usastaffing.gov/ViewQuestionnaire/13057949""]",True,True,2026-10-07
886802700,"[""https://apply.usastaffing.gov/ViewQuestionnaire/13076351""]",True,True,2026-10-07
886802900,"[""https://apply.usastaffing.gov/ViewQuestionnaire/13078541""]",True,True,2026-10-07
886803200,"[""https://apply.usastaffing.gov/ViewQuestionnaire/13076459""]",True,True,2026-10-07
886804100,"[""https://apply.usastaffing.gov/ViewQuestionnaire/13073170""]",True,True,2026-10-07
886804800,"[""https://apply.usastaffing.gov/ViewQuestionnaire/13078656""]",True,True,2026-10-07
886804900,[],True,False,2026-10-07
886805100,"[""https://apply.usastaffing.gov/ViewQuestionnaire/13078516""]",True,True,2026-10-07
886805500,"[""https://apply.usastaffing.gov/ViewQuestionnaire/13073622""]",True,True,2026-10-07
886806000,"[""https://apply.usastaffing.gov/ViewQuestionnaire/13072108""]",True,True,2026-10-07
886806200,"[""https://apply.usastaffing.gov/ViewQuestionnaire/13077885""]",True,True,2026-10-07
886806300,"[""https://jobs.monstergovt.com/dos/ros/rosDashboard.hms?O=6&J=119379"", ""https://jobs.monstergovt.com/dos/ros/rosDashboard.hms?O=6&J=119379&S=1""]",True,False,2026-10-07
886806400,"[""https://apply.usastaffing.gov/ViewQuestionnaire/13073263""]",True,True,2026-10-07
886806800,"[""https://apply.usastaffing.gov/ViewQuestionnaire/13078643""]",True,True,2026-10-07
886807100,"[""https://apply.usastaffing.gov/ViewQuestionnaire/13078274""]",True,True,2026-10-07
886807500,"[""https://apply.usastaffing.gov/ViewQuestionnaire/13078512""]",True,True,2026-10-07
886807800,"[""https://apply.usastaffing.gov/ViewQuestionnaire/13054402""]",True,True,2026-10-07
886808100,"[""https://apply.usastaffing.gov/ViewQuestionnaire/13064565""]",True,True,2026-10-07
886808600,[],True,True,2026-10-07
886808800,"[""https://apply.usastaffing.gov/ViewQuestionnaire/13076091""]",True,True,2026-10-07
886809300,[],True,True,2026-10-07
886809900,[],False,False,2026-10-07
886810100,"[""https://apply.usastaffing.gov/ViewQuestionnaire/13065331""]",True,True,2026-10-07
886810200,"[""https://apply.usastaffing.gov/ViewQuestionnaire/13078659""]",True,True,2026-10-07
886810300,[],False,False,2026-10-07
886810500,"[""https://apply.usastaffing.gov/ViewQuestionnaire/13075658""]",True,True,2026-10-07
886810600,"[""https://apply.usastaffing.gov/ViewQuestionnaire/13075801""]",True,True,2026-10-07
886811200,[],True,True,2026-10-07
886811300,"[""https://apply.usastaffing.gov/ViewQuestionnaire/13041458""]",True,True,2026-10-07
886811400,"[""https://apply.usastaffing.gov/ViewQuestionnaire/13078547""]",True,True,2026-10-07
886811500,[],False,False,2026-10-07
886812500,"[""https://apply.usastaffing.gov/ViewQuestionnaire/13078618""]",True,True,2026-10-07
886813100,"[""https://apply.usastaffing.gov/ViewQuestionnaire/13077340""]",True,True,2026-10-07
886813300,[],False,False,2026-10-07
886813500,"[""https://apply.usastaffing.gov/ViewQuestionnaire/13076298""]",True,True,2026-10-07
886813700,"[""https://apply.usastaffing.gov/ViewQuestionnaire/13073598""]",True,True,2026-10-07
886813800,[],True,False,2026-10-07
886813900,"[""https://apply.usastaffing.gov/ViewQuestionnaire/13078681""]",True,True,2026-10-07
886814100,"[""https://apply.usastaffing.gov/ViewQuestionnaire/13078720""]",True,True,2026-10-07
886814200,[],True,True,2026-10-07
886814700,"[""https://apply.usastaffing.gov/ViewQuestionnaire/13078419""]",True,True,2026-10-07
886815100,"[""https://apply.usastaffing.gov/ViewQuestionnaire/13073476""]",True,True,2026-10-07
886815200,"[""https://apply.usastaffing.gov/ViewQuestionnaire/13072671""]",True,True,2026-10-07
886815300,"[""https://apply.usastaffing.gov/ViewQuestionnaire/13069128""]",True,True,2026-10-07
886815500,"[""https://apply.usastaffing.gov/ViewQuestionnaire/13076830""]",True,True,2026-10-07
886815900,"[""https://apply.usastaffing.gov/ViewQuestionnaire/13078680""]",True,True,2026-10-07
886816000,"[""https://apply.usastaffing.gov/ViewQuestionnaire/13076101""]",True,True,2026-10-07
886816400,"[""https://apply.usastaffing.gov/ViewQuestionnaire/13078665""]",True,True,2026-10-07
886816600,"[""https://apply.usastaffing.gov/ViewQuestionnaire/13077569""]",True,True,2026-10-07
886816700,"[""https://apply.usastaffing.gov/ViewQuestionnaire/13078549""]",True,True,2026-10-07
886816800,"[""https://apply.usastaffing.gov/ViewQuestionnaire/13073684""]",True,True,2026-10-07
886816900,"[""https://apply.usastaffing.gov/ViewQuestionnaire/13077979""]",True,True,2026-10-07
886817100,"[""https://apply.usastaffing.gov/ViewQuestionnaire/13072819""]",True,True,2026-10-07
886817600,"[""https://apply.usastaffing.gov/ViewQuestionnaire/13071170""]",True,True,2026-10-07
886818100,[],True,False,2026-10-07
886818400,[],True,True,2026-10-07
886818500,"[""https://apply.usastaffing.gov/ViewQuestionnaire/13077571""]",True,True,2026-10-07
886818700,"[""https://apply.usastaffing.gov/ViewQuestionnaire/13076843""]",True,True,2026-10-07
886818900,"[""https://apply.usastaffing.gov/ViewQuestionnaire/13078639""]",True,True,2026-10-07
886819000,[],True,True,2026-10-07
886819100,"[""https://apply.usastaffing.gov/ViewQuestionnaire/13076257""]",True,True,2026-10-07
886819200,[],False,True,2026-10-07
886819400,"[""https://jobs.monstergovt.com/dos/ros/rosDashboard.hms?O=6&J=119331"", ""https://jobs.monstergovt.com/dos/ros/rosDashboard.hms?O=6&J=119331&S=1""]",True,False,2026-10-07
886819700,[],True,False,2026-10-07
886820000,"[""https://apply.usastaffing.gov/ViewQuestionnaire/13078776""]",True,True,2026-10-07
886820500,"[""https://apply.usastaffing.gov/ViewQuestionnaire/13073421""]",True,True,2026-10-07
886820600,[],True,True,2026-10-07
886820700,"[""https://apply.usastaffing.gov/ViewQuestionnaire/13076842""]",True,True,2026-10-07
886821200,"[""https://apply.usastaffing.gov/ViewQuestionnaire/13078711""]",True,True,2026-10-07
886821300,"[""https://apply.usastaffing.gov/ViewQuestionnaire/13078707""]",True,True,2026-10-07
886821600,[],False,False,2026-10-07
886821700,"[""https://apply.usastaffing.gov/ViewQuestionnaire/13078447""]",True,True,2026-10-07
886821800,"[""https://apply.usastaffing.gov/ViewQuestionnaire/13062305""]",True,True,2026-10-07
886822100,"[""https://apply.usastaffing.gov/ViewQuestionnaire/13077585""]",True,True,2026-10-07
886822300,"[""https://apply.usastaffing.gov/ViewQuestionnaire/13078144""]",True,True,2026-10-07
886822500,"[""https://apply.usastaffing.gov/ViewQuestionnaire/13078155""]",True,True,2026-10-07
886823200,"[""https://apply.usastaffing.gov/ViewQuestionnaire/13019927""]",True,True,2026-10-07
886823300,"[""https://apply.usastaffing.gov/ViewQuestionnaire/13076999""]",True,True,2026-10-07
886823400,"[""https://apply.usastaffing.gov/ViewQuestionnaire/13074311""]",True,True,2026-10-07
886823500,[],True,True,2026-10-07
886823700,"[""https://apply.usastaffing.gov/ViewQuestionnaire/13073184""]",True,True,2026-10-07
886823900,"[""https://apply.usastaffing.gov/ViewQuestionnaire/13077226""]",True,True,2026-10-07
886824100,"[""https://apply.usastaffing.gov/ViewQuestionnaire/13076841""]",True,True,2026-10-07
886824300,"[""https://apply.usastaffing.gov/ViewQuestionnaire/13078161""]",True,True,2026-10-07
886824800,"[""https://apply.usastaffing.gov/ViewQuestionnaire/13077683""]",True,True,2026-10-07
886824900,"[""https://apply.usastaffing.gov/ViewQuestionnaire/13076977""]",True,True,2026-10-07
886825300,"[""https://apply.usastaffing.gov/ViewQuestionnaire/13070364""]",True,True,2026-10-07
886825400,"[""https://apply.usastaffing.gov/ViewQuestionnaire/13070243""]",True,True,2026-10-07
886826100,[],True,True,2026-10-07
886826400,"[""https://apply.usastaffing.gov/ViewQuestionnaire/13075817""]",True,True,2026-10-07
886826600,[],True,True,2026-10-07
886826700,"[""https://apply.usastaffing.gov/ViewQuestionnaire/13078041""]",True,True,2026-10-07
886826800,"[""https://apply.usastaffing.gov/ViewQuestionnaire/13078654""]",True,True,2026-10-07
886827200,"[""https://apply.usastaffing.gov/ViewQuestionnaire/13071626""]",True,True,2026-10-07
886827400,"[""https://apply.usastaffing.gov/ViewQuestionnaire/13076658""]",True,True,2026-10-07
886827600,[],True,True,2026-10-07
886827700,[],True,False,2026-10-07
886828200,"[""https://apply.usastaffing.gov/ViewQuestionnaire/13078751""]",True,True,2026-10-07
886828300,"[""https://apply.usastaffing.gov/ViewQuestionnaire/13078459""]",True,True,2026-10-07
886828400,[],True,True,2026-10-07
886828700,"[""https://apply.usastaffing.gov/ViewQuestionnaire/13077260""]",True,True,2026-10-07
886829300,[],False,False,2026-10-07
886829600,"[""https://apply.usastaffing.gov/ViewQuestionnaire/13078203""]",True,True,2026-10-07
886829700,[],True,False,2026-10-07
886829900,"[""https://apply.usastaffing.gov/ViewQuestionnaire/13078721""]",True,True,2026-10-07
886830600,"[""https://apply.usastaffing.gov/ViewQuestionnaire/13078601""]",True,True,2026-10-07
886830800,"[""https://jobs.monstergovt.com/dos/ros/rosDashboard.hms?O=6&J=119356"", ""https://jobs.monstergovt.com/dos/ros/rosDashboard.hms?O=6&J=119356&S=1""]",True,False,2026-10-07
886831000,"[""https://apply.usastaffing.gov/ViewQuestionnaire/13078788""]",True,True,2026-10-07
886831800,"[""https://apply.usastaffing.gov/ViewQuestionnaire/13077132""]",True,True,2026-10-07
886832100,[],True,False,2026-10-07
886832200,"[""https://apply.usastaffing.gov/ViewQuestionnaire/13078712""]",True,True,2026-10-07
886832700,"[""https://apply.usastaffing.gov/ViewQuestionnaire/13078089""]",True,True,2026-10-07
886832800,"[""https://apply.usastaffing.gov/ViewQuestionnaire/13078768""]",True,True,2026-10-07
886832900,"[""https://apply.usastaffing.gov/ViewQuestionnaire/13071866""]",True,True,2026-10-07
886834000,[],True,True,2026-10-07
886834100,"[""https://apply.usastaffing.gov/ViewQuestionnaire/13077338""]",True,True,2026-10-07
886834300,[],True,True,2026-10-07
886834400,"[""https://apply.usastaffing.gov/ViewQuestionnaire/13077108""]",True,True,2026-10-07
886834500,"[""https://apply.usastaffing.gov/ViewQuestionnaire/13077719""]",True,True,2026-10-07
886834600,[],True,True,2026-10-07
886835200,"[""https://apply.usastaffing.gov/ViewQuestionnaire/13072789""]",True,True,2026-10-07
886835300,"[""https://apply.usastaffing.gov/ViewQuestionnaire/13073823""]",True,True,2026-10-07
886835400,"[""https://apply.usastaffing.gov/ViewQuestionnaire/13072360""]",True,True,2026-10-07
886835500,[],True,False,2026-10-07
886835600,"[""https://apply.usastaffing.gov/ViewQuestionnaire/13067216""]",True,True,2026-10-07
886835900,"[""https://apply.usastaffing.gov/ViewQuestionnaire/13076545""]",True,True,2026-10-07
886836000,"[""https://apply.usastaffing.gov/ViewQuestionnaire/13068384""]",True,True,2026-10-07
886836300,"[""https://apply.usastaffing.gov/ViewQuestionnaire/13067884""]",True,True,2026-10-07
886836400,[],True,False,2026-10-07
886836500,"[""https://apply.usastaffing.gov/ViewQuestionnaire/13078846""]",True,True,2026-10-07
886836600,[],True,True,2026-10-07
886836800,[],False,False,2026-10-07
886837100,[],True,False,2026-10-07
886837500,"[""https://apply.usastaffing.gov/ViewQuestionnaire/13077753""]",True,True,2026-10-07
886837700,"[""https://apply.usastaffing.gov/ViewQuestionnaire/13078800""]",True,True,2026-10-07
886838000,"[""https://apply.usastaffing.gov/ViewQuestionnaire/13067111""]",True,True,2026-10-07
886838300,"[""https://apply.usastaffing.gov/ViewQuestionnaire/13078735""]",True,True,2026-10-07
886838400,"[""https://jobs.monstergovt.com/fdic/ros/rosDashboard.hms?O=1&J=74654"", ""https://jobs.monstergovt.com/fdic/ros/rosDashboard.hms?O=1&J=74654&S=1""]",True,False,2026-10-07
886838800,"[""https://apply.usastaffing.gov/ViewQuestionnaire/13073507""]",True,True,2026-10-07
886839300,"[""https://apply.usastaffing.gov/ViewQuestionnaire/13077523""]",True,True,2026-10-07
886839400,"[""https://apply.usastaffing.gov/ViewQuestionnaire/13068468""]",True,True,2026-10-07
886839700,[],True,True,2026-10-07
886839800,"[""https://apply.usastaffing.gov/ViewQuestionnaire/13078329""]",True,True,2026-10-07
886840900,"[""https://apply.usastaffing.gov/ViewQuestionnaire/13074231""]",True,True,2026-10-07
886841100,"[""https://apply.usastaffing.gov/ViewQuestionnaire/13073974""]",True,True,2026-10-07
886841400,"[""https://apply.usastaffing.gov/ViewQuestionnaire/13078657""]",True,True,2026-10-07
886841500,"[""https://apply.usastaffing.gov/ViewQuestionnaire/13078761""]",True,True,2026-10-07
886842000,"[""https://apply.usastaffing.gov/ViewQuestionnaire/13078723""]",True,True,2026-10-07
886842100,"[""https://apply.usastaffing.gov/ViewQuestionnaire/13077614""]",True,True,2026-10-07
886842400,"[""https://apply.usastaffing.gov/ViewQuestionnaire/13077738""]",True,True,2026-10-07
886842500,[],True,False,2026-10-07
886843000,"[""https://apply.usastaffing.gov/ViewQuestionnaire/13078411""]",True,True,2026-10-07
886843300,"[""https://apply.usastaffing.gov/ViewQuestionnaire/13078433""]",True,True,2026-10-07
886843400,[],True,True,2026-10-07
886843700,"[""https://apply.usastaffing.gov/ViewQuestionnaire/13078465""]",True,True,2026-10-07
886844200,[],True,True,2026-10-07
886844300,[],True,True,2026-10-07
886844700,"[""https://apply.usastaffing.gov/ViewQuestionnaire/13073973""]",True,True,2026-10-07
886845000,"[""https://apply.usastaffing.gov/ViewQuestionnaire/13076656""]",True,True,2026-10-07
886845500,[],True,True,2026-10-07
886845600,"[""https://apply.usastaffing.gov/ViewQuestionnaire/13078404""]",True,True,2026-10-07
886846100,"[""https://apply.usastaffing.gov/ViewQuestionnaire/13072806""]",True,True,2026-10-07
886846800,"[""https://apply.usastaffing.gov/ViewQuestionnaire/13078579""]",True,True,2026-10-07
886847000,"[""https://apply.usastaffing.gov/ViewQuestionnaire/13031907""]",True,True,2026-10-07
886847200,"[""https://apply.usastaffing.gov/ViewQuestionnaire/13041082""]",True,True,2026-10-07
886847300,"[""https://apply.usastaffing.gov/ViewQuestionnaire/13078542""]",True,True,2026-10-07
886847700,"[""https://apply.usastaffing.gov/ViewQuestionnaire/13078688""]",True,True,2026-10-07
886847900,"[""https://apply.usastaffing.gov/ViewQuestionnaire/13077348""]",True,True,2026-10-07
886848000,"[""https://apply.usastaffing.gov/ViewQuestionnaire/13070705""]",True,True,2026-10-07
886848100,[],True,False,2026-10-07
886848800,"[""https://apply.usastaffing.gov/ViewQuestionnaire/13074418""]",True,True,2026-10-07
886849200,"[""https://apply.usastaffing.gov/ViewQuestionnaire/13060733""]",True,True,2026-10-07
886849300,"[""https://jobs.monstergovt.com/dos/ros/rosDashboard.hms?O=6&J=119416"", ""https://jobs.monstergovt.com/dos/ros/rosDashboard.hms?O=6&J=119416&S=1""]",True,False,2026-10-07
886849500,"[""https://apply.usastaffing.gov/ViewQuestionnaire/13058540""]",True,True,2026-10-07
886850000,"[""https://apply.usastaffing.gov/ViewQuestionnaire/13058539""]",True,True,2026-10-07
886850100,[],False,False,2026-10-07
886850500,"[""https://apply.usastaffing.gov/ViewQuestionnaire/13078525""]",True,True,2026-10-07
886851000,"[""https://apply.usastaffing.gov/ViewQuestionnaire/13078710""]",True,True,2026-10-07
886851200,"[""https://apply.usastaffing.gov/ViewQuestionnaire/13078839""]",True,True,2026-10-07
886851600,"[""https://apply.usastaffing.gov/ViewQuestionnaire/13078848""]",True,True,2026-10-07
886851700,"[""https://apply.usastaffing.gov/ViewQuestionnaire/13078014""]",True,True,2026-10-07
886852100,[],True,True,2026-10-07
886852900,[],True,True,2026-10-07
886853100,"[""https://apply.usastaffing.gov/ViewQuestionnaire/13072258""]",True,True,2026-10-07
886853300,[],True,True,2026-10-07
886853800,"[""https://apply.usastaffing.gov/ViewQuestionnaire/13071305""]",True,True,2026-10-07
886853900,"[""https://apply.usastaffing.gov/ViewQuestionnaire/13078748""]",True,True,2026-10-07
886854000,"[""https://apply.usastaffing.gov/ViewQuestionnaire/13071973""]",True,True,2026-10-07
886854200,"[""https://apply.usastaffing.gov/ViewQuestionnaire/13078722""]",True,True,2026-10-07
886854400,"[""https://apply.usastaffing.gov/ViewQuestionnaire/13077513""]",True,True,2026-10-07
886854700,"[""https://apply.usastaffing.gov/ViewQuestionnaire/13071395""]",True,True,2026-10-07
886854800,"[""https://apply.usastaffing.gov/ViewQuestionnaire/13078806""]",True,True,2026-10-07
886855000,"[""https://apply.usastaffing.gov/ViewQuestionnaire/13064590""]",True,True,2026-10-07
886855900,[],True,True,2026-10-07
886856000,"[""https://apply.usastaffing.gov/ViewQuestionnaire/13068206""]",True,True,2026-10-07
886856600,[],True,False,2026-10-07
886857100,"[""https://apply.usastaffing.gov/ViewQuestionnaire/13075504""]",True,True,2026-10-07
886857200,"[""https://apply.usastaffing.gov/ViewQuestionnaire/13078963""]",True,True,2026-10-07
886857700,"[""https://apply.usastaffing.gov/ViewQuestionnaire/13078932""]",True,True,2026-10-07
886858000,"[""https://apply.usastaffing.gov/ViewQuestionnaire/13075503""]",True,True,2026-10-07
886858100,"[""https://apply.usastaffing.gov/ViewQuestionnaire/13078101""]",True,True,2026-10-07
886858300,"[""https://apply.usastaffing.gov/ViewQuestionnaire/13074132""]",True,True,2026-10-07
886858400,"[""https://apply.usastaffing.gov/ViewQuestionnaire/13078476""]",True,True,2026-10-07
886858500,"[""https://apply.usastaffing.gov/ViewQuestionnaire/13072893""]",True,True,2026-10-07
886858800,[],True,True,2026-10-07
886859500,"[""https://apply.usastaffing.gov/ViewQuestionnaire/13067994""]",True,True,2026-10-07
886859800,"[""https://apply.usastaffing.gov/ViewQuestionnaire/13078217""]",True,True,2026-10-07
886860100,"[""https://apply.usastaffing.gov/ViewQuestionnaire/13078924""]",True,True,2026-10-07
886860200,"[""https://apply.usastaffing.gov/ViewQuestionnaire/13078978""]",True,True,2026-10-07
886860400,"[""https://apply.usastaffing.gov/ViewQuestionnaire/13077276""]",True,True,2026-10-07
886860500,"[""https://apply.usastaffing.gov/ViewQuestionnaire/13062214""]",True,True,2026-10-07
886860700,"[""https://apply.usastaffing.gov/ViewQuestionnaire/13078987""]",True,True,2026-10-07
886861000,"[""https://apply.usastaffing.gov/ViewQuestionnaire/13076588""]",True,True,2026-10-07
886861100,[],True,True,2026-10-07
886861400,"[""https://apply.usastaffing.gov/ViewQuestionnaire/13078808""]",True,True,2026-10-07
886861600,"[""https://apply.usastaffing.gov/ViewQuestionnaire/13078749""]",True,True,2026-10-07
886861700,"[""https://apply.usastaffing.gov/ViewQuestionnaire/13078182""]",True,True,2026-10-07
886861900,"[""https://apply.usastaffing.gov/ViewQuestionnaire/13073004""]",True,True,2026-10-07
886862300,"[""https://apply.usastaffing.gov/ViewQuestionnaire/13075615""]",True,True,2026-10-07
886862400,"[""https://apply.usastaffing.gov/ViewQuestionnaire/13077838""]",True,True,2026-10-07
886862900,"[""https://apply.usastaffing.gov/ViewQuestionnaire/13078972""]",True,True,2026-10-07
886863100,"[""https://apply.usastaffing.gov/ViewQuestionnaire/13078507""]",True,True,2026-10-07
886863300,"[""https://apply.usastaffing.gov/ViewQuestionnaire/13077839""]",True,True,2026-10-07
886863500,"[""https://apply.usastaffing.gov/ViewQuestionnaire/13077564""]",True,True,2026-10-07
886864000,"[""https://jobs.monstergovt.com/loc/ros/rosDashboard.hms?O=1&J=27880"", ""https://jobs.monstergovt.com/loc/ros/rosDashboard.hms?O=1&J=27880&S=1""]",True,False,2026-10-07
886864100,"[""https://apply.usastaffing.gov/ViewQuestionnaire/13068528""]",True,True,2026-10-07
886864200,[],False,True,2026-10-07
886864300,"[""https://apply.usastaffing.gov/ViewQuestionnaire/13077650""]",True,True,2026-10-07
886864400,"[""https://apply.usastaffing.gov/ViewQuestionnaire/13077651""]",True,True,2026-10-07
886864600,"[""https://jobs.monstergovt.com/loc/ros/rosDashboard.hms?O=1&J=27879"", ""https://jobs.monstergovt.com/loc/ros/rosDashboard.hms?O=1&J=27879&S=1""]",True,False,2026-10-07
886864700,"[""https://apply.usastaffing.gov/ViewQuestionnaire/13067698""]",True,True,2026-10-07
886865200,"[""https://apply.usastaffing.gov/ViewQuestionnaire/13071260""]",True,True,2026-10-07
886865600,"[""https://apply.usastaffing.gov/ViewQuestionnaire/13065827""]",True,True,2026-10-07
886865800,"[""https://apply.usastaffing.gov/ViewQuestionnaire/13078893""]",True,True,2026-10-07
886866200,"[""https://apply.usastaffing.gov/ViewQuestionnaire/13079001""]",True,True,2026-10-07
886866500,"[""https://apply.usastaffing.gov/ViewQuestionnaire/13076157""]",True,True,2026-10-07
886866900,"[""https://apply.usastaffing.gov/ViewQuestionnaire/13076980""]",True,True,2026-10-07
886867100,"[""https://apply.usastaffing.gov/ViewQuestionnaire/13076981""]",True,True,2026-10-07
886867500,"[""https://apply.usastaffing.gov/ViewQuestionnaire/13075611""]",True,True,2026-10-07
886868000,"[""https://apply.usastaffing.gov/ViewQuestionnaire/13078602""]",True,True,2026-10-07
886868100,"[""https://jobs.monstergovt.com/dot/ros/rosDashboard.hms?O=2&J=93046"", ""https://jobs.monstergovt.com/dot/ros/rosDashboard.hms?O=2&J=93046&S=1""]",True,False,2026-10-07
886868200,"[""https://apply.usastaffing.gov/ViewQuestionnaire/13078019""]",True,True,2026-10-07
886868300,"[""https://apply.usastaffing.gov/ViewQuestionnaire/13078988""]",True,True,2026-10-07
886868400,"[""https://apply.usastaffing.gov/ViewQuestionnaire/13075735""]",True,True,2026-10-07
886868500,"[""https://apply.usastaffing.gov/ViewQuestionnaire/13073513""]",True,True,2026-10-07
886868900,[],False,True,2026-10-07
886869400,"[""https://jobs.monstergovt.com/loc/ros/rosDashboard.hms?O=1&J=27873"", ""https://jobs.monstergovt.com/loc/ros/rosDashboard.hms?O=1&J=27873&S=1""]",True,False,2026-10-07
886869700,"[""https://apply.usastaffing.gov/ViewQuestionnaire/13079036""]",True,True,2026-10-07
886869800,[],True,True,2026-10-07
886870300,"[""https://apply.usastaffing.gov/ViewQuestionnaire/13076181""]",True,True,2026-10-07
886870500,"[""https://apply.usastaffing.gov/ViewQuestionnaire/13078851""]",True,True,2026-10-07
886870700,"[""https://apply.usastaffing.gov/ViewQuestionnaire/13078947""]",True,True,2026-10-07
886871500,"[""https://apply.usastaffing.gov/ViewQuestionnaire/13078483""]",True,True,2026-10-07
886871700,"[""https://apply.usastaffing.gov/ViewQuestionnaire/13078352""]",True,True,2026-10-07
886871800,"[""https://apply.usastaffing.gov/ViewQuestionnaire/13077493""]",True,True,2026-10-07
886871900,"[""https://apply.usastaffing.gov/ViewQuestionnaire/13077492""]",True,True,2026-10-07
886872000,"[""https://apply.usastaffing.gov/ViewQuestionnaire/13078445""]",True,True,2026-10-07
886872400,"[""https://apply.usastaffing.gov/ViewQuestionnaire/13077607""]",True,True,2026-10-07
886872900,[],True,False,2026-10-07
886873000,[],False,False,2026-10-07
886873300,"[""https://apply.usastaffing.gov/ViewQuestionnaire/13078510""]",True,True,2026-10-07
886873400,"[""https://apply.usastaffing.gov/ViewQuestionnaire/13078434""]",True,True,2026-10-07
886873500,[],True,False,2026-10-07
886873700,"[""https://apply.usastaffing.gov/ViewQuestionnaire/13078361""]",True,True,2026-10-07
886873800,"[""https://jobs.monstergovt.com/fcc/ros/rosDashboard.hms?O=1751&J=218673"", ""https://jobs.monstergovt.com/fcc/ros/rosDashboard.hms?O=1751&J=218673&S=1""]",True,False,2026-10-07
886874400,"[""https://apply.usastaffing.gov/ViewQuestionnaire/13070851""]",True,True,2026-10-07
886874500,"[""https://apply.usastaffing.gov/ViewQuestionnaire/13078484""]",True,True,2026-10-07
886874900,[],False,False,2026-10-07
886875600,"[""https://apply.usastaffing.gov/ViewQuestionnaire/13076799""]",True,True,2026-10-07
886875900,"[""https://apply.usastaffing.gov/ViewQuestionnaire/13077779""]",True,True,2026-10-07
886876000,[],True,True,2026-10-07
886876200,[],True,False,2026-10-07
886876900,"[""https://apply.usastaffing.gov/ViewQuestionnaire/13079093""]",True,True,2026-10-07
886877300,"[""https://apply.usastaffing.gov/ViewQuestionnaire/13076434""]",True,True,2026-10-07
886877400,"[""https://apply.usastaffing.gov/ViewQuestionnaire/13078967""]",True,True,2026-10-07
886877500,"[""https://apply.usastaffing.gov/ViewQuestionnaire/13078474""]",True,True,2026-10-07
886878000,"[""https://jobs.monstergovt.com/fdic/ros/rosDashboard.hms?O=1&J=74657"", ""https://jobs.monstergovt.com/fdic/ros/rosDashboard.hms?O=1&J=74657&S=1""]",True,False,2026-10-07
886878200,"[""https://apply.usastaffing.gov/ViewQuestionnaire/13077720""]",True,True,2026-10-07
886878500,[],False,False,2026-10-07
886879100,[],True,False,2026-10-07
886879200,"[""https://jobs.monstergovt.com/aoc/ros/rosDashboard.hms?O=1749&J=148652"", ""https://jobs.monstergovt.com/aoc/ros/rosDashboard.hms?O=1749&J=148652&S=1""]",True,False,2026-10-07
886880300,[],True,False,2026-10-07
886880400,[],True,False,2026-10-07
886880500,"[""https://apply.usastaffing.gov/ViewQuestionnaire/13049516""]",True,True,2026-10-07
886880800,"[""https://apply.usastaffing.gov/ViewQuestionnaire/13079103""]",True,True,2026-10-07
886880900,"[""https://apply.usastaffing.gov/ViewQuestionnaire/13077700""]",True,True,2026-10-07
886881000,"[""https://apply.usastaffing.gov/ViewQuestionnaire/13077481""]",True,True,2026-10-07
886881300,"[""https://apply.usastaffing.gov/ViewQuestionnaire/13073566""]",True,True,2026-10-07
886881400,"[""https://apply.usastaffing.gov/ViewQuestionnaire/13073726""]",True,True,2026-10-07
886881500,"[""https://apply.usastaffing.gov/ViewQuestionnaire/13040204""]",True,True,2026-10-07
886881700,"[""https://apply.usastaffing.gov/ViewQuestionnaire/13040201""]",True,True,2026-10-07
886882200,"[""https://apply.usastaffing.gov/ViewQuestionnaire/13069734""]",True,True,2026-10-07
886882300,"[""https://apply.usastaffing.gov/ViewQuestionnaire/13069783""]",True,True,2026-10-07
886882400,"[""https://apply.usastaffing.gov/ViewQuestionnaire/13044881""]",True,True,2026-10-07
886882600,"[""https://apply.usastaffing.gov/ViewQuestionnaire/13068755""]",True,True,2026-10-07
886882700,"[""https://apply.usastaffing.gov/ViewQuestionnaire/13074046""]",True,True,2026-10-07
886883000,"[""https://apply.usastaffing.gov/ViewQuestionnaire/13076907""]",True,True,2026-10-07
886883100,"[""https://apply.usastaffing.gov/ViewQuestionnaire/13077913""]",True,True,2026-10-07
886883200,"[""https://apply.usastaffing.gov/ViewQuestionnaire/13077956""]",True,True,2026-10-07
886883500,"[""https://apply.usastaffing.gov/ViewQuestionnaire/13078229""]",True,True,2026-10-07
886883800,"[""https://apply.usastaffing.gov/ViewQuestionnaire/13078616""]",True,True,2026-10-07
886884300,"[""https://apply.usastaffing.gov/ViewQuestionnaire/13067543""]",True,True,2026-10-07
886884400,"[""https://apply.usastaffing.gov/ViewQuestionnaire/13075738""]",True,True,2026-10-07
886884600,[],True,False,2026-10-07
886884700,[],True,True,2026-10-07
886884800,"[""https://apply.usastaffing.gov/ViewQuestionnaire/13076332""]",True,True,2026-10-07
886884900,"[""https://apply.usastaffing.gov/ViewQuestionnaire/13057458""]",True,True,2026-10-07
886885100,[],True,True,2026-10-07
886885300,"[""https://jobs.monstergovt.com/dos/ros/rosDashboard.hms?O=6&J=119398"", ""https://jobs.monstergovt.com/dos/ros/rosDashboard.hms?O=6&J=119398&S=1""]",True,False,2026-10-07
886885400,[],True,True,2026-10-07
886885600,"[""https://apply.usastaffing.gov/ViewQuestionnaire/13073715""]",True,True,2026-10-07
886886000,[],True,True,2026-10-07
886886100,"[""https://apply.usastaffing.gov/ViewQuestionnaire/13041734""]",True,True,2026-10-07
886886500,"[""https://apply.usastaffing.gov/ViewQuestionnaire/13075923""]",True,True,2026-10-07
886887100,"[""https://apply.usastaffing.gov/ViewQuestionnaire/13068761""]",True,True,2026-10-07
886887400,[],True,True,2026-10-07
886887600,[],False,False,2026-10-07
886888100,"[""https://jobs.monstergovt.com/fdic/ros/rosDashboard.hms?O=1&J=74650"", ""https://jobs.monstergovt.com/fdic/ros/rosDashboard.hms?O=1&J=74650&S=1""]",True,False,2026-10-07
886888200,[],True,True,2026-10-07
886888500,"[""https://apply.usastaffing.gov/ViewQuestionnaire/13051537""]",True,True,2026-10-07
886888600,"[""https://jobs.monstergovt.com/fdic/ros/rosDashboard.hms?O=1&J=74649"", ""https://jobs.monstergovt.com/fdic/ros/rosDashboard.hms?O=1&J=74649&S=1""]",True,False,2026-10-07
886888700,"[""https://apply.usastaffing.gov/ViewQuestionnaire/13078585""]",True,True,2026-10-07
886888800,"[""https://apply.usastaffing.gov/ViewQuestionnaire/13074343""]",True,True,2026-10-07
886889000,"[""https://apply.usastaffing.gov/ViewQuestionnaire/13076267""]",True,True,2026-10-07
886889100,"[""https://apply.usastaffing.gov/ViewQuestionnaire/13078497""]",True,True,2026-10-07
886889400,"[""https://apply.usastaffing.gov/ViewQuestionnaire/13037589""]",True,True,2026-10-07
886889600,"[""https://apply.usastaffing.gov/ViewQuestionnaire/13078608""]",True,True,2026-10-07
886889900,"[""https://jobs.monstergovt.com/fdic/ros/rosDashboard.hms?O=1&J=74646"", ""https://jobs.monstergovt.com/fdic/ros/rosDashboard.hms?O=1&J=74646&S=1""]",True,False,2026-10-07
886890200,"[""https://apply.usastaffing.gov/ViewQuestionnaire/13078275""]",True,True,2026-10-07
886890600,"[""https://jobs.monstergovt.com/hment/ros/rosDashboard.hms?O=1&J=54953"", ""https://jobs.monstergovt.com/hment/ros/rosDashboard.hms?O=1&J=54953&S=1""]",True,False,2026-10-07
886890900,"[""https://apply.usastaffing.gov/ViewQuestionnaire/13077740""]",True,True,2026-10-07
886891100,[],True,True,2026-10-07
886891200,[],True,True,2026-10-07
886891300,"[""https://apply.usastaffing.gov/ViewQuestionnaire/13076937""]",True,True,2026-10-07
886891500,"[""https://apply.usastaffing.gov/ViewQuestionnaire/13076938""]",True,True,2026-10-07
886891600,"[""https://apply.usastaffing.gov/ViewQuestionnaire/13078952""]",True,True,2026-10-07
886891800,"[""https://apply.usastaffing.gov/ViewQuestionnaire/13078727""]",True,True,2026-10-07
886891900,"[""https://apply.usastaffing.gov/ViewQuestionnaire/13076011""]",True,True,2026-10-07
886892500,"[""https://apply.usastaffing.gov/ViewQuestionnaire/13078397""]",True,True,2026-10-07
886892600,"[""https://apply.usastaffing.gov/ViewQuestionnaire/13078418""]",True,True,2026-10-07
886892700,[],True,False,2026-10-07
886892900,"[""https://apply.usastaffing.gov/ViewQuestionnaire/13078632""]",True,True,2026-10-07
886893100,"[""https://apply.usastaffing.gov/ViewQuestionnaire/13078125""]",True,True,2026-10-07
886893400,"[""https://apply.usastaffing.gov/ViewQuestionnaire/13078907""]",True,True,2026-10-07
886893500,[],True,False,2026-10-07
886893800,"[""https://apply.usastaffing.gov/ViewQuestionnaire/13071735""]",True,True,2026-10-07
886893900,"[""https://apply.usastaffing.gov/ViewQuestionnaire/13079126""]",True,True,2026-10-07
886894100,[],True,True,2026-10-07
886894200,"[""https://apply.usastaffing.gov/ViewQuestionnaire/13079115""]",True,True,2026-10-07
886894300,[],True,True,2026-10-07
886894600,"[""https://apply.usastaffing.gov/ViewQuestionnaire/13077932""]",True,True,2026-10-07
886894700,"[""https://apply.usastaffing.gov/ViewQuestionnaire/13076391""]",True,True,2026-10-07
886894900,"[""https://apply.usastaffing.gov/ViewQuestionnaire/13075539""]",True,True,2026-10-07
886895100,"[""https://apply.usastaffing.gov/ViewQuestionnaire/13070047""]",True,True,2026-10-07
886895200,"[""https://apply.usastaffing.gov/ViewQuestionnaire/13076096""]",True,True,2026-10-07
886895400,[],True,True,2026-10-07
886895600,"[""https://apply.usastaffing.gov/ViewQuestionnaire/13078810""]",True,True,2026-10-07
886895700,"[""https://apply.usastaffing.gov/ViewQuestionnaire/13073294""]",True,True,2026-10-07
886895900,"[""https://apply.usastaffing.gov/ViewQuestionnaire/13078732""]",True,True,2026-10-07
886896100,"[""https://apply.usastaffing.gov/ViewQuestionnaire/13079183""]",True,True,2026-10-07
886896300,"[""https://jobs.monstergovt.com/hment/ros/rosDashboard.hms?O=1&J=54948"", ""https://jobs.monstergovt.com/hment/ros/rosDashboard.hms?O=1&J=54948&S=1""]",True,False,2026-10-07
886896500,"[""https://apply.usastaffing.gov/ViewQuestionnaire/13079138""]",True,True,2026-10-07
886896800,"[""https://apply.usastaffing.gov/ViewQuestionnaire/13078648""]",True,True,2026-10-07
886896900,"[""https://apply.usastaffing.gov/ViewQuestionnaire/13070914""]",True,True,2026-10-07
886897100,"[""https://apply.usastaffing.gov/ViewQuestionnaire/13076672""]",True,True,2026-10-07
886897500,"[""https://apply.usastaffing.gov/ViewQuestionnaire/13078490""]",True,True,2026-10-07
886897700,"[""https://apply.usastaffing.gov/ViewQuestionnaire/13076724""]",True,True,2026-10-07
886897900,"[""https://jobs.monstergovt.com/hment/ros/rosDashboard.hms?O=1&J=54980"", ""https://jobs.monstergovt.com/hment/ros/rosDashboard.hms?O=1&J=54980&S=1""]",True,False,2026-10-07
886898300,"[""https://apply.usastaffing.gov/ViewQuestionnaire/13077983""]",True,True,2026-10-07
886898400,[],True,False,2026-10-07
886898700,"[""https://apply.usastaffing.gov/ViewQuestionnaire/13076531""]",True,True,2026-10-07
886899000,"[""https://apply.usastaffing.gov/ViewQuestionnaire/13067843""]",True,True,2026-10-07
886899100,"[""https://apply.usastaffing.gov/ViewQuestionnaire/13067842""]",True,True,2026-10-07
886899300,"[""https://apply.usastaffing.gov/ViewQuestionnaire/13074331""]",True,True,2026-10-07
886899500,"[""https://apply.usastaffing.gov/ViewQuestionnaire/13078557""]",True,True,2026-10-07
886899600,"[""https://apply.usastaffing.gov/ViewQuestionnaire/13072029""]",True,True,2026-10-07
886899900,"[""https://apply.usastaffing.gov/ViewQuestionnaire/13073575""]",True,True,2026-10-07
886900000,"[""https://apply.usastaffing.gov/ViewQuestionnaire/13073768""]",True,True,2026-10-07
886900600,"[""https://apply.usastaffing.gov/ViewQuestionnaire/13077138""]",True,True,2026-10-07
886900700,"[""https://apply.usastaffing.gov/ViewQuestionnaire/13078496""]",True,True,2026-10-07
886900800,"[""https://apply.usastaffing.gov/ViewQuestionnaire/13067476""]",True,True,2026-10-07
886901500,"[""https://apply.usastaffing.gov/ViewQuestionnaire/13078084""]",True,True,2026-10-07
886902000,"[""https://apply.usastaffing.gov/ViewQuestionnaire/13078325""]",True,True,2026-10-07
886902100,[],True,True,2026-10-07
886902200,"[""https://apply.usastaffing.gov/ViewQuestionnaire/13078086""]",True,True,2026-10-07
886902400,"[""https://apply.usastaffing.gov/ViewQuestionnaire/13079010""]",True,True,2026-10-07
886902500,"[""https://apply.usastaffing.gov/ViewQuestionnaire/13079215""]",True,True,2026-10-07
886902700,"[""https://apply.usastaffing.gov/ViewQuestionnaire/13078638""]",True,True,2026-10-07
886902800,"[""https://apply.usastaffing.gov/ViewQuestionnaire/13079196""]",True,True,2026-10-07
886902900,"[""https://apply.usastaffing.gov/ViewQuestionnaire/13077268""]",True,True,2026-10-07
886903300,"[""https://apply.usastaffing.gov/ViewQuestionnaire/13078093""]",True,True,2026-10-07
886903400,[],True,True,2026-10-07
886903500,"[""https://apply.usastaffing.gov/ViewQuestionnaire/13077529""]",True,True,2026-10-07
886903600,[],True,True,2026-10-07
886903700,"[""https://apply.usastaffing.gov/ViewQuestionnaire/13078296""]",True,True,2026-10-07
886903800,[],True,True,2026-10-07
886903900,"[""https://apply.usastaffing.gov/ViewQuestionnaire/13079216""]",True,True,2026-10-07
886904100,[],True,True,2026-10-07
886904200,"[""https://apply.usastaffing.gov/ViewQuestionnaire/13077757""]",True,True,2026-10-07
886904300,"[""https://apply.usastaffing.gov/ViewQuestionnaire/13072859""]",True,True,2026-10-07
886904400,"[""https://apply.usastaffing.gov/ViewQuestionnaire/13078997""]",True,True,2026-10-07
886904500,"[""https://apply.usastaffing.gov/ViewQuestionnaire/13076343""]",True,True,2026-10-07
886904600,"[""https://apply.usastaffing.gov/ViewQuestionnaire/13078207""]",True,True,2026-10-07
886904700,"[""https://apply.usastaffing.gov/ViewQuestionnaire/13041272""]",True,True,2026-10-07
886905000,"[""https://apply.usastaffing.gov/ViewQuestionnaire/13059647""]",True,True,2026-10-07
886905100,"[""https://apply.usastaffing.gov/ViewQuestionnaire/13077626""]",True,True,2026-10-07
886905200,"[""https://apply.usastaffing.gov/ViewQuestionnaire/13078650""]",True,True,2026-10-07
886905400,"[""https://apply.usastaffing.gov/ViewQuestionnaire/13069693""]",True,True,2026-10-07
886905500,"[""https://apply.usastaffing.gov/ViewQuestionnaire/13074214""]",True,True,2026-10-07
886905700,"[""https://apply.usastaffing.gov/ViewQuestionnaire/13072861""]",True,True,2026-10-07
886906400,"[""https://apply.usastaffing.gov/ViewQuestionnaire/13078339""]",True,True,2026-10-07
886906500,[],True,True,2026-10-07
886906700,"[""https://apply.usastaffing.gov/ViewQuestionnaire/13078814""]",True,True,2026-10-07
886906900,"[""https://apply.usastaffing.gov/ViewQuestionnaire/13069827""]",True,True,2026-10-07
886907000,"[""https://apply.usastaffing.gov/ViewQuestionnaire/13078864""]",True,True,2026-10-07
886907100,"[""https://apply.usastaffing.gov/ViewQuestionnaire/13078287""]",True,True,2026-10-07
886907400,"[""https://apply.usastaffing.gov/ViewQuestionnaire/13079224""]",True,True,2026-10-07
886907600,"[""https://apply.usastaffing.gov/ViewQuestionnaire/13077557""]",True,True,2026-10-07
886907700,[],True,True,2026-10-07
886907900,"[""https://apply.usastaffing.gov/ViewQuestionnaire/13079213""]",True,True,2026-10-07
886908000,"[""https://apply.usastaffing.gov/ViewQuestionnaire/13068794""]",True,True,2026-10-07
886908100,"[""https://apply.usastaffing.gov/ViewQuestionnaire/13058739""]",True,True,2026-10-07
886908200,"[""https://apply.usastaffing.gov/ViewQuestionnaire/13079227""]",True,True,2026-10-07
886908500,"[""https://apply.usastaffing.gov/ViewQuestionnaire/13044451""]",True,True,2026-10-07
886908700,[],True,True,2026-10-07
886908800,"[""https://apply.usastaffing.gov/ViewQuestionnaire/13060008""]",True,True,2026-10-07
886908900,"[""https://apply.usastaffing.gov/ViewQuestionnaire/13078923""]",True,True,2026-10-07
886909000,"[""https://apply.usastaffing.gov/ViewQuestionnaire/13076501""]",True,True,2026-10-07
886909200,"[""https://apply.usastaffing.gov/ViewQuestionnaire/13070413""]",True,True,2026-10-07
886909300,"[""https://apply.usastaffing.gov/ViewQuestionnaire/13044452""]",True,True,2026-10-07
886909600,"[""https://apply.usastaffing.gov/ViewQuestionnaire/13079258""]",True,True,2026-10-07
886909800,"[""https://apply.usastaffing.gov/ViewQuestionnaire/13074403""]",True,True,2026-10-07
886909900,"[""https://apply.usastaffing.gov/ViewQuestionnaire/13077423""]",True,True,2026-10-07
886910200,"[""https://apply.usastaffing.gov/ViewQuestionnaire/13077968""]",True,True,2026-10-07
886910700,[],True,True,2026-10-07
886910800,"[""https://apply.usastaffing.gov/ViewQuestionnaire/13076932""]",True,True,2026-10-07
886910900,"[""https://apply.usastaffing.gov/ViewQuestionnaire/13073946""]",True,True,2026-10-07
886911500,"[""https://apply.usastaffing.gov/ViewQuestionnaire/13076674""]",True,True,2026-10-07
886911800,"[""https://apply.usastaffing.gov/ViewQuestionnaire/13079252""]",True,True,2026-10-07
886912300,"[""https://apply.usastaffing.gov/ViewQuestionnaire/13078983""]",True,True,2026-10-07
886912500,"[""https://apply.usastaffing.gov/ViewQuestionnaire/13079246""]",True,True,2026-10-07
886912700,"[""https://apply.usastaffing.gov/ViewQuestionnaire/13068511""]",True,True,2026-10-07
886912900,"[""https://apply.usastaffing.gov/ViewQuestionnaire/13079207""]",True,True,2026-10-07
886913000,"[""https://apply.usastaffing.gov/ViewQuestionnaire/13078948""]",True,True,2026-10-07
886913200,"[""https://apply.usastaffing.gov/ViewQuestionnaire/13078038""]",True,True,2026-10-07
886913500,"[""https://apply.usastaffing.gov/ViewQuestionnaire/13079017""]",True,True,2026-10-07
886913600,[],True,False,2026-10-07
886913800,"[""https://apply.usastaffing.gov/ViewQuestionnaire/13071863""]",True,True,2026-10-07
886914100,"[""https://apply.usastaffing.gov/ViewQuestionnaire/13078998""]",True,True,2026-10-07
886914400,[],False,False,2026-10-07
886915200,"[""https://apply.usastaffing.gov/ViewQuestionnaire/13077216""]",True,True,2026-10-07
886915300,"[""https://apply.usastaffing.gov/ViewQuestionnaire/13077950""]",True,True,2026-10-07
886915400,"[""https://apply.usastaffing.gov/ViewQuestionnaire/13075784""]",True,True,2026-10-07
886915600,"[""https://apply.usastaffing.gov/ViewQuestionnaire/13078578""]",True,True,2026-10-07
886915700,"[""https://apply.usastaffing.gov/ViewQuestionnaire/13037331""]",True,True,2026-10-07
886916000,"[""https://apply.usastaffing.gov/ViewQuestionnaire/13076156""]",True,True,2026-10-07
886916100,"[""https://apply.usastaffing.gov/ViewQuestionnaire/13078150""]",True,True,2026-10-07
886916400,"[""https://apply.usastaffing.gov/ViewQuestionnaire/13060514""]",True,True,2026-10-07
886916500,"[""https://apply.usastaffing.gov/ViewQuestionnaire/13077563""]",True,True,2026-10-07
886916600,"[""https://apply.usastaffing.gov/ViewQuestionnaire/13072285""]",True,True,2026-10-07
886916900,"[""https://apply.usastaffing.gov/ViewQuestionnaire/13077969""]",True,True,2026-10-07
886917000,"[""https://apply.usastaffing.gov/ViewQuestionnaire/13065534""]",True,True,2026-10-07
886917200,"[""https://apply.usastaffing.gov/ViewQuestionnaire/13060214""]",True,True,2026-10-07
886917300,"[""https://apply.usastaffing.gov/ViewQuestionnaire/13066793""]",True,True,2026-10-07
886917900,"[""https://apply.usastaffing.gov/ViewQuestionnaire/13077899""]",True,True,2026-10-07
886918200,"[""https://apply.usastaffing.gov/ViewQuestionnaire/13079255""]",True,True,2026-10-07
886918400,"[""https://apply.usastaffing.gov/ViewQuestionnaire/13078406""]",True,True,2026-10-07
886918600,"[""https://apply.usastaffing.gov/ViewQuestionnaire/13075851""]",True,True,2026-10-07
886919000,"[""https://apply.usastaffing.gov/ViewQuestionnaire/13077437""]",True,True,2026-10-07
886919200,[],True,True,2026-10-07
886919300,"[""https://apply.usastaffing.gov/ViewQuestionnaire/13079231""]",True,True,2026-10-07
886919400,"[""https://apply.usastaffing.gov/ViewQuestionnaire/13059958""]",True,True,2026-10-07
886919500,"[""https://apply.usastaffing.gov/ViewQuestionnaire/13079312""]",True,True,2026-10-07
886919700,[],True,True,2026-10-07
886920300,"[""https://apply.usastaffing.gov/ViewQuestionnaire/13077803""]",True,True,2026-10-07
886920500,"[""https://apply.usastaffing.gov/ViewQuestionnaire/13066602""]",True,True,2026-10-07
886920600,"[""https://apply.usastaffing.gov/ViewQuestionnaire/13079287""]",True,True,2026-10-07
886920800,"[""https://apply.usastaffing.gov/ViewQuestionnaire/13070103""]",True,True,2026-10-07
886921000,"[""https://apply.usastaffing.gov/ViewQuestionnaire/13077422""]",True,True,2026-10-07
886921100,"[""https://apply.usastaffing.gov/ViewQuestionnaire/13079245""]",True,True,2026-10-07
886921700,"[""https://apply.usastaffing.gov/ViewQuestionnaire/13077857""]",True,True,2026-10-07
886921900,"[""https://apply.usastaffing.gov/ViewQuestionnaire/13077826""]",True,True,2026-10-07
886922100,"[""https://apply.usastaffing.gov/ViewQuestionnaire/13078554""]",True,True,2026-10-07
886922300,"[""https://apply.usastaffing.gov/ViewQuestionnaire/13078840""]",True,True,2026-10-07
886922400,"[""https://apply.usastaffing.gov/ViewQuestionnaire/13077668""]",True,True,2026-10-07
886922500,"[""https://apply.usastaffing.gov/ViewQuestionnaire/13077772""]",True,True,2026-10-07
886922800,"[""https://apply.usastaffing.gov/ViewQuestionnaire/13077978""]",True,True,2026-10-07
886922900,[],True,False,2026-10-07
886923000,"[""https://apply.usastaffing.gov/ViewQuestionnaire/13078754""]",True,True,2026-10-07
886923100,"[""https://apply.usastaffing.gov/ViewQuestionnaire/13078369""]",True,True,2026-10-07
886923200,"[""https://apply.usastaffing.gov/ViewQuestionnaire/13002053""]",True,True,2026-10-07
886923400,"[""https://apply.usastaffing.gov/ViewQuestionnaire/13079263""]",True,True,2026-10-07
886923500,"[""https://apply.usastaffing.gov/ViewQuestionnaire/13078435""]",True,True,2026-10-07
886923700,"[""https://apply.usastaffing.gov/ViewQuestionnaire/13077998""]",True,True,2026-10-07
886923800,"[""https://apply.usastaffing.gov/ViewQuestionnaire/13047691""]",True,True,2026-10-07
886923900,[],True,True,2026-10-07
886924000,[],True,True,2026-10-07
886924100,[],False,True,2026-10-07
886924300,"[""https://apply.usastaffing.gov/ViewQuestionnaire/13078047""]",True,True,2026-10-07
886924500,"[""https://apply.usastaffing.gov/ViewQuestionnaire/13078286""]",True,True,2026-10-07
886924700,"[""https://apply.usastaffing.gov/ViewQuestionnaire/13077565""]",True,True,2026-10-07
886925200,"[""https://apply.usastaffing.gov/ViewQuestionnaire/13078544""]",True,True,2026-10-07
886925400,"[""https://apply.usastaffing.gov/ViewQuestionnaire/13079293""]",True,True,2026-10-07
886925800,"[""https://apply.usastaffing.gov/ViewQuestionnaire/13066618""]",True,True,2026-10-07
886925900,[],False,True,2026-10-07
886926000,"[""https://apply.usastaffing.gov/ViewQuestionnaire/13072532""]",True,True,2026-10-07
886926100,"[""https://apply.usastaffing.gov/ViewQuestionnaire/13078624""]",True,True,2026-10-07
886926200,"[""https://apply.usastaffing.gov/ViewQuestionnaire/13079124""]",True,True,2026-10-07
886926300,"[""https://apply.usastaffing.gov/ViewQuestionnaire/13073323""]",True,True,2026-10-07
886926500,[],True,True,2026-10-07
886926600,"[""https://apply.usastaffing.gov/ViewQuestionnaire/13079272""]",True,True,2026-10-07
886926700,[],True,True,2026-10-07
886926800,"[""https://apply.usastaffing.gov/ViewQuestionnaire/13079129""]",True,True,2026-10-07
886927400,"[""https://apply.usastaffing.gov/ViewQuestionnaire/13077397""]",True,True,2026-10-07
886927500,"[""https://apply.usastaffing.gov/ViewQuestionnaire/13079140""]",True,True,2026-10-07
886927900,"[""https://apply.usastaffing.gov/ViewQuestionnaire/13079335""]",True,True,2026-10-07
886928100,"[""https://apply.usastaffing.gov/ViewQuestionnaire/13072872""]",True,True,2026-10-07
886928200,"[""https://apply.usastaffing.gov/ViewQuestionnaire/13078317""]",True,True,2026-10-07
886928300,"[""https://apply.usastaffing.gov/ViewQuestionnaire/13079192""]",True,True,2026-10-07
886928400,"[""https://apply.usastaffing.gov/ViewQuestionnaire/13078389""]",True,True,2026-10-07
886928600,"[""https://apply.usastaffing.gov/ViewQuestionnaire/13075917""]",True,True,2026-10-07
886928800,"[""https://apply.usastaffing.gov/ViewQuestionnaire/13079220""]",True,True,2026-10-07
886929000,"[""https://apply.usastaffing.gov/ViewQuestionnaire/13077629""]",True,True,2026-10-07
886929100,[],True,False,2026-10-07
886929200,"[""https://apply.usastaffing.gov/ViewQuestionnaire/13078934""]",True,True,2026-10-07
886929300,"[""https://apply.usastaffing.gov/ViewQuestionnaire/13076909""]",True,True,2026-10-07
886929400,"[""https://apply.usastaffing.gov/ViewQuestionnaire/13072015""]",True,True,2026-10-07
886929500,"[""https://apply.usastaffing.gov/ViewQuestionnaire/13078950""]",True,True,2026-10-07
886929600,"[""https://apply.usastaffing.gov/ViewQuestionnaire/13065667""]",True,True,2026-10-07
886929700,"[""https://apply.usastaffing.gov/ViewQuestionnaire/13072860""]",True,True,2026-10-07
886929800,"[""https://apply.usastaffing.gov/ViewQuestionnaire/13073681""]",True,True,2026-10-07
886930000,"[""https://apply.usastaffing.gov/ViewQuestionnaire/13077429""]",True,True,2026-10-07
886930100,"[""https://apply.usastaffing.gov/ViewQuestionnaire/13077971""]",True,True,2026-10-07
886930200,"[""https://apply.usastaffing.gov/ViewQuestionnaire/13070591""]",True,True,2026-10-07
886930300,"[""https://apply.usastaffing.gov/ViewQuestionnaire/13078911""]",True,True,2026-10-07
886930400,"[""https://apply.usastaffing.gov/ViewQuestionnaire/13073983""]",True,True,2026-10-07
886930500,"[""https://apply.usastaffing.gov/ViewQuestionnaire/13078888""]",True,True,2026-10-07
886930600,"[""https://apply.usastaffing.gov/ViewQuestionnaire/13070595""]",True,True,2026-10-07
886930700,"[""https://apply.usastaffing.gov/ViewQuestionnaire/13069579""]",True,True,2026-10-07
886930900,"[""https://apply.usastaffing.gov/ViewQuestionnaire/13078908""]",True,True,2026-10-07
886931100,"[""https://apply.usastaffing.gov/ViewQuestionnaire/13074365""]",True,True,2026-10-07
886931400,"[""https://apply.usastaffing.gov/ViewQuestionnaire/13077972""]",True,True,2026-10-07
886931600,"[""https://apply.usastaffing.gov/ViewQuestionnaire/13068209""]",True,True,2026-10-07
886931700,"[""https://apply.usastaffing.gov/ViewQuestionnaire/13079385""]",True,True,2026-10-07
886931900,"[""https://apply.usastaffing.gov/ViewQuestionnaire/13073716""]",True,True,2026-10-07
886932000,[],True,True,2026-10-07
886932100,"[""https://apply.usastaffing.gov/ViewQuestionnaire/13077382""]",True,True,2026-10-07
886932800,"[""https://apply.usastaffing.gov/ViewQuestionnaire/13076020""]",True,True,2026-10-07
886932900,"[""https://apply.usastaffing.gov/ViewQuestionnaire/13077350""]",True,True,2026-10-07
886933000,"[""https://apply.usastaffing.gov/ViewQuestionnaire/13078509""]",True,True,2026-10-07
886933100,"[""https://jobs.monstergovt.com/gsa/ros/rosDashboard.hms?O=1&J=112870"", ""https://jobs.monstergovt.com/gsa/ros/rosDashboard.hms?O=1&J=112870&S=1""]",True,False,2026-10-07
886933200,"[""https://apply.usastaffing.gov/ViewQuestionnaire/13076502""]",True,True,2026-10-07
886933300,"[""https://apply.usastaffing.gov/ViewQuestionnaire/13074438""]",True,True,2026-10-07
886933500,"[""https://apply.usastaffing.gov/ViewQuestionnaire/13079299""]",True,True,2026-10-07
886933800,"[""https://apply.usastaffing.gov/ViewQuestionnaire/13079233""]",True,True,2026-10-07
886933900,"[""https://apply.usastaffing.gov/ViewQuestionnaire/13074420""]",True,True,2026-10-07
886934000,"[""https://apply.usastaffing.gov/ViewQuestionnaire/13069599""]",True,True,2026-10-07
886934100,[],True,True,2026-10-07
886934200,"[""https://apply.usastaffing.gov/ViewQuestionnaire/13050853""]",True,True,2026-10-07
886934400,"[""https://apply.usastaffing.gov/ViewQuestionnaire/13078030""]",True,True,2026-10-07
886934600,"[""https://apply.usastaffing.gov/ViewQuestionnaire/13069600""]",True,True,2026-10-07
886934700,"[""https://apply.usastaffing.gov/ViewQuestionnaire/13065440""]",True,True,2026-10-07
886934800,"[""https://apply.usastaffing.gov/ViewQuestionnaire/13069601""]",True,True,2026-10-07
886935000,"[""https://apply.usastaffing.gov/ViewQuestionnaire/13071545""]",True,True,2026-10-07
886935100,"[""https://apply.usastaffing.gov/ViewQuestionnaire/13069602""]",True,True,2026-10-07
886935600,"[""https://apply.usastaffing.gov/ViewQuestionnaire/13079228""]",True,True,2026-10-07
886935800,"[""https://apply.usastaffing.gov/ViewQuestionnaire/13069957""]",True,True,2026-10-07
886935900,"[""https://apply.usastaffing.gov/ViewQuestionnaire/13078489""]",True,True,2026-10-07
886936300,"[""https://apply.usastaffing.gov/ViewQuestionnaire/13078745""]",True,True,2026-10-07
886936400,"[""https://apply.usastaffing.gov/ViewQuestionnaire/13079348""]",True,True,2026-10-07
886936500,"[""https://apply.usastaffing.gov/ViewQuestionnaire/13076687""]",True,True,2026-10-07
886936600,[],True,True,2026-10-07
886936700,"[""https://apply.usastaffing.gov/ViewQuestionnaire/13078142""]",True,True,2026-10-07
886937200,"[""https://apply.usastaffing.gov/ViewQuestionnaire/13079358""]",True,True,2026-10-07
886937600,"[""https://jobs.monstergovt.com/dos/ros/rosDashboard.hms?O=6&J=119455"", ""https://jobs.monstergovt.com/dos/ros/rosDashboard.hms?O=6&J=119455&S=1""]",True,False,2026-10-07
886937700,"[""https://apply.usastaffing.gov/ViewQuestionnaire/13079282""]",True,True,2026-10-07
886937800,"[""https://apply.usastaffing.gov/ViewQuestionnaire/13067823""]",True,True,2026-10-07
886938000,"[""https://apply.usastaffing.gov/ViewQuestionnaire/13035054""]",True,True,2026-10-07
886938300,[],True,True,2026-10-07
886938700,"[""https://apply.usastaffing.gov/ViewQuestionnaire/13066301""]",True,True,2026-10-07
886938800,"[""https://apply.usastaffing.gov/ViewQuestionnaire/13050865""]",True,True,2026-10-07
886938900,"[""https://apply.usastaffing.gov/ViewQuestionnaire/13079165""]",True,True,2026-10-07
886939100,"[""https://apply.usastaffing.gov/ViewQuestionnaire/13079173""]",True,True,2026-10-07
886939200,"[""https://apply.usastaffing.gov/ViewQuestionnaire/13078914""]",True,True,2026-10-07
886939600,[],False,False,2026-10-07
886939800,"[""https://apply.usastaffing.gov/ViewQuestionnaire/13077611""]",True,True,2026-10-07
886939900,"[""https://apply.usastaffing.gov/ViewQuestionnaire/13072764""]",True,True,2026-10-07
886940300,"[""https://apply.usastaffing.gov/ViewQuestionnaire/13078423""]",True,True,2026-10-07
886940600,"[""https://apply.usastaffing.gov/ViewQuestionnaire/13078424""]",True,True,2026-10-07
886941100,[],True,True,2026-10-07
886941200,"[""https://apply.usastaffing.gov/ViewQuestionnaire/13076201""]",True,True,2026-10-07
886941300,"[""https://apply.usastaffing.gov/ViewQuestionnaire/13075932""]",True,True,2026-10-07
886941400,"[""https://apply.usastaffing.gov/ViewQuestionnaire/13075933""]",True,True,2026-10-07
886941500,"[""https://apply.usastaffing.gov/ViewQuestionnaire/13056050""]",True,True,2026-10-07
886941700,[],False,False,2026-10-07
886941800,"[""https://apply.usastaffing.gov/ViewQuestionnaire/13077214""]",True,True,2026-10-07
886941900,"[""https://apply.usastaffing.gov/ViewQuestionnaire/13076184""]",True,True,2026-10-07
886942100,"[""https://apply.usastaffing.gov/ViewQuestionnaire/13073285""]",True,True,2026-10-07
886942200,"[""https://apply.usastaffing.gov/ViewQuestionnaire/13079375""]",True,True,2026-10-07
886942300,[],True,False,2026-10-07
886942400,"[""https://apply.usastaffing.gov/ViewQuestionnaire/13079434""]",True,True,2026-10-07
886942600,"[""https://apply.usastaffing.gov/ViewQuestionnaire/13077548""]",True,True,2026-10-07
886942700,"[""https://apply.usastaffing.gov/ViewQuestionnaire/13079301""]",True,True,2026-10-07
886942800,"[""https://apply.usastaffing.gov/ViewQuestionnaire/13079333""]",True,True,2026-10-07
886942900,"[""https://apply.usastaffing.gov/ViewQuestionnaire/13078335""]",True,True,2026-10-07
886943000,"[""https://apply.usastaffing.gov/ViewQuestionnaire/13077370""]",True,True,2026-10-07
886943400,[],True,True,2026-10-07
886943600,[],True,True,2026-10-07
886943900,"[""https://apply.usastaffing.gov/ViewQuestionnaire/13078667""]",True,True,2026-10-07
886944200,[],True,True,2026-10-07
886944400,[],True,False,2026-10-07
886944700,"[""https://apply.usastaffing.gov/ViewQuestionnaire/13078767""]",True,True,2026-10-07
886944800,"[""https://apply.usastaffing.gov/ViewQuestionnaire/13075500""]",True,True,2026-10-07
886945700,[],True,False,2026-10-07
886945800,[],True,True,2026-10-07
886945900,[],True,True,2026-10-07
886946100,"[""https://apply.usastaffing.gov/ViewQuestionnaire/13077199""]",True,True,2026-10-07
886946400,"[""https://apply.usastaffing.gov/ViewQuestionnaire/13079423""]",True,True,2026-10-07
886946500,[],True,True,2026-10-07
886946600,[],True,True,2026-10-07
886946700,"[""https://apply.usastaffing.gov/ViewQuestionnaire/13016068""]",True,True,2026-10-07
886947000,[],True,True,2026-10-07
886947500,"[""https://apply.usastaffing.gov/ViewQuestionnaire/13078511""]",True,True,2026-10-07
886947800,[],True,False,2026-10-07
886948300,"[""https://apply.usastaffing.gov/ViewQuestionnaire/13032937""]",True,True,2026-10-07
886948400,"[""https://apply.usastaffing.gov/ViewQuestionnaire/13079489""]",True,True,2026-10-07
886948600,"[""https://apply.usastaffing.gov/ViewQuestionnaire/13077638""]",True,True,2026-10-07
886948900,"[""https://apply.usastaffing.gov/ViewQuestionnaire/13079511""]",True,True,2026-10-07
886949200,"[""https://apply.usastaffing.gov/ViewQuestionnaire/13076042""]",True,True,2026-10-07
886949400,"[""https://apply.usastaffing.gov/ViewQuestionnaire/13079480""]",True,True,2026-10-07
886949500,"[""https://apply.usastaffing.gov/ViewQuestionnaire/13077812""]",True,True,2026-10-07
886949600,"[""https://apply.usastaffing.gov/ViewQuestionnaire/13077648""]",True,True,2026-10-07
886949700,"[""https://apply.usastaffing.gov/ViewQuestionnaire/13079492""]",True,True,2026-10-07
886949800,"[""https://apply.usastaffing.gov/ViewQuestionnaire/13079495""]",True,True,2026-10-07
886949900,"[""https://apply.usastaffing.gov/ViewQuestionnaire/13077594""]",True,True,2026-10-07
886950000,"[""https://apply.usastaffing.gov/ViewQuestionnaire/13076003""]",True,True,2026-10-07
886950200,[],True,True,2026-10-07
886950300,"[""https://apply.usastaffing.gov/ViewQuestionnaire/13078799""]",True,True,2026-10-07
886950500,"[""https://apply.usastaffing.gov/ViewQuestionnaire/13077593""]",True,True,2026-10-07
886950600,"[""https://apply.usastaffing.gov/ViewQuestionnaire/13076499""]",True,True,2026-10-07
886950700,[],True,False,2026-10-07
886950800,"[""https://apply.usastaffing.gov/ViewQuestionnaire/13079347""]",True,True,2026-10-07
886950900,"[""https://apply.usastaffing.gov/ViewQuestionnaire/13079481""]",True,True,2026-10-07
886951000,"[""https://apply.usastaffing.gov/ViewQuestionnaire/13078139""]",True,True,2026-10-07
886951200,"[""https://apply.usastaffing.gov/ViewQuestionnaire/13078421""]",True,True,2026-10-07
886951400,"[""https://apply.usastaffing.gov/ViewQuestionnaire/13062372""]",True,True,2026-10-07
886951500,"[""https://apply.usastaffing.gov/ViewQuestionnaire/13078897""]",True,True,2026-10-07
886951800,"[""https://apply.usastaffing.gov/ViewQuestionnaire/13078413""]",True,True,2026-10-07
886951900,[],True,True,2026-10-07
886952000,[],True,True,2026-10-07
886952300,"[""https://apply.usastaffing.gov/ViewQuestionnaire/13076360""]",True,True,2026-10-07
886952500,"[""https://apply.usastaffing.gov/ViewQuestionnaire/13078299""]",True,True,2026-10-07
886952600,"[""https://apply.usastaffing.gov/ViewQuestionnaire/13070957""]",True,True,2026-10-07
886952800,"[""https://apply.usastaffing.gov/ViewQuestionnaire/13078298""]",True,True,2026-10-07
886952900,"[""https://apply.usastaffing.gov/ViewQuestionnaire/13079441""]",True,True,2026-10-07
886953200,"[""https://apply.usastaffing.gov/ViewQuestionnaire/13079469""]",True,True,2026-10-07
886953300,[],True,True,2026-10-07
886953400,"[""https://apply.usastaffing.gov/ViewQuestionnaire/13079044""]",True,True,2026-10-07
886953600,"[""https://apply.usastaffing.gov/ViewQuestionnaire/13077736""]",True,True,2026-10-07
886953800,"[""https://apply.usastaffing.gov/ViewQuestionnaire/13077418""]",True,True,2026-10-07
886953900,"[""https://jobs.monstergovt.com/fdic/ros/rosDashboard.hms?O=1&J=74658"", ""https://jobs.monstergovt.com/fdic/ros/rosDashboard.hms?O=1&J=74658&S=1""]",True,False,2026-10-07
886954600,"[""https://apply.usastaffing.gov/ViewQuestionnaire/13073398""]",True,True,2026-10-07
886954700,"[""https://apply.usastaffing.gov/ViewQuestionnaire/13075900""]",True,True,2026-10-07
886954900,[],True,True,2026-10-07
886955000,[],True,False,2026-10-07
886955400,"[""https://apply.usastaffing.gov/ViewQuestionnaire/13072842""]",True,True,2026-10-07
886955500,"[""https://apply.usastaffing.gov/ViewQuestionnaire/13076682""]",True,True,2026-10-07
886955700,"[""https://apply.usastaffing.gov/ViewQuestionnaire/13077664""]",True,True,2026-10-07
886955800,"[""https://apply.usastaffing.gov/ViewQuestionnaire/13078842""]",True,True,2026-10-07
886955900,"[""https://apply.usastaffing.gov/ViewQuestionnaire/13078118""]",True,True,2026-10-07
886956100,"[""https://apply.usastaffing.gov/ViewQuestionnaire/13076681""]",True,True,2026-10-07
886956300,"[""https://apply.usastaffing.gov/ViewQuestionnaire/13079554""]",True,True,2026-10-07
886956500,"[""https://apply.usastaffing.gov/ViewQuestionnaire/13070396""]",True,True,2026-10-07
886956700,"[""https://apply.usastaffing.gov/ViewQuestionnaire/13079558""]",True,True,2026-10-07
886957300,"[""https://apply.usastaffing.gov/ViewQuestionnaire/13079344""]",True,True,2026-10-07
886957400,"[""https://apply.usastaffing.gov/ViewQuestionnaire/13078859""]",True,True,2026-10-07
886957900,"[""https://apply.usastaffing.gov/ViewQuestionnaire/13079517""]",True,True,2026-10-07
886958400,"[""https://apply.usastaffing.gov/ViewQuestionnaire/13079309""]",True,True,2026-10-07
886958500,"[""https://apply.usastaffing.gov/ViewQuestionnaire/13079280""]",True,True,2026-10-07
886958800,"[""https://apply.usastaffing.gov/ViewQuestionnaire/13078392""]",True,True,2026-10-07
886959000,"[""https://apply.usastaffing.gov/ViewQuestionnaire/13078426""]",True,True,2026-10-07
886959400,"[""https://apply.usastaffing.gov/ViewQuestionnaire/13072768""]",True,True,2026-10-07
886959500,"[""https://apply.usastaffing.gov/ViewQuestionnaire/13079501""]",True,True,2026-10-07
886959700,"[""https://apply.usastaffing.gov/ViewQuestionnaire/13078677""]",True,True,2026-10-07
886959900,"[""https://apply.usastaffing.gov/ViewQuestionnaire/13069199""]",True,True,2026-10-07
886960300,"[""https://apply.usastaffing.gov/ViewQuestionnaire/13076630""]",True,True,2026-10-07
886960600,"[""https://apply.usastaffing.gov/ViewQuestionnaire/13073391""]",True,True,2026-10-07
886960800,"[""https://apply.usastaffing.gov/ViewQuestionnaire/13076404""]",True,True,2026-10-07
886961200,"[""https://apply.usastaffing.gov/ViewQuestionnaire/13075829""]",True,True,2026-10-07
886961300,"[""https://apply.usastaffing.gov/ViewQuestionnaire/13079133""]",True,True,2026-10-07
886961400,"[""https://apply.usastaffing.gov/ViewQuestionnaire/13078620""]",True,True,2026-10-07
886961500,[],True,True,2026-10-07
886961600,"[""https://apply.usastaffing.gov/ViewQuestionnaire/13072769""]",True,True,2026-10-07
886961700,"[""https://apply.usastaffing.gov/ViewQuestionnaire/13078444""]",True,True,2026-10-07
886961900,"[""https://apply.usastaffing.gov/ViewQuestionnaire/13073879""]",True,True,2026-10-07
886962100,"[""https://apply.usastaffing.gov/ViewQuestionnaire/13079543""]",True,True,2026-10-07
886962400,"[""https://apply.usastaffing.gov/ViewQuestionnaire/13079527""]",True,True,2026-10-07
886962600,[],True,True,2026-10-07
886962700,"[""https://apply.usastaffing.gov/ViewQuestionnaire/13072770""]",True,True,2026-10-07
886963000,"[""https://apply.usastaffing.gov/ViewQuestionnaire/13079350""]",True,True,2026-10-07
886963200,"[""https://apply.usastaffing.gov/ViewQuestionnaire/13077269""]",True,True,2026-10-07
886963300,"[""https://apply.usastaffing.gov/ViewQuestionnaire/13079349""]",True,True,2026-10-07
886964000,"[""https://apply.usastaffing.gov/ViewQuestionnaire/13078844""]",True,True,2026-10-07
886964100,"[""https://apply.usastaffing.gov/ViewQuestionnaire/13072771""]",True,True,2026-10-07
886964800,"[""https://apply.usastaffing.gov/ViewQuestionnaire/13076833""]",True,True,2026-10-07
886965000,[],True,True,2026-10-07
886965200,"[""https://apply.usastaffing.gov/ViewQuestionnaire/13078831""]",True,True,2026-10-07
886965300,"[""https://apply.usastaffing.gov/ViewQuestionnaire/13072772""]",True,True,2026-10-07
886965400,[],True,True,2026-10-07
886965600,"[""https://apply.usastaffing.gov/ViewQuestionnaire/13078183""]",True,True,2026-10-07
886965900,"[""https://apply.usastaffing.gov/ViewQuestionnaire/13079032""]",True,True,2026-10-07
886966000,"[""https://apply.usastaffing.gov/ViewQuestionnaire/13079600""]",True,True,2026-10-07
886966100,"[""https://apply.usastaffing.gov/ViewQuestionnaire/13079336""]",True,True,2026-10-07
886966400,"[""https://jobs.monstergovt.com/hment/ros/rosDashboard.hms?O=1&J=55007"", ""https://jobs.monstergovt.com/hment/ros/rosDashboard.hms?O=1&J=55007&S=1""]",True,False,2026-10-07
886966700,"[""https://apply.usastaffing.gov/ViewQuestionnaire/13079401""]",True,True,2026-10-07
886966800,"[""https://apply.usastaffing.gov/ViewQuestionnaire/13076903""]",True,True,2026-10-07
886966900,"[""https://apply.usastaffing.gov/ViewQuestionnaire/13079290""]",True,True,2026-10-07
886967000,"[""https://apply.usastaffing.gov/ViewQuestionnaire/13072773""]",True,True,2026-10-07
886967100,"[""https://apply.usastaffing.gov/ViewQuestionnaire/13076904""]",True,True,2026-10-07
886967400,"[""https://jobs.monstergovt.com/fdic/ros/rosDashboard.hms?O=1&J=74653"", ""https://jobs.monstergovt.com/fdic/ros/rosDashboard.hms?O=1&J=74653&S=1""]",True,False,2026-10-07
886967900,"[""https://apply.usastaffing.gov/ViewQuestionnaire/13071938""]",True,True,2026-10-07
886968100,"[""https://apply.usastaffing.gov/ViewQuestionnaire/13072774""]",True,True,2026-10-07
886968500,"[""https://apply.usastaffing.gov/ViewQuestionnaire/13078984""]",True,True,2026-10-07
886968600,"[""https://apply.usastaffing.gov/ViewQuestionnaire/13071442""]",True,True,2026-10-07
886969200,[],True,True,2026-10-07
886969300,"[""https://apply.usastaffing.gov/ViewQuestionnaire/13076461""]",True,True,2026-10-07
886969700,"[""https://apply.usastaffing.gov/ViewQuestionnaire/13072775""]",True,True,2026-10-07
886970000,"[""https://apply.usastaffing.gov/ViewQuestionnaire/13077068""]",True,True,2026-10-07
886970100,"[""https://apply.usastaffing.gov/ViewQuestionnaire/13077610""]",True,True,2026-10-07
886970300,"[""https://apply.usastaffing.gov/ViewQuestionnaire/13079580""]",True,True,2026-10-07
886970900,"[""https://apply.usastaffing.gov/ViewQuestionnaire/13078537""]",True,True,2026-10-07
886971500,"[""https://apply.usastaffing.gov/ViewQuestionnaire/13079552""]",True,True,2026-10-07
886971800,[],True,False,2026-10-07
886972400,"[""https://apply.usastaffing.gov/ViewQuestionnaire/13077748""]",True,True,2026-10-07
886972600,"[""https://apply.usastaffing.gov/ViewQuestionnaire/13073791""]",True,True,2026-10-07
886972700,"[""https://apply.usastaffing.gov/ViewQuestionnaire/13077755""]",True,True,2026-10-07
886972800,"[""https://apply.usastaffing.gov/ViewQuestionnaire/13079620""]",True,True,2026-10-07
886973200,"[""https://apply.usastaffing.gov/ViewQuestionnaire/13079382""]",True,True,2026-10-07
886973300,"[""https://apply.usastaffing.gov/ViewQuestionnaire/13079603""]",True,True,2026-10-07
886973400,"[""https://apply.usastaffing.gov/ViewQuestionnaire/13079576""]",True,True,2026-10-07
886973500,"[""https://apply.usastaffing.gov/ViewQuestionnaire/13079602""]",True,True,2026-10-07
886973700,"[""https://apply.usastaffing.gov/ViewQuestionnaire/13078466""]",True,True,2026-10-07
886973800,"[""https://apply.usastaffing.gov/ViewQuestionnaire/13065251""]",True,True,2026-10-07
886974100,"[""https://apply.usastaffing.gov/ViewQuestionnaire/13065252""]",True,True,2026-10-07
886974200,[],True,True,2026-10-07
886974400,"[""https://apply.usastaffing.gov/ViewQuestionnaire/13078383""]",True,True,2026-10-07
886974500,"[""https://apply.usastaffing.gov/ViewQuestionnaire/13079637""]",True,True,2026-10-07
886975000,"[""https://apply.usastaffing.gov/ViewQuestionnaire/13076808""]",True,True,2026-10-07
886975100,"[""https://apply.usastaffing.gov/ViewQuestionnaire/13070290""]",True,True,2026-10-07
886975300,"[""https://apply.usastaffing.gov/ViewQuestionnaire/13073327""]",True,True,2026-10-07
886975400,"[""https://apply.usastaffing.gov/ViewQuestionnaire/13064615""]",True,True,2026-10-07
886975600,[],True,True,2026-10-07
886975700,"[""https://apply.usastaffing.gov/ViewQuestionnaire/13079250""]",True,True,2026-10-07
886975800,[],True,True,2026-10-07
886975900,"[""https://apply.usastaffing.gov/ViewQuestionnaire/13072303""]",True,True,2026-10-07
886976400,"[""https://apply.usastaffing.gov/ViewQuestionnaire/13079574""]",True,True,2026-10-07
886976600,"[""https://apply.usastaffing.gov/ViewQuestionnaire/13079553""]",True,True,2026-10-07
886977300,[],True,False,2026-10-07
886977700,[],False,False,2026-10-07
886977800,"[""https://apply.usastaffing.gov/ViewQuestionnaire/13078861""]",True,True,2026-10-07
886977900,"[""https://apply.usastaffing.gov/ViewQuestionnaire/13074203""]",True,True,2026-10-07
886978000,[],True,True,2026-10-07
886978100,"[""https://apply.usastaffing.gov/ViewQuestionnaire/13076154""]",True,True,2026-10-07
886978300,"[""https://apply.usastaffing.gov/ViewQuestionnaire/13075527""]",True,True,2026-10-07
886978500,[],True,False,2026-10-07
886978700,"[""https://apply.usastaffing.gov/ViewQuestionnaire/13078205""]",True,True,2026-10-07
886979000,"[""https://apply.usastaffing.gov/ViewQuestionnaire/13072573""]",True,True,2026-10-07
886979400,"[""https://apply.usastaffing.gov/ViewQuestionnaire/13079607""]",True,True,2026-10-07
886979500,"[""https://apply.usastaffing.gov/ViewQuestionnaire/13077213""]",True,True,2026-10-07
886979700,"[""https://apply.usastaffing.gov/ViewQuestionnaire/13068077""]",True,True,2026-10-07
886979800,"[""https://apply.usastaffing.gov/ViewQuestionnaire/13077993""]",True,True,2026-10-07
886980100,"[""https://apply.usastaffing.gov/ViewQuestionnaire/13077183""]",True,True,2026-10-07
886980200,"[""https://apply.usastaffing.gov/ViewQuestionnaire/13079664""]",True,True,2026-10-07
886980700,"[""https://apply.usastaffing.gov/ViewQuestionnaire/13072952""]",True,True,2026-10-07
886980800,"[""https://apply.usastaffing.gov/ViewQuestionnaire/13079706""]",True,True,2026-10-07
886981300,"[""https://apply.usastaffing.gov/ViewQuestionnaire/13077718""]",True,True,2026-10-07
886981400,"[""https://apply.usastaffing.gov/ViewQuestionnaire/13079701""]",True,True,2026-10-07
886981800,"[""https://apply.usastaffing.gov/ViewQuestionnaire/13072376""]",True,True,2026-10-07
886981900,[],False,False,2026-10-07
886982000,"[""https://apply.usastaffing.gov/ViewQuestionnaire/13079505""]",True,True,2026-10-07
886982100,"[""https://apply.usastaffing.gov/ViewQuestionnaire/13072215""]",True,True,2026-10-07
886982200,"[""https://apply.usastaffing.gov/ViewQuestionnaire/13078889""]",True,True,2026-10-07
886982500,[],True,False,2026-10-07
886982600,"[""https://apply.usastaffing.gov/ViewQuestionnaire/13072640""]",True,True,2026-10-07
886983000,[],True,True,2026-10-07
886983200,"[""https://apply.usastaffing.gov/ViewQuestionnaire/13077376""]",True,True,2026-10-07
886983500,"[""https://apply.usastaffing.gov/ViewQuestionnaire/13077408""]",True,True,2026-10-07
886983600,"[""https://apply.usastaffing.gov/ViewQuestionnaire/13075706""]",True,True,2026-10-07
886983700,"[""https://apply.usastaffing.gov/ViewQuestionnaire/13075750""]",True,True,2026-10-07
886983900,"[""https://apply.usastaffing.gov/ViewQuestionnaire/13071539""]",True,True,2026-10-07
886984100,"[""https://apply.usastaffing.gov/ViewQuestionnaire/13076475""]",True,True,2026-10-07
886984400,"[""https://apply.usastaffing.gov/ViewQuestionnaire/13061454""]",True,True,2026-10-07
886984500,"[""https://apply.usastaffing.gov/ViewQuestionnaire/13078255""]",True,True,2026-10-07
886984700,[],True,False,2026-10-07
886984900,"[""https://apply.usastaffing.gov/ViewQuestionnaire/13079686""]",True,True,2026-10-07
886985000,"[""https://jobs.monstergovt.com/gsa/ros/rosDashboard.hms?O=1&J=112779"", ""https://jobs.monstergovt.com/gsa/ros/rosDashboard.hms?O=1&J=112779&S=1""]",True,False,2026-10-07
886985300,"[""https://apply.usastaffing.gov/ViewQuestionnaire/13079627""]",True,True,2026-10-07
886985400,"[""https://apply.usastaffing.gov/ViewQuestionnaire/13077363""]",True,True,2026-10-07
886985500,"[""https://apply.usastaffing.gov/ViewQuestionnaire/13079422""]",True,True,2026-10-07
886985700,"[""https://apply.usastaffing.gov/ViewQuestionnaire/13079648""]",True,True,2026-10-07
886986000,"[""https://apply.usastaffing.gov/ViewQuestionnaire/13079296""]",True,True,2026-10-07
886986200,"[""https://apply.usastaffing.gov/ViewQuestionnaire/13079731""]",True,True,2026-10-07
886986300,"[""https://apply.usastaffing.gov/ViewQuestionnaire/13078820""]",True,True,2026-10-07
886986800,"[""https://apply.usastaffing.gov/ViewQuestionnaire/13079650""]",True,True,2026-10-07
886987000,"[""https://apply.usastaffing.gov/ViewQuestionnaire/13079738""]",True,True,2026-10-07
886987100,"[""https://apply.usastaffing.gov/ViewQuestionnaire/13079626""]",True,True,2026-10-07
886987300,"[""https://apply.usastaffing.gov/ViewQuestionnaire/13039774""]",True,True,2026-10-07
886987400,"[""https://apply.usastaffing.gov/ViewQuestionnaire/13075936""]",True,True,2026-10-07
886987500,"[""https://apply.usastaffing.gov/ViewQuestionnaire/13071076""]",True,True,2026-10-07
886987700,"[""https://apply.usastaffing.gov/ViewQuestionnaire/13079604""]",True,True,2026-10-07
886987800,"[""https://apply.usastaffing.gov/ViewQuestionnaire/13079118""]",True,True,2026-10-07
886988100,[],True,True,2026-10-07
886988200,"[""https://apply.usastaffing.gov/ViewQuestionnaire/13076707""]",True,True,2026-10-07
886988300,[],True,True,2026-10-07
886988600,"[""https://apply.usastaffing.gov/ViewQuestionnaire/13074416""]",True,True,2026-10-07
886988700,"[""https://apply.usastaffing.gov/ViewQuestionnaire/13078520""]",True,True,2026-10-07
886988800,"[""https://apply.usastaffing.gov/ViewQuestionnaire/13077961""]",True,True,2026-10-07
886988900,"[""https://apply.usastaffing.gov/ViewQuestionnaire/13060109""]",True,True,2026-10-07
886989200,"[""https://apply.usastaffing.gov/ViewQuestionnaire/13072801""]",True,True,2026-10-07
886989400,"[""https://apply.usastaffing.gov/ViewQuestionnaire/13060154""]",True,True,2026-10-07
886989500,[],True,True,2026-10-07
886989800,"[""https://apply.usastaffing.gov/ViewQuestionnaire/13079393""]",True,True,2026-10-07
886989900,[],True,True,2026-10-07
886990000,"[""https://apply.usastaffing.gov/ViewQuestionnaire/13067724""]",True,True,2026-10-07
886990200,"[""https://apply.usastaffing.gov/ViewQuestionnaire/13078856""]",True,True,2026-10-07
886990400,"[""https://apply.usastaffing.gov/ViewQuestionnaire/13079204""]",True,True,2026-10-07
886990500,"[""https://apply.usastaffing.gov/ViewQuestionnaire/13079519""]",True,True,2026-10-07
886990600,"[""https://apply.usastaffing.gov/ViewQuestionnaire/13078982""]",True,True,2026-10-07
886990700,"[""https://apply.usastaffing.gov/ViewQuestionnaire/13077943""]",True,True,2026-10-07
886990900,"[""https://apply.usastaffing.gov/ViewQuestionnaire/13079166""]",True,True,2026-10-07
886991100,[],True,False,2026-10-07
886991200,"[""https://apply.usastaffing.gov/ViewQuestionnaire/13079442""]",True,True,2026-10-07
886991300,[],True,True,2026-10-07
886991800,"[""https://apply.usastaffing.gov/ViewQuestionnaire/13078627""]",True,True,2026-10-07
886992100,"[""https://apply.usastaffing.gov/ViewQuestionnaire/13078631""]",True,True,2026-10-07
886992300,[],True,True,2026-10-07
886992500,"[""https://apply.usastaffing.gov/ViewQuestionnaire/13078218""]",True,True,2026-10-07
886992600,[],True,True,2026-10-07
886992700,"[""https://apply.usastaffing.gov/ViewQuestionnaire/13079783""]",True,True,2026-10-07
886992800,"[""https://apply.usastaffing.gov/ViewQuestionnaire/13053110""]",True,True,2026-10-07
886992900,"[""https://apply.usastaffing.gov/ViewQuestionnaire/13071989""]",True,True,2026-10-07
886993200,"[""https://apply.usastaffing.gov/ViewQuestionnaire/13079167""]",True,True,2026-10-07
886993300,"[""https://apply.usastaffing.gov/ViewQuestionnaire/13079346""]",True,True,2026-10-07
886993600,"[""https://apply.usastaffing.gov/ViewQuestionnaire/13073908""]",True,True,2026-10-07
886993900,"[""https://jobs.monstergovt.com/fcc/ros/rosDashboard.hms?O=1751&J=218675"", ""https://jobs.monstergovt.com/fcc/ros/rosDashboard.hms?O=1751&J=218675&S=1""]",False,False,2026-10-07
886994000,"[""https://apply.usastaffing.gov/ViewQuestionnaire/13078219""]",True,True,2026-10-07
886994100,[],False,False,2026-10-07
886994500,[],True,True,2026-10-07
886994700,"[""https://apply.usastaffing.gov/ViewQuestionnaire/13078826""]",True,True,2026-10-07
886995100,[],True,True,2026-10-07
886995200,"[""https://apply.usastaffing.gov/ViewQuestionnaire/13067438""]",True,True,2026-10-07
886995500,"[""https://apply.usastaffing.gov/ViewQuestionnaire/13078626""]",True,True,2026-10-07
886995700,"[""https://apply.usastaffing.gov/ViewQuestionnaire/13070493""]",True,True,2026-10-07
886995800,"[""https://jobs.monstergovt.com/fdic/ros/rosDashboard.hms?O=1&J=74638"", ""https://jobs.monstergovt.com/fdic/ros/rosDashboard.hms?O=1&J=74638&S=1""]",True,False,2026-10-07
886996200,"[""https://apply.usastaffing.gov/ViewQuestionnaire/13079638""]",True,True,2026-10-07
886997000,"[""https://apply.usastaffing.gov/ViewQuestionnaire/13079784""]",True,True,2026-10-07
886997200,"[""https://apply.usastaffing.gov/ViewQuestionnaire/13077499""]",True,True,2026-10-07
886997500,"[""https://apply.usastaffing.gov/ViewQuestionnaire/13079034""]",True,True,2026-10-07
886997700,"[""https://jobs.monstergovt.com/hment/ros/rosDashboard.hms?O=1&J=55043"", ""https://jobs.monstergovt.com/hment/ros/rosDashboard.hms?O=1&J=55043&S=1""]",True,False,2026-10-07
886997800,"[""https://apply.usastaffing.gov/ViewQuestionnaire/13079708""]",True,True,2026-10-07
886997900,"[""https://jobs.monstergovt.com/hment/ros/rosDashboard.hms?O=1&J=55029"", ""https://jobs.monstergovt.com/hment/ros/rosDashboard.hms?O=1&J=55029&S=1""]",True,False,2026-10-07
886998000,[],True,False,2026-10-07
886998400,"[""https://apply.usastaffing.gov/ViewQuestionnaire/13078724""]",True,True,2026-10-07
886998600,"[""https://apply.usastaffing.gov/ViewQuestionnaire/13076774""]",True,True,2026-10-07
886998700,"[""https://apply.usastaffing.gov/ViewQuestionnaire/13079556""]",True,True,2026-10-07
886998900,[],True,True,2026-10-07
886999000,"[""https://apply.usastaffing.gov/ViewQuestionnaire/13079560""]",True,True,2026-10-07
886999100,"[""https://apply.usastaffing.gov/ViewQuestionnaire/13079756""]",True,True,2026-10-07
886999500,"[""https://apply.usastaffing.gov/ViewQuestionnaire/13076775""]",True,True,2026-10-07
886999600,"[""https://apply.usastaffing.gov/ViewQuestionnaire/13079854""]",True,True,2026-10-07
886999800,[],True,True,2026-10-07
886999900,"[""https://apply.usastaffing.gov/ViewQuestionnaire/13079814""]",True,True,2026-10-07
887000300,"[""https://apply.usastaffing.gov/ViewQuestionnaire/13073270""]",True,True,2026-10-07
887000400,"[""https://apply.usastaffing.gov/ViewQuestionnaire/13079864""]",True,True,2026-10-07
887000500,"[""https://apply.usastaffing.gov/ViewQuestionnaire/13079027""]",True,True,2026-10-07
887000600,"[""https://jobs.monstergovt.com/loc/ros/rosDashboard.hms?O=1&J=27876"", ""https://jobs.monstergovt.com/loc/ros/rosDashboard.hms?O=1&J=27876&S=1""]",True,False,2026-10-07
887000800,"[""https://apply.usastaffing.gov/ViewQuestionnaire/13053175""]",True,True,2026-10-07
887000900,"[""https://apply.usastaffing.gov/ViewQuestionnaire/13079595""]",True,True,2026-10-07
887001000,"[""https://apply.usastaffing.gov/ViewQuestionnaire/13062965""]",True,True,2026-10-07
887001400,"[""https://apply.usastaffing.gov/ViewQuestionnaire/13077168""]",True,True,2026-10-07
887001700,[],True,True,2026-10-07
887001800,[],True,False,2026-10-07
887002000,"[""https://apply.usastaffing.gov/ViewQuestionnaire/13079135""]",True,True,2026-10-07
887002300,"[""https://apply.usastaffing.gov/ViewQuestionnaire/13076077""]",True,True,2026-10-07
887002400,"[""https://apply.usastaffing.gov/ViewQuestionnaire/13078452""]",True,True,2026-10-07
887002900,"[""https://apply.usastaffing.gov/ViewQuestionnaire/13079855""]",True,True,2026-10-07
887003200,"[""https://apply.usastaffing.gov/ViewQuestionnaire/13079881""]",True,True,2026-10-07
887003300,"[""https://apply.usastaffing.gov/ViewQuestionnaire/13079586""]",True,True,2026-10-07
887003500,"[""https://apply.usastaffing.gov/ViewQuestionnaire/13076711""]",True,True,2026-10-07
887003800,"[""https://apply.usastaffing.gov/ViewQuestionnaire/13079528""]",True,True,2026-10-07
887004100,"[""https://apply.usastaffing.gov/ViewQuestionnaire/13076447""]",True,True,2026-10-07
887004500,"[""https://jobs.monstergovt.com/loc/ros/rosDashboard.hms?O=1&J=27875"", ""https://jobs.monstergovt.com/loc/ros/rosDashboard.hms?O=1&J=27875&S=1""]",True,False,2026-10-07
887004600,[],True,True,2026-10-07
887004900,"[""https://apply.usastaffing.gov/ViewQuestionnaire/13079265""]",True,True,2026-10-07
887005000,"[""https://apply.usastaffing.gov/ViewQuestionnaire/13079326""]",True,True,2026-10-07
887005200,"[""https://apply.usastaffing.gov/ViewQuestionnaire/13079642""]",True,True,2026-10-07
887005500,"[""https://apply.usastaffing.gov/ViewQuestionnaire/13076448""]",True,True,2026-10-07
887005700,[],True,True,2026-10-07
887006300,"[""https://apply.usastaffing.gov/ViewQuestionnaire/13056512""]",True,True,2026-10-07
887006600,"[""https://apply.usastaffing.gov/ViewQuestionnaire/13076138""]",True,True,2026-10-07
887007400,[],True,False,2026-10-07
887007500,"[""https://apply.usastaffing.gov/ViewQuestionnaire/13079178""]",True,True,2026-10-07
887007700,"[""https://apply.usastaffing.gov/ViewQuestionnaire/13078553""]",True,True,2026-10-07
887007800,"[""https://apply.usastaffing.gov/ViewQuestionnaire/13079615""]",True,True,2026-10-07
887008200,"[""https://apply.usastaffing.gov/ViewQuestionnaire/13079653""]",True,True,2026-10-07
887008400,"[""https://apply.usastaffing.gov/ViewQuestionnaire/13046136""]",True,True,2026-10-07
887008800,[],True,False,2026-10-07
887008900,[],True,False,2026-10-07
887009000,"[""https://apply.usastaffing.gov/ViewQuestionnaire/13076322""]",True,True,2026-10-07
887009300,"[""https://apply.usastaffing.gov/ViewQuestionnaire/13076633""]",True,True,2026-10-07
887009400,"[""https://apply.usastaffing.gov/ViewQuestionnaire/13077808""]",True,True,2026-10-07
887010000,"[""https://apply.usastaffing.gov/ViewQuestionnaire/13077615""]",True,True,2026-10-07
887010100,[],True,True,2026-10-07
887010500,"[""https://apply.usastaffing.gov/ViewQuestionnaire/13076424""]",True,True,2026-10-07
887010600,"[""https://apply.usastaffing.gov/ViewQuestionnaire/13076423""]",True,True,2026-10-07
887010700,"[""https://apply.usastaffing.gov/ViewQuestionnaire/13079563""]",True,True,2026-10-07
887011000,[],True,True,2026-10-07
887011200,"[""https://apply.usastaffing.gov/ViewQuestionnaire/13079858""]",True,True,2026-10-07
887011700,"[""https://apply.usastaffing.gov/ViewQuestionnaire/13078246""]",True,True,2026-10-07
887012200,"[""https://apply.usastaffing.gov/ViewQuestionnaire/13079194""]",True,True,2026-10-07
887012300,"[""https://apply.usastaffing.gov/ViewQuestionnaire/13079776""]",True,True,2026-10-07
887012700,"[""https://apply.usastaffing.gov/ViewQuestionnaire/13079922""]",True,True,2026-10-07
887012900,"[""https://apply.usastaffing.gov/ViewQuestionnaire/13079182""]",True,True,2026-10-07
887013100,"[""https://apply.usastaffing.gov/ViewQuestionnaire/13078827""]",True,True,2026-10-07
887013200,"[""https://apply.usastaffing.gov/ViewQuestionnaire/13077574""]",True,True,2026-10-07
887013300,"[""https://apply.usastaffing.gov/ViewQuestionnaire/13074316""]",True,True,2026-10-07
887013500,"[""https://apply.usastaffing.gov/ViewQuestionnaire/13078702""]",True,True,2026-10-07
887014000,[],False,False,2026-10-07
887014200,[],False,False,2026-10-07
887014300,[],True,True,2026-10-07
887014500,"[""https://apply.usastaffing.gov/ViewQuestionnaire/13079730""]",True,True,2026-10-07
887015000,"[""https://apply.usastaffing.gov/ViewQuestionnaire/13079221""]",True,True,2026-10-07
887015100,"[""https://apply.usastaffing.gov/ViewQuestionnaire/13076055""]",True,True,2026-10-07
887015600,"[""https://apply.usastaffing.gov/ViewQuestionnaire/13077880""]",True,True,2026-10-07
887015700,"[""https://apply.usastaffing.gov/ViewQuestionnaire/13079749""]",True,True,2026-10-07
887015900,"[""https://apply.usastaffing.gov/ViewQuestionnaire/13077578""]",True,True,2026-10-07
887016300,"[""https://apply.usastaffing.gov/ViewQuestionnaire/13079291""]",True,True,2026-10-07
887016600,"[""https://apply.usastaffing.gov/ViewQuestionnaire/13078633""]",True,True,2026-10-07
887016900,"[""https://apply.usastaffing.gov/ViewQuestionnaire/13076697""]",True,True,2026-10-07
887017000,[],True,True,2026-10-07
887017300,[],True,False,2026-10-07
887017400,"[""https://apply.usastaffing.gov/ViewQuestionnaire/13078531""]",True,True,2026-10-07
887017500,"[""https://apply.usastaffing.gov/ViewQuestionnaire/13078530""]",True,True,2026-10-07
887017900,"[""https://apply.usastaffing.gov/ViewQuestionnaire/13079652""]",True,True,2026-10-07
887018100,"[""https://apply.usastaffing.gov/ViewQuestionnaire/13079787""]",True,True,2026-10-07
887018300,"[""https://apply.usastaffing.gov/ViewQuestionnaire/13078110""]",True,True,2026-10-07
887018500,[],True,False,2026-10-07
887018600,"[""https://apply.usastaffing.gov/ViewQuestionnaire/13079962""]",True,True,2026-10-07
887018800,[],True,True,2026-10-07
887019200,"[""https://apply.usastaffing.gov/ViewQuestionnaire/13079700""]",True,True,2026-10-07
887019400,"[""https://apply.usastaffing.gov/ViewQuestionnaire/13065247""]",True,True,2026-10-07
887019500,"[""https://apply.usastaffing.gov/ViewQuestionnaire/13058259""]",True,True,2026-10-07
887019700,"[""https://apply.usastaffing.gov/ViewQuestionnaire/13076383""]",True,True,2026-10-07
887019800,"[""https://apply.usastaffing.gov/ViewQuestionnaire/13076384""]",True,True,2026-10-07
887020100,"[""https://apply.usastaffing.gov/ViewQuestionnaire/13065272""]",True,True,2026-10-07
887020200,"[""https://apply.usastaffing.gov/ViewQuestionnaire/13079957""]",True,True,2026-10-07
887020600,"[""https://apply.usastaffing.gov/ViewQuestionnaire/13079895""]",True,True,2026-10-07
887020700,"[""https://apply.usastaffing.gov/ViewQuestionnaire/13079878""]",True,True,2026-10-07
887020800,"[""https://apply.usastaffing.gov/ViewQuestionnaire/13079955""]",True,True,2026-10-07
887020900,"[""https://apply.usastaffing.gov/ViewQuestionnaire/13053111""]",True,True,2026-10-07
887021100,"[""https://apply.usastaffing.gov/ViewQuestionnaire/13065298""]",True,True,2026-10-07
887021300,"[""https://apply.usastaffing.gov/ViewQuestionnaire/13079606""]",True,True,2026-10-07
887021400,[],True,True,2026-10-07
887021600,"[""https://apply.usastaffing.gov/ViewQuestionnaire/13074108""]",True,True,2026-10-07
887021700,"[""https://apply.usastaffing.gov/ViewQuestionnaire/13065130""]",True,True,2026-10-07
887021800,[],True,True,2026-10-07
887021900,"[""https://apply.usastaffing.gov/ViewQuestionnaire/13079578""]",True,True,2026-10-07
887022000,[],False,False,2026-10-07
887022600,[],True,True,2026-10-07
887022900,"[""https://apply.usastaffing.gov/ViewQuestionnaire/13079451""]",True,True,2026-10-07
887023100,[],True,True,2026-10-07
887023300,"[""https://apply.usastaffing.gov/ViewQuestionnaire/13078468""]",True,True,2026-10-07
887023500,"[""https://apply.usastaffing.gov/ViewQuestionnaire/13077641""]",True,True,2026-10-07
887023600,"[""https://apply.usastaffing.gov/ViewQuestionnaire/13079940""]",True,True,2026-10-07
887023900,"[""https://apply.usastaffing.gov/ViewQuestionnaire/13077109""]",True,True,2026-10-07
887024000,[],True,True,2026-10-07
887024100,"[""https://apply.usastaffing.gov/ViewQuestionnaire/13079973""]",True,True,2026-10-07
887024200,"[""https://apply.usastaffing.gov/ViewQuestionnaire/13071814""]",True,True,2026-10-07
887024300,"[""https://apply.usastaffing.gov/ViewQuestionnaire/13079659""]",True,True,2026-10-07
887024400,"[""https://apply.usastaffing.gov/ViewQuestionnaire/13072146""]",True,True,2026-10-07
887024700,"[""https://apply.usastaffing.gov/ViewQuestionnaire/13068378""]",True,True,2026-10-07
887025000,[],True,True,2026-10-07
887025100,"[""https://apply.usastaffing.gov/ViewQuestionnaire/13079608""]",True,True,2026-10-07
887025300,"[""https://apply.usastaffing.gov/ViewQuestionnaire/13056270""]",True,True,2026-10-07
887025500,"[""https://apply.usastaffing.gov/ViewQuestionnaire/13078668""]",True,True,2026-10-07
887025700,"[""https://apply.usastaffing.gov/ViewQuestionnaire/13067681""]",True,True,2026-10-07
887025900,"[""https://apply.usastaffing.gov/ViewQuestionnaire/13070766""]",True,True,2026-10-07
887026000,"[""https://apply.usastaffing.gov/ViewQuestionnaire/13079998""]",True,True,2026-10-07
887026300,"[""https://apply.usastaffing.gov/ViewQuestionnaire/13066965""]",True,True,2026-10-07
887026600,"[""https://apply.usastaffing.gov/ViewQuestionnaire/13079666""]",True,True,2026-10-07
887026800,"[""https://apply.usastaffing.gov/ViewQuestionnaire/13078999""]",True,True,2026-10-07
887026900,"[""https://apply.usastaffing.gov/ViewQuestionnaire/13079986""]",True,True,2026-10-07
887027000,"[""https://apply.usastaffing.gov/ViewQuestionnaire/13079354""]",True,True,2026-10-07
887027100,"[""https://apply.usastaffing.gov/ViewQuestionnaire/13070772""]",True,True,2026-10-07
887027400,"[""https://apply.usastaffing.gov/ViewQuestionnaire/13067918""]",True,True,2026-10-07
887027500,"[""https://apply.usastaffing.gov/ViewQuestionnaire/13069127""]",True,True,2026-10-07
887027600,"[""https://apply.usastaffing.gov/ViewQuestionnaire/13079529""]",True,True,2026-10-07
887027700,[],True,False,2026-10-07
887028000,"[""https://apply.usastaffing.gov/ViewQuestionnaire/13026835""]",True,True,2026-10-07
887028500,"[""https://apply.usastaffing.gov/ViewQuestionnaire/13066156""]",True,True,2026-10-07
887028600,"[""https://apply.usastaffing.gov/ViewQuestionnaire/13079404""]",True,True,2026-10-07
887028800,[],True,False,2026-10-07
887029000,"[""https://jobs.monstergovt.com/dos/ros/rosDashboard.hms?O=6&J=119457"", ""https://jobs.monstergovt.com/dos/ros/rosDashboard.hms?O=6&J=119457&S=1""]",True,False,2026-10-07
887029300,"[""https://apply.usastaffing.gov/ViewQuestionnaire/13078906""]",True,True,2026-10-07
887029400,"[""https://apply.usastaffing.gov/ViewQuestionnaire/13078187""]",True,True,2026-10-07
887030200,"[""https://apply.usastaffing.gov/ViewQuestionnaire/13078763""]",True,True,2026-10-07
887030400,"[""https://apply.usastaffing.gov/ViewQuestionnaire/13077926""]",True,True,2026-10-07
887030600,"[""https://apply.usastaffing.gov/ViewQuestionnaire/13078957""]",True,True,2026-10-07
887030900,"[""https://apply.usastaffing.gov/ViewQuestionnaire/13078226""]",True,True,2026-10-07
887031200,"[""https://apply.usastaffing.gov/ViewQuestionnaire/13078994""]",True,True,2026-10-07
887031300,"[""https://apply.usastaffing.gov/ViewQuestionnaire/13079427""]",True,True,2026-10-07
887031400,"[""https://apply.usastaffing.gov/ViewQuestionnaire/13080036""]",True,True,2026-10-07
887031500,"[""https://apply.usastaffing.gov/ViewQuestionnaire/13078996""]",True,True,2026-10-07
887031600,"[""https://apply.usastaffing.gov/ViewQuestionnaire/13077263""]",True,True,2026-10-07
887031700,"[""https://apply.usastaffing.gov/ViewQuestionnaire/13079916""]",True,True,2026-10-07
887031800,"[""https://apply.usastaffing.gov/ViewQuestionnaire/13074363""]",True,True,2026-10-07
887032000,"[""https://apply.usastaffing.gov/ViewQuestionnaire/13073873""]",True,True,2026-10-07
887032600,"[""https://apply.usastaffing.gov/ViewQuestionnaire/13075525""]",True,True,2026-10-07
887032700,"[""https://apply.usastaffing.gov/ViewQuestionnaire/13074325""]",True,True,2026-10-07
887032800,[],True,True,2026-10-07
887032900,"[""https://apply.usastaffing.gov/ViewQuestionnaire/13079439""]",True,True,2026-10-07
887033000,"[""https://apply.usastaffing.gov/ViewQuestionnaire/13079440""]",True,True,2026-10-07
887033100,"[""https://apply.usastaffing.gov/ViewQuestionnaire/13077284""]",True,True,2026-10-07
887033500,"[""https://apply.usastaffing.gov/ViewQuestionnaire/13074255""]",True,True,2026-10-07
887033600,"[""https://apply.usastaffing.gov/ViewQuestionnaire/13079905""]",True,True,2026-10-07
887033800,"[""https://apply.usastaffing.gov/ViewQuestionnaire/13077372""]",True,True,2026-10-07
887034100,"[""https://apply.usastaffing.gov/ViewQuestionnaire/13075807""]",True,True,2026-10-07
887034200,"[""https://apply.usastaffing.gov/ViewQuestionnaire/13033647""]",True,True,2026-10-07
887034400,"[""https://apply.usastaffing.gov/ViewQuestionnaire/13079494""]",True,True,2026-10-07
887034500,"[""https://apply.usastaffing.gov/ViewQuestionnaire/13075837""]",True,True,2026-10-07
887034600,"[""https://apply.usastaffing.gov/ViewQuestionnaire/13077258""]",True,True,2026-10-07
887034800,"[""https://apply.usastaffing.gov/ViewQuestionnaire/13078323""]",True,True,2026-10-07
887035200,[],True,True,2026-10-07
887035300,"[""https://apply.usastaffing.gov/ViewQuestionnaire/13077135""]",True,True,2026-10-07
887035500,"[""https://apply.usastaffing.gov/ViewQuestionnaire/13080031""]",True,True,2026-10-07
887035700,"[""https://apply.usastaffing.gov/ViewQuestionnaire/13079990""]",True,True,2026-10-07
887035800,"[""https://apply.usastaffing.gov/ViewQuestionnaire/13078152""]",True,True,2026-10-07
887035900,"[""https://apply.usastaffing.gov/ViewQuestionnaire/13079405""]",True,True,2026-10-07
887036400,"[""https://jobs.monstergovt.com/dot/ros/rosDashboard.hms?O=2&J=93047"", ""https://jobs.monstergovt.com/dot/ros/rosDashboard.hms?O=2&J=93047&S=1""]",True,False,2026-10-07
887036500,"[""https://apply.usastaffing.gov/ViewQuestionnaire/13076205""]",True,True,2026-10-07
887036800,[],True,True,2026-10-07
887036900,[],True,True,2026-10-07
887037000,"[""https://apply.usastaffing.gov/ViewQuestionnaire/13074005""]",True,True,2026-10-07
887037300,"[""https://apply.usastaffing.gov/ViewQuestionnaire/13080043""]",True,True,2026-10-07
887037500,"[""https://apply.usastaffing.gov/ViewQuestionnaire/13079846""]",True,True,2026-10-07
887038000,[],True,True,2026-10-07
887038100,"[""https://apply.usastaffing.gov/ViewQuestionnaire/13072808""]",True,True,2026-10-07
887038300,[],True,True,2026-10-07
887038400,[],True,True,2026-10-07
887038600,"[""https://apply.usastaffing.gov/ViewQuestionnaire/13071896""]",True,True,2026-10-07
887038800,"[""https://apply.usastaffing.gov/ViewQuestionnaire/13080033""]",True,True,2026-10-07
887038900,"[""https://apply.usastaffing.gov/ViewQuestionnaire/13078060""]",True,True,2026-10-07
887039000,"[""https://apply.usastaffing.gov/ViewQuestionnaire/13079029""]",True,True,2026-10-07
887039100,"[""https://apply.usastaffing.gov/ViewQuestionnaire/13073267""]",True,True,2026-10-07
887039200,"[""https://apply.usastaffing.gov/ViewQuestionnaire/13078137""]",True,True,2026-10-07
887039300,"[""https://apply.usastaffing.gov/ViewQuestionnaire/13079954""]",True,True,2026-10-07
887039400,"[""https://apply.usastaffing.gov/ViewQuestionnaire/13078595""]",True,True,2026-10-07
887039500,[],True,True,2026-10-07
887039600,[],True,True,2026-10-07
887039700,"[""https://apply.usastaffing.gov/ViewQuestionnaire/13080089""]",True,True,2026-10-07
887039800,"[""https://apply.usastaffing.gov/ViewQuestionnaire/13080066""]",True,True,2026-10-07
887040200,"[""https://apply.usastaffing.gov/ViewQuestionnaire/13078891""]",True,True,2026-10-07
887040400,"[""https://apply.usastaffing.gov/ViewQuestionnaire/13078670""]",True,True,2026-10-07
887040600,"[""https://apply.usastaffing.gov/ViewQuestionnaire/13072125""]",True,True,2026-10-07
887040700,"[""https://apply.usastaffing.gov/ViewQuestionnaire/13080080""]",True,True,2026-10-07
887041100,"[""https://apply.usastaffing.gov/ViewQuestionnaire/13079893""]",True,True,2026-10-07
887041300,"[""https://apply.usastaffing.gov/ViewQuestionnaire/13080022""]",True,True,2026-10-07
887041400,"[""https://apply.usastaffing.gov/ViewQuestionnaire/13077671""]",True,True,2026-10-07
887041800,"[""https://apply.usastaffing.gov/ViewQuestionnaire/13076684""]",True,True,2026-10-07
887042400,"[""https://apply.usastaffing.gov/ViewQuestionnaire/13079016""]",True,True,2026-10-07
887042500,"[""https://apply.usastaffing.gov/ViewQuestionnaire/13080082""]",True,True,2026-10-07
887042900,"[""https://apply.usastaffing.gov/ViewQuestionnaire/13079545""]",True,True,2026-10-07
887043100,"[""https://apply.usastaffing.gov/ViewQuestionnaire/13079942""]",True,True,2026-10-07
887043300,"[""https://apply.usastaffing.gov/ViewQuestionnaire/13080079""]",True,True,2026-10-07
887043400,[],True,True,2026-10-07
887043600,"[""https://apply.usastaffing.gov/ViewQuestionnaire/13073119""]",True,True,2026-10-07
887043700,"[""https://apply.usastaffing.gov/ViewQuestionnaire/13078120""]",True,True,2026-10-07
887043900,[],True,True,2026-10-07
887044100,"[""https://apply.usastaffing.gov/ViewQuestionnaire/13078829""]",True,True,2026-10-07
887044400,"[""https://apply.usastaffing.gov/ViewQuestionnaire/13080019""]",True,True,2026-10-07
887044800,"[""https://apply.usastaffing.gov/ViewQuestionnaire/13080061""]",True,True,2026-10-07
887044900,"[""https://apply.usastaffing.gov/ViewQuestionnaire/13078463""]",True,True,2026-10-07
887045000,"[""https://apply.usastaffing.gov/ViewQuestionnaire/13073740""]",True,True,2026-10-07
887045200,"[""https://apply.usastaffing.gov/ViewQuestionnaire/13080140""]",True,True,2026-10-07
887045300,"[""https://apply.usastaffing.gov/ViewQuestionnaire/13034378""]",True,True,2026-10-07
887045400,"[""https://apply.usastaffing.gov/ViewQuestionnaire/13080087""]",True,True,2026-10-07
887045600,"[""https://apply.usastaffing.gov/ViewQuestionnaire/13078130""]",True,True,2026-10-07
887045700,"[""https://apply.usastaffing.gov/ViewQuestionnaire/13074335""]",True,True,2026-10-07
887045800,"[""https://apply.usastaffing.gov/ViewQuestionnaire/13078569""]",True,True,2026-10-07
887045900,"[""https://apply.usastaffing.gov/ViewQuestionnaire/13079156""]",True,True,2026-10-07
887046000,"[""https://apply.usastaffing.gov/ViewQuestionnaire/13079815""]",True,True,2026-10-07
887046100,[],True,True,2026-10-07
887046700,"[""https://apply.usastaffing.gov/ViewQuestionnaire/13080042""]",True,True,2026-10-07
887046800,"[""https://apply.usastaffing.gov/ViewQuestionnaire/13078370""]",True,True,2026-10-07
887046900,"[""https://apply.usastaffing.gov/ViewQuestionnaire/13079458""]",True,True,2026-10-07
887047000,"[""https://apply.usastaffing.gov/ViewQuestionnaire/13077412""]",True,True,2026-10-07
887047100,"[""https://jobs.monstergovt.com/dos/ros/rosDashboard.hms?O=6&J=119421"", ""https://jobs.monstergovt.com/dos/ros/rosDashboard.hms?O=6&J=119421&S=1""]",True,False,2026-10-07
887047400,"[""https://apply.usastaffing.gov/ViewQuestionnaire/13067499""]",True,True,2026-10-07
887047500,"[""https://apply.usastaffing.gov/ViewQuestionnaire/13080143""]",True,True,2026-10-07
887047800,"[""https://jobs.monstergovt.com/hment/ros/rosDashboard.hms?O=1&J=55015"", ""https://jobs.monstergovt.com/hment/ros/rosDashboard.hms?O=1&J=55015&S=1""]",True,False,2026-10-07
887048100,"[""https://jobs.monstergovt.com/hment/ros/rosDashboard.hms?O=1&J=55017"", ""https://jobs.monstergovt.com/hment/ros/rosDashboard.hms?O=1&J=55017&S=1""]",True,False,2026-10-07
887048400,"[""https://apply.usastaffing.gov/ViewQuestionnaire/13073210""]",True,True,2026-10-07
887048500,"[""https://apply.usastaffing.gov/ViewQuestionnaire/13072117""]",True,True,2026-10-07
887048600,"[""https://apply.usastaffing.gov/ViewQuestionnaire/13080124""]",True,True,2026-10-07
887048700,"[""https://apply.usastaffing.gov/ViewQuestionnaire/13077854""]",True,True,2026-10-07
887048800,"[""https://apply.usastaffing.gov/ViewQuestionnaire/13079714""]",True,True,2026-10-07
887049000,"[""https://apply.usastaffing.gov/ViewQuestionnaire/13079724""]",True,True,2026-10-07
887049100,[],False,False,2026-10-07
887049200,[],True,False,2026-10-07
887049300,"[""https://jobs.monstergovt.com/gsa/ros/rosDashboard.hms?O=1&J=112880"", ""https://jobs.monstergovt.com/gsa/ros/rosDashboard.hms?O=1&J=112880&S=1""]",True,False,2026-10-07
887049500,"[""https://apply.usastaffing.gov/ViewQuestionnaire/13072586""]",True,True,2026-10-07
887049900,"[""https://apply.usastaffing.gov/ViewQuestionnaire/13080044""]",True,True,2026-10-07
887050100,"[""https://apply.usastaffing.gov/ViewQuestionnaire/13079654""]",True,True,2026-10-07
887050200,"[""https://apply.usastaffing.gov/ViewQuestionnaire/13077582""]",True,True,2026-10-07
887050500,"[""https://apply.usastaffing.gov/ViewQuestionnaire/13079900""]",True,True,2026-10-07
887050800,[],True,True,2026-10-07
887051000,[],True,False,2026-10-07
887051200,"[""https://apply.usastaffing.gov/ViewQuestionnaire/13079313""]",True,True,2026-10-07
887051300,"[""https://apply.usastaffing.gov/ViewQuestionnaire/13073339""]",True,True,2026-10-07
887051600,[],True,True,2026-10-07
887051700,"[""https://apply.usastaffing.gov/ViewQuestionnaire/13079794""]",True,True,2026-10-07
887052200,[],True,True,2026-10-07
887052300,"[""https://apply.usastaffing.gov/ViewQuestionnaire/13076865""]",True,True,2026-10-07
887053000,"[""https://apply.usastaffing.gov/ViewQuestionnaire/13078314""]",True,True,2026-10-07
887053300,[],True,True,2026-10-07
887053600,"[""https://apply.usastaffing.gov/ViewQuestionnaire/13075868""]",True,True,2026-10-07
887053800,[],True,False,2026-10-07
887054000,[],True,True,2026-10-07
887054300,[],True,True,2026-10-07
887054400,"[""https://apply.usastaffing.gov/ViewQuestionnaire/13080170""]",True,True,2026-10-07
887054800,[],True,True,2026-10-07
887054900,"[""https://apply.usastaffing.gov/ViewQuestionnaire/13079904""]",True,True,2026-10-07
887055000,[],True,True,2026-10-07
887055100,"[""https://apply.usastaffing.gov/ViewQuestionnaire/13072494""]",True,True,2026-10-07
887055300,[],True,True,2026-10-07
887055400,"[""https://apply.usastaffing.gov/ViewQuestionnaire/13079575""]",True,True,2026-10-07
887055600,"[""https://apply.usastaffing.gov/ViewQuestionnaire/13079470""]",True,True,2026-10-07
887055800,[],True,True,2026-10-07
887056000,"[""https://apply.usastaffing.gov/ViewQuestionnaire/13069767""]",True,True,2026-10-07
887056200,"[""https://apply.usastaffing.gov/ViewQuestionnaire/13079403""]",True,True,2026-10-07
887056500,"[""https://apply.usastaffing.gov/ViewQuestionnaire/13074163""]",True,True,2026-10-07
887056600,[],True,True,2026-10-07
887056700,"[""https://apply.usastaffing.gov/ViewQuestionnaire/13074164""]",True,True,2026-10-07
887056800,"[""https://apply.usastaffing.gov/ViewQuestionnaire/13075646""]",True,True,2026-10-07
887057100,"[""https://apply.usastaffing.gov/ViewQuestionnaire/13068045""]",True,True,2026-10-07
887057200,[],True,True,2026-10-07
887057400,"[""https://apply.usastaffing.gov/ViewQuestionnaire/13079073""]",True,True,2026-10-07
887057500,[],True,False,2026-10-07
887057900,"[""https://apply.usastaffing.gov/ViewQuestionnaire/13079532""]",True,True,2026-10-07
887058000,[],True,True,2026-10-07
887058200,"[""https://apply.usastaffing.gov/ViewQuestionnaire/13080163""]",True,True,2026-10-07
887058300,"[""https://apply.usastaffing.gov/ViewQuestionnaire/13052212""]",True,True,2026-10-07
887058400,[],True,False,2026-10-07
887058500,[],True,True,2026-10-07
887058700,"[""https://apply.usastaffing.gov/ViewQuestionnaire/13078592""]",True,True,2026-10-07
887059100,[],True,True,2026-10-07
887059600,"[""https://apply.usastaffing.gov/ViewQuestionnaire/13073825""]",True,True,2026-10-07
887060200,[],True,True,2026-10-07
887060300,"[""https://apply.usastaffing.gov/ViewQuestionnaire/13077851""]",True,True,2026-10-07
887060600,"[""https://apply.usastaffing.gov/ViewQuestionnaire/13080095""]",True,True,2026-10-07
887060700,"[""https://apply.usastaffing.gov/ViewQuestionnaire/13069087""]",True,True,2026-10-07
887061000,"[""https://apply.usastaffing.gov/ViewQuestionnaire/13080212""]",True,True,2026-10-07
887061400,[],False,False,2026-10-07
887061700,"[""https://apply.usastaffing.gov/ViewQuestionnaire/13079019""]",True,True,2026-10-07
887062000,[],True,True,2026-10-07
887062100,"[""https://apply.usastaffing.gov/ViewQuestionnaire/13079883""]",True,True,2026-10-07
887062200,"[""https://apply.usastaffing.gov/ViewQuestionnaire/13066468""]",True,True,2026-10-07
887062300,"[""https://apply.usastaffing.gov/ViewQuestionnaire/13073120""]",True,True,2026-10-07
887062500,"[""https://apply.usastaffing.gov/ViewQuestionnaire/13080125""]",True,True,2026-10-07
887062600,"[""https://apply.usastaffing.gov/ViewQuestionnaire/13068924""]",True,True,2026-10-07
887062700,"[""https://apply.usastaffing.gov/ViewQuestionnaire/13078122""]",True,True,2026-10-07
887063000,"[""https://apply.usastaffing.gov/ViewQuestionnaire/13077696""]",True,True,2026-10-07
887063100,"[""https://apply.usastaffing.gov/ViewQuestionnaire/13075677""]",True,True,2026-10-07
887063200,[],True,True,2026-10-07
887063400,"[""https://apply.usastaffing.gov/ViewQuestionnaire/13079963""]",True,True,2026-10-07
887063500,"[""https://apply.usastaffing.gov/ViewQuestionnaire/13067066""]",True,True,2026-10-07
887063600,"[""https://apply.usastaffing.gov/ViewQuestionnaire/13077616""]",True,True,2026-10-07
887063700,"[""https://apply.usastaffing.gov/ViewQuestionnaire/13076452""]",True,True,2026-10-07
887063800,"[""https://apply.usastaffing.gov/ViewQuestionnaire/13080045""]",True,True,2026-10-07
887063900,"[""https://apply.usastaffing.gov/ViewQuestionnaire/13076962""]",True,True,2026-10-07
887064000,"[""https://apply.usastaffing.gov/ViewQuestionnaire/13079968""]",True,True,2026-10-07
887064100,"[""https://apply.usastaffing.gov/ViewQuestionnaire/13078333""]",True,True,2026-10-07
887064200,"[""https://apply.usastaffing.gov/ViewQuestionnaire/13080106""]",True,True,2026-10-07
887064300,"[""https://apply.usastaffing.gov/ViewQuestionnaire/13076472""]",True,True,2026-10-07
887064500,[],False,False,2026-10-07
887064600,[],True,True,2026-10-07
887064700,"[""https://apply.usastaffing.gov/ViewQuestionnaire/13080228""]",True,True,2026-10-07
887064800,"[""https://apply.usastaffing.gov/ViewQuestionnaire/13078628""]",True,True,2026-10-07
887065000,"[""https://apply.usastaffing.gov/ViewQuestionnaire/13080239""]",True,True,2026-10-07
887065100,"[""https://apply.usastaffing.gov/ViewQuestionnaire/13076292""]",True,True,2026-10-07
887065500,"[""https://jobs.monstergovt.com/fdic/ros/rosDashboard.hms?O=1&J=74662"", ""https://jobs.monstergovt.com/fdic/ros/rosDashboard.hms?O=1&J=74662&S=1""]",True,False,2026-10-07
887065600,"[""https://apply.usastaffing.gov/ViewQuestionnaire/13080145""]",True,True,2026-10-07
887065800,"[""https://apply.usastaffing.gov/ViewQuestionnaire/13079934""]",True,True,2026-10-07
887065900,"[""https://apply.usastaffing.gov/ViewQuestionnaire/13078580""]",True,True,2026-10-07
887066000,"[""https://apply.usastaffing.gov/ViewQuestionnaire/13061649""]",True,True,2026-10-07
887066100,"[""https://apply.usastaffing.gov/ViewQuestionnaire/13077466""]",True,True,2026-10-07
887066400,"[""https://apply.usastaffing.gov/ViewQuestionnaire/13079267""]",True,True,2026-10-07
887066500,"[""https://apply.usastaffing.gov/ViewQuestionnaire/13079491""]",True,True,2026-10-07
887067000,"[""https://apply.usastaffing.gov/ViewQuestionnaire/13080181""]",True,True,2026-10-07
887067200,"[""https://apply.usastaffing.gov/ViewQuestionnaire/13068105""]",True,True,2026-10-07
887067300,[],True,True,2026-10-07
887067400,"[""https://apply.usastaffing.gov/ViewQuestionnaire/13078253""]",True,True,2026-10-07
887067600,"[""https://jobs.monstergovt.com/fdic/ros/rosDashboard.hms?O=1&J=74661"", ""https://jobs.monstergovt.com/fdic/ros/rosDashboard.hms?O=1&J=74661&S=1""]",True,False,2026-10-07
887068000,"[""https://apply.usastaffing.gov/ViewQuestionnaire/13080155""]",True,True,2026-10-07
887068100,"[""https://jobs.monstergovt.com/fdic/ros/rosDashboard.hms?O=1&J=74660"", ""https://jobs.monstergovt.com/fdic/ros/rosDashboard.hms?O=1&J=74660&S=1""]",True,False,2026-10-07
887068200,"[""https://apply.usastaffing.gov/ViewQuestionnaire/13072578""]",True,True,2026-10-07
887068300,"[""https://apply.usastaffing.gov/ViewQuestionnaire/13080034""]",True,True,2026-10-07
887068500,"[""https://apply.usastaffing.gov/ViewQuestionnaire/13073613""]",True,True,2026-10-07
887068600,"[""https://apply.usastaffing.gov/ViewQuestionnaire/13069777""]",True,True,2026-10-07
887068800,[],True,True,2026-10-07
887069200,"[""https://apply.usastaffing.gov/ViewQuestionnaire/13055170""]",True,True,2026-10-07
887070100,"[""https://apply.usastaffing.gov/ViewQuestionnaire/13076412""]",True,True,2026-10-07
887071600,"[""https://apply.usastaffing.gov/ViewQuestionnaire/13080137""]",True,True,2026-10-07
887071800,"[""https://apply.usastaffing.gov/ViewQuestionnaire/13065831""]",True,True,2026-10-07
887072000,"[""https://apply.usastaffing.gov/ViewQuestionnaire/13069954""]",True,True,2026-10-07
887072300,"[""https://apply.usastaffing.gov/ViewQuestionnaire/13050750""]",True,True,2026-10-07
887072800,"[""https://apply.usastaffing.gov/ViewQuestionnaire/13073987""]",True,True,2026-10-07
887073000,"[""https://apply.usastaffing.gov/ViewQuestionnaire/13075739""]",True,True,2026-10-07
887073400,"[""https://apply.usastaffing.gov/ViewQuestionnaire/13080121""]",True,True,2026-10-07
887073500,"[""https://apply.usastaffing.gov/ViewQuestionnaire/13078172""]",True,True,2026-10-07
887073700,[],True,True,2026-10-07
887073800,"[""https://apply.usastaffing.gov/ViewQuestionnaire/13078090""]",True,True,2026-10-07
887073900,"[""https://apply.usastaffing.gov/ViewQuestionnaire/13075523""]",True,True,2026-10-07
887074000,"[""https://apply.usastaffing.gov/ViewQuestionnaire/13080032""]",True,True,2026-10-07
887074100,"[""https://apply.usastaffing.gov/ViewQuestionnaire/13079446""]",True,True,2026-10-07
887074500,[],True,False,2026-10-07
887074600,"[""https://apply.usastaffing.gov/ViewQuestionnaire/13075733""]",True,True,2026-10-07
887074700,"[""https://apply.usastaffing.gov/ViewQuestionnaire/13080201""]",True,True,2026-10-07
887074800,"[""https://apply.usastaffing.gov/ViewQuestionnaire/13079504""]",True,True,2026-10-07
887075100,"[""https://apply.usastaffing.gov/ViewQuestionnaire/13078239""]",True,True,2026-10-07
887075200,"[""https://apply.usastaffing.gov/ViewQuestionnaire/13079302""]",True,True,2026-10-07
887075300,"[""https://apply.usastaffing.gov/ViewQuestionnaire/13077825""]",True,True,2026-10-07
887075400,"[""https://apply.usastaffing.gov/ViewQuestionnaire/13076728""]",True,True,2026-10-07
887075600,"[""https://apply.usastaffing.gov/ViewQuestionnaire/13079515""]",True,True,2026-10-07
887076000,"[""https://apply.usastaffing.gov/ViewQuestionnaire/13076835""]",True,True,2026-10-07
887076100,"[""https://apply.usastaffing.gov/ViewQuestionnaire/13080030""]",True,True,2026-10-07
887076200,"[""https://apply.usastaffing.gov/ViewQuestionnaire/11019704""]",True,True,2026-10-07
887076800,"[""https://apply.usastaffing.gov/ViewQuestionnaire/13061271""]",True,True,2026-10-07
887077100,"[""https://apply.usastaffing.gov/ViewQuestionnaire/13076102""]",True,True,2026-10-07
887077300,"[""https://apply.usastaffing.gov/ViewQuestionnaire/13065868""]",True,True,2026-10-07
887077400,"[""https://apply.usastaffing.gov/ViewQuestionnaire/13078414""]",True,True,2026-10-07
887077600,"[""https://apply.usastaffing.gov/ViewQuestionnaire/13067128""]",True,True,2026-10-07
887077800,"[""https://apply.usastaffing.gov/ViewQuestionnaire/13074382""]",True,True,2026-10-07
887078000,"[""https://apply.usastaffing.gov/ViewQuestionnaire/13080159""]",True,True,2026-10-07
887078400,"[""https://apply.usastaffing.gov/ViewQuestionnaire/13080275""]",True,True,2026-10-07
887078500,"[""https://apply.usastaffing.gov/ViewQuestionnaire/13080074""]",True,True,2026-10-07
887078600,"[""https://apply.usastaffing.gov/ViewQuestionnaire/13080283""]",True,True,2026-10-07
887078900,[],True,True,2026-10-07
887079100,"[""https://apply.usastaffing.gov/ViewQuestionnaire/13080270""]",True,True,2026-10-07
887079200,"[""https://apply.usastaffing.gov/ViewQuestionnaire/13080136""]",True,True,2026-10-07
887079300,"[""https://apply.usastaffing.gov/ViewQuestionnaire/13077788""]",True,True,2026-10-07
887079400,[],True,False,2026-10-07
887079500,"[""https://apply.usastaffing.gov/ViewQuestionnaire/13070069""]",True,True,2026-10-07
887079800,"[""https://apply.usastaffing.gov/ViewQuestionnaire/13071999""]",True,True,2026-10-07
887079900,"[""https://apply.usastaffing.gov/ViewQuestionnaire/13068490""]",True,True,2026-10-07
887080500,"[""https://apply.usastaffing.gov/ViewQuestionnaire/13068472""]",True,True,2026-10-07
887080600,"[""https://apply.usastaffing.gov/ViewQuestionnaire/13078609""]",True,True,2026-10-07
887081400,"[""https://apply.usastaffing.gov/ViewQuestionnaire/13077503""]",True,True,2026-10-07
887081600,[],True,False,2026-10-07
887081700,"[""https://apply.usastaffing.gov/ViewQuestionnaire/13078289""]",True,True,2026-10-07
887081800,"[""https://apply.usastaffing.gov/ViewQuestionnaire/13079157""]",True,True,2026-10-07
887082000,[],True,True,2026-10-07
887082100,"[""https://apply.usastaffing.gov/ViewQuestionnaire/13080004""]",True,True,2026-10-07
887082200,"[""https://apply.usastaffing.gov/ViewQuestionnaire/13079935""]",True,True,2026-10-07
887082300,"[""https://apply.usastaffing.gov/ViewQuestionnaire/13069676""]",True,True,2026-10-07
887082600,[],True,False,2026-10-07
887082800,"[""https://apply.usastaffing.gov/ViewQuestionnaire/13080131""]",True,True,2026-10-07
887083100,"[""https://apply.usastaffing.gov/ViewQuestionnaire/13079153""]",True,True,2026-10-07
887083400,"[""https://apply.usastaffing.gov/ViewQuestionnaire/13073139""]",True,True,2026-10-07
887083700,[],True,True,2026-10-07
887084000,"[""https://apply.usastaffing.gov/ViewQuestionnaire/13074277""]",True,True,2026-10-07
887084300,"[""https://apply.usastaffing.gov/ViewQuestionnaire/13080304""]",True,True,2026-10-07
887084500,"[""https://apply.usastaffing.gov/ViewQuestionnaire/13070874""]",True,True,2026-10-07
887085100,"[""https://apply.usastaffing.gov/ViewQuestionnaire/13080007""]",True,True,2026-10-07
887085300,"[""https://apply.usastaffing.gov/ViewQuestionnaire/13079684""]",True,True,2026-10-07
887085400,"[""https://apply.usastaffing.gov/ViewQuestionnaire/13079685""]",True,True,2026-10-07
887086000,[],False,False,2026-10-07
887086200,[],True,True,2026-10-07
887086500,"[""https://apply.usastaffing.gov/ViewQuestionnaire/13078881""]",True,True,2026-10-07
887086600,[],True,True,2026-10-07
887086700,[],False,False,2026-10-07
887086800,"[""https://apply.usastaffing.gov/ViewQuestionnaire/13080299""]",True,True,2026-10-07
887086900,[],True,True,2026-10-07
887087000,[],True,True,2026-10-07
887087700,[],True,True,2026-10-07
887088300,"[""https://apply.usastaffing.gov/ViewQuestionnaire/13073501""]",True,True,2026-10-07
887089300,[],False,False,2026-10-07
887090500,"[""https://jobs.monstergovt.com/fdic/ros/rosDashboard.hms?O=1&J=74663"", ""https://jobs.monstergovt.com/fdic/ros/rosDashboard.hms?O=1&J=74663&S=1""]",True,False,2026-10-07
887090600,"[""https://apply.usastaffing.gov/ViewQuestionnaire/13072393""]",True,True,2026-10-07
887090700,"[""https://jobs.monstergovt.com/fdic/ros/rosDashboard.hms?O=1&J=74664"", ""https://jobs.monstergovt.com/fdic/ros/rosDashboard.hms?O=1&J=74664&S=1""]",True,False,2026-10-07
887091000,"[""https://apply.usastaffing.gov/ViewQuestionnaire/13079656""]",True,True,2026-10-07
887091200,"[""https://apply.usastaffing.gov/ViewQuestionnaire/13076894""]",True,True,2026-10-07
887091600,"[""https://apply.usastaffing.gov/ViewQuestionnaire/13080356""]",True,True,2026-10-07
887091900,"[""https://apply.usastaffing.gov/ViewQuestionnaire/13070996""]",True,True,2026-10-07
887092300,"[""https://jobs.monstergovt.com/fdic/ros/rosDashboard.hms?O=1&J=74666"", ""https://jobs.monstergovt.com/fdic/ros/rosDashboard.hms?O=1&J=74666&S=1""]",True,False,2026-10-07
887093000,[],False,False,2026-10-07
887093300,"[""https://jobs.monstergovt.com/fdic/ros/rosDashboard.hms?O=1&J=74665"", ""https://jobs.monstergovt.com/fdic/ros/rosDashboard.hms?O=1&J=74665&S=1""]",True,False,2026-10-07
887093700,"[""https://apply.usastaffing.gov/ViewQuestionnaire/13079502""]",True,True,2026-10-07
887093900,"[""https://apply.usastaffing.gov/ViewQuestionnaire/13078885""]",True,True,2026-10-07
887094000,[],True,False,2026-10-07
887094300,"[""https://apply.usastaffing.gov/ViewQuestionnaire/13077743""]",True,True,2026-10-07
887094600,[],True,True,2026-10-07
887095100,"[""https://jobs.monstergovt.com/fdic/ros/rosDashboard.hms?O=1&J=74651"", ""https://jobs.monstergovt.com/fdic/ros/rosDashboard.hms?O=1&J=74651&S=1""]",True,False,2026-10-07
887095200,"[""https://apply.usastaffing.gov/ViewQuestionnaire/13080386""]",True,True,2026-10-07
887095300,"[""https://jobs.monstergovt.com/fdic/ros/rosDashboard.hms?O=1&J=74652"", ""https://jobs.monstergovt.com/fdic/ros/rosDashboard.hms?O=1&J=74652&S=1""]",True,False,2026-10-07
887095400,"[""https://apply.usastaffing.gov/ViewQuestionnaire/13080391""]",True,True,2026-10-07
887095500,"[""https://apply.usastaffing.gov/ViewQuestionnaire/13080366""]",True,True,2026-10-07
887095600,[],True,True,2026-10-07
887095800,[],True,True,2026-10-07
887095900,[],True,True,2026-10-07
887096000,[],True,True,2026-10-07
887096100,[],True,True,2026-10-07
887096900,"[""https://apply.usastaffing.gov/ViewQuestionnaire/13076504""]",True,True,2026-10-07
887097000,[],True,True,2026-10-07
887097200,"[""https://apply.usastaffing.gov/ViewQuestionnaire/13075564""]",True,True,2026-10-07
887097500,[],True,False,2026-10-07
887097600,[],True,False,2026-10-07
887097700,[],True,False,2026-10-07
887097800,[],True,False,2026-10-07
887097900,[],True,False,2026-10-07
887098000,"[""https://apply.usastaffing.gov/ViewQuestionnaire/13078896""]",True,True,2026-10-07
887098100,"[""https://apply.usastaffing.gov/ViewQuestionnaire/13078898""]",True,True,2026-10-07
887098400,"[""https://apply.usastaffing.gov/ViewQuestionnaire/13070948""]",True,True,2026-10-07
887098500,[],True,False,2026-10-07
887098700,"[""https://apply.usastaffing.gov/ViewQuestionnaire/13080389""]",True,True,2026-10-07
887098800,[],True,False,2026-10-07
887099000,[],True,False,2026-10-07
887099100,"[""https://apply.usastaffing.gov/ViewQuestionnaire/13070942""]",True,True,2026-10-07
887099500,"[""https://apply.usastaffing.gov/ViewQuestionnaire/13069801""]",True,True,2026-10-07
887099700,"[""https://apply.usastaffing.gov/ViewQuestionnaire/13077911""]",True,True,2026-10-07
887100200,"[""https://apply.usastaffing.gov/ViewQuestionnaire/13064111""]",True,True,2026-10-07
887100600,"[""https://apply.usastaffing.gov/ViewQuestionnaire/13080413""]",True,True,2026-10-07
887100800,[],True,True,2026-10-07
887101000,"[""https://apply.usastaffing.gov/ViewQuestionnaire/13070101""]",True,True,2026-10-07
887101200,"[""https://apply.usastaffing.gov/ViewQuestionnaire/13076893""]",True,True,2026-10-07
887101300,"[""https://apply.usastaffing.gov/ViewQuestionnaire/13077924""]",True,True,2026-10-07
887101500,"[""https://apply.usastaffing.gov/ViewQuestionnaire/13079122""]",True,True,2026-10-07
887101600,"[""https://apply.usastaffing.gov/ViewQuestionnaire/13070102""]",True,True,2026-10-07
887101700,"[""https://apply.usastaffing.gov/ViewQuestionnaire/13066459""]",True,True,2026-10-07
887102100,"[""https://jobs.monstergovt.com/dos/ros/rosDashboard.hms?O=6&J=119465"", ""https://jobs.monstergovt.com/dos/ros/rosDashboard.hms?O=6&J=119465&S=1""]",True,False,2026-10-07
887102400,"[""https://apply.usastaffing.gov/ViewQuestionnaire/13035832""]",True,True,2026-10-07
887103100,[],True,True,2026-10-07
887103200,"[""https://apply.usastaffing.gov/ViewQuestionnaire/13079906""]",True,True,2026-10-07
887103300,[],True,True,2026-10-07
887103500,"[""https://apply.usastaffing.gov/ViewQuestionnaire/13079918""]",True,True,2026-10-07
887103600,"[""https://apply.usastaffing.gov/ViewQuestionnaire/13076059""]",True,True,2026-10-07
887103800,"[""https://apply.usastaffing.gov/ViewQuestionnaire/13077966""]",True,True,2026-10-07
887103900,[],True,True,2026-10-07
887104100,"[""https://apply.usastaffing.gov/ViewQuestionnaire/13079389""]",True,True,2026-10-07
887104300,"[""https://apply.usastaffing.gov/ViewQuestionnaire/13080431""]",True,True,2026-10-07
887104600,"[""https://apply.usastaffing.gov/ViewQuestionnaire/13078548""]",True,True,2026-10-07
887104800,"[""https://apply.usastaffing.gov/ViewQuestionnaire/13046612""]",True,True,2026-10-07
887105100,"[""https://apply.usastaffing.gov/ViewQuestionnaire/13078877""]",True,True,2026-10-07
887105300,"[""https://apply.usastaffing.gov/ViewQuestionnaire/13079820""]",True,True,2026-10-07
887105400,"[""https://apply.usastaffing.gov/ViewQuestionnaire/13060193""]",True,True,2026-10-07
887105500,"[""https://apply.usastaffing.gov/ViewQuestionnaire/13078412""]",True,True,2026-10-07
887105600,"[""https://apply.usastaffing.gov/ViewQuestionnaire/13078600""]",True,True,2026-10-07
887105700,[],True,False,2026-10-07
887105800,[],True,False,2026-10-07
887105900,"[""https://apply.usastaffing.gov/ViewQuestionnaire/13061776""]",True,True,2026-10-07
887106000,"[""https://apply.usastaffing.gov/ViewQuestionnaire/13079024""]",True,True,2026-10-07
887106100,"[""https://apply.usastaffing.gov/ViewQuestionnaire/13071604""]",True,True,2026-10-07
887106200,[],True,True,2026-10-07
887106400,"[""https://apply.usastaffing.gov/ViewQuestionnaire/13079370""]",True,True,2026-10-07
887106500,"[""https://apply.usastaffing.gov/ViewQuestionnaire/13077627""]",True,True,2026-10-07
887106600,"[""https://apply.usastaffing.gov/ViewQuestionnaire/13079202""]",True,True,2026-10-07
887106700,[],True,False,2026-10-07
887107000,"[""https://apply.usastaffing.gov/ViewQuestionnaire/13076856""]",True,True,2026-10-07
887107300,[],True,True,2026-10-07
887107900,"[""https://apply.usastaffing.gov/ViewQuestionnaire/13078398""]",True,True,2026-10-07
887108000,"[""https://apply.usastaffing.gov/ViewQuestionnaire/13079468""]",True,True,2026-10-07
887108200,"[""https://jobs.monstergovt.com/dos/ros/rosDashboard.hms?O=6&J=119378"", ""https://jobs.monstergovt.com/dos/ros/rosDashboard.hms?O=6&J=119378&S=1""]",True,False,2026-10-07
887108400,"[""https://apply.usastaffing.gov/ViewQuestionnaire/13079548""]",True,True,2026-10-07
887108500,"[""https://apply.usastaffing.gov/ViewQuestionnaire/13055899""]",True,True,2026-10-07
887108800,"[""https://apply.usastaffing.gov/ViewQuestionnaire/13080013""]",True,True,2026-10-07
887108900,"[""https://apply.usastaffing.gov/ViewQuestionnaire/13055900""]",True,True,2026-10-07
887109200,"[""https://apply.usastaffing.gov/ViewQuestionnaire/13078017""]",True,True,2026-10-07
887109800,"[""https://apply.usastaffing.gov/ViewQuestionnaire/13080255""]",True,True,2026-10-07
887109900,"[""https://apply.usastaffing.gov/ViewQuestionnaire/13079340""]",True,True,2026-10-07
887110100,"[""https://jobs.monstergovt.com/hment/ros/rosDashboard.hms?O=1&J=55038"", ""https://jobs.monstergovt.com/hment/ros/rosDashboard.hms?O=1&J=55038&S=1""]",True,False,2026-10-07
887110200,"[""https://apply.usastaffing.gov/ViewQuestionnaire/13079540""]",True,True,2026-10-07
887110300,"[""https://apply.usastaffing.gov/ViewQuestionnaire/13078001""]",True,True,2026-10-07
887110400,"[""https://apply.usastaffing.gov/ViewQuestionnaire/13079541""]",True,True,2026-10-07
887110500,"[""https://apply.usastaffing.gov/ViewQuestionnaire/13071367""]",True,True,2026-10-07
887110700,"[""https://apply.usastaffing.gov/ViewQuestionnaire/13079571""]",True,True,2026-10-07
887110900,"[""https://apply.usastaffing.gov/ViewQuestionnaire/13077945""]",True,True,2026-10-07
887111000,"[""https://apply.usastaffing.gov/ViewQuestionnaire/13080429""]",True,True,2026-10-07
887111200,"[""https://apply.usastaffing.gov/ViewQuestionnaire/13073649""]",True,True,2026-10-07
887111300,"[""https://apply.usastaffing.gov/ViewQuestionnaire/13079318""]",True,True,2026-10-07
887111500,"[""https://apply.usastaffing.gov/ViewQuestionnaire/13077478""]",True,True,2026-10-07
887111600,[],True,True,2026-10-07
887112000,"[""https://apply.usastaffing.gov/ViewQuestionnaire/13079693""]",True,True,2026-10-07
887112300,"[""https://jobs.monstergovt.com/dot/ros/rosDashboard.hms?O=2&J=93055"", ""https://jobs.monstergovt.com/dot/ros/rosDashboard.hms?O=2&J=93055&S=1""]",True,False,2026-10-07
887112800,[],False,False,2026-10-07
887113000,"[""https://apply.usastaffing.gov/ViewQuestionnaire/13080035""]",True,True,2026-10-07
887113400,"[""https://apply.usastaffing.gov/ViewQuestionnaire/13080258""]",True,True,2026-10-07
887113500,"[""https://apply.usastaffing.gov/ViewQuestionnaire/13080038""]",True,True,2026-10-07
887113700,"[""https://apply.usastaffing.gov/ViewQuestionnaire/13080245""]",True,True,2026-10-07
887113900,"[""https://apply.usastaffing.gov/ViewQuestionnaire/13079159""]",True,True,2026-10-07
887114000,"[""https://apply.usastaffing.gov/ViewQuestionnaire/13073965""]",True,True,2026-10-07
887114100,"[""https://apply.usastaffing.gov/ViewQuestionnaire/13073940""]",True,True,2026-10-07
887114200,"[""https://apply.usastaffing.gov/ViewQuestionnaire/13079308""]",True,True,2026-10-07
887114600,"[""https://apply.usastaffing.gov/ViewQuestionnaire/13079256""]",True,True,2026-10-07
887114800,"[""https://apply.usastaffing.gov/ViewQuestionnaire/13077077""]",True,True,2026-10-07
887115200,"[""https://apply.usastaffing.gov/ViewQuestionnaire/13076221""]",True,True,2026-10-07
887115400,"[""https://apply.usastaffing.gov/ViewQuestionnaire/13004533""]",True,True,2026-10-07
887115500,"[""https://apply.usastaffing.gov/ViewQuestionnaire/13078360""]",True,True,2026-10-07
887115700,[],True,False,2026-10-07
887115900,"[""https://apply.usastaffing.gov/ViewQuestionnaire/13077041""]",True,True,2026-10-07
887116100,"[""https://apply.usastaffing.gov/ViewQuestionnaire/13080417""]",True,True,2026-10-07
887116400,"[""https://apply.usastaffing.gov/ViewQuestionnaire/13080054""]",True,True,2026-10-07
887116500,"[""https://apply.usastaffing.gov/ViewQuestionnaire/13080126""]",True,True,2026-10-07
887116800,[],True,False,2026-10-07
887116900,"[""https://apply.usastaffing.gov/ViewQuestionnaire/13079877""]",True,True,2026-10-07
887117300,"[""https://apply.usastaffing.gov/ViewQuestionnaire/13077305""]",True,True,2026-10-07
887117400,[],True,True,2026-10-07
887117500,"[""https://apply.usastaffing.gov/ViewQuestionnaire/13072421""]",True,True,2026-10-07
887117600,"[""https://apply.usastaffing.gov/ViewQuestionnaire/13048386""]",True,True,2026-10-07
887118100,"[""https://apply.usastaffing.gov/ViewQuestionnaire/13073291""]",True,True,2026-10-07
887118200,"[""https://apply.usastaffing.gov/ViewQuestionnaire/13078160""]",True,True,2026-10-07
887118300,"[""https://apply.usastaffing.gov/ViewQuestionnaire/13080483""]",True,True,2026-10-07
887118400,"[""https://apply.usastaffing.gov/ViewQuestionnaire/13048387""]",True,True,2026-10-07
887118600,"[""https://apply.usastaffing.gov/ViewQuestionnaire/13072320""]",True,True,2026-10-07
887118900,"[""https://apply.usastaffing.gov/ViewQuestionnaire/13080149""]",True,True,2026-10-07
887119000,"[""https://apply.usastaffing.gov/ViewQuestionnaire/13077306""]",True,True,2026-10-07
887119200,[],True,True,2026-10-07
887119300,"[""https://apply.usastaffing.gov/ViewQuestionnaire/13077677""]",True,True,2026-10-07
887119700,"[""https://apply.usastaffing.gov/ViewQuestionnaire/13079007""]",True,True,2026-10-07
887119800,"[""https://apply.usastaffing.gov/ViewQuestionnaire/13078469""]",True,True,2026-10-07
887120000,"[""https://apply.usastaffing.gov/ViewQuestionnaire/13080190""]",True,True,2026-10-07
887120200,[],True,False,2026-10-07
887120300,"[""https://apply.usastaffing.gov/ViewQuestionnaire/13076220""]",True,True,2026-10-07
887120400,"[""https://apply.usastaffing.gov/ViewQuestionnaire/13080423""]",True,True,2026-10-07
887120500,"[""https://apply.usastaffing.gov/ViewQuestionnaire/13074447""]",True,True,2026-10-07
887120600,"[""https://apply.usastaffing.gov/ViewQuestionnaire/13069796""]",True,True,2026-10-07
887120700,"[""https://apply.usastaffing.gov/ViewQuestionnaire/13080424""]",True,True,2026-10-07
887120800,"[""https://apply.usastaffing.gov/ViewQuestionnaire/13077427""]",True,True,2026-10-07
887121100,"[""https://apply.usastaffing.gov/ViewQuestionnaire/13066658""]",True,True,2026-10-07
887121200,"[""https://apply.usastaffing.gov/ViewQuestionnaire/13079177""]",True,True,2026-10-07
887121300,"[""https://apply.usastaffing.gov/ViewQuestionnaire/13079457""]",True,True,2026-10-07
887121400,"[""https://apply.usastaffing.gov/ViewQuestionnaire/13069866""]",True,True,2026-10-07
887121500,"[""https://apply.usastaffing.gov/ViewQuestionnaire/13079930""]",True,True,2026-10-07
887121900,[],False,True,2026-10-07
887122100,"[""https://apply.usastaffing.gov/ViewQuestionnaire/13080494""]",True,True,2026-10-07
887122400,[],True,False,2026-10-07
887122500,"[""https://apply.usastaffing.gov/ViewQuestionnaire/13079551""]",True,True,2026-10-07
887122600,"[""https://apply.usastaffing.gov/ViewQuestionnaire/13067299""]",True,True,2026-10-07
887122700,"[""https://jobs.monstergovt.com/dot/ros/rosDashboard.hms?O=2&J=92849"", ""https://jobs.monstergovt.com/dot/ros/rosDashboard.hms?O=2&J=92849&S=1""]",True,False,2026-10-07
887122800,"[""https://apply.usastaffing.gov/ViewQuestionnaire/13070518""]",True,True,2026-10-07
887122900,"[""https://apply.usastaffing.gov/ViewQuestionnaire/13065343""]",True,True,2026-10-07
887123000,"[""https://apply.usastaffing.gov/ViewQuestionnaire/13069721""]",True,True,2026-10-07
887123100,"[""https://apply.usastaffing.gov/ViewQuestionnaire/13080511""]",True,True,2026-10-07
887123300,"[""https://apply.usastaffing.gov/ViewQuestionnaire/13080470""]",True,True,2026-10-07
887123400,[],True,True,2026-10-07
887123600,"[""https://apply.usastaffing.gov/ViewQuestionnaire/13072780""]",True,True,2026-10-07
887123700,[],True,True,2026-10-07
887123800,[],True,True,2026-10-07
887124100,[],False,True,2026-10-07
887124200,"[""https://apply.usastaffing.gov/ViewQuestionnaire/13077107""]",True,True,2026-10-07
887124300,"[""https://apply.usastaffing.gov/ViewQuestionnaire/13073251""]",True,True,2026-10-07
887124500,"[""https://apply.usastaffing.gov/ViewQuestionnaire/13077228""]",True,True,2026-10-07
887124600,"[""https://apply.usastaffing.gov/ViewQuestionnaire/13065564""]",True,True,2026-10-07
887124800,[],True,True,2026-10-07
887124900,"[""https://apply.usastaffing.gov/ViewQuestionnaire/13080449""]",True,True,2026-10-07
887125000,"[""https://apply.usastaffing.gov/ViewQuestionnaire/13080219""]",True,True,2026-10-07
887125100,"[""https://apply.usastaffing.gov/ViewQuestionnaire/13076643""]",True,True,2026-10-07
887125300,"[""https://apply.usastaffing.gov/ViewQuestionnaire/13078623""]",True,True,2026-10-07
887125400,"[""https://apply.usastaffing.gov/ViewQuestionnaire/13076468""]",True,True,2026-10-07
887125600,"[""https://apply.usastaffing.gov/ViewQuestionnaire/13067394""]",True,True,2026-10-07
887125700,"[""https://apply.usastaffing.gov/ViewQuestionnaire/13079343""]",True,True,2026-10-07
887125800,"[""https://apply.usastaffing.gov/ViewQuestionnaire/13079601""]",True,True,2026-10-07
887125900,"[""https://apply.usastaffing.gov/ViewQuestionnaire/13069742""]",True,True,2026-10-07
887126100,"[""https://apply.usastaffing.gov/ViewQuestionnaire/13069725""]",True,True,2026-10-07
887126200,"[""https://apply.usastaffing.gov/ViewQuestionnaire/13078163""]",True,True,2026-10-07
887126400,[],True,True,2026-10-07
887126500,[],True,True,2026-10-07
887126600,"[""https://apply.usastaffing.gov/ViewQuestionnaire/13069723""]",True,True,2026-10-07
887126700,[],True,True,2026-10-07
887126800,"[""https://apply.usastaffing.gov/ViewQuestionnaire/13080292""]",True,True,2026-10-07
887127000,"[""https://apply.usastaffing.gov/ViewQuestionnaire/13069733""]",True,True,2026-10-07
887127200,[],True,False,2026-10-07
887127300,"[""https://apply.usastaffing.gov/ViewQuestionnaire/13079332""]",True,True,2026-10-07
887127500,"[""https://apply.usastaffing.gov/ViewQuestionnaire/13078438""]",True,True,2026-10-07
887127700,"[""https://apply.usastaffing.gov/ViewQuestionnaire/13080528""]",True,True,2026-10-07
887127800,"[""https://apply.usastaffing.gov/ViewQuestionnaire/13080218""]",True,True,2026-10-07
887127900,"[""https://apply.usastaffing.gov/ViewQuestionnaire/13069312""]",True,True,2026-10-07
887128200,"[""https://apply.usastaffing.gov/ViewQuestionnaire/13080477""]",True,True,2026-10-07
887128500,"[""https://apply.usastaffing.gov/ViewQuestionnaire/13079362""]",True,True,2026-10-07
887128600,"[""https://apply.usastaffing.gov/ViewQuestionnaire/13077278""]",True,True,2026-10-07
887128800,"[""https://apply.usastaffing.gov/ViewQuestionnaire/13078772""]",True,True,2026-10-07
887128900,"[""https://apply.usastaffing.gov/ViewQuestionnaire/13078082""]",True,True,2026-10-07
887129000,"[""https://apply.usastaffing.gov/ViewQuestionnaire/13069766""]",True,True,2026-10-07
887129100,"[""https://apply.usastaffing.gov/ViewQuestionnaire/13079645""]",True,True,2026-10-07
887129400,"[""https://apply.usastaffing.gov/ViewQuestionnaire/13073334""]",True,True,2026-10-07
887129700,"[""https://apply.usastaffing.gov/ViewQuestionnaire/13080536""]",True,True,2026-10-07
887129800,[],False,False,2026-10-07
887129900,"[""https://apply.usastaffing.gov/ViewQuestionnaire/13055807""]",True,True,2026-10-07
887130100,[],False,True,2026-10-07
887130400,"[""https://apply.usastaffing.gov/ViewQuestionnaire/13080513""]",True,True,2026-10-07
887130500,"[""https://apply.usastaffing.gov/ViewQuestionnaire/13079643""]",True,True,2026-10-07
887130600,"[""https://apply.usastaffing.gov/ViewQuestionnaire/13078561""]",True,True,2026-10-07
887130700,"[""https://apply.usastaffing.gov/ViewQuestionnaire/13077046""]",True,True,2026-10-07
887131000,"[""https://apply.usastaffing.gov/ViewQuestionnaire/13069745""]",True,True,2026-10-07
887131500,"[""https://apply.usastaffing.gov/ViewQuestionnaire/13077519""]",True,True,2026-10-07
887131600,"[""https://apply.usastaffing.gov/ViewQuestionnaire/13080541""]",True,True,2026-10-07
887131900,"[""https://apply.usastaffing.gov/ViewQuestionnaire/13078708""]",True,True,2026-10-07
887132000,"[""https://apply.usastaffing.gov/ViewQuestionnaire/13080517""]",True,True,2026-10-07
887132200,"[""https://apply.usastaffing.gov/ViewQuestionnaire/13070839""]",True,True,2026-10-07
887132400,"[""https://apply.usastaffing.gov/ViewQuestionnaire/13079042""]",True,True,2026-10-07
887132600,"[""https://apply.usastaffing.gov/ViewQuestionnaire/13078256""]",True,True,2026-10-07
887132700,"[""https://apply.usastaffing.gov/ViewQuestionnaire/13062797""]",True,True,2026-10-07
887132800,"[""https://apply.usastaffing.gov/ViewQuestionnaire/13078102""]",True,True,2026-10-07
887133000,"[""https://jobs.monstergovt.com/dos/ros/rosDashboard.hms?O=1&J=119470&S=1""]",True,False,2026-10-07
887133100,"[""https://apply.usastaffing.gov/ViewQuestionnaire/13078164""]",True,True,2026-10-07
887133600,"[""https://apply.usastaffing.gov/ViewQuestionnaire/13078236""]",True,True,2026-10-07
887133700,"[""https://apply.usastaffing.gov/ViewQuestionnaire/13076685""]",True,True,2026-10-07
887134200,"[""https://apply.usastaffing.gov/ViewQuestionnaire/13079852""]",True,True,2026-10-07
887134300,"[""https://apply.usastaffing.gov/ViewQuestionnaire/13066865""]",True,True,2026-10-07
887134400,"[""https://apply.usastaffing.gov/ViewQuestionnaire/13080427""]",True,True,2026-10-07
887134600,"[""https://apply.usastaffing.gov/ViewQuestionnaire/13075552""]",True,True,2026-10-07
887134700,"[""https://apply.usastaffing.gov/ViewQuestionnaire/13075553""]",True,True,2026-10-07
887134800,"[""https://apply.usastaffing.gov/ViewQuestionnaire/13079345""]",True,True,2026-10-07
887135100,"[""https://apply.usastaffing.gov/ViewQuestionnaire/13069746""]",True,True,2026-10-07
887135300,"[""https://apply.usastaffing.gov/ViewQuestionnaire/13077801""]",True,True,2026-10-07
887135600,[],True,True,2026-10-07
887136000,"[""https://jobs.monstergovt.com/dos/ros/rosDashboard.hms?O=1&J=119472&S=1""]",True,False,2026-10-07
887136200,"[""https://apply.usastaffing.gov/ViewQuestionnaire/13077534""]",True,True,2026-10-07
887136400,"[""https://apply.usastaffing.gov/ViewQuestionnaire/13079096""]",True,True,2026-10-07
887136600,"[""https://apply.usastaffing.gov/ViewQuestionnaire/13076040""]",True,True,2026-10-07
887136700,"[""https://apply.usastaffing.gov/ViewQuestionnaire/13079733""]",True,True,2026-10-07
887136800,"[""https://apply.usastaffing.gov/ViewQuestionnaire/13078663""]",True,True,2026-10-07
887137000,"[""https://apply.usastaffing.gov/ViewQuestionnaire/13067978""]",True,True,2026-10-07
887137100,"[""https://apply.usastaffing.gov/ViewQuestionnaire/13078705""]",True,True,2026-10-07
887137200,"[""https://apply.usastaffing.gov/ViewQuestionnaire/13078852""]",True,True,2026-10-07
887137300,[],True,True,2026-10-07
887137500,"[""https://apply.usastaffing.gov/ViewQuestionnaire/13080083""]",True,True,2026-10-07
887137600,"[""https://apply.usastaffing.gov/ViewQuestionnaire/13075538""]",True,True,2026-10-07
887137800,"[""https://apply.usastaffing.gov/ViewQuestionnaire/13069395""]",True,True,2026-10-07
887138100,"[""https://apply.usastaffing.gov/ViewQuestionnaire/13079111""]",True,True,2026-10-07
887138600,[],True,True,2026-10-07
887138800,[],True,True,2026-10-07
887139300,[],True,True,2026-10-07
887139600,[],True,True,2026-10-07
887139700,"[""https://apply.usastaffing.gov/ViewQuestionnaire/13080018""]",True,True,2026-10-07
887139800,"[""https://apply.usastaffing.gov/ViewQuestionnaire/13080520""]",True,True,2026-10-07
887140100,[],True,True,2026-10-07
887140300,"[""https://apply.usastaffing.gov/ViewQuestionnaire/13050959""]",True,True,2026-10-07
887140400,"[""https://apply.usastaffing.gov/ViewQuestionnaire/13069749""]",True,True,2026-10-07
887140800,"[""https://apply.usastaffing.gov/ViewQuestionnaire/13079773""]",True,True,2026-10-07
887141500,"[""https://apply.usastaffing.gov/ViewQuestionnaire/13071374""]",True,True,2026-10-07
887141700,"[""https://apply.usastaffing.gov/ViewQuestionnaire/13076172""]",True,True,2026-10-07
887141800,"[""https://apply.usastaffing.gov/ViewQuestionnaire/13070158""]",True,True,2026-10-07
887141900,"[""https://apply.usastaffing.gov/ViewQuestionnaire/13078975""]",True,True,2026-10-07
887142100,"[""https://apply.usastaffing.gov/ViewQuestionnaire/13077166""]",True,True,2026-10-07
887142200,"[""https://apply.usastaffing.gov/ViewQuestionnaire/13076453""]",True,True,2026-10-07
887142400,"[""https://apply.usastaffing.gov/ViewQuestionnaire/13076542""]",True,True,2026-10-07
887142600,"[""https://apply.usastaffing.gov/ViewQuestionnaire/13079116""]",True,True,2026-10-07
887142700,"[""https://apply.usastaffing.gov/ViewQuestionnaire/13079699""]",True,True,2026-10-07
887142900,"[""https://apply.usastaffing.gov/ViewQuestionnaire/13077660""]",True,True,2026-10-07
887143300,"[""https://apply.usastaffing.gov/ViewQuestionnaire/13080138""]",True,True,2026-10-07
887143400,"[""https://apply.usastaffing.gov/ViewQuestionnaire/13080601""]",True,True,2026-10-07
887143500,"[""https://apply.usastaffing.gov/ViewQuestionnaire/13074142""]",True,True,2026-10-07
887143700,"[""https://apply.usastaffing.gov/ViewQuestionnaire/13080503""]",True,True,2026-10-07
887144000,"[""https://apply.usastaffing.gov/ViewQuestionnaire/13080242""]",True,True,2026-10-07
887144200,"[""https://apply.usastaffing.gov/ViewQuestionnaire/13067014""]",True,True,2026-10-07
887144300,"[""https://jobs.monstergovt.com/dos/ros/rosDashboard.hms?O=1&J=119473&S=1""]",True,False,2026-10-07
887144400,"[""https://apply.usastaffing.gov/ViewQuestionnaire/13080577""]",True,True,2026-10-07
887144600,"[""https://apply.usastaffing.gov/ViewQuestionnaire/13079452""]",True,True,2026-10-07
887144700,"[""https://apply.usastaffing.gov/ViewQuestionnaire/13077619""]",True,True,2026-10-07
887144800,"[""https://apply.usastaffing.gov/ViewQuestionnaire/13080656""]",True,True,2026-10-07
887144900,"[""https://jobs.monstergovt.com/hment/ros/rosDashboard.hms?O=1&J=55049"", ""https://jobs.monstergovt.com/hment/ros/rosDashboard.hms?O=1&J=55049&S=1""]",True,False,2026-10-07
887145000,"[""https://apply.usastaffing.gov/ViewQuestionnaire/13079266""]",True,True,2026-10-07
887145100,"[""https://apply.usastaffing.gov/ViewQuestionnaire/13077620""]",True,True,2026-10-07
887145200,"[""https://apply.usastaffing.gov/ViewQuestionnaire/13068040""]",True,True,2026-10-07
887145400,"[""https://apply.usastaffing.gov/ViewQuestionnaire/13076992""]",True,True,2026-10-07
887146000,"[""https://apply.usastaffing.gov/ViewQuestionnaire/13066628""]",True,True,2026-10-07
887146400,"[""https://jobs.monstergovt.com/hment/ros/rosDashboard.hms?O=1&J=55050"", ""https://jobs.monstergovt.com/hment/ros/rosDashboard.hms?O=1&J=55050&S=1""]",True,False,2026-10-07
887146700,"[""https://apply.usastaffing.gov/ViewQuestionnaire/13078662""]",True,True,2026-10-07
887146800,"[""https://apply.usastaffing.gov/ViewQuestionnaire/13078506""]",True,True,2026-10-07
887146900,"[""https://apply.usastaffing.gov/ViewQuestionnaire/13079043""]",True,True,2026-10-07
887147000,[],True,True,2026-10-07
887147500,"[""https://apply.usastaffing.gov/ViewQuestionnaire/13069763""]",True,True,2026-10-07
887147900,"[""https://apply.usastaffing.gov/ViewQuestionnaire/13078649""]",True,True,2026-10-07
887148000,"[""https://apply.usastaffing.gov/ViewQuestionnaire/13079367""]",True,True,2026-10-07
887148100,"[""https://apply.usastaffing.gov/ViewQuestionnaire/13080575""]",True,True,2026-10-07
887148500,[],True,True,2026-10-07
887148900,"[""https://apply.usastaffing.gov/ViewQuestionnaire/13080554""]",True,True,2026-10-07
887149000,"[""https://apply.usastaffing.gov/ViewQuestionnaire/13080073""]",True,True,2026-10-07
887149200,"[""https://apply.usastaffing.gov/ViewQuestionnaire/13076766""]",True,True,2026-10-07
887149400,"[""https://apply.usastaffing.gov/ViewQuestionnaire/13079624""]",True,True,2026-10-07
887149500,"[""https://apply.usastaffing.gov/ViewQuestionnaire/13078016""]",True,True,2026-10-07
887149700,"[""https://apply.usastaffing.gov/ViewQuestionnaire/13069764""]",True,True,2026-10-07
887149800,"[""https://apply.usastaffing.gov/ViewQuestionnaire/13045923""]",True,True,2026-10-07
887150000,"[""https://apply.usastaffing.gov/ViewQuestionnaire/13062688""]",True,True,2026-10-07
887150100,"[""https://apply.usastaffing.gov/ViewQuestionnaire/13078607""]",True,True,2026-10-07
887150200,"[""https://apply.usastaffing.gov/ViewQuestionnaire/13068820""]",True,True,2026-10-07
887150300,"[""https://apply.usastaffing.gov/ViewQuestionnaire/13080527""]",True,True,2026-10-07
887150700,"[""https://apply.usastaffing.gov/ViewQuestionnaire/13078437""]",True,True,2026-10-07
887151200,"[""https://apply.usastaffing.gov/ViewQuestionnaire/13068331""]",True,True,2026-10-07
887151300,"[""https://apply.usastaffing.gov/ViewQuestionnaire/13076022""]",True,True,2026-10-07
887151400,"[""https://apply.usastaffing.gov/ViewQuestionnaire/13079673""]",True,True,2026-10-07
887151500,[],True,True,2026-10-07
887151600,"[""https://apply.usastaffing.gov/ViewQuestionnaire/13080558""]",True,True,2026-10-07
887151900,"[""https://apply.usastaffing.gov/ViewQuestionnaire/13080229""]",True,True,2026-10-07
887152000,"[""https://apply.usastaffing.gov/ViewQuestionnaire/13079737""]",True,True,2026-10-07
887152100,[],True,True,2026-10-07
887152200,"[""https://apply.usastaffing.gov/ViewQuestionnaire/13078318""]",True,True,2026-10-07
887152300,"[""https://apply.usastaffing.gov/ViewQuestionnaire/13078149""]",True,True,2026-10-07
887152400,"[""https://apply.usastaffing.gov/ViewQuestionnaire/13080682""]",True,True,2026-10-07
887152500,"[""https://apply.usastaffing.gov/ViewQuestionnaire/13080552""]",True,True,2026-10-07
887153000,"[""https://apply.usastaffing.gov/ViewQuestionnaire/13076741""]",True,True,2026-10-07
887153100,"[""https://apply.usastaffing.gov/ViewQuestionnaire/13079763""]",True,True,2026-10-07
887153200,"[""https://apply.usastaffing.gov/ViewQuestionnaire/13063098""]",True,True,2026-10-07
887153400,"[""https://apply.usastaffing.gov/ViewQuestionnaire/13061526""]",True,True,2026-10-07
887153500,"[""https://apply.usastaffing.gov/ViewQuestionnaire/13080516""]",True,True,2026-10-07
887153600,"[""https://apply.usastaffing.gov/ViewQuestionnaire/13079288""]",True,True,2026-10-07
887153700,"[""https://apply.usastaffing.gov/ViewQuestionnaire/13078508""]",True,True,2026-10-07
887153800,"[""https://apply.usastaffing.gov/ViewQuestionnaire/13073581""]",True,True,2026-10-07
887153900,"[""https://apply.usastaffing.gov/ViewQuestionnaire/13079936""]",True,True,2026-10-07
887154400,"[""https://apply.usastaffing.gov/ViewQuestionnaire/13068586""]",True,True,2026-10-07
887154500,[],False,True,2026-10-07
887154600,[],True,True,2026-10-07
887154700,"[""https://apply.usastaffing.gov/ViewQuestionnaire/13077606""]",True,True,2026-10-07
887155100,"[""https://apply.usastaffing.gov/ViewQuestionnaire/13076264""]",True,True,2026-10-07
887155300,"[""https://apply.usastaffing.gov/ViewQuestionnaire/13076278""]",True,True,2026-10-07
887155500,"[""https://jobs.monstergovt.com/aoc/ros/rosDashboard.hms?O=1749&J=148653"", ""https://jobs.monstergovt.com/aoc/ros/rosDashboard.hms?O=1749&J=148653&S=1""]",True,False,2026-10-07
887155600,"[""https://apply.usastaffing.gov/ViewQuestionnaire/13061840""]",True,True,2026-10-07
887155700,"[""https://apply.usastaffing.gov/ViewQuestionnaire/13070537""]",True,True,2026-10-07
887155800,"[""https://apply.usastaffing.gov/ViewQuestionnaire/13071154""]",True,True,2026-10-07
887156100,"[""https://jobs.monstergovt.com/aoc/ros/rosDashboard.hms?O=1749&J=148630"", ""https://jobs.monstergovt.com/aoc/ros/rosDashboard.hms?O=1749&J=148630&S=1""]",True,False,2026-10-07
887156200,[],True,True,2026-10-07
887156300,"[""https://apply.usastaffing.gov/ViewQuestionnaire/13080609""]",True,True,2026-10-07
887156400,"[""https://apply.usastaffing.gov/ViewQuestionnaire/13064113""]",True,True,2026-10-07
887157000,"[""https://apply.usastaffing.gov/ViewQuestionnaire/13075536""]",True,True,2026-10-07
887157400,[],False,False,2026-10-07
887157500,"[""https://apply.usastaffing.gov/ViewQuestionnaire/13079641""]",True,True,2026-10-07
887157700,[],True,True,2026-10-07
887157800,"[""https://jobs.monstergovt.com/dos/ros/rosDashboard.hms?O=6&J=119467"", ""https://jobs.monstergovt.com/dos/ros/rosDashboard.hms?O=6&J=119467&S=1""]",True,False,2026-10-07
887157900,"[""https://apply.usastaffing.gov/ViewQuestionnaire/13079323""]",True,True,2026-10-07
887158000,"[""https://apply.usastaffing.gov/ViewQuestionnaire/13078526""]",True,True,2026-10-07
887158300,[],True,True,2026-10-07
887158400,"[""https://apply.usastaffing.gov/ViewQuestionnaire/13076991""]",True,True,2026-10-07
887158600,"[""https://apply.usastaffing.gov/ViewQuestionnaire/13079873""]",True,True,2026-10-07
887158700,[],True,True,2026-10-07
887158800,"[""https://apply.usastaffing.gov/ViewQuestionnaire/13074375""]",True,True,2026-10-07
887158900,"[""https://apply.usastaffing.gov/ViewQuestionnaire/13061656""]",True,True,2026-10-07
887159100,[],True,True,2026-10-07
887159300,"[""https://apply.usastaffing.gov/ViewQuestionnaire/13080707""]",True,True,2026-10-07
887159500,"[""https://apply.usastaffing.gov/ViewQuestionnaire/13079198""]",True,True,2026-10-07
887159900,"[""https://apply.usastaffing.gov/ViewQuestionnaire/13061795""]",True,True,2026-10-07
887160100,"[""https://apply.usastaffing.gov/ViewQuestionnaire/13080220""]",True,True,2026-10-07
887160200,[],True,False,2026-10-07
887160600,"[""https://apply.usastaffing.gov/ViewQuestionnaire/13077377""]",True,True,2026-10-07
887160700,[],True,True,2026-10-07
887160800,"[""https://apply.usastaffing.gov/ViewQuestionnaire/13080678""]",True,True,2026-10-07
887161900,"[""https://apply.usastaffing.gov/ViewQuestionnaire/13078467""]",True,True,2026-10-07
887162000,[],True,True,2026-10-07
887162100,"[""https://jobs.monstergovt.com/dos/ros/rosDashboard.hms?O=6&J=119437"", ""https://jobs.monstergovt.com/dos/ros/rosDashboard.hms?O=6&J=119437&S=1""]",True,False,2026-10-07
887162400,"[""https://apply.usastaffing.gov/ViewQuestionnaire/13080620""]",True,True,2026-10-07
887162500,[],True,True,2026-10-07
887162600,[],True,True,2026-10-07
887162700,"[""https://apply.usastaffing.gov/ViewQuestionnaire/13075890""]",True,True,2026-10-07
887163000,"[""https://apply.usastaffing.gov/ViewQuestionnaire/13078785""]",True,True,2026-10-07
887163200,"[""https://apply.usastaffing.gov/ViewQuestionnaire/13080495""]",True,True,2026-10-07
887163300,"[""https://apply.usastaffing.gov/ViewQuestionnaire/13080104""]",True,True,2026-10-07
887163600,"[""https://apply.usastaffing.gov/ViewQuestionnaire/13080723""]",True,True,2026-10-07
887164000,[],True,True,2026-10-07
887164100,"[""https://apply.usastaffing.gov/ViewQuestionnaire/13079997""]",True,True,2026-10-07
887164600,[],True,True,2026-10-07
887164700,"[""https://apply.usastaffing.gov/ViewQuestionnaire/13080767""]",True,True,2026-10-07
887164900,"[""https://apply.usastaffing.gov/ViewQuestionnaire/13080206""]",True,True,2026-10-07
887165600,"[""https://apply.usastaffing.gov/ViewQuestionnaire/13079945""]",True,True,2026-10-07
887166100,"[""https://apply.usastaffing.gov/ViewQuestionnaire/13080621""]",True,True,2026-10-07
887166300,"[""https://apply.usastaffing.gov/ViewQuestionnaire/13079247""]",True,True,2026-10-07
887166800,"[""https://apply.usastaffing.gov/ViewQuestionnaire/13077487""]",True,True,2026-10-07
887166900,[],True,False,2026-10-07
887167100,"[""https://apply.usastaffing.gov/ViewQuestionnaire/13070122""]",True,True,2026-10-07
887167300,"[""https://apply.usastaffing.gov/ViewQuestionnaire/13080755""]",True,True,2026-10-07
887167400,"[""https://apply.usastaffing.gov/ViewQuestionnaire/13072785""]",True,True,2026-10-07
887167500,"[""https://apply.usastaffing.gov/ViewQuestionnaire/13079897""]",True,True,2026-10-07
887167700,"[""https://apply.usastaffing.gov/ViewQuestionnaire/13080533""]",True,True,2026-10-07
887167800,"[""https://apply.usastaffing.gov/ViewQuestionnaire/13080202""]",True,True,2026-10-07
887168100,"[""https://apply.usastaffing.gov/ViewQuestionnaire/13078013""]",True,True,2026-10-07
887168200,"[""https://apply.usastaffing.gov/ViewQuestionnaire/13078771""]",True,True,2026-10-07
887168300,"[""https://apply.usastaffing.gov/ViewQuestionnaire/13078053""]",True,True,2026-10-07
887168500,"[""https://apply.usastaffing.gov/ViewQuestionnaire/13076415""]",True,True,2026-10-07
887168700,"[""https://apply.usastaffing.gov/ViewQuestionnaire/13076817""]",True,True,2026-10-07
887168900,"[""https://apply.usastaffing.gov/ViewQuestionnaire/13079610""]",True,True,2026-10-07
887169100,"[""https://apply.usastaffing.gov/ViewQuestionnaire/13080553""]",True,True,2026-10-07
887169300,"[""https://apply.usastaffing.gov/ViewQuestionnaire/13071771""]",True,True,2026-10-07
887169500,[],True,True,2026-10-07
887169700,"[""https://apply.usastaffing.gov/ViewQuestionnaire/13080781""]",True,True,2026-10-07
887169800,[],True,True,2026-10-07
887169900,"[""https://apply.usastaffing.gov/ViewQuestionnaire/13080799""]",True,True,2026-10-07
887170100,"[""https://apply.usastaffing.gov/ViewQuestionnaire/13080585""]",True,True,2026-10-07
887170500,"[""https://apply.usastaffing.gov/ViewQuestionnaire/13079849""]",True,True,2026-10-07
887170600,"[""https://apply.usastaffing.gov/ViewQuestionnaire/13079239""]",True,True,2026-10-07
887170700,"[""https://apply.usastaffing.gov/ViewQuestionnaire/13079240""]",True,True,2026-10-07
887171200,"[""https://apply.usastaffing.gov/ViewQuestionnaire/13077850""]",True,True,2026-10-07
887171800,"[""https://apply.usastaffing.gov/ViewQuestionnaire/13077862""]",True,True,2026-10-07
887172200,"[""https://apply.usastaffing.gov/ViewQuestionnaire/13080807""]",True,True,2026-10-07
887172300,"[""https://apply.usastaffing.gov/ViewQuestionnaire/13080285""]",True,True,2026-10-07
887172600,"[""https://apply.usastaffing.gov/ViewQuestionnaire/13078132""]",True,True,2026-10-07
887172800,"[""https://apply.usastaffing.gov/ViewQuestionnaire/13080479""]",True,True,2026-10-07
887173000,"[""https://apply.usastaffing.gov/ViewQuestionnaire/13080024""]",True,True,2026-10-07
887173100,"[""https://apply.usastaffing.gov/ViewQuestionnaire/13079816""]",True,True,2026-10-07
887173200,"[""https://apply.usastaffing.gov/ViewQuestionnaire/13080578""]",True,True,2026-10-07
887173400,"[""https://apply.usastaffing.gov/ViewQuestionnaire/13079549""]",True,True,2026-10-07
887173700,"[""https://apply.usastaffing.gov/ViewQuestionnaire/13078552""]",True,True,2026-10-07
887173900,"[""https://apply.usastaffing.gov/ViewQuestionnaire/13080433""]",True,True,2026-10-07
887174000,"[""https://apply.usastaffing.gov/ViewQuestionnaire/13080091""]",True,True,2026-10-07
887174300,"[""https://apply.usastaffing.gov/ViewQuestionnaire/13079415""]",True,True,2026-10-07
887174700,"[""https://apply.usastaffing.gov/ViewQuestionnaire/13079960""]",True,True,2026-10-07
887174900,"[""https://apply.usastaffing.gov/ViewQuestionnaire/13040915""]",True,True,2026-10-07
887175000,"[""https://jobs.monstergovt.com/aoc/ros/rosDashboard.hms?O=1749&J=148610"", ""https://jobs.monstergovt.com/aoc/ros/rosDashboard.hms?O=1749&J=148610&S=1""]",True,False,2026-10-07
887175100,"[""https://apply.usastaffing.gov/ViewQuestionnaire/13080282""]",True,True,2026-10-07
887175400,"[""https://apply.usastaffing.gov/ViewQuestionnaire/13080272""]",True,True,2026-10-07
887175500,[],True,False,2026-10-07
887175600,[],True,False,2026-10-07
887175700,[],True,False,2026-10-07
887175800,[],True,False,2026-10-07
887175900,[],True,False,2026-10-07
887176100,"[""https://apply.usastaffing.gov/ViewQuestionnaire/13073736""]",True,True,2026-10-07
887176200,[],True,True,2026-10-07
887176300,"[""https://apply.usastaffing.gov/ViewQuestionnaire/13080779""]",True,True,2026-10-07
887176400,"[""https://apply.usastaffing.gov/ViewQuestionnaire/13080780""]",True,True,2026-10-07
887176600,"[""https://apply.usastaffing.gov/ViewQuestionnaire/13080787""]",True,True,2026-10-07
887176700,"[""https://apply.usastaffing.gov/ViewQuestionnaire/13078023""]",True,True,2026-10-07
887176900,"[""https://apply.usastaffing.gov/ViewQuestionnaire/13080538""]",True,True,2026-10-07
887177000,"[""https://apply.usastaffing.gov/ViewQuestionnaire/13080099""]",True,True,2026-10-07
887177100,[],True,True,2026-10-07
887177300,"[""https://apply.usastaffing.gov/ViewQuestionnaire/13078958""]",True,True,2026-10-07
887177400,"[""https://apply.usastaffing.gov/ViewQuestionnaire/13080774""]",True,True,2026-10-07
887177500,"[""https://apply.usastaffing.gov/ViewQuestionnaire/13080162""]",True,True,2026-10-07
887177700,"[""https://apply.usastaffing.gov/ViewQuestionnaire/13080132""]",True,True,2026-10-07
887177800,"[""https://apply.usastaffing.gov/ViewQuestionnaire/13080635""]",True,True,2026-10-07
887178200,"[""https://apply.usastaffing.gov/ViewQuestionnaire/13078871""]",True,True,2026-10-07
887178400,"[""https://apply.usastaffing.gov/ViewQuestionnaire/13077304""]",True,True,2026-10-07
887178500,"[""https://apply.usastaffing.gov/ViewQuestionnaire/13079949""]",True,True,2026-10-07
887178800,"[""https://apply.usastaffing.gov/ViewQuestionnaire/13080722""]",True,True,2026-10-07
887179000,"[""https://apply.usastaffing.gov/ViewQuestionnaire/13079948""]",True,True,2026-10-07
887179200,"[""https://apply.usastaffing.gov/ViewQuestionnaire/13074174""]",True,True,2026-10-07
887179300,"[""https://apply.usastaffing.gov/ViewQuestionnaire/13068777""]",True,True,2026-10-07
887179400,"[""https://apply.usastaffing.gov/ViewQuestionnaire/13079271""]",True,True,2026-10-07
887179500,"[""https://apply.usastaffing.gov/ViewQuestionnaire/13078416""]",True,True,2026-10-07
887179600,"[""https://apply.usastaffing.gov/ViewQuestionnaire/13076525""]",True,True,2026-10-07
887179900,"[""https://apply.usastaffing.gov/ViewQuestionnaire/13080081""]",True,True,2026-10-07
887180100,"[""https://apply.usastaffing.gov/ViewQuestionnaire/13077120""]",True,True,2026-10-07
887180300,"[""https://apply.usastaffing.gov/ViewQuestionnaire/13079477""]",True,True,2026-10-07
887181100,"[""https://apply.usastaffing.gov/ViewQuestionnaire/13080852""]",True,True,2026-10-07
887181200,"[""https://apply.usastaffing.gov/ViewQuestionnaire/13079035""]",True,True,2026-10-07
887181700,[],True,True,2026-10-07
887181900,"[""https://apply.usastaffing.gov/ViewQuestionnaire/13080447""]",True,True,2026-10-07
887182000,"[""https://apply.usastaffing.gov/ViewQuestionnaire/13080580""]",True,True,2026-10-07
887182100,"[""https://apply.usastaffing.gov/ViewQuestionnaire/13079158""]",True,True,2026-10-07
887182200,"[""https://apply.usastaffing.gov/ViewQuestionnaire/13080809""]",True,True,2026-10-07
887182500,"[""https://apply.usastaffing.gov/ViewQuestionnaire/13078729""]",True,True,2026-10-07
887182800,"[""https://apply.usastaffing.gov/ViewQuestionnaire/13080653""]",True,True,2026-10-07
887182900,"[""https://apply.usastaffing.gov/ViewQuestionnaire/13080223""]",True,True,2026-10-07
887183100,"[""https://apply.usastaffing.gov/ViewQuestionnaire/13080542""]",True,True,2026-10-07
887183700,"[""https://apply.usastaffing.gov/ViewQuestionnaire/13079772""]",True,True,2026-10-07
887183900,"[""https://apply.usastaffing.gov/ViewQuestionnaire/13073419""]",True,True,2026-10-07
887184000,"[""https://apply.usastaffing.gov/ViewQuestionnaire/13080179""]",True,True,2026-10-07
887184200,"[""https://apply.usastaffing.gov/ViewQuestionnaire/13080587""]",True,True,2026-10-07
887184600,"[""https://apply.usastaffing.gov/ViewQuestionnaire/13080761""]",True,True,2026-10-07
887184700,"[""https://apply.usastaffing.gov/ViewQuestionnaire/13080790""]",True,True,2026-10-07
887184800,"[""https://apply.usastaffing.gov/ViewQuestionnaire/13053233""]",True,True,2026-10-07
887184900,"[""https://apply.usastaffing.gov/ViewQuestionnaire/13079775""]",True,True,2026-10-07
887185100,"[""https://apply.usastaffing.gov/ViewQuestionnaire/13079850""]",True,True,2026-10-07
887185200,"[""https://apply.usastaffing.gov/ViewQuestionnaire/13078385""]",True,True,2026-10-07
887185300,[],True,False,2026-10-07
887185400,"[""https://apply.usastaffing.gov/ViewQuestionnaire/13080856""]",True,True,2026-10-07
887185700,"[""https://apply.usastaffing.gov/ViewQuestionnaire/13080670""]",True,True,2026-10-07
887186100,"[""https://apply.usastaffing.gov/ViewQuestionnaire/13080180""]",True,True,2026-10-07
887186200,"[""https://apply.usastaffing.gov/ViewQuestionnaire/13080663""]",True,True,2026-10-07
887186400,"[""https://apply.usastaffing.gov/ViewQuestionnaire/13076483""]",True,True,2026-10-07
887186500,"[""https://apply.usastaffing.gov/ViewQuestionnaire/13080893""]",True,True,2026-10-07
887186800,"[""https://apply.usastaffing.gov/ViewQuestionnaire/13079471""]",True,True,2026-10-07
887186900,[],True,True,2026-10-07
887187000,"[""https://apply.usastaffing.gov/ViewQuestionnaire/13079426""]",True,True,2026-10-07
887187100,"[""https://apply.usastaffing.gov/ViewQuestionnaire/13078052""]",True,True,2026-10-07
887187200,"[""https://apply.usastaffing.gov/ViewQuestionnaire/13079796""]",True,True,2026-10-07
887187400,"[""https://apply.usastaffing.gov/ViewQuestionnaire/13079980""]",True,True,2026-10-07
887187500,"[""https://apply.usastaffing.gov/ViewQuestionnaire/13079795""]",True,True,2026-10-07
887187700,"[""https://apply.usastaffing.gov/ViewQuestionnaire/13071308""]",True,True,2026-10-07
887187800,"[""https://apply.usastaffing.gov/ViewQuestionnaire/13080864""]",True,True,2026-10-07
887188100,"[""https://apply.usastaffing.gov/ViewQuestionnaire/13080751""]",True,True,2026-10-07
887188200,"[""https://apply.usastaffing.gov/ViewQuestionnaire/13080721""]",True,True,2026-10-07
887188500,"[""https://apply.usastaffing.gov/ViewQuestionnaire/13080895""]",True,True,2026-10-07
887188800,"[""https://apply.usastaffing.gov/ViewQuestionnaire/13080860""]",True,True,2026-10-07
887189000,[],True,True,2026-10-07
887189100,"[""https://apply.usastaffing.gov/ViewQuestionnaire/13079145""]",True,True,2026-10-07
887189500,[],True,False,2026-10-07
887190300,"[""https://apply.usastaffing.gov/ViewQuestionnaire/13068275""]",True,True,2026-10-07
887190600,"[""https://apply.usastaffing.gov/ViewQuestionnaire/13068276""]",True,True,2026-10-07
887190700,"[""https://apply.usastaffing.gov/ViewQuestionnaire/13080716""]",True,True,2026-10-07
887190900,[],True,False,2026-10-07
887191100,"[""https://apply.usastaffing.gov/ViewQuestionnaire/13080117""]",True,True,2026-10-07
887191200,"[""https://apply.usastaffing.gov/ViewQuestionnaire/13080746""]",True,True,2026-10-07
887191400,"[""https://apply.usastaffing.gov/ViewQuestionnaire/13080875""]",True,True,2026-10-07
887191600,"[""https://apply.usastaffing.gov/ViewQuestionnaire/13079455""]",True,True,2026-10-07
887191800,"[""https://apply.usastaffing.gov/ViewQuestionnaire/13079456""]",True,True,2026-10-07
887192100,[],True,True,2026-10-07
887192200,[],True,True,2026-10-07
887192400,[],True,True,2026-10-07
887192800,"[""https://apply.usastaffing.gov/ViewQuestionnaire/13080900""]",True,True,2026-10-07
887192900,"[""https://apply.usastaffing.gov/ViewQuestionnaire/13080902""]",True,True,2026-10-07
887193000,"[""https://apply.usastaffing.gov/ViewQuestionnaire/13079628""]",True,True,2026-10-07
887193400,"[""https://apply.usastaffing.gov/ViewQuestionnaire/13080861""]",True,True,2026-10-07
887193600,"[""https://apply.usastaffing.gov/ViewQuestionnaire/13080871""]",True,True,2026-10-07
887193700,"[""https://apply.usastaffing.gov/ViewQuestionnaire/13080910""]",True,True,2026-10-07
887194000,"[""https://apply.usastaffing.gov/ViewQuestionnaire/13079400""]",True,True,2026-10-07
887194100,"[""https://apply.usastaffing.gov/ViewQuestionnaire/13074413""]",True,True,2026-10-07
887194200,"[""https://apply.usastaffing.gov/ViewQuestionnaire/13080752""]",True,True,2026-10-07
887194400,[],True,False,2026-10-07
887194500,"[""https://apply.usastaffing.gov/ViewQuestionnaire/13079399""]",True,True,2026-10-07
887194700,"[""https://apply.usastaffing.gov/ViewQuestionnaire/13079919""]",True,True,2026-10-07
887194900,[],True,True,2026-10-07
887195200,"[""https://apply.usastaffing.gov/ViewQuestionnaire/13076426""]",True,True,2026-10-07
887195400,[],True,True,2026-10-07
887195500,[],True,True,2026-10-07
887195600,"[""https://apply.usastaffing.gov/ViewQuestionnaire/13072307""]",True,True,2026-10-07
887195700,"[""https://apply.usastaffing.gov/ViewQuestionnaire/13080726""]",True,True,2026-10-07
887195800,[],False,False,2026-10-07
887195900,"[""https://apply.usastaffing.gov/ViewQuestionnaire/13078830""]",True,True,2026-10-07
887196400,[],True,True,2026-10-07
887196800,[],True,True,2026-10-07
887197000,"[""https://apply.usastaffing.gov/ViewQuestionnaire/13060181""]",True,True,2026-10-07
887197100,"[""https://apply.usastaffing.gov/ViewQuestionnaire/13080889""]",True,True,2026-10-07
887197500,"[""https://apply.usastaffing.gov/ViewQuestionnaire/13080903""]",True,True,2026-10-07
887197700,"[""https://apply.usastaffing.gov/ViewQuestionnaire/13077869""]",True,True,2026-10-07
887197800,"[""https://apply.usastaffing.gov/ViewQuestionnaire/13078473""]",True,True,2026-10-07
887198200,[],True,False,2026-10-07
887198300,"[""https://apply.usastaffing.gov/ViewQuestionnaire/13077791""]",True,True,2026-10-07
887198400,[],True,True,2026-10-07
887198700,"[""https://apply.usastaffing.gov/ViewQuestionnaire/13077833""]",True,True,2026-10-07
887198800,"[""https://apply.usastaffing.gov/ViewQuestionnaire/13077117""]",True,True,2026-10-07
887198900,"[""https://apply.usastaffing.gov/ViewQuestionnaire/13078309""]",True,True,2026-10-07
887199000,"[""https://apply.usastaffing.gov/ViewQuestionnaire/13059464""]",True,True,2026-10-07
887199100,[],True,True,2026-10-07
887199400,"[""https://apply.usastaffing.gov/ViewQuestionnaire/13080469""]",True,True,2026-10-07
887199600,"[""https://apply.usastaffing.gov/ViewQuestionnaire/13080395""]",True,True,2026-10-07
887199700,"[""https://apply.usastaffing.gov/ViewQuestionnaire/13080526""]",True,True,2026-10-07
887199800,"[""https://apply.usastaffing.gov/ViewQuestionnaire/13080830""]",True,True,2026-10-07
887200400,"[""https://apply.usastaffing.gov/ViewQuestionnaire/13077285""]",True,True,2026-10-07
887200600,"[""https://apply.usastaffing.gov/ViewQuestionnaire/13051088""]",True,True,2026-10-07
887200800,[],True,True,2026-10-07
887200900,"[""https://apply.usastaffing.gov/ViewQuestionnaire/13079894""]",True,True,2026-10-07
887201100,"[""https://apply.usastaffing.gov/ViewQuestionnaire/13075855""]",True,True,2026-10-07
887201200,[],True,True,2026-10-07
887201300,[],False,False,2026-10-07
887201800,[],True,True,2026-10-07
887201900,"[""https://apply.usastaffing.gov/ViewQuestionnaire/13077241""]",True,True,2026-10-07
887202100,"[""https://apply.usastaffing.gov/ViewQuestionnaire/13080950""]",True,True,2026-10-07
887202200,[],True,True,2026-10-07
887202400,"[""https://apply.usastaffing.gov/ViewQuestionnaire/13077728""]",True,True,2026-10-07
887202700,[],True,True,2026-10-07
887202800,"[""https://apply.usastaffing.gov/ViewQuestionnaire/13077361""]",True,True,2026-10-07
887202900,"[""https://apply.usastaffing.gov/ViewQuestionnaire/13080047""]",True,True,2026-10-07
887203100,[],True,True,2026-10-07
887203200,[],True,True,2026-10-07
887203500,"[""https://apply.usastaffing.gov/ViewQuestionnaire/13077750""]",True,True,2026-10-07
887203600,[],True,False,2026-10-07
887203700,"[""https://apply.usastaffing.gov/ViewQuestionnaire/13064559""]",True,True,2026-10-07
887203800,"[""https://apply.usastaffing.gov/ViewQuestionnaire/13064978""]",True,True,2026-10-07
887203900,[],True,True,2026-10-07
887204100,"[""https://apply.usastaffing.gov/ViewQuestionnaire/13061034""]",True,True,2026-10-07
887204200,"[""https://apply.usastaffing.gov/ViewQuestionnaire/13073145""]",True,True,2026-10-07
887204600,"[""https://apply.usastaffing.gov/ViewQuestionnaire/13077090""]",True,True,2026-10-07
887204700,"[""https://apply.usastaffing.gov/ViewQuestionnaire/13064316""]",True,True,2026-10-07
887205000,"[""https://apply.usastaffing.gov/ViewQuestionnaire/13080647""]",True,True,2026-10-07
887205100,"[""https://apply.usastaffing.gov/ViewQuestionnaire/13069086""]",True,True,2026-10-07
887205200,"[""https://apply.usastaffing.gov/ViewQuestionnaire/13071867""]",True,True,2026-10-07
887205300,"[""https://apply.usastaffing.gov/ViewQuestionnaire/13080027""]",True,True,2026-10-07
887205400,"[""https://apply.usastaffing.gov/ViewQuestionnaire/13078119""]",True,True,2026-10-07
887206100,"[""https://apply.usastaffing.gov/ViewQuestionnaire/13077211""]",True,True,2026-10-07
887206400,"[""https://apply.usastaffing.gov/ViewQuestionnaire/13079538""]",True,True,2026-10-07
887206500,"[""https://apply.usastaffing.gov/ViewQuestionnaire/13080419""]",True,True,2026-10-07
887207000,"[""https://apply.usastaffing.gov/ViewQuestionnaire/13079950""]",True,True,2026-10-07
887207600,"[""https://apply.usastaffing.gov/ViewQuestionnaire/13065814""]",True,True,2026-10-07
887207900,"[""https://apply.usastaffing.gov/ViewQuestionnaire/13080820""]",True,True,2026-10-07
887208000,"[""https://apply.usastaffing.gov/ViewQuestionnaire/13079946""]",True,True,2026-10-07
887208100,[],True,True,2026-10-07
887208200,"[""https://apply.usastaffing.gov/ViewQuestionnaire/13080198""]",True,True,2026-10-07
887208300,"[""https://apply.usastaffing.gov/ViewQuestionnaire/13078803""]",True,True,2026-10-07
887208400,"[""https://apply.usastaffing.gov/ViewQuestionnaire/13080129""]",True,True,2026-10-07
887208700,"[""https://apply.usastaffing.gov/ViewQuestionnaire/13080412""]",True,True,2026-10-07
887208800,"[""https://apply.usastaffing.gov/ViewQuestionnaire/13072904""]",True,True,2026-10-07
887208900,"[""https://apply.usastaffing.gov/ViewQuestionnaire/13072430""]",True,True,2026-10-07
887209000,[],True,False,2026-10-07
887209200,"[""https://apply.usastaffing.gov/ViewQuestionnaire/13080436""]",True,True,2026-10-07
887209400,[],True,True,2026-10-07
887209500,"[""https://apply.usastaffing.gov/ViewQuestionnaire/13076735""]",True,True,2026-10-07
887209600,"[""https://apply.usastaffing.gov/ViewQuestionnaire/13077715""]",True,True,2026-10-07
887209800,"[""https://apply.usastaffing.gov/ViewQuestionnaire/13079875""]",True,True,2026-10-07
887209900,"[""https://apply.usastaffing.gov/ViewQuestionnaire/13081010""]",True,True,2026-10-07
887210100,"[""https://apply.usastaffing.gov/ViewQuestionnaire/13081008""]",True,True,2026-10-07
887210400,"[""https://apply.usastaffing.gov/ViewQuestionnaire/13080898""]",True,True,2026-10-07
887210700,[],True,False,2026-10-07
887210900,"[""https://apply.usastaffing.gov/ViewQuestionnaire/13079533""]",True,True,2026-10-07
887211000,[],True,False,2026-10-07
887211200,"[""https://apply.usastaffing.gov/ViewQuestionnaire/13079079""]",True,True,2026-10-07
887211300,"[""https://apply.usastaffing.gov/ViewQuestionnaire/13078428""]",True,True,2026-10-07
887211400,"[""https://apply.usastaffing.gov/ViewQuestionnaire/13079464""]",True,True,2026-10-07
887211600,"[""https://apply.usastaffing.gov/ViewQuestionnaire/13080703""]",True,True,2026-10-07
887211900,"[""https://apply.usastaffing.gov/ViewQuestionnaire/13079080""]",True,True,2026-10-07
887212000,[],True,True,2026-10-07
887212300,[],True,True,2026-10-07
887212400,[],True,True,2026-10-07
887212500,"[""https://apply.usastaffing.gov/ViewQuestionnaire/13068854""]",True,True,2026-10-07
887212900,"[""https://apply.usastaffing.gov/ViewQuestionnaire/13080963""]",True,True,2026-10-07
887213200,"[""https://apply.usastaffing.gov/ViewQuestionnaire/13079786""]",True,True,2026-10-07
887213400,[],True,True,2026-10-07
887213500,[],True,False,2026-10-07
887213800,"[""https://apply.usastaffing.gov/ViewQuestionnaire/13077600""]",True,True,2026-10-07
887214000,"[""https://apply.usastaffing.gov/ViewQuestionnaire/13080980""]",True,True,2026-10-07
887214100,"[""https://apply.usastaffing.gov/ViewQuestionnaire/13079432""]",True,True,2026-10-07
887214200,"[""https://apply.usastaffing.gov/ViewQuestionnaire/13079462""]",True,True,2026-10-07
887214400,"[""https://apply.usastaffing.gov/ViewQuestionnaire/13079500""]",True,True,2026-10-07
887214500,"[""https://apply.usastaffing.gov/ViewQuestionnaire/13078054""]",True,True,2026-10-07
887214700,"[""https://apply.usastaffing.gov/ViewQuestionnaire/13077468""]",True,True,2026-10-07
887214800,"[""https://apply.usastaffing.gov/ViewQuestionnaire/13081060""]",True,True,2026-10-07
887215300,[],False,False,2026-10-07
887215700,"[""https://apply.usastaffing.gov/ViewQuestionnaire/13079753""]",True,True,2026-10-07
887215900,"[""https://apply.usastaffing.gov/ViewQuestionnaire/13078762""]",True,True,2026-10-07
887216000,[],True,True,2026-10-07
887216400,"[""https://apply.usastaffing.gov/ViewQuestionnaire/13077078""]",True,True,2026-10-07
887216600,"[""https://apply.usastaffing.gov/ViewQuestionnaire/13080996""]",True,True,2026-10-07
887216700,"[""https://apply.usastaffing.gov/ViewQuestionnaire/13080055""]",True,True,2026-10-07
887216800,"[""https://jobs.monstergovt.com/dot/ros/rosDashboard.hms?O=2&J=92968"", ""https://jobs.monstergovt.com/dot/ros/rosDashboard.hms?O=2&J=92968&S=1""]",True,False,2026-10-07
887217100,"[""https://apply.usastaffing.gov/ViewQuestionnaire/13078918""]",True,True,2026-10-07
887217400,"[""https://apply.usastaffing.gov/ViewQuestionnaire/13071696""]",True,True,2026-10-07
887217600,"[""https://apply.usastaffing.gov/ViewQuestionnaire/13053493""]",True,True,2026-10-07
887218100,"[""https://apply.usastaffing.gov/ViewQuestionnaire/13081064""]",True,True,2026-10-07
887218300,"[""https://apply.usastaffing.gov/ViewQuestionnaire/13078375""]",True,True,2026-10-07
887218400,"[""https://apply.usastaffing.gov/ViewQuestionnaire/13080944""]",True,True,2026-10-07
887218600,[],True,False,2026-10-07
887219000,"[""https://apply.usastaffing.gov/ViewQuestionnaire/13079281""]",True,True,2026-10-07
887219200,"[""https://apply.usastaffing.gov/ViewQuestionnaire/13079804""]",True,True,2026-10-07
887219300,[],True,True,2026-10-07
887219500,"[""https://apply.usastaffing.gov/ViewQuestionnaire/13076416""]",True,True,2026-10-07
887219700,"[""https://apply.usastaffing.gov/ViewQuestionnaire/13078015""]",True,True,2026-10-07
887220300,"[""https://jobs.monstergovt.com/aoc/ros/rosDashboard.hms?O=1749&J=148654"", ""https://jobs.monstergovt.com/aoc/ros/rosDashboard.hms?O=1749&J=148654&S=1""]",True,False,2026-10-07
887220400,"[""https://apply.usastaffing.gov/ViewQuestionnaire/13070382""]",True,True,2026-10-07
887220500,"[""https://apply.usastaffing.gov/ViewQuestionnaire/13080727""]",True,True,2026-10-07
887220600,"[""https://apply.usastaffing.gov/ViewQuestionnaire/13077332""]",True,True,2026-10-07
887220700,"[""https://apply.usastaffing.gov/ViewQuestionnaire/13072161""]",True,True,2026-10-07
887221000,[],True,False,2026-10-07
887221200,"[""https://apply.usastaffing.gov/ViewQuestionnaire/13080968""]",True,True,2026-10-07
887221400,"[""https://apply.usastaffing.gov/ViewQuestionnaire/13080183""]",True,True,2026-10-07
887221500,"[""https://apply.usastaffing.gov/ViewQuestionnaire/13081104""]",True,True,2026-10-07
887222000,"[""https://apply.usastaffing.gov/ViewQuestionnaire/13080762""]",True,True,2026-10-07
887222100,"[""https://apply.usastaffing.gov/ViewQuestionnaire/13081013""]",True,True,2026-10-07
887222200,"[""https://apply.usastaffing.gov/ViewQuestionnaire/13081114""]",True,True,2026-10-07
887222600,[],True,True,2026-10-07
887222800,"[""https://jobs.monstergovt.com/cftc/rospost/?O=3&J=5500"", ""https://jobs.monstergovt.com/cftc/rospost/?O=3&J=5500&S=1""]",True,False,2026-10-07
887222900,[],True,True,2026-10-07
887223200,"[""https://apply.usastaffing.gov/ViewQuestionnaire/13080954""]",True,True,2026-10-07
887223300,"[""https://apply.usastaffing.gov/ViewQuestionnaire/13079378""]",True,True,2026-10-07
887223400,"[""https://apply.usastaffing.gov/ViewQuestionnaire/13081147""]",True,True,2026-10-07
887223600,"[""https://apply.usastaffing.gov/ViewQuestionnaire/13080815""]",True,True,2026-10-07
887223700,"[""https://apply.usastaffing.gov/ViewQuestionnaire/13069268""]",True,True,2026-10-07
887223800,"[""https://apply.usastaffing.gov/ViewQuestionnaire/13065458""]",True,True,2026-10-07
887224300,[],True,True,2026-10-07
887224400,"[""https://apply.usastaffing.gov/ViewQuestionnaire/13080374""]",True,True,2026-10-07
887224600,"[""https://apply.usastaffing.gov/ViewQuestionnaire/13076708""]",True,True,2026-10-07
887224700,"[""https://apply.usastaffing.gov/ViewQuestionnaire/13078096""]",True,True,2026-10-07
887224900,"[""https://apply.usastaffing.gov/ViewQuestionnaire/13080394""]",True,True,2026-10-07
887225100,[],True,True,2026-10-07
887225400,"[""https://apply.usastaffing.gov/ViewQuestionnaire/13076709""]",True,True,2026-10-07
887225500,"[""https://apply.usastaffing.gov/ViewQuestionnaire/13081132""]",True,True,2026-10-07
887225800,"[""https://apply.usastaffing.gov/ViewQuestionnaire/13078147""]",True,True,2026-10-07
887225900,"[""https://apply.usastaffing.gov/ViewQuestionnaire/13036061""]",True,True,2026-10-07
887226000,"[""https://apply.usastaffing.gov/ViewQuestionnaire/13081026""]",True,True,2026-10-07
887226100,"[""https://apply.usastaffing.gov/ViewQuestionnaire/13072364""]",True,True,2026-10-07
887226300,[],True,True,2026-10-07
887226700,[],True,False,2026-10-07
887227000,"[""https://jobs.monstergovt.com/loc/ros/rosDashboard.hms?O=1&J=27863"", ""https://jobs.monstergovt.com/loc/ros/rosDashboard.hms?O=1&J=27863&S=1""]",True,False,2026-10-07
887227100,"[""https://apply.usastaffing.gov/ViewQuestionnaire/13071125""]",True,True,2026-10-07
887227300,[],False,False,2026-10-07
887227700,"[""https://apply.usastaffing.gov/ViewQuestionnaire/13071845""]",True,True,2026-10-07
887227800,"[""https://apply.usastaffing.gov/ViewQuestionnaire/13078129""]",True,True,2026-10-07
887227900,"[""https://apply.usastaffing.gov/ViewQuestionnaire/13078457""]",True,True,2026-10-07
887228000,[],True,True,2026-10-07
887228100,"[""https://apply.usastaffing.gov/ViewQuestionnaire/13080566""]",True,True,2026-10-07
887228200,[],True,True,2026-10-07
887228300,"[""https://apply.usastaffing.gov/ViewQuestionnaire/13080845""]",True,True,2026-10-07
887228400,"[""https://apply.usastaffing.gov/ViewQuestionnaire/13080567""]",True,True,2026-10-07
887229000,"[""https://apply.usastaffing.gov/ViewQuestionnaire/13078809""]",True,True,2026-10-07
887229100,[],True,True,2026-10-07
887229500,[],True,False,2026-10-07
887229600,"[""https://apply.usastaffing.gov/ViewQuestionnaire/13076392""]",True,True,2026-10-07
887229700,"[""https://apply.usastaffing.gov/ViewQuestionnaire/13074409""]",True,True,2026-10-07
887230000,[],True,True,2026-10-07
887230200,"[""https://apply.usastaffing.gov/ViewQuestionnaire/13076393""]",True,True,2026-10-07
887230400,"[""https://apply.usastaffing.gov/ViewQuestionnaire/13077914""]",True,True,2026-10-07
887230600,"[""https://apply.usastaffing.gov/ViewQuestionnaire/13078734""]",True,True,2026-10-07
887230700,[],True,True,2026-10-07
887230900,"[""https://apply.usastaffing.gov/ViewQuestionnaire/13067723""]",True,True,2026-10-07
887231000,[],True,True,2026-10-07
887231100,"[""https://apply.usastaffing.gov/ViewQuestionnaire/13079985""]",True,True,2026-10-07
887231200,"[""https://apply.usastaffing.gov/ViewQuestionnaire/13080659""]",True,True,2026-10-07
887231800,"[""https://apply.usastaffing.gov/ViewQuestionnaire/13079989""]",True,True,2026-10-07
887232000,"[""https://apply.usastaffing.gov/ViewQuestionnaire/13081072""]",True,True,2026-10-07
887232100,"[""https://apply.usastaffing.gov/ViewQuestionnaire/13080197""]",True,True,2026-10-07
887232200,"[""https://apply.usastaffing.gov/ViewQuestionnaire/13081037""]",True,True,2026-10-07
887232800,"[""https://apply.usastaffing.gov/ViewQuestionnaire/13081187""]",True,True,2026-10-07
887233200,"[""https://apply.usastaffing.gov/ViewQuestionnaire/13081123""]",True,True,2026-10-07
887233300,"[""https://jobs.monstergovt.com/dot/ros/rosDashboard.hms?O=2&J=93024"", ""https://jobs.monstergovt.com/dot/ros/rosDashboard.hms?O=2&J=93024&S=1""]",True,False,2026-10-07
887233500,"[""https://apply.usastaffing.gov/ViewQuestionnaire/13079565""]",True,True,2026-10-07
887233600,[],True,True,2026-10-07
887233700,"[""https://apply.usastaffing.gov/ViewQuestionnaire/13079913""]",True,True,2026-10-07
887234500,"[""https://apply.usastaffing.gov/ViewQuestionnaire/13081126""]",True,True,2026-10-07
887234600,[],True,True,2026-10-07
887234800,"[""https://apply.usastaffing.gov/ViewQuestionnaire/13076721""]",True,True,2026-10-07
887235100,"[""https://apply.usastaffing.gov/ViewQuestionnaire/13081204""]",True,True,2026-10-07
887235200,"[""https://apply.usastaffing.gov/ViewQuestionnaire/13076247""]",True,True,2026-10-07
887235400,"[""https://apply.usastaffing.gov/ViewQuestionnaire/13081067""]",True,True,2026-10-07
887235500,[],True,True,2026-10-07
887235600,"[""https://apply.usastaffing.gov/ViewQuestionnaire/13080462""]",True,True,2026-10-07
887235800,"[""https://apply.usastaffing.gov/ViewQuestionnaire/13077735""]",True,True,2026-10-07
887235900,"[""https://apply.usastaffing.gov/ViewQuestionnaire/13079752""]",True,True,2026-10-07
887236100,"[""https://jobs.monstergovt.com/dot/ros/rosDashboard.hms?O=2&J=92841"", ""https://jobs.monstergovt.com/dot/ros/rosDashboard.hms?O=2&J=92841&S=1""]",True,False,2026-10-07
887236800,"[""https://apply.usastaffing.gov/ViewQuestionnaire/13081174""]",True,True,2026-10-07
887237400,"[""https://apply.usastaffing.gov/ViewQuestionnaire/13080068""]",True,True,2026-10-07
887237500,[],True,True,2026-10-07
887237900,"[""https://apply.usastaffing.gov/ViewQuestionnaire/13081191""]",True,True,2026-10-07
887238000,"[""https://apply.usastaffing.gov/ViewQuestionnaire/13072877""]",True,True,2026-10-07
887238100,"[""https://apply.usastaffing.gov/ViewQuestionnaire/13069935""]",True,True,2026-10-07
887238200,"[""https://apply.usastaffing.gov/ViewQuestionnaire/13059453""]",True,True,2026-10-07
887238300,"[""https://apply.usastaffing.gov/ViewQuestionnaire/13078347""]",True,True,2026-10-07
887238700,"[""https://apply.usastaffing.gov/ViewQuestionnaire/13080657""]",True,True,2026-10-07
887238900,"[""https://apply.usastaffing.gov/ViewQuestionnaire/13079899""]",True,True,2026-10-07
887239000,"[""https://apply.usastaffing.gov/ViewQuestionnaire/13077142""]",True,True,2026-10-07
887239200,"[""https://apply.usastaffing.gov/ViewQuestionnaire/13078750""]",True,True,2026-10-07
887239300,"[""https://apply.usastaffing.gov/ViewQuestionnaire/13081233""]",True,True,2026-10-07
887239600,"[""https://apply.usastaffing.gov/ViewQuestionnaire/13080671""]",True,True,2026-10-07
887239700,"[""https://apply.usastaffing.gov/ViewQuestionnaire/13078346""]",True,True,2026-10-07
887239800,"[""https://apply.usastaffing.gov/ViewQuestionnaire/13077223""]",True,True,2026-10-07
887240100,[],False,False,2026-10-07
887240300,"[""https://apply.usastaffing.gov/ViewQuestionnaire/13080505""]",True,True,2026-10-07
887240400,"[""https://apply.usastaffing.gov/ViewQuestionnaire/13080634""]",True,True,2026-10-07
887240500,"[""https://apply.usastaffing.gov/ViewQuestionnaire/13081231""]",True,True,2026-10-07
887240600,"[""https://apply.usastaffing.gov/ViewQuestionnaire/13080693""]",True,True,2026-10-07
887240700,[],True,True,2026-10-07
887240900,"[""https://apply.usastaffing.gov/ViewQuestionnaire/13080267""]",True,True,2026-10-07
887241000,"[""https://apply.usastaffing.gov/ViewQuestionnaire/13080831""]",True,True,2026-10-07
887241100,"[""https://apply.usastaffing.gov/ViewQuestionnaire/13080686""]",True,True,2026-10-07
887241200,"[""https://apply.usastaffing.gov/ViewQuestionnaire/13055199""]",True,True,2026-10-07
887241500,"[""https://apply.usastaffing.gov/ViewQuestionnaire/13077731""]",True,True,2026-10-07
887241700,[],True,True,2026-10-07
887241900,"[""https://apply.usastaffing.gov/ViewQuestionnaire/13067815""]",True,True,2026-10-07
887242000,"[""https://apply.usastaffing.gov/ViewQuestionnaire/13068920""]",True,True,2026-10-07
887242100,"[""https://apply.usastaffing.gov/ViewQuestionnaire/13081062""]",True,True,2026-10-07
887242300,"[""https://apply.usastaffing.gov/ViewQuestionnaire/13078381""]",True,True,2026-10-07
887242600,"[""https://apply.usastaffing.gov/ViewQuestionnaire/13076057""]",True,True,2026-10-07
887242800,"[""https://apply.usastaffing.gov/ViewQuestionnaire/13079369""]",True,True,2026-10-07
887242900,[],True,True,2026-10-07
887243000,"[""https://apply.usastaffing.gov/ViewQuestionnaire/13059783""]",True,True,2026-10-07
887243100,"[""https://apply.usastaffing.gov/ViewQuestionnaire/13060506""]",True,True,2026-10-07
887243200,"[""https://apply.usastaffing.gov/ViewQuestionnaire/13081110""]",True,True,2026-10-07
887243300,"[""https://apply.usastaffing.gov/ViewQuestionnaire/13076806""]",True,True,2026-10-07
887243400,"[""https://apply.usastaffing.gov/ViewQuestionnaire/13066424""]",True,True,2026-10-07
887243800,"[""https://apply.usastaffing.gov/ViewQuestionnaire/13080319""]",True,True,2026-10-07
887243900,"[""https://apply.usastaffing.gov/ViewQuestionnaire/13081228""]",True,True,2026-10-07
887244000,"[""https://apply.usastaffing.gov/ViewQuestionnaire/13080147""]",True,True,2026-10-07
887244200,[],True,True,2026-10-07
887244300,"[""https://apply.usastaffing.gov/ViewQuestionnaire/13080320""]",True,True,2026-10-07
887244400,"[""https://apply.usastaffing.gov/ViewQuestionnaire/13080775""]",True,True,2026-10-07
887244600,[],True,True,2026-10-07
887244800,"[""https://apply.usastaffing.gov/ViewQuestionnaire/13027237""]",True,True,2026-10-07
887245000,"[""https://apply.usastaffing.gov/ViewQuestionnaire/13079710""]",True,True,2026-10-07
887245100,[],True,True,2026-10-07
887245200,[],True,True,2026-10-07
887245300,[],False,False,2026-10-07
887245400,"[""https://apply.usastaffing.gov/ViewQuestionnaire/13077988""]",True,True,2026-10-07
887245500,"[""https://apply.usastaffing.gov/ViewQuestionnaire/13080823""]",True,True,2026-10-07
887245600,"[""https://apply.usastaffing.gov/ViewQuestionnaire/13080801""]",True,True,2026-10-07
887245700,"[""https://apply.usastaffing.gov/ViewQuestionnaire/13080822""]",True,True,2026-10-07
887245800,"[""https://apply.usastaffing.gov/ViewQuestionnaire/13078850""]",True,True,2026-10-07
887245900,"[""https://apply.usastaffing.gov/ViewQuestionnaire/13081137""]",True,True,2026-10-07
887246100,"[""https://apply.usastaffing.gov/ViewQuestionnaire/13080817""]",True,True,2026-10-07
887246300,"[""https://apply.usastaffing.gov/ViewQuestionnaire/13029408""]",True,True,2026-10-07
887246600,"[""https://apply.usastaffing.gov/ViewQuestionnaire/13079454""]",True,True,2026-10-07
887246700,"[""https://apply.usastaffing.gov/ViewQuestionnaire/13070891""]",True,True,2026-10-07
887247200,"[""https://apply.usastaffing.gov/ViewQuestionnaire/13076313""]",True,True,2026-10-07
887247400,"[""https://apply.usastaffing.gov/ViewQuestionnaire/13070894""]",True,True,2026-10-07
887247600,"[""https://apply.usastaffing.gov/ViewQuestionnaire/13072788""]",True,True,2026-10-07
887247800,"[""https://jobs.monstergovt.com/gsa/ros/rosDashboard.hms?O=1&J=112859"", ""https://jobs.monstergovt.com/gsa/ros/rosDashboard.hms?O=1&J=112859&S=1""]",True,False,2026-10-07
887248200,[],True,True,2026-10-07
887248500,"[""https://apply.usastaffing.gov/ViewQuestionnaire/13080592""]",True,True,2026-10-07
887248600,"[""https://apply.usastaffing.gov/ViewQuestionnaire/13080298""]",True,True,2026-10-07
887248700,"[""https://apply.usastaffing.gov/ViewQuestionnaire/13080573""]",True,True,2026-10-07
887248800,"[""https://apply.usastaffing.gov/ViewQuestionnaire/13081150""]",True,True,2026-10-07
887248900,"[""https://apply.usastaffing.gov/ViewQuestionnaire/13078140""]",True,True,2026-10-07
887249200,"[""https://apply.usastaffing.gov/ViewQuestionnaire/13070735""]",True,True,2026-10-07
887249300,"[""https://apply.usastaffing.gov/ViewQuestionnaire/13079460""]",True,True,2026-10-07
887249400,"[""https://apply.usastaffing.gov/ViewQuestionnaire/13081224""]",True,True,2026-10-07
887249800,"[""https://apply.usastaffing.gov/ViewQuestionnaire/13080277""]",True,True,2026-10-07
887250000,"[""https://apply.usastaffing.gov/ViewQuestionnaire/13081263""]",True,True,2026-10-07
887250100,"[""https://apply.usastaffing.gov/ViewQuestionnaire/13070714""]",True,True,2026-10-07
887250400,"[""https://apply.usastaffing.gov/ViewQuestionnaire/13079275""]",True,True,2026-10-07
887250600,"[""https://apply.usastaffing.gov/ViewQuestionnaire/13078685""]",True,True,2026-10-07
887250700,"[""https://apply.usastaffing.gov/ViewQuestionnaire/13076317""]",True,True,2026-10-07
887250900,"[""https://apply.usastaffing.gov/ViewQuestionnaire/13073224""]",True,True,2026-10-07
887251000,"[""https://apply.usastaffing.gov/ViewQuestionnaire/13077357""]",True,True,2026-10-07
887251200,[],True,True,2026-10-07
887251400,"[""https://apply.usastaffing.gov/ViewQuestionnaire/13078641""]",True,True,2026-10-07
887251500,"[""https://apply.usastaffing.gov/ViewQuestionnaire/13078739""]",True,True,2026-10-07
887251600,[],True,True,2026-10-07
887252100,"[""https://apply.usastaffing.gov/ViewQuestionnaire/13080897""]",True,True,2026-10-07
887252200,"[""https://apply.usastaffing.gov/ViewQuestionnaire/13080689""]",True,True,2026-10-07
887252300,"[""https://apply.usastaffing.gov/ViewQuestionnaire/13070216""]",True,True,2026-10-07
887252400,"[""https://apply.usastaffing.gov/ViewQuestionnaire/13078843""]",True,True,2026-10-07
887252500,"[""https://apply.usastaffing.gov/ViewQuestionnaire/13080890""]",True,True,2026-10-07
887252600,[],True,True,2026-10-07
887252700,[],True,True,2026-10-07
887252900,"[""https://apply.usastaffing.gov/ViewQuestionnaire/13080654""]",True,True,2026-10-07
887253100,"[""https://apply.usastaffing.gov/ViewQuestionnaire/13056170""]",True,True,2026-10-07
887253800,"[""https://apply.usastaffing.gov/ViewQuestionnaire/13078744""]",True,True,2026-10-07
887254000,"[""https://apply.usastaffing.gov/ViewQuestionnaire/13059486""]",True,True,2026-10-07
887254100,"[""https://apply.usastaffing.gov/ViewQuestionnaire/13079274""]",True,True,2026-10-07
887254400,"[""https://apply.usastaffing.gov/ViewQuestionnaire/13079421""]",True,True,2026-10-07
887254500,[],True,True,2026-10-07
887254600,"[""https://apply.usastaffing.gov/ViewQuestionnaire/13078902""]",True,True,2026-10-07
887254900,[],True,True,2026-10-07
887255000,"[""https://apply.usastaffing.gov/ViewQuestionnaire/13079487""]",True,True,2026-10-07
887255100,"[""https://apply.usastaffing.gov/ViewQuestionnaire/13067848""]",True,True,2026-10-07
887255200,"[""https://apply.usastaffing.gov/ViewQuestionnaire/13079488""]",True,True,2026-10-07
887255300,"[""https://apply.usastaffing.gov/ViewQuestionnaire/13078066""]",True,True,2026-10-07
887255500,"[""https://apply.usastaffing.gov/ViewQuestionnaire/13067224""]",True,True,2026-10-07
887255600,[],True,True,2026-10-07
887255800,[],True,True,2026-10-07
887256000,"[""https://apply.usastaffing.gov/ViewQuestionnaire/13075679""]",True,True,2026-10-07
887256100,"[""https://apply.usastaffing.gov/ViewQuestionnaire/13081004""]",True,True,2026-10-07
887256200,"[""https://apply.usastaffing.gov/ViewQuestionnaire/13079818""]",True,True,2026-10-07
887256300,"[""https://apply.usastaffing.gov/ViewQuestionnaire/13077882""]",True,True,2026-10-07
887256400,"[""https://apply.usastaffing.gov/ViewQuestionnaire/13079397""]",True,True,2026-10-07
887256500,"[""https://apply.usastaffing.gov/ViewQuestionnaire/13079179""]",True,True,2026-10-07
887256800,"[""https://apply.usastaffing.gov/ViewQuestionnaire/13066206""]",True,True,2026-10-07
887257300,[],True,True,2026-10-07
887257400,"[""https://apply.usastaffing.gov/ViewQuestionnaire/13075610""]",True,True,2026-10-07
887257600,[],True,True,2026-10-07
887257700,"[""https://apply.usastaffing.gov/ViewQuestionnaire/13077878""]",True,True,2026-10-07
887257900,"[""https://apply.usastaffing.gov/ViewQuestionnaire/13079582""]",True,True,2026-10-07
887258000,[],True,True,2026-10-07
887258100,[],True,True,2026-10-07
887258500,"[""https://apply.usastaffing.gov/ViewQuestionnaire/13080862""]",True,True,2026-10-07
887259400,[],True,True,2026-10-07
887259700,"[""https://apply.usastaffing.gov/ViewQuestionnaire/13076366""]",True,True,2026-10-07
887260000,[],True,True,2026-10-07
887260100,"[""https://apply.usastaffing.gov/ViewQuestionnaire/13080697""]",True,True,2026-10-07
887260200,"[""https://apply.usastaffing.gov/ViewQuestionnaire/13079485""]",True,True,2026-10-07
887260300,"[""https://apply.usastaffing.gov/ViewQuestionnaire/13076564""]",True,True,2026-10-07
887260400,"[""https://apply.usastaffing.gov/ViewQuestionnaire/13080534""]",True,True,2026-10-07
887260600,[],True,True,2026-10-07
887261000,[],True,True,2026-10-07
887261100,[],True,True,2026-10-07
887261200,"[""https://apply.usastaffing.gov/ViewQuestionnaire/13081318""]",True,True,2026-10-07
887261300,[],True,True,2026-10-07
887262000,"[""https://apply.usastaffing.gov/ViewQuestionnaire/13080672""]",True,True,2026-10-07
887262200,"[""https://apply.usastaffing.gov/ViewQuestionnaire/13081291""]",True,True,2026-10-07
887262500,"[""https://apply.usastaffing.gov/ViewQuestionnaire/13057813""]",True,True,2026-10-07
887262600,"[""https://apply.usastaffing.gov/ViewQuestionnaire/13077827""]",True,True,2026-10-07
887262700,"[""https://apply.usastaffing.gov/ViewQuestionnaire/12960439""]",True,True,2026-10-07
887263100,[],True,True,2026-10-07
887263900,"[""https://apply.usastaffing.gov/ViewQuestionnaire/13081240""]",True,True,2026-10-07
887264000,"[""https://apply.usastaffing.gov/ViewQuestionnaire/13080891""]",True,True,2026-10-07
887264100,"[""https://apply.usastaffing.gov/ViewQuestionnaire/13081250""]",True,True,2026-10-07
887264200,"[""https://apply.usastaffing.gov/ViewQuestionnaire/13077859""]",True,True,2026-10-07
887264400,"[""https://apply.usastaffing.gov/ViewQuestionnaire/13081044""]",True,True,2026-10-07
887264900,"[""https://apply.usastaffing.gov/ViewQuestionnaire/13081365""]",True,True,2026-10-07
887265100,"[""https://apply.usastaffing.gov/ViewQuestionnaire/13079805""]",True,True,2026-10-07
887265200,"[""https://apply.usastaffing.gov/ViewQuestionnaire/13081027""]",True,True,2026-10-07
887265600,"[""https://apply.usastaffing.gov/ViewQuestionnaire/13064340""]",True,True,2026-10-07
887265700,"[""https://apply.usastaffing.gov/ViewQuestionnaire/13081002""]",True,True,2026-10-07
887266000,[],True,True,2026-10-07
887266200,"[""https://apply.usastaffing.gov/ViewQuestionnaire/13078910""]",True,True,2026-10-07
887266300,"[""https://apply.usastaffing.gov/ViewQuestionnaire/13054616""]",True,True,2026-10-07
887266400,"[""https://apply.usastaffing.gov/ViewQuestionnaire/13081379""]",True,True,2026-10-07
887266500,"[""https://apply.usastaffing.gov/ViewQuestionnaire/13080266""]",True,True,2026-10-07
887266800,"[""https://apply.usastaffing.gov/ViewQuestionnaire/13080995""]",True,True,2026-10-07
887266900,"[""https://apply.usastaffing.gov/ViewQuestionnaire/13081285""]",True,True,2026-10-07
887267000,"[""https://apply.usastaffing.gov/ViewQuestionnaire/13080309""]",True,True,2026-10-07
887267100,"[""https://apply.usastaffing.gov/ViewQuestionnaire/13078887""]",True,True,2026-10-07
887267300,"[""https://apply.usastaffing.gov/ViewQuestionnaire/13072507""]",True,True,2026-10-07
887267800,"[""https://apply.usastaffing.gov/ViewQuestionnaire/13080184""]",True,True,2026-10-07
887267900,"[""https://apply.usastaffing.gov/ViewQuestionnaire/13080732""]",True,True,2026-10-07
887268000,"[""https://apply.usastaffing.gov/ViewQuestionnaire/13079644""]",True,True,2026-10-07
887268200,"[""https://apply.usastaffing.gov/ViewQuestionnaire/13079735""]",True,True,2026-10-07
887268300,"[""https://apply.usastaffing.gov/ViewQuestionnaire/13077532""]",True,True,2026-10-07
887268400,"[""https://apply.usastaffing.gov/ViewQuestionnaire/13069252""]",True,True,2026-10-07
887268700,"[""https://apply.usastaffing.gov/ViewQuestionnaire/13081304""]",True,True,2026-10-07
887268800,"[""https://apply.usastaffing.gov/ViewQuestionnaire/13081279""]",True,True,2026-10-07
887268900,"[""https://apply.usastaffing.gov/ViewQuestionnaire/13078158""]",True,True,2026-10-07
887269000,"[""https://apply.usastaffing.gov/ViewQuestionnaire/13080907""]",True,True,2026-10-07
887269100,"[""https://apply.usastaffing.gov/ViewQuestionnaire/13072153""]",True,True,2026-10-07
887269300,[],True,True,2026-10-07
887269400,"[""https://apply.usastaffing.gov/ViewQuestionnaire/13080959""]",True,True,2026-10-07
887269700,"[""https://apply.usastaffing.gov/ViewQuestionnaire/13080576""]",True,True,2026-10-07
887269800,"[""https://apply.usastaffing.gov/ViewQuestionnaire/13076710""]",True,True,2026-10-07
887269900,"[""https://apply.usastaffing.gov/ViewQuestionnaire/13080866""]",True,True,2026-10-07
887270000,"[""https://apply.usastaffing.gov/ViewQuestionnaire/13081322""]",True,True,2026-10-07
887270100,"[""https://apply.usastaffing.gov/ViewQuestionnaire/13081308""]",True,True,2026-10-07
887270200,"[""https://apply.usastaffing.gov/ViewQuestionnaire/13059931""]",True,True,2026-10-07
887270400,"[""https://apply.usastaffing.gov/ViewQuestionnaire/13077358""]",True,True,2026-10-07
887270500,[],True,True,2026-10-07
887270600,"[""https://apply.usastaffing.gov/ViewQuestionnaire/13072616""]",True,True,2026-10-07
887270700,"[""https://apply.usastaffing.gov/ViewQuestionnaire/13078535""]",True,True,2026-10-07
887270800,"[""https://apply.usastaffing.gov/ViewQuestionnaire/13081105""]",True,True,2026-10-07
887271300,"[""https://apply.usastaffing.gov/ViewQuestionnaire/13081040""]",True,True,2026-10-07
887271600,"[""https://apply.usastaffing.gov/ViewQuestionnaire/13073358""]",True,True,2026-10-07
887271700,"[""https://apply.usastaffing.gov/ViewQuestionnaire/13061095""]",True,True,2026-10-07
887271800,"[""https://apply.usastaffing.gov/ViewQuestionnaire/13080877""]",True,True,2026-10-07
887272200,"[""https://apply.usastaffing.gov/ViewQuestionnaire/13045766""]",True,True,2026-10-07
887272500,[],True,True,2026-10-07
887272600,[],True,True,2026-10-07
887272700,"[""https://apply.usastaffing.gov/ViewQuestionnaire/13062326""]",True,True,2026-10-07
887272800,"[""https://apply.usastaffing.gov/ViewQuestionnaire/13062327""]",True,True,2026-10-07
887272900,"[""https://apply.usastaffing.gov/ViewQuestionnaire/13080355""]",True,True,2026-10-07
887273000,"[""https://apply.usastaffing.gov/ViewQuestionnaire/13080913""]",True,True,2026-10-07
887273100,"[""https://apply.usastaffing.gov/ViewQuestionnaire/13068258""]",True,True,2026-10-07
887273200,"[""https://apply.usastaffing.gov/ViewQuestionnaire/13081079""]",True,True,2026-10-07
887273300,"[""https://apply.usastaffing.gov/ViewQuestionnaire/13067572""]",True,True,2026-10-07
887273700,"[""https://apply.usastaffing.gov/ViewQuestionnaire/13074450""]",True,True,2026-10-07
887274200,"[""https://jobs.monstergovt.com/dos/ros/rosDashboard.hms?O=6&J=119439"", ""https://jobs.monstergovt.com/dos/ros/rosDashboard.hms?O=6&J=119439&S=1""]",True,False,2026-10-07
887274300,"[""https://apply.usastaffing.gov/ViewQuestionnaire/13078858""]",True,True,2026-10-07
887274400,[],True,True,2026-10-07
887275000,[],True,False,2026-10-07
887275600,"[""https://apply.usastaffing.gov/ViewQuestionnaire/13080200""]",True,True,2026-10-07
887275700,"[""https://apply.usastaffing.gov/ViewQuestionnaire/13076716""]",True,True,2026-10-07
887276000,"[""https://apply.usastaffing.gov/ViewQuestionnaire/13081400""]",True,True,2026-10-07
887276200,"[""https://apply.usastaffing.gov/ViewQuestionnaire/13080649""]",True,True,2026-10-07
887276300,[],True,False,2026-10-07
887276400,[],True,True,2026-10-07
887276700,"[""https://apply.usastaffing.gov/ViewQuestionnaire/13065596""]",True,True,2026-10-07
887276800,"[""https://apply.usastaffing.gov/ViewQuestionnaire/13061193""]",True,True,2026-10-07
887276900,"[""https://apply.usastaffing.gov/ViewQuestionnaire/13079562""]",True,True,2026-10-07
887277100,[],True,True,2026-10-07
887277200,"[""https://apply.usastaffing.gov/ViewQuestionnaire/13074387""]",True,True,2026-10-07
887277300,"[""https://apply.usastaffing.gov/ViewQuestionnaire/13080148""]",True,True,2026-10-07
887277700,"[""https://apply.usastaffing.gov/ViewQuestionnaire/13079087""]",True,True,2026-10-07
887278200,"[""https://apply.usastaffing.gov/ViewQuestionnaire/13081457""]",True,True,2026-10-07
887278400,"[""https://apply.usastaffing.gov/ViewQuestionnaire/13077790""]",True,True,2026-10-07
887278500,"[""https://apply.usastaffing.gov/ViewQuestionnaire/13081429""]",True,True,2026-10-07
887278600,[],False,True,2026-10-07
887278900,[],True,False,2026-10-07
887279000,"[""https://apply.usastaffing.gov/ViewQuestionnaire/13080708""]",True,True,2026-10-07
887279100,"[""https://apply.usastaffing.gov/ViewQuestionnaire/13073317""]",True,True,2026-10-07
887279300,[],True,True,2026-10-07
887279400,"[""https://apply.usastaffing.gov/ViewQuestionnaire/13076882""]",True,True,2026-10-07
887279500,[],True,True,2026-10-07
887279600,"[""https://apply.usastaffing.gov/ViewQuestionnaire/13081476""]",True,True,2026-10-07
887279900,[],True,True,2026-10-07
887280100,"[""https://apply.usastaffing.gov/ViewQuestionnaire/13081293""]",True,True,2026-10-07
887280300,"[""https://apply.usastaffing.gov/ViewQuestionnaire/13073862""]",True,True,2026-10-07
887280700,"[""https://apply.usastaffing.gov/ViewQuestionnaire/13080348""]",True,True,2026-10-07
887281300,"[""https://apply.usastaffing.gov/ViewQuestionnaire/13079342""]",True,True,2026-10-07
887282200,[],True,False,2026-10-07
887282300,[],True,True,2026-10-07
887282500,"[""https://apply.usastaffing.gov/ViewQuestionnaire/13076438""]",True,True,2026-10-07
887282600,"[""https://apply.usastaffing.gov/ViewQuestionnaire/13080346""]",True,True,2026-10-07
887282700,[],True,True,2026-10-07
887282900,"[""https://apply.usastaffing.gov/ViewQuestionnaire/13079811""]",True,True,2026-10-07
887283000,"[""https://apply.usastaffing.gov/ViewQuestionnaire/13081159""]",True,True,2026-10-07
887283100,"[""https://apply.usastaffing.gov/ViewQuestionnaire/13081329""]",True,True,2026-10-07
887283300,"[""https://apply.usastaffing.gov/ViewQuestionnaire/13079810""]",True,True,2026-10-07
887283700,[],True,True,2026-10-07
887283800,"[""https://apply.usastaffing.gov/ViewQuestionnaire/13081477""]",True,True,2026-10-07
887284000,"[""https://apply.usastaffing.gov/ViewQuestionnaire/13077403""]",True,True,2026-10-07
887284200,"[""https://apply.usastaffing.gov/ViewQuestionnaire/13077404""]",True,True,2026-10-07
887284500,[],True,True,2026-10-07
887285100,[],True,True,2026-10-07
887285200,[],True,True,2026-10-07
887285300,"[""https://apply.usastaffing.gov/ViewQuestionnaire/13080917""]",True,True,2026-10-07
887285400,"[""https://apply.usastaffing.gov/ViewQuestionnaire/13080199""]",True,True,2026-10-07
887286100,"[""https://apply.usastaffing.gov/ViewQuestionnaire/13081342""]",True,True,2026-10-07
887286200,"[""https://apply.usastaffing.gov/ViewQuestionnaire/13073520""]",True,True,2026-10-07
887286400,"[""https://apply.usastaffing.gov/ViewQuestionnaire/13076487""]",True,True,2026-10-07
887286600,"[""https://apply.usastaffing.gov/ViewQuestionnaire/13080327""]",True,True,2026-10-07
887286700,"[""https://apply.usastaffing.gov/ViewQuestionnaire/13080326""]",True,True,2026-10-07
887286800,"[""https://apply.usastaffing.gov/ViewQuestionnaire/13081512""]",True,True,2026-10-07
887286900,"[""https://apply.usastaffing.gov/ViewQuestionnaire/13081480""]",True,True,2026-10-07
887287000,"[""https://apply.usastaffing.gov/ViewQuestionnaire/13081270""]",True,True,2026-10-07
887287100,"[""https://apply.usastaffing.gov/ViewQuestionnaire/13080226""]",True,True,2026-10-07
887287200,"[""https://apply.usastaffing.gov/ViewQuestionnaire/13080305""]",True,True,2026-10-07
887287300,"[""https://apply.usastaffing.gov/ViewQuestionnaire/13081504""]",True,True,2026-10-07
887287500,"[""https://apply.usastaffing.gov/ViewQuestionnaire/13075634""]",True,True,2026-10-07
887287600,"[""https://apply.usastaffing.gov/ViewQuestionnaire/13075633""]",True,True,2026-10-07
887287700,"[""https://apply.usastaffing.gov/ViewQuestionnaire/13080337""]",True,True,2026-10-07
887287800,"[""https://apply.usastaffing.gov/ViewQuestionnaire/13081422""]",True,True,2026-10-07
887287900,"[""https://jobs.monstergovt.com/loc/ros/rosDashboard.hms?O=1&J=27862"", ""https://jobs.monstergovt.com/loc/ros/rosDashboard.hms?O=1&J=27862&S=1""]",True,False,2026-10-07
887288000,"[""https://apply.usastaffing.gov/ViewQuestionnaire/13081464""]",True,True,2026-10-07
887288800,"[""https://apply.usastaffing.gov/ViewQuestionnaire/13081465""]",True,True,2026-10-07
887288900,"[""https://apply.usastaffing.gov/ViewQuestionnaire/13081466""]",True,True,2026-10-07
887289000,"[""https://apply.usastaffing.gov/ViewQuestionnaire/13076631""]",True,True,2026-10-07
887289500,[],True,True,2026-10-07
887289700,"[""https://apply.usastaffing.gov/ViewQuestionnaire/13081241""]",True,True,2026-10-07
887290300,"[""https://apply.usastaffing.gov/ViewQuestionnaire/13080247""]",True,True,2026-10-07
887290500,"[""https://apply.usastaffing.gov/ViewQuestionnaire/13079030""]",True,True,2026-10-07
887290600,"[""https://jobs.monstergovt.com/hment/ros/rosDashboard.hms?O=1&J=55033"", ""https://jobs.monstergovt.com/hment/ros/rosDashboard.hms?O=1&J=55033&S=1""]",True,False,2026-10-07
887290800,"[""https://apply.usastaffing.gov/ViewQuestionnaire/13076743""]",True,True,2026-10-07
887291000,"[""https://apply.usastaffing.gov/ViewQuestionnaire/13081541""]",True,True,2026-10-07
887291200,[],True,True,2026-10-07
887291500,"[""https://apply.usastaffing.gov/ViewQuestionnaire/13070583""]",True,True,2026-10-07
887291700,"[""https://apply.usastaffing.gov/ViewQuestionnaire/13081509""]",True,True,2026-10-07
887291800,"[""https://apply.usastaffing.gov/ViewQuestionnaire/13081470""]",True,True,2026-10-07
887292000,"[""https://apply.usastaffing.gov/ViewQuestionnaire/13080835""]",True,True,2026-10-07
887292200,"[""https://apply.usastaffing.gov/ViewQuestionnaire/13076148""]",True,True,2026-10-07
887292300,"[""https://apply.usastaffing.gov/ViewQuestionnaire/13080712""]",True,True,2026-10-07
887292400,"[""https://apply.usastaffing.gov/ViewQuestionnaire/13079977""]",True,True,2026-10-07
887292500,"[""https://jobs.monstergovt.com/hment/ros/rosDashboard.hms?O=1&J=55069"", ""https://jobs.monstergovt.com/hment/ros/rosDashboard.hms?O=1&J=55069&S=1""]",True,False,2026-10-07
887292800,"[""https://apply.usastaffing.gov/ViewQuestionnaire/13079879""]",True,True,2026-10-07
887293500,"[""https://apply.usastaffing.gov/ViewQuestionnaire/12982118""]",True,True,2026-10-07
887293700,"[""https://apply.usastaffing.gov/ViewQuestionnaire/13081459""]",True,True,2026-10-07
887293800,"[""https://apply.usastaffing.gov/ViewQuestionnaire/13079132""]",True,True,2026-10-07
887294100,"[""https://apply.usastaffing.gov/ViewQuestionnaire/13080367""]",True,True,2026-10-07
887294300,"[""https://apply.usastaffing.gov/ViewQuestionnaire/13081520""]",True,True,2026-10-07
887294400,"[""https://apply.usastaffing.gov/ViewQuestionnaire/13053004""]",True,True,2026-10-07
887294500,"[""https://apply.usastaffing.gov/ViewQuestionnaire/13076879""]",True,True,2026-10-07
887294600,"[""https://apply.usastaffing.gov/ViewQuestionnaire/13072113""]",True,True,2026-10-07
887294700,"[""https://apply.usastaffing.gov/ViewQuestionnaire/13072114""]",True,True,2026-10-07
887294900,[],True,True,2026-10-07
887295200,"[""https://apply.usastaffing.gov/ViewQuestionnaire/13081413""]",True,True,2026-10-07
887295400,[],False,False,2026-10-07
887295500,"[""https://apply.usastaffing.gov/ViewQuestionnaire/13072181""]",True,True,2026-10-07
887295700,[],True,True,2026-10-07
887295800,[],True,True,2026-10-07
887296000,"[""https://apply.usastaffing.gov/ViewQuestionnaire/13081555""]",True,True,2026-10-07
887296400,"[""https://apply.usastaffing.gov/ViewQuestionnaire/13081481""]",True,True,2026-10-07
887296500,[],True,True,2026-10-07
887296600,"[""https://apply.usastaffing.gov/ViewQuestionnaire/13077562""]",True,True,2026-10-07
887296800,"[""https://apply.usastaffing.gov/ViewQuestionnaire/13078560""]",True,True,2026-10-07
887296900,[],True,False,2026-10-07
887297400,[],True,False,2026-10-07
887297600,[],True,False,2026-10-07
887298300,[],True,False,2026-10-07
887298500,"[""https://apply.usastaffing.gov/ViewQuestionnaire/13081393""]",True,True,2026-10-07
887299100,"[""https://apply.usastaffing.gov/ViewQuestionnaire/13081050""]",True,True,2026-10-07
887299200,"[""https://apply.usastaffing.gov/ViewQuestionnaire/13080353""]",True,True,2026-10-07
887299800,"[""https://apply.usastaffing.gov/ViewQuestionnaire/13077795""]",True,True,2026-10-07
887300100,"[""https://apply.usastaffing.gov/ViewQuestionnaire/13079851""]",True,True,2026-10-07
887300400,"[""https://apply.usastaffing.gov/ViewQuestionnaire/13080785""]",True,True,2026-10-07
887300500,"[""https://apply.usastaffing.gov/ViewQuestionnaire/13081096""]",True,True,2026-10-07
887300600,"[""https://jobs.monstergovt.com/aoc/ros/rosDashboard.hms?O=1749&J=148655"", ""https://jobs.monstergovt.com/aoc/ros/rosDashboard.hms?O=1749&J=148655&S=1""]",True,False,2026-10-07
887300900,[],False,False,2026-10-07
887301100,[],True,True,2026-10-07
887301500,[],False,False,2026-10-07
887301600,[],True,False,2026-10-07
887301800,"[""https://apply.usastaffing.gov/ViewQuestionnaire/13076785""]",True,True,2026-10-07
887301900,[],True,False,2026-10-07
887302000,[],True,False,2026-10-07
887302400,"[""https://apply.usastaffing.gov/ViewQuestionnaire/13079436""]",True,True,2026-10-07
887302700,"[""https://apply.usastaffing.gov/ViewQuestionnaire/13079971""]",True,True,2026-10-07
887302800,"[""https://apply.usastaffing.gov/ViewQuestionnaire/13080217""]",True,True,2026-10-07
887303600,[],True,True,2026-10-07
887303900,"[""https://apply.usastaffing.gov/ViewQuestionnaire/13042301""]",True,True,2026-10-07
887304000,"[""https://apply.usastaffing.gov/ViewQuestionnaire/13068790""]",True,True,2026-10-07
887304600,"[""https://apply.usastaffing.gov/ViewQuestionnaire/13080405""]",True,True,2026-10-07
887305200,[],True,True,2026-10-07
887305700,"[""https://apply.usastaffing.gov/ViewQuestionnaire/13081613""]",True,True,2026-10-07
887306000,"[""https://apply.usastaffing.gov/ViewQuestionnaire/13080399""]",True,True,2026-10-07
887306100,"[""https://apply.usastaffing.gov/ViewQuestionnaire/13080414""]",True,True,2026-10-07
887306300,"[""https://apply.usastaffing.gov/ViewQuestionnaire/13081639""]",True,True,2026-10-07
887306700,"[""https://apply.usastaffing.gov/ViewQuestionnaire/13071036""]",True,True,2026-10-07
887306900,[],False,False,2026-10-07
887307000,[],True,True,2026-10-07
887307100,"[""https://apply.usastaffing.gov/ViewQuestionnaire/13081635""]",True,True,2026-10-07
887307200,"[""https://apply.usastaffing.gov/ViewQuestionnaire/13080473""]",True,True,2026-10-07
887307300,"[""https://apply.usastaffing.gov/ViewQuestionnaire/13081641""]",True,True,2026-10-07
887307400,"[""https://apply.usastaffing.gov/ViewQuestionnaire/13077934""]",True,True,2026-10-07
887307800,"[""https://apply.usastaffing.gov/ViewQuestionnaire/13078415""]",True,True,2026-10-07
887307900,"[""https://apply.usastaffing.gov/ViewQuestionnaire/13081652""]",True,True,2026-10-07
887308000,"[""https://apply.usastaffing.gov/ViewQuestionnaire/13073231""]",True,True,2026-10-07
887308100,"[""https://apply.usastaffing.gov/ViewQuestionnaire/13073612""]",True,True,2026-10-07
887308400,[],True,True,2026-10-07
887308500,"[""https://apply.usastaffing.gov/ViewQuestionnaire/13079655""]",True,True,2026-10-07
887308600,"[""https://apply.usastaffing.gov/ViewQuestionnaire/13080591""]",True,True,2026-10-07
887308700,"[""https://apply.usastaffing.gov/ViewQuestionnaire/13072596""]",True,True,2026-10-07
887308800,[],True,True,2026-10-07
887308900,"[""https://apply.usastaffing.gov/ViewQuestionnaire/13079279""]",True,True,2026-10-07
887309000,"[""https://apply.usastaffing.gov/ViewQuestionnaire/13079915""]",True,True,2026-10-07
887309100,[],True,True,2026-10-07
887309200,[],True,True,2026-10-07
887309300,[],True,True,2026-10-07
887309400,"[""https://apply.usastaffing.gov/ViewQuestionnaire/13078269""]",True,True,2026-10-07
887309500,[],True,True,2026-10-07
887309800,"[""https://apply.usastaffing.gov/ViewQuestionnaire/13080992""]",True,True,2026-10-07
887310000,"[""https://apply.usastaffing.gov/ViewQuestionnaire/13080535""]",True,True,2026-10-07
887310100,[],True,True,2026-10-07
887310200,"[""https://apply.usastaffing.gov/ViewQuestionnaire/13080450""]",True,True,2026-10-07
887310500,"[""https://apply.usastaffing.gov/ViewQuestionnaire/13081661""]",True,True,2026-10-07
887310600,[],True,True,2026-10-07
887310700,"[""https://apply.usastaffing.gov/ViewQuestionnaire/13080617""]",True,True,2026-10-07
887310800,"[""https://apply.usastaffing.gov/ViewQuestionnaire/13060034""]",True,True,2026-10-07
887310900,"[""https://apply.usastaffing.gov/ViewQuestionnaire/13060035""]",True,True,2026-10-07
887311000,"[""https://apply.usastaffing.gov/ViewQuestionnaire/13057014""]",True,True,2026-10-07
887311100,"[""https://apply.usastaffing.gov/ViewQuestionnaire/13060036""]",True,True,2026-10-07
887311200,"[""https://apply.usastaffing.gov/ViewQuestionnaire/13069940""]",True,True,2026-10-07
887311400,"[""https://apply.usastaffing.gov/ViewQuestionnaire/13060037""]",True,True,2026-10-07
887311500,"[""https://apply.usastaffing.gov/ViewQuestionnaire/13081138""]",True,True,2026-10-07
887311800,"[""https://apply.usastaffing.gov/ViewQuestionnaire/13078461""]",True,True,2026-10-07
887312000,"[""https://apply.usastaffing.gov/ViewQuestionnaire/13077428""]",True,True,2026-10-07
887312100,[],True,True,2026-10-07
887312200,"[""https://apply.usastaffing.gov/ViewQuestionnaire/13079398""]",True,True,2026-10-07
887312500,"[""https://jobs.monstergovt.com/loc/ros/rosDashboard.hms?O=1&J=27883"", ""https://jobs.monstergovt.com/loc/ros/rosDashboard.hms?O=1&J=27883&S=1""]",True,False,2026-10-07
887312600,[],False,False,2026-10-07
887312800,"[""https://apply.usastaffing.gov/ViewQuestionnaire/13081646""]",True,True,2026-10-07
887312900,[],False,False,2026-10-07
887313000,[],False,False,2026-10-07
887313100,[],False,False,2026-10-07
887313200,[],False,False,2026-10-07
887313500,"[""https://apply.usastaffing.gov/ViewQuestionnaire/13072975""]",True,True,2026-10-07
887313600,"[""https://apply.usastaffing.gov/ViewQuestionnaire/13081227""]",True,True,2026-10-07
887314000,"[""https://apply.usastaffing.gov/ViewQuestionnaire/13080550""]",True,True,2026-10-07
887314100,"[""https://apply.usastaffing.gov/ViewQuestionnaire/13073457""]",True,True,2026-10-07
887314200,[],True,True,2026-10-07
887314600,"[""https://apply.usastaffing.gov/ViewQuestionnaire/13076985""]",True,True,2026-10-07
887314800,"[""https://apply.usastaffing.gov/ViewQuestionnaire/13081020""]",True,True,2026-10-07
887315500,[],True,True,2026-10-07
887315600,"[""https://apply.usastaffing.gov/ViewQuestionnaire/13076986""]",True,True,2026-10-07
887315700,"[""https://apply.usastaffing.gov/ViewQuestionnaire/13081068""]",True,True,2026-10-07
887315900,"[""https://apply.usastaffing.gov/ViewQuestionnaire/13080961""]",True,True,2026-10-07
887316000,[],True,False,2026-10-07
887316200,"[""https://jobs.monstergovt.com/dos/ros/rosDashboard.hms?O=6&J=119464"", ""https://jobs.monstergovt.com/dos/ros/rosDashboard.hms?O=6&J=119464&S=1""]",True,False,2026-10-07
887316300,"[""https://apply.usastaffing.gov/ViewQuestionnaire/13081029""]",True,True,2026-10-07
887316400,"[""https://apply.usastaffing.gov/ViewQuestionnaire/13081645""]",True,True,2026-10-07
887316600,"[""https://apply.usastaffing.gov/ViewQuestionnaire/13079188""]",True,True,2026-10-07
887316800,"[""https://apply.usastaffing.gov/ViewQuestionnaire/13076428""]",True,True,2026-10-07
887316900,"[""https://apply.usastaffing.gov/ViewQuestionnaire/13081665""]",True,True,2026-10-07
887317300,"[""https://apply.usastaffing.gov/ViewQuestionnaire/13074396""]",True,True,2026-10-07
887317400,"[""https://apply.usastaffing.gov/ViewQuestionnaire/13076427""]",True,True,2026-10-07
887317500,"[""https://apply.usastaffing.gov/ViewQuestionnaire/13077937""]",True,True,2026-10-07
887317600,"[""https://apply.usastaffing.gov/ViewQuestionnaire/13066097""]",True,True,2026-10-07
887317700,"[""https://apply.usastaffing.gov/ViewQuestionnaire/13079799""]",True,True,2026-10-07
887317800,"[""https://apply.usastaffing.gov/ViewQuestionnaire/13081189""]",True,True,2026-10-07
887318300,[],True,False,2026-10-07
887318500,"[""https://apply.usastaffing.gov/ViewQuestionnaire/13076387""]",True,True,2026-10-07
887318600,[],True,True,2026-10-07
887318700,"[""https://apply.usastaffing.gov/ViewQuestionnaire/13070682""]",True,True,2026-10-07
887318800,"[""https://apply.usastaffing.gov/ViewQuestionnaire/13069258""]",True,True,2026-10-07
887319000,"[""https://apply.usastaffing.gov/ViewQuestionnaire/13081354""]",True,True,2026-10-07
887319400,"[""https://apply.usastaffing.gov/ViewQuestionnaire/13078895""]",True,True,2026-10-07
887320100,"[""https://apply.usastaffing.gov/ViewQuestionnaire/13069246""]",True,True,2026-10-07
887320300,"[""https://apply.usastaffing.gov/ViewQuestionnaire/13077330""]",True,True,2026-10-07
887320400,"[""https://apply.usastaffing.gov/ViewQuestionnaire/13080885""]",True,True,2026-10-07
887320600,"[""https://apply.usastaffing.gov/ViewQuestionnaire/13077785""]",True,True,2026-10-07
887320700,"[""https://apply.usastaffing.gov/ViewQuestionnaire/13078899""]",True,True,2026-10-07
887321100,"[""https://apply.usastaffing.gov/ViewQuestionnaire/13080193""]",True,True,2026-10-07
887321200,"[""https://apply.usastaffing.gov/ViewQuestionnaire/13081208""]",True,True,2026-10-07
887321300,"[""https://apply.usastaffing.gov/ViewQuestionnaire/13079688""]",True,True,2026-10-07
887321400,"[""https://apply.usastaffing.gov/ViewQuestionnaire/13060256""]",True,True,2026-10-07
887321500,[],True,True,2026-10-07
887321700,"[""https://apply.usastaffing.gov/ViewQuestionnaire/13079802""]",True,True,2026-10-07
887321800,[],True,True,2026-10-07
887321900,"[""https://apply.usastaffing.gov/ViewQuestionnaire/13080738""]",True,True,2026-10-07
887322100,"[""https://apply.usastaffing.gov/ViewQuestionnaire/13079803""]",True,True,2026-10-07
887322200,"[""https://apply.usastaffing.gov/ViewQuestionnaire/13081405""]",True,True,2026-10-07
887322300,"[""https://apply.usastaffing.gov/ViewQuestionnaire/13077527""]",True,True,2026-10-07
887322400,"[""https://apply.usastaffing.gov/ViewQuestionnaire/13078471""]",True,True,2026-10-07
887322600,"[""https://apply.usastaffing.gov/ViewQuestionnaire/13058210""]",True,True,2026-10-07
887322800,"[""https://apply.usastaffing.gov/ViewQuestionnaire/13081449""]",True,True,2026-10-07
887322900,"[""https://apply.usastaffing.gov/ViewQuestionnaire/13081164""]",True,True,2026-10-07
887323100,"[""https://apply.usastaffing.gov/ViewQuestionnaire/13058211""]",True,True,2026-10-07
887323300,"[""https://apply.usastaffing.gov/ViewQuestionnaire/13080565""]",True,True,2026-10-07
887323600,"[""https://apply.usastaffing.gov/ViewQuestionnaire/13081151""]",True,True,2026-10-07
887323700,"[""https://apply.usastaffing.gov/ViewQuestionnaire/13080375""]",True,True,2026-10-07
887324200,"[""https://apply.usastaffing.gov/ViewQuestionnaire/13081725""]",True,True,2026-10-07
887324600,"[""https://apply.usastaffing.gov/ViewQuestionnaire/13072479""]",True,True,2026-10-07
887324700,"[""https://apply.usastaffing.gov/ViewQuestionnaire/13078636""]",True,True,2026-10-07
887325400,"[""https://apply.usastaffing.gov/ViewQuestionnaire/13081709""]",True,True,2026-10-07
887325500,"[""https://apply.usastaffing.gov/ViewQuestionnaire/13078204""]",True,True,2026-10-07
887325600,"[""https://apply.usastaffing.gov/ViewQuestionnaire/13081733""]",True,True,2026-10-07
887325700,"[""https://apply.usastaffing.gov/ViewQuestionnaire/13077800""]",True,True,2026-10-07
887325900,"[""https://apply.usastaffing.gov/ViewQuestionnaire/13081445""]",True,True,2026-10-07
887326000,"[""https://apply.usastaffing.gov/ViewQuestionnaire/13081073""]",True,True,2026-10-07
887326100,"[""https://apply.usastaffing.gov/ViewQuestionnaire/13081701""]",True,True,2026-10-07
887326300,"[""https://apply.usastaffing.gov/ViewQuestionnaire/13078824""]",True,True,2026-10-07
887326500,"[""https://apply.usastaffing.gov/ViewQuestionnaire/13071981""]",True,True,2026-10-07
887326600,"[""https://apply.usastaffing.gov/ViewQuestionnaire/13076944""]",True,True,2026-10-07
887326800,"[""https://apply.usastaffing.gov/ViewQuestionnaire/13080883""]",True,True,2026-10-07
887326900,"[""https://apply.usastaffing.gov/ViewQuestionnaire/13081353""]",True,True,2026-10-07
887327100,"[""https://apply.usastaffing.gov/ViewQuestionnaire/13068236""]",True,True,2026-10-07
887327200,[],True,True,2026-10-07
887327300,"[""https://apply.usastaffing.gov/ViewQuestionnaire/13068239""]",True,True,2026-10-07
887327400,"[""https://apply.usastaffing.gov/ViewQuestionnaire/13078401""]",True,True,2026-10-07
887327700,"[""https://apply.usastaffing.gov/ViewQuestionnaire/13077949""]",True,True,2026-10-07
887327800,"[""https://apply.usastaffing.gov/ViewQuestionnaire/13072241""]",True,True,2026-10-07
887328200,"[""https://apply.usastaffing.gov/ViewQuestionnaire/13078026""]",True,True,2026-10-07
887328400,"[""https://apply.usastaffing.gov/ViewQuestionnaire/13080933""]",True,True,2026-10-07
887328500,"[""https://apply.usastaffing.gov/ViewQuestionnaire/13081775""]",True,True,2026-10-07
887328600,"[""https://apply.usastaffing.gov/ViewQuestionnaire/13077786""]",True,True,2026-10-07
887328700,[],True,True,2026-10-07
887328800,"[""https://apply.usastaffing.gov/ViewQuestionnaire/13073789""]",True,True,2026-10-07
887329200,"[""https://apply.usastaffing.gov/ViewQuestionnaire/13064652""]",True,True,2026-10-07
887329300,"[""https://apply.usastaffing.gov/ViewQuestionnaire/13081714""]",True,True,2026-10-07
887329400,"[""https://apply.usastaffing.gov/ViewQuestionnaire/13081796""]",True,True,2026-10-07
887329500,"[""https://apply.usastaffing.gov/ViewQuestionnaire/13081130""]",True,True,2026-10-07
887329600,"[""https://apply.usastaffing.gov/ViewQuestionnaire/13072463""]",True,True,2026-10-07
887329800,"[""https://apply.usastaffing.gov/ViewQuestionnaire/13080805""]",True,True,2026-10-07
887329900,[],True,True,2026-10-07
887330000,"[""https://apply.usastaffing.gov/ViewQuestionnaire/13078944""]",True,True,2026-10-07
887330100,"[""https://apply.usastaffing.gov/ViewQuestionnaire/13071413""]",True,True,2026-10-07
887330200,"[""https://apply.usastaffing.gov/ViewQuestionnaire/13080637""]",True,True,2026-10-07
887330600,"[""https://apply.usastaffing.gov/ViewQuestionnaire/13080839""]",True,True,2026-10-07
887330700,"[""https://apply.usastaffing.gov/ViewQuestionnaire/13081792""]",True,True,2026-10-07
887330800,"[""https://apply.usastaffing.gov/ViewQuestionnaire/13079808""]",True,True,2026-10-07
887330900,"[""https://apply.usastaffing.gov/ViewQuestionnaire/13081791""]",True,True,2026-10-07
887331100,"[""https://apply.usastaffing.gov/ViewQuestionnaire/13070962""]",True,True,2026-10-07
887331300,[],False,True,2026-10-07
887331700,"[""https://apply.usastaffing.gov/ViewQuestionnaire/13081281""]",True,True,2026-10-07
887332600,"[""https://apply.usastaffing.gov/ViewQuestionnaire/13068492""]",True,True,2026-10-07
887332700,"[""https://apply.usastaffing.gov/ViewQuestionnaire/13044494""]",True,True,2026-10-07
887332800,"[""https://apply.usastaffing.gov/ViewQuestionnaire/13080444""]",True,True,2026-10-07
887332900,"[""https://apply.usastaffing.gov/ViewQuestionnaire/13081338""]",True,True,2026-10-07
887333000,"[""https://apply.usastaffing.gov/ViewQuestionnaire/13078742""]",True,True,2026-10-07
887333300,"[""https://apply.usastaffing.gov/ViewQuestionnaire/13081810""]",True,True,2026-10-07
887333500,"[""https://apply.usastaffing.gov/ViewQuestionnaire/13081804""]",True,True,2026-10-07
887333700,"[""https://apply.usastaffing.gov/ViewQuestionnaire/13079674""]",True,True,2026-10-07
887333900,"[""https://apply.usastaffing.gov/ViewQuestionnaire/13081737""]",True,True,2026-10-07
887334000,"[""https://apply.usastaffing.gov/ViewQuestionnaire/13067400""]",True,True,2026-10-07
887334100,"[""https://apply.usastaffing.gov/ViewQuestionnaire/13080062""]",True,True,2026-10-07
887334200,"[""https://apply.usastaffing.gov/ViewQuestionnaire/13080484""]",True,True,2026-10-07
887334300,"[""https://apply.usastaffing.gov/ViewQuestionnaire/13079002""]",True,True,2026-10-07
887334600,"[""https://apply.usastaffing.gov/ViewQuestionnaire/13080976""]",True,True,2026-10-07
887334700,"[""https://apply.usastaffing.gov/ViewQuestionnaire/13080776""]",True,True,2026-10-07
887334800,[],True,True,2026-10-07
887334900,"[""https://apply.usastaffing.gov/ViewQuestionnaire/13081758""]",True,True,2026-10-07
887335000,"[""https://apply.usastaffing.gov/ViewQuestionnaire/13080485""]",True,True,2026-10-07
887335100,"[""https://apply.usastaffing.gov/ViewQuestionnaire/13080490""]",True,True,2026-10-07
887335300,"[""https://apply.usastaffing.gov/ViewQuestionnaire/13081755""]",True,True,2026-10-07
887335400,"[""https://apply.usastaffing.gov/ViewQuestionnaire/13080753""]",True,True,2026-10-07
887335500,"[""https://apply.usastaffing.gov/ViewQuestionnaire/13081131""]",True,True,2026-10-07
887336000,"[""https://apply.usastaffing.gov/ViewQuestionnaire/13077253""]",True,True,2026-10-07
887336200,[],True,True,2026-10-07
887336400,"[""https://apply.usastaffing.gov/ViewQuestionnaire/13081443""]",True,True,2026-10-07
887336700,[],True,True,2026-10-07
887336800,"[""https://apply.usastaffing.gov/ViewQuestionnaire/13080176""]",True,True,2026-10-07
887337000,"[""https://apply.usastaffing.gov/ViewQuestionnaire/13081282""]",True,True,2026-10-07
887337200,"[""https://apply.usastaffing.gov/ViewQuestionnaire/13075680""]",True,True,2026-10-07
887337500,"[""https://jobs.monstergovt.com/aoc/ros/rosDashboard.hms?O=1749&J=148611"", ""https://jobs.monstergovt.com/aoc/ros/rosDashboard.hms?O=1749&J=148611&S=1""]",True,False,2026-10-07
887337800,"[""https://apply.usastaffing.gov/ViewQuestionnaire/13077618""]",True,True,2026-10-07
887337900,[],True,True,2026-10-07
887338100,"[""https://apply.usastaffing.gov/ViewQuestionnaire/13081704""]",True,True,2026-10-07
887338200,"[""https://apply.usastaffing.gov/ViewQuestionnaire/13080569""]",True,True,2026-10-07
887338700,"[""https://apply.usastaffing.gov/ViewQuestionnaire/13080568""]",True,True,2026-10-07
887338800,"[""https://apply.usastaffing.gov/ViewQuestionnaire/13081795""]",True,True,2026-10-07
887338900,"[""https://apply.usastaffing.gov/ViewQuestionnaire/13079927""]",True,True,2026-10-07
887339200,"[""https://apply.usastaffing.gov/ViewQuestionnaire/13078690""]",True,True,2026-10-07
887339300,"[""https://apply.usastaffing.gov/ViewQuestionnaire/13080017""]",True,True,2026-10-07
887339400,[],True,True,2026-10-07
887339500,[],True,True,2026-10-07
887339600,"[""https://apply.usastaffing.gov/ViewQuestionnaire/13067707""]",True,True,2026-10-07
887340200,[],True,True,2026-10-07
887340500,"[""https://apply.usastaffing.gov/ViewQuestionnaire/13078726""]",True,True,2026-10-07
887340600,"[""https://apply.usastaffing.gov/ViewQuestionnaire/13081051""]",True,True,2026-10-07
887340800,"[""https://apply.usastaffing.gov/ViewQuestionnaire/13080434""]",True,True,2026-10-07
887341000,"[""https://apply.usastaffing.gov/ViewQuestionnaire/13081806""]",True,True,2026-10-07
887341100,"[""https://apply.usastaffing.gov/ViewQuestionnaire/13081750""]",True,True,2026-10-07
887341200,[],True,True,2026-10-07
887341400,"[""https://apply.usastaffing.gov/ViewQuestionnaire/13081784""]",True,True,2026-10-07
887341500,"[""https://apply.usastaffing.gov/ViewQuestionnaire/13071208""]",True,True,2026-10-07
887341700,"[""https://apply.usastaffing.gov/ViewQuestionnaire/13078574""]",True,True,2026-10-07
887342100,"[""https://apply.usastaffing.gov/ViewQuestionnaire/13073673""]",True,True,2026-10-07
887342200,[],True,True,2026-10-07
887342400,"[""https://apply.usastaffing.gov/ViewQuestionnaire/13079570""]",True,True,2026-10-07
887342500,"[""https://apply.usastaffing.gov/ViewQuestionnaire/13067381""]",True,True,2026-10-07
887342600,[],True,True,2026-10-07
887342700,[],True,True,2026-10-07
887342800,"[""https://apply.usastaffing.gov/ViewQuestionnaire/13080426""]",True,True,2026-10-07
887343000,[],True,True,2026-10-07
887343100,"[""https://apply.usastaffing.gov/ViewQuestionnaire/13079744""]",True,True,2026-10-07
887343200,[],True,True,2026-10-07
887343500,[],True,True,2026-10-07
887343700,[],True,True,2026-10-07
887343800,[],True,True,2026-10-07
887343900,"[""https://apply.usastaffing.gov/ViewQuestionnaire/13079585""]",True,True,2026-10-07
887344000,"[""https://apply.usastaffing.gov/ViewQuestionnaire/13076041""]",True,True,2026-10-07
887344300,[],True,True,2026-10-07
887344400,"[""https://apply.usastaffing.gov/ViewQuestionnaire/13076705""]",True,True,2026-10-07
887344500,"[""https://apply.usastaffing.gov/ViewQuestionnaire/13081259""]",True,True,2026-10-07
887344700,[],True,True,2026-10-07
887344900,"[""https://apply.usastaffing.gov/ViewQuestionnaire/13081706""]",True,True,2026-10-07
887345300,"[""https://apply.usastaffing.gov/ViewQuestionnaire/13075880""]",True,True,2026-10-07
887345500,"[""https://apply.usastaffing.gov/ViewQuestionnaire/13081748""]",True,True,2026-10-07
887345900,"[""https://apply.usastaffing.gov/ViewQuestionnaire/13081822""]",True,True,2026-10-07
887346000,"[""https://apply.usastaffing.gov/ViewQuestionnaire/13061679""]",True,True,2026-10-07
887346100,"[""https://apply.usastaffing.gov/ViewQuestionnaire/13079870""]",True,True,2026-10-07
887346300,"[""https://jobs.monstergovt.com/dos/ros/rosDashboard.hms?O=6&J=119359"", ""https://jobs.monstergovt.com/dos/ros/rosDashboard.hms?O=6&J=119359&S=1""]",True,False,2026-10-07
887346400,"[""https://apply.usastaffing.gov/ViewQuestionnaire/13079206""]",True,True,2026-10-07
887346500,"[""https://apply.usastaffing.gov/ViewQuestionnaire/13081863""]",True,True,2026-10-07
887346700,"[""https://apply.usastaffing.gov/ViewQuestionnaire/13070624""]",True,True,2026-10-07
887346800,"[""https://apply.usastaffing.gov/ViewQuestionnaire/13080770""]",True,True,2026-10-07
887346900,"[""https://apply.usastaffing.gov/ViewQuestionnaire/13077237""]",True,True,2026-10-07
887347200,[],True,True,2026-10-07
887347300,"[""https://apply.usastaffing.gov/ViewQuestionnaire/13071603""]",True,True,2026-10-07
887347400,"[""https://apply.usastaffing.gov/ViewQuestionnaire/13079294""]",True,True,2026-10-07
887347600,"[""https://apply.usastaffing.gov/ViewQuestionnaire/13080167""]",True,True,2026-10-07
887347700,"[""https://apply.usastaffing.gov/ViewQuestionnaire/13078540""]",True,True,2026-10-07
887348000,"[""https://apply.usastaffing.gov/ViewQuestionnaire/13081066""]",True,True,2026-10-07
887348300,"[""https://apply.usastaffing.gov/ViewQuestionnaire/13081874""]",True,True,2026-10-07
887348600,"[""https://apply.usastaffing.gov/ViewQuestionnaire/13081760""]",True,True,2026-10-07
887348700,"[""https://apply.usastaffing.gov/ViewQuestionnaire/13081811""]",True,True,2026-10-07
887349100,"[""https://jobs.monstergovt.com/hment/ros/rosDashboard.hms?O=1&J=55022"", ""https://jobs.monstergovt.com/hment/ros/rosDashboard.hms?O=1&J=55022&S=1""]",True,False,2026-10-07
887349200,"[""https://apply.usastaffing.gov/ViewQuestionnaire/13068197""]",True,True,2026-10-07
887349300,"[""https://apply.usastaffing.gov/ViewQuestionnaire/13081840""]",True,True,2026-10-07
887349400,"[""https://apply.usastaffing.gov/ViewQuestionnaire/13081879""]",True,True,2026-10-07
887349700,"[""https://apply.usastaffing.gov/ViewQuestionnaire/13076764""]",True,True,2026-10-07
887350300,"[""https://jobs.monstergovt.com/hment/ros/rosDashboard.hms?O=1&J=55003"", ""https://jobs.monstergovt.com/hment/ros/rosDashboard.hms?O=1&J=55003&S=1""]",True,False,2026-10-07
887350400,"[""https://apply.usastaffing.gov/ViewQuestionnaire/13080666""]",True,True,2026-10-07
887350800,"[""https://apply.usastaffing.gov/ViewQuestionnaire/13080673""]",True,True,2026-10-07
887350900,[],True,True,2026-10-07
887351000,"[""https://apply.usastaffing.gov/ViewQuestionnaire/13081595""]",True,True,2026-10-07
887351100,"[""https://apply.usastaffing.gov/ViewQuestionnaire/13080813""]",True,True,2026-10-07
887351400,"[""https://apply.usastaffing.gov/ViewQuestionnaire/13081862""]",True,True,2026-10-07
887351500,[],True,True,2026-10-07
887351800,"[""https://apply.usastaffing.gov/ViewQuestionnaire/13077425""]",True,True,2026-10-07
887351900,"[""https://apply.usastaffing.gov/ViewQuestionnaire/13079829""]",True,True,2026-10-07
887352300,"[""https://apply.usastaffing.gov/ViewQuestionnaire/13081719""]",True,True,2026-10-07
887352400,"[""https://apply.usastaffing.gov/ViewQuestionnaire/13080942""]",True,True,2026-10-07
887352500,"[""https://apply.usastaffing.gov/ViewQuestionnaire/13079410""]",True,True,2026-10-07
887352600,[],True,True,2026-10-07
887352700,"[""https://apply.usastaffing.gov/ViewQuestionnaire/13080804""]",True,True,2026-10-07
887353200,"[""https://apply.usastaffing.gov/ViewQuestionnaire/13078854""]",True,True,2026-10-07
887353500,"[""https://apply.usastaffing.gov/ViewQuestionnaire/13080882""]",True,True,2026-10-07
887353800,[],True,False,2026-10-07
887354000,"[""https://apply.usastaffing.gov/ViewQuestionnaire/13081871""]",True,True,2026-10-07
887354200,"[""https://apply.usastaffing.gov/ViewQuestionnaire/13081419""]",True,True,2026-10-07
887354300,"[""https://apply.usastaffing.gov/ViewQuestionnaire/13080611""]",True,True,2026-10-07
887354400,"[""https://apply.usastaffing.gov/ViewQuestionnaire/13081604""]",True,True,2026-10-07
887354700,"[""https://apply.usastaffing.gov/ViewQuestionnaire/13081731""]",True,True,2026-10-07
887354800,"[""https://apply.usastaffing.gov/ViewQuestionnaire/13079125""]",True,True,2026-10-07
887355000,"[""https://apply.usastaffing.gov/ViewQuestionnaire/13069640""]",True,True,2026-10-07
887355100,"[""https://apply.usastaffing.gov/ViewQuestionnaire/13081895""]",True,True,2026-10-07
887355200,"[""https://apply.usastaffing.gov/ViewQuestionnaire/13079303""]",True,True,2026-10-07
887355300,"[""https://apply.usastaffing.gov/ViewQuestionnaire/13075796""]",True,True,2026-10-07
887355400,"[""https://apply.usastaffing.gov/ViewQuestionnaire/13081740""]",True,True,2026-10-07
887355700,"[""https://apply.usastaffing.gov/ViewQuestionnaire/13076068""]",True,True,2026-10-07
887356400,"[""https://apply.usastaffing.gov/ViewQuestionnaire/13080924""]",True,True,2026-10-07
887356700,"[""https://apply.usastaffing.gov/ViewQuestionnaire/13079321""]",True,True,2026-10-07
887357300,[],True,True,2026-10-07
887357600,"[""https://apply.usastaffing.gov/ViewQuestionnaire/13081905""]",True,True,2026-10-07
887357700,"[""https://apply.usastaffing.gov/ViewQuestionnaire/13081898""]",True,True,2026-10-07
887357900,"[""https://apply.usastaffing.gov/ViewQuestionnaire/13081724""]",True,True,2026-10-07
887358300,[],True,True,2026-10-07
887358400,"[""https://apply.usastaffing.gov/ViewQuestionnaire/13079082""]",True,True,2026-10-07
887358600,"[""https://apply.usastaffing.gov/ViewQuestionnaire/13075548""]",True,True,2026-10-07
887359600,"[""https://apply.usastaffing.gov/ViewQuestionnaire/13081932""]",True,True,2026-10-07
887359700,"[""https://apply.usastaffing.gov/ViewQuestionnaire/13073299""]",True,True,2026-10-07
887359800,"[""https://apply.usastaffing.gov/ViewQuestionnaire/13080259""]",True,True,2026-10-07
887359900,"[""https://apply.usastaffing.gov/ViewQuestionnaire/13081345""]",True,True,2026-10-07
887360000,"[""https://apply.usastaffing.gov/ViewQuestionnaire/13077821""]",True,True,2026-10-07
887360100,"[""https://apply.usastaffing.gov/ViewQuestionnaire/13081364""]",True,True,2026-10-07
887360400,"[""https://apply.usastaffing.gov/ViewQuestionnaire/13080962""]",True,True,2026-10-07
887360600,[],True,True,2026-10-07
887360800,"[""https://apply.usastaffing.gov/ViewQuestionnaire/13081936""]",True,True,2026-10-07
887360900,"[""https://apply.usastaffing.gov/ViewQuestionnaire/13080627""]",True,True,2026-10-07
887361000,[],True,True,2026-10-07
887361400,[],True,True,2026-10-07
887361500,"[""https://apply.usastaffing.gov/ViewQuestionnaire/13081109""]",True,True,2026-10-07
887361700,[],True,False,2026-10-07
887361800,[],True,True,2026-10-07
887361900,"[""https://apply.usastaffing.gov/ViewQuestionnaire/13068585""]",True,True,2026-10-07
887362000,"[""https://apply.usastaffing.gov/ViewQuestionnaire/13081825""]",True,True,2026-10-07
887362100,"[""https://apply.usastaffing.gov/ViewQuestionnaire/13079106""]",True,True,2026-10-07
887362200,"[""https://apply.usastaffing.gov/ViewQuestionnaire/13079785""]",True,True,2026-10-07
887362300,[],True,True,2026-10-07
887362400,"[""https://apply.usastaffing.gov/ViewQuestionnaire/13072099""]",True,True,2026-10-07
887362600,"[""https://apply.usastaffing.gov/ViewQuestionnaire/13077193""]",True,True,2026-10-07
887362700,"[""https://apply.usastaffing.gov/ViewQuestionnaire/13081424""]",True,True,2026-10-07
887362800,"[""https://apply.usastaffing.gov/ViewQuestionnaire/13081808""]",True,True,2026-10-07
887362900,"[""https://apply.usastaffing.gov/ViewQuestionnaire/13081257""]",True,True,2026-10-07
887363000,"[""https://apply.usastaffing.gov/ViewQuestionnaire/13043811""]",True,True,2026-10-07
887363100,"[""https://apply.usastaffing.gov/ViewQuestionnaire/13081904""]",True,True,2026-10-07
887363200,"[""https://apply.usastaffing.gov/ViewQuestionnaire/13081720""]",True,True,2026-10-07
887363300,"[""https://apply.usastaffing.gov/ViewQuestionnaire/13081856""]",True,True,2026-10-07
887363400,"[""https://apply.usastaffing.gov/ViewQuestionnaire/13081961""]",True,True,2026-10-07
887363600,"[""https://apply.usastaffing.gov/ViewQuestionnaire/13081674""]",True,True,2026-10-07
887363700,"[""https://apply.usastaffing.gov/ViewQuestionnaire/13062178""]",True,True,2026-10-07
887363900,"[""https://apply.usastaffing.gov/ViewQuestionnaire/13081030""]",True,True,2026-10-07
887364300,"[""https://apply.usastaffing.gov/ViewQuestionnaire/13080021""]",True,True,2026-10-07
887364400,[],False,False,2026-10-07
887364800,"[""https://apply.usastaffing.gov/ViewQuestionnaire/13081267""]",True,True,2026-10-07
887364900,"[""https://apply.usastaffing.gov/ViewQuestionnaire/13081954""]",True,True,2026-10-07
887365000,"[""https://apply.usastaffing.gov/ViewQuestionnaire/13078655""]",True,True,2026-10-07
887365100,[],True,True,2026-10-07
887365200,"[""https://apply.usastaffing.gov/ViewQuestionnaire/13079705""]",True,True,2026-10-07
887365500,"[""https://apply.usastaffing.gov/ViewQuestionnaire/13080451""]",True,True,2026-10-07
887365600,"[""https://apply.usastaffing.gov/ViewQuestionnaire/13079651""]",True,True,2026-10-07
887366100,"[""https://apply.usastaffing.gov/ViewQuestionnaire/13080407""]",True,True,2026-10-07
887366200,[],True,True,2026-10-07
887366300,"[""https://apply.usastaffing.gov/ViewQuestionnaire/13080096""]",True,True,2026-10-07
887366400,[],True,True,2026-10-07
887366700,"[""https://apply.usastaffing.gov/ViewQuestionnaire/13081295""]",True,True,2026-10-07
887366800,"[""https://apply.usastaffing.gov/ViewQuestionnaire/13081735""]",True,True,2026-10-07
887367000,"[""https://apply.usastaffing.gov/ViewQuestionnaire/13079028""]",True,True,2026-10-07
887367100,"[""https://apply.usastaffing.gov/ViewQuestionnaire/13081967""]",True,True,2026-10-07
887367400,"[""https://apply.usastaffing.gov/ViewQuestionnaire/13081179""]",True,True,2026-10-07
887367500,"[""https://apply.usastaffing.gov/ViewQuestionnaire/13081965""]",True,True,2026-10-07
887367600,"[""https://apply.usastaffing.gov/ViewQuestionnaire/13078368""]",True,True,2026-10-07
887368100,"[""https://apply.usastaffing.gov/ViewQuestionnaire/13081146""]",True,True,2026-10-07
887368300,"[""https://apply.usastaffing.gov/ViewQuestionnaire/13070924""]",True,True,2026-10-07
887368400,[],True,False,2026-10-07
887368500,"[""https://apply.usastaffing.gov/ViewQuestionnaire/13078966""]",True,True,2026-10-07
887368600,"[""https://apply.usastaffing.gov/ViewQuestionnaire/13081948""]",True,True,2026-10-07
887368700,"[""https://apply.usastaffing.gov/ViewQuestionnaire/13076186""]",True,True,2026-10-07
887368900,"[""https://apply.usastaffing.gov/ViewQuestionnaire/13076150""]",True,True,2026-10-07
887369100,"[""https://apply.usastaffing.gov/ViewQuestionnaire/13081751""]",True,True,2026-10-07
887369200,"[""https://apply.usastaffing.gov/ViewQuestionnaire/13079709""]",True,True,2026-10-07
887369400,"[""https://apply.usastaffing.gov/ViewQuestionnaire/13074484""]",True,True,2026-10-07
887369700,"[""https://apply.usastaffing.gov/ViewQuestionnaire/13069844""]",True,True,2026-10-07
887370000,"[""https://apply.usastaffing.gov/ViewQuestionnaire/13081446""]",True,True,2026-10-07
887370500,[],True,True,2026-10-07
887370600,"[""https://apply.usastaffing.gov/ViewQuestionnaire/13073815""]",True,True,2026-10-07
887371200,"[""https://apply.usastaffing.gov/ViewQuestionnaire/13078308""]",True,True,2026-10-07
887371300,[],True,True,2026-10-07
887372000,"[""https://apply.usastaffing.gov/ViewQuestionnaire/13080604""]",True,True,2026-10-07
887372300,"[""https://apply.usastaffing.gov/ViewQuestionnaire/13070086""]",True,True,2026-10-07
887372400,"[""https://apply.usastaffing.gov/ViewQuestionnaire/13080544""]",True,True,2026-10-07
887372500,"[""https://apply.usastaffing.gov/ViewQuestionnaire/13070067""]",True,True,2026-10-07
887372900,"[""https://apply.usastaffing.gov/ViewQuestionnaire/13077243""]",True,True,2026-10-07
887373400,"[""https://apply.usastaffing.gov/ViewQuestionnaire/13081934""]",True,True,2026-10-07
887373500,"[""https://apply.usastaffing.gov/ViewQuestionnaire/13079617""]",True,True,2026-10-07
887373700,"[""https://apply.usastaffing.gov/ViewQuestionnaire/13077242""]",True,True,2026-10-07
887373900,"[""https://apply.usastaffing.gov/ViewQuestionnaire/13078979""]",True,True,2026-10-07
887374000,"[""https://apply.usastaffing.gov/ViewQuestionnaire/13081088""]",True,True,2026-10-07
887374300,"[""https://apply.usastaffing.gov/ViewQuestionnaire/13081927""]",True,True,2026-10-07
887374400,"[""https://apply.usastaffing.gov/ViewQuestionnaire/13074162""]",True,True,2026-10-07
887374500,[],False,True,2026-10-07
887374600,"[""https://apply.usastaffing.gov/ViewQuestionnaire/13058434""]",True,True,2026-10-07
887374700,"[""https://apply.usastaffing.gov/ViewQuestionnaire/13081963""]",True,True,2026-10-07
887374800,"[""https://apply.usastaffing.gov/ViewQuestionnaire/13081921""]",True,True,2026-10-07
887374900,"[""https://apply.usastaffing.gov/ViewQuestionnaire/13081370""]",True,True,2026-10-07
887375000,[],True,False,2026-10-07
887375200,"[""https://apply.usastaffing.gov/ViewQuestionnaire/13078817""]",True,True,2026-10-07
887375400,"[""https://apply.usastaffing.gov/ViewQuestionnaire/13081176""]",True,True,2026-10-07
887375500,"[""https://apply.usastaffing.gov/ViewQuestionnaire/13081049""]",True,True,2026-10-07
887375600,"[""https://apply.usastaffing.gov/ViewQuestionnaire/13081984""]",True,True,2026-10-07
887375700,"[""https://apply.usastaffing.gov/ViewQuestionnaire/13078786""]",True,True,2026-10-07
887375800,"[""https://apply.usastaffing.gov/ViewQuestionnaire/13077923""]",True,True,2026-10-07
887376000,[],False,True,2026-10-07
887376200,"[""https://apply.usastaffing.gov/ViewQuestionnaire/13078787""]",True,True,2026-10-07
887376400,"[""https://apply.usastaffing.gov/ViewQuestionnaire/13076403""]",True,True,2026-10-07
887376600,"[""https://apply.usastaffing.gov/ViewQuestionnaire/13081301""]",True,True,2026-10-07
887376700,"[""https://apply.usastaffing.gov/ViewQuestionnaire/13081506""]",True,True,2026-10-07
887376800,"[""https://apply.usastaffing.gov/ViewQuestionnaire/13081536""]",True,True,2026-10-07
887376900,"[""https://apply.usastaffing.gov/ViewQuestionnaire/13079631""]",True,True,2026-10-07
887377200,"[""https://apply.usastaffing.gov/ViewQuestionnaire/13079523""]",True,True,2026-10-07
887377400,[],True,False,2026-10-07
887377500,"[""https://apply.usastaffing.gov/ViewQuestionnaire/13069424""]",True,True,2026-10-07
887377800,"[""https://apply.usastaffing.gov/ViewQuestionnaire/13059319""]",True,True,2026-10-07
887378000,"[""https://apply.usastaffing.gov/ViewQuestionnaire/13082005""]",True,True,2026-10-07
887378100,"[""https://apply.usastaffing.gov/ViewQuestionnaire/13079720""]",True,True,2026-10-07
887378200,"[""https://apply.usastaffing.gov/ViewQuestionnaire/13079723""]",True,True,2026-10-07
887378400,"[""https://apply.usastaffing.gov/ViewQuestionnaire/13080764""]",True,True,2026-10-07
887378600,"[""https://apply.usastaffing.gov/ViewQuestionnaire/13081320""]",True,True,2026-10-07
887378800,"[""https://apply.usastaffing.gov/ViewQuestionnaire/13081319""]",True,True,2026-10-07
887379000,[],True,True,2026-10-07
887379200,"[""https://apply.usastaffing.gov/ViewQuestionnaire/13073750""]",True,True,2026-10-07
887379400,[],True,False,2026-10-07
887379600,"[""https://apply.usastaffing.gov/ViewQuestionnaire/13081180""]",True,True,2026-10-07
887379700,"[""https://apply.usastaffing.gov/ViewQuestionnaire/13077150""]",True,True,2026-10-07
887380000,"[""https://apply.usastaffing.gov/ViewQuestionnaire/13080947""]",True,True,2026-10-07
887380200,"[""https://apply.usastaffing.gov/ViewQuestionnaire/13082013""]",True,True,2026-10-07
887380600,[],False,True,2026-10-07
887380700,[],True,False,2026-10-07
887380800,[],False,False,2026-10-07
887381100,[],True,True,2026-10-07
887381300,"[""https://apply.usastaffing.gov/ViewQuestionnaire/13078063""]",True,True,2026-10-07
887381400,[],True,True,2026-10-07
887381800,"[""https://apply.usastaffing.gov/ViewQuestionnaire/13080825""]",True,True,2026-10-07
887382000,"[""https://apply.usastaffing.gov/ViewQuestionnaire/13081155""]",True,True,2026-10-07
887382200,"[""https://apply.usastaffing.gov/ViewQuestionnaire/13058558""]",True,True,2026-10-07
887382400,"[""https://apply.usastaffing.gov/ViewQuestionnaire/13075712""]",True,True,2026-10-07
887382500,"[""https://apply.usastaffing.gov/ViewQuestionnaire/13081165""]",True,True,2026-10-07
887382800,"[""https://apply.usastaffing.gov/ViewQuestionnaire/13048170""]",True,True,2026-10-07
887383500,"[""https://apply.usastaffing.gov/ViewQuestionnaire/13081691""]",True,True,2026-10-07
887383600,"[""https://apply.usastaffing.gov/ViewQuestionnaire/13081383""]",True,True,2026-10-07
887383800,"[""https://apply.usastaffing.gov/ViewQuestionnaire/13080078""]",True,True,2026-10-07
887383900,"[""https://apply.usastaffing.gov/ViewQuestionnaire/13081887""]",True,True,2026-10-07
887384000,"[""https://apply.usastaffing.gov/ViewQuestionnaire/13082091""]",True,True,2026-10-07
887384100,"[""https://apply.usastaffing.gov/ViewQuestionnaire/13081858""]",True,True,2026-10-07
887384500,"[""https://apply.usastaffing.gov/ViewQuestionnaire/13078106""]",True,True,2026-10-07
887384600,"[""https://apply.usastaffing.gov/ViewQuestionnaire/13080646""]",True,True,2026-10-07
887384700,"[""https://apply.usastaffing.gov/ViewQuestionnaire/13081773""]",True,True,2026-10-07
887384900,"[""https://apply.usastaffing.gov/ViewQuestionnaire/13070087""]",True,True,2026-10-07
887385100,[],True,True,2026-10-07
887385200,[],False,False,2026-10-07
887385300,"[""https://apply.usastaffing.gov/ViewQuestionnaire/13081978""]",True,True,2026-10-07
887385400,[],True,False,2026-10-07
887385600,[],True,True,2026-10-07
887385800,"[""https://apply.usastaffing.gov/ViewQuestionnaire/13079191""]",True,True,2026-10-07
887386000,"[""https://apply.usastaffing.gov/ViewQuestionnaire/13081925""]",True,True,2026-10-07
887386300,[],True,True,2026-10-07
887386500,"[""https://apply.usastaffing.gov/ViewQuestionnaire/13078597""]",True,True,2026-10-07
887386900,"[""https://apply.usastaffing.gov/ViewQuestionnaire/13081749""]",True,True,2026-10-07
887387000,"[""https://apply.usastaffing.gov/ViewQuestionnaire/13082066""]",True,True,2026-10-07
887387700,"[""https://apply.usastaffing.gov/ViewQuestionnaire/13080547""]",True,True,2026-10-07
887388400,"[""https://apply.usastaffing.gov/ViewQuestionnaire/13081018""]",True,True,2026-10-07
887388500,"[""https://apply.usastaffing.gov/ViewQuestionnaire/13082081""]",True,True,2026-10-07
887388800,"[""https://apply.usastaffing.gov/ViewQuestionnaire/13081651""]",True,True,2026-10-07
887388900,"[""https://apply.usastaffing.gov/ViewQuestionnaire/13036133""]",True,True,2026-10-07
887389200,"[""https://apply.usastaffing.gov/ViewQuestionnaire/13076516""]",True,True,2026-10-07
887389300,[],True,True,2026-10-07
887389400,"[""https://apply.usastaffing.gov/ViewQuestionnaire/13076072""]",True,True,2026-10-07
887389500,[],True,True,2026-10-07
887389600,"[""https://apply.usastaffing.gov/ViewQuestionnaire/13081945""]",True,True,2026-10-07
887390400,"[""https://apply.usastaffing.gov/ViewQuestionnaire/13081005""]",True,True,2026-10-07
887390500,"[""https://apply.usastaffing.gov/ViewQuestionnaire/13081496""]",True,True,2026-10-07
887390800,"[""https://apply.usastaffing.gov/ViewQuestionnaire/13082002""]",True,True,2026-10-07
887391000,"[""https://apply.usastaffing.gov/ViewQuestionnaire/13080638""]",True,True,2026-10-07
887391100,"[""https://apply.usastaffing.gov/ViewQuestionnaire/13066592""]",True,True,2026-10-07
887391200,[],False,False,2026-10-07
887391300,"[""https://apply.usastaffing.gov/ViewQuestionnaire/13081670""]",True,True,2026-10-07
887391400,"[""https://apply.usastaffing.gov/ViewQuestionnaire/13082088""]",True,True,2026-10-07
887391500,"[""https://apply.usastaffing.gov/ViewQuestionnaire/13081487""]",True,True,2026-10-07
887391600,"[""https://apply.usastaffing.gov/ViewQuestionnaire/13079311""]",True,True,2026-10-07
887391700,"[""https://apply.usastaffing.gov/ViewQuestionnaire/13082097""]",True,True,2026-10-07
887392000,"[""https://apply.usastaffing.gov/ViewQuestionnaire/13081946""]",True,True,2026-10-07
887392200,"[""https://apply.usastaffing.gov/ViewQuestionnaire/13081742""]",True,True,2026-10-07
887392500,"[""https://apply.usastaffing.gov/ViewQuestionnaire/13080747""]",True,True,2026-10-07
887392600,"[""https://apply.usastaffing.gov/ViewQuestionnaire/13080233""]",True,True,2026-10-07
887392900,"[""https://apply.usastaffing.gov/ViewQuestionnaire/13079490""]",True,True,2026-10-07
887393000,"[""https://apply.usastaffing.gov/ViewQuestionnaire/13078348""]",True,True,2026-10-07
887393100,"[""https://apply.usastaffing.gov/ViewQuestionnaire/13081205""]",True,True,2026-10-07
887393200,[],True,True,2026-10-07
887393400,"[""https://apply.usastaffing.gov/ViewQuestionnaire/13078619""]",True,True,2026-10-07
887393500,"[""https://apply.usastaffing.gov/ViewQuestionnaire/13080216""]",True,True,2026-10-07
887393600,"[""https://apply.usastaffing.gov/ViewQuestionnaire/13082010""]",True,True,2026-10-07
887393900,"[""https://apply.usastaffing.gov/ViewQuestionnaire/13082136""]",True,True,2026-10-07
887394000,[],True,True,2026-10-07
887394100,"[""https://apply.usastaffing.gov/ViewQuestionnaire/13081017""]",True,True,2026-10-07
887394300,"[""https://apply.usastaffing.gov/ViewQuestionnaire/13081016""]",True,True,2026-10-07
887394400,"[""https://apply.usastaffing.gov/ViewQuestionnaire/13080393""]",True,True,2026-10-07
887394500,"[""https://apply.usastaffing.gov/ViewQuestionnaire/13080000""]",True,True,2026-10-07
887394900,[],True,True,2026-10-07
887395000,[],True,False,2026-10-07
887395100,"[""https://apply.usastaffing.gov/ViewQuestionnaire/13081987""]",True,True,2026-10-07
887395400,[],False,False,2026-10-07
887395500,"[""https://apply.usastaffing.gov/ViewQuestionnaire/13081944""]",True,True,2026-10-07
887395700,"[""https://apply.usastaffing.gov/ViewQuestionnaire/13081239""]",True,True,2026-10-07
887395800,"[""https://apply.usastaffing.gov/ViewQuestionnaire/13082065""]",True,True,2026-10-07
887396200,"[""https://apply.usastaffing.gov/ViewQuestionnaire/13080385""]",True,True,2026-10-07
887396300,"[""https://apply.usastaffing.gov/ViewQuestionnaire/13082071""]",True,True,2026-10-07
887396400,"[""https://apply.usastaffing.gov/ViewQuestionnaire/13080850""]",True,True,2026-10-07
887396500,"[""https://apply.usastaffing.gov/ViewQuestionnaire/13081272""]",True,True,2026-10-07
887396700,"[""https://apply.usastaffing.gov/ViewQuestionnaire/13081384""]",True,True,2026-10-07
887397000,"[""https://apply.usastaffing.gov/ViewQuestionnaire/13079478""]",True,True,2026-10-07
887397400,"[""https://apply.usastaffing.gov/ViewQuestionnaire/13078495""]",True,True,2026-10-07
887397900,"[""https://apply.usastaffing.gov/ViewQuestionnaire/13081375""]",True,True,2026-10-07
887398100,"[""https://apply.usastaffing.gov/ViewQuestionnaire/13081975""]",True,True,2026-10-07
887398200,"[""https://apply.usastaffing.gov/ViewQuestionnaire/13082152""]",True,True,2026-10-07
887398400,"[""https://apply.usastaffing.gov/ViewQuestionnaire/13073805""]",True,True,2026-10-07
887398600,"[""https://apply.usastaffing.gov/ViewQuestionnaire/13080064""]",True,True,2026-10-07
887398800,"[""https://apply.usastaffing.gov/ViewQuestionnaire/13081836""]",True,True,2026-10-07
887399000,[],True,False,2026-10-07
887399100,[],True,False,2026-10-07
887399400,[],True,False,2026-10-07
887399500,[],True,True,2026-10-07
887400000,[],False,False,2026-10-07
887400300,"[""https://apply.usastaffing.gov/ViewQuestionnaire/13077623""]",True,True,2026-10-07
887400400,"[""https://apply.usastaffing.gov/ViewQuestionnaire/13068339""]",True,True,2026-10-07
887400900,"[""https://apply.usastaffing.gov/ViewQuestionnaire/13081974""]",True,True,2026-10-07
887401100,[],False,False,2026-10-07
887401200,"[""https://apply.usastaffing.gov/ViewQuestionnaire/13078384""]",True,True,2026-10-07
887401400,"[""https://apply.usastaffing.gov/ViewQuestionnaire/13076232""]",True,True,2026-10-07
887401500,"[""https://apply.usastaffing.gov/ViewQuestionnaire/13082086""]",True,True,2026-10-07
887401600,"[""https://apply.usastaffing.gov/ViewQuestionnaire/13076231""]",True,True,2026-10-07
887401900,"[""https://apply.usastaffing.gov/ViewQuestionnaire/13082142""]",True,True,2026-10-07
887402900,"[""https://apply.usastaffing.gov/ViewQuestionnaire/13082170""]",True,True,2026-10-07
887403000,"[""https://apply.usastaffing.gov/ViewQuestionnaire/13081170""]",True,True,2026-10-07
887403400,"[""https://apply.usastaffing.gov/ViewQuestionnaire/13082032""]",True,True,2026-10-07
887403500,"[""https://apply.usastaffing.gov/ViewQuestionnaire/13069359""]",True,True,2026-10-07
887403600,"[""https://apply.usastaffing.gov/ViewQuestionnaire/13067265""]",True,True,2026-10-07
887403900,"[""https://apply.usastaffing.gov/ViewQuestionnaire/13080919""]",True,True,2026-10-07
887404000,"[""https://apply.usastaffing.gov/ViewQuestionnaire/13080122""]",True,True,2026-10-07
887404100,"[""https://apply.usastaffing.gov/ViewQuestionnaire/13027528""]",True,True,2026-10-07
887404200,"[""https://apply.usastaffing.gov/ViewQuestionnaire/13073172""]",True,True,2026-10-07
887404400,"[""https://apply.usastaffing.gov/ViewQuestionnaire/13078795""]",True,True,2026-10-07
887404700,"[""https://apply.usastaffing.gov/ViewQuestionnaire/13082119""]",True,True,2026-10-07
887404900,"[""https://apply.usastaffing.gov/ViewQuestionnaire/13081766""]",True,True,2026-10-07
887405000,"[""https://apply.usastaffing.gov/ViewQuestionnaire/13082112""]",True,True,2026-10-07
887405300,"[""https://apply.usastaffing.gov/ViewQuestionnaire/13082124""]",True,True,2026-10-07
887405400,"[""https://apply.usastaffing.gov/ViewQuestionnaire/13081412""]",True,True,2026-10-07
887405500,"[""https://apply.usastaffing.gov/ViewQuestionnaire/13080001""]",True,True,2026-10-07
887405700,"[""https://apply.usastaffing.gov/ViewQuestionnaire/13068604""]",True,True,2026-10-07
887405800,"[""https://apply.usastaffing.gov/ViewQuestionnaire/13080884""]",True,True,2026-10-07
887406100,"[""https://apply.usastaffing.gov/ViewQuestionnaire/13079052""]",True,True,2026-10-07
887406400,"[""https://apply.usastaffing.gov/ViewQuestionnaire/13078431""]",True,True,2026-10-07
887406500,"[""https://apply.usastaffing.gov/ViewQuestionnaire/13070784""]",True,True,2026-10-07
887406600,"[""https://apply.usastaffing.gov/ViewQuestionnaire/13081964""]",True,True,2026-10-07
887406700,[],True,True,2026-10-07
887406800,"[""https://apply.usastaffing.gov/ViewQuestionnaire/13081472""]",True,True,2026-10-07
887406900,"[""https://apply.usastaffing.gov/ViewQuestionnaire/13081438""]",True,True,2026-10-07
887407300,"[""https://apply.usastaffing.gov/ViewQuestionnaire/13082148""]",True,True,2026-10-07
887407500,"[""https://apply.usastaffing.gov/ViewQuestionnaire/13081023""]",True,True,2026-10-07
887407600,"[""https://apply.usastaffing.gov/ViewQuestionnaire/13081022""]",True,True,2026-10-07
887408300,"[""https://apply.usastaffing.gov/ViewQuestionnaire/13082182""]",True,True,2026-10-07
887408500,"[""https://apply.usastaffing.gov/ViewQuestionnaire/13081993""]",True,True,2026-10-07
887408800,"[""https://jobs.monstergovt.com/loc/ros/rosDashboard.hms?O=1&J=27884"", ""https://jobs.monstergovt.com/loc/ros/rosDashboard.hms?O=1&J=27884&S=1""]",True,False,2026-10-07
887408900,"[""https://apply.usastaffing.gov/ViewQuestionnaire/13080630""]",True,True,2026-10-07
887409000,[],True,True,2026-10-07
887409300,[],True,True,2026-10-07
887409400,"[""https://apply.usastaffing.gov/ViewQuestionnaire/13080120""]",True,True,2026-10-07
887409700,"[""https://apply.usastaffing.gov/ViewQuestionnaire/13080631""]",True,True,2026-10-07
887410000,"[""https://apply.usastaffing.gov/ViewQuestionnaire/13073316""]",True,True,2026-10-07
887410200,"[""https://apply.usastaffing.gov/ViewQuestionnaire/13077679""]",True,True,2026-10-07
887410500,"[""https://apply.usastaffing.gov/ViewQuestionnaire/13081785""]",True,True,2026-10-07
887410600,"[""https://apply.usastaffing.gov/ViewQuestionnaire/13081786""]",True,True,2026-10-07
887410700,"[""https://apply.usastaffing.gov/ViewQuestionnaire/13082223""]",True,True,2026-10-07
887411000,"[""https://apply.usastaffing.gov/ViewQuestionnaire/13082246""]",True,True,2026-10-07
887411100,"[""https://apply.usastaffing.gov/ViewQuestionnaire/13078200""]",True,True,2026-10-07
887411500,"[""https://apply.usastaffing.gov/ViewQuestionnaire/13080040""]",True,True,2026-10-07
887411600,"[""https://apply.usastaffing.gov/ViewQuestionnaire/13081141""]",True,True,2026-10-07
887411700,[],False,False,2026-10-07
887412100,"[""https://apply.usastaffing.gov/ViewQuestionnaire/13077864""]",True,True,2026-10-07
887412500,"[""https://apply.usastaffing.gov/ViewQuestionnaire/13082159""]",True,True,2026-10-07
887412600,"[""https://apply.usastaffing.gov/ViewQuestionnaire/13078073""]",True,True,2026-10-07
887413000,[],True,True,2026-10-07
887413100,"[""https://apply.usastaffing.gov/ViewQuestionnaire/13076912""]",True,True,2026-10-07
887413200,[],False,False,2026-10-07
887413300,[],False,True,2026-10-07
887413400,"[""https://apply.usastaffing.gov/ViewQuestionnaire/13078995""]",True,True,2026-10-07
887413600,"[""https://apply.usastaffing.gov/ViewQuestionnaire/13079680""]",True,True,2026-10-07
887413700,"[""https://apply.usastaffing.gov/ViewQuestionnaire/13082261""]",True,True,2026-10-07
887413900,"[""https://apply.usastaffing.gov/ViewQuestionnaire/13081283""]",True,True,2026-10-07
887414000,"[""https://apply.usastaffing.gov/ViewQuestionnaire/13082247""]",True,True,2026-10-07
887414100,"[""https://apply.usastaffing.gov/ViewQuestionnaire/13081284""]",True,True,2026-10-07
887414200,"[""https://apply.usastaffing.gov/ViewQuestionnaire/13080127""]",True,True,2026-10-07
887414500,"[""https://jobs.monstergovt.com/loc/ros/rosDashboard.hms?O=1&J=27861"", ""https://jobs.monstergovt.com/loc/ros/rosDashboard.hms?O=1&J=27861&S=1""]",True,False,2026-10-07
887414700,"[""https://apply.usastaffing.gov/ViewQuestionnaire/13081693""]",True,True,2026-10-07
887415000,[],False,False,2026-10-07
887415100,"[""https://apply.usastaffing.gov/ViewQuestionnaire/13080570""]",True,True,2026-10-07
887415500,"[""https://apply.usastaffing.gov/ViewQuestionnaire/13081783""]",True,True,2026-10-07
887415600,"[""https://apply.usastaffing.gov/ViewQuestionnaire/13082134""]",True,True,2026-10-07
887415900,"[""https://apply.usastaffing.gov/ViewQuestionnaire/13080879""]",True,True,2026-10-07
887416000,"[""https://apply.usastaffing.gov/ViewQuestionnaire/13081369""]",True,True,2026-10-07
887416100,"[""https://apply.usastaffing.gov/ViewQuestionnaire/13081920""]",True,True,2026-10-07
887416200,[],False,False,2026-10-07
887416300,"[""https://apply.usastaffing.gov/ViewQuestionnaire/13079218""]",True,True,2026-10-07
887416500,"[""https://apply.usastaffing.gov/ViewQuestionnaire/13080077""]",True,True,2026-10-07
887416600,"[""https://apply.usastaffing.gov/ViewQuestionnaire/13081569""]",True,True,2026-10-07
887416900,"[""https://apply.usastaffing.gov/ViewQuestionnaire/13079368""]",True,True,2026-10-07
887417000,"[""https://jobs.monstergovt.com/dos/ros/rosDashboard.hms?O=6&J=119489"", ""https://jobs.monstergovt.com/dos/ros/rosDashboard.hms?O=6&J=119489&S=1""]",True,False,2026-10-07
887417200,"[""https://apply.usastaffing.gov/ViewQuestionnaire/13081837""]",True,True,2026-10-07
887417300,[],True,True,2026-10-07
887417400,"[""https://apply.usastaffing.gov/ViewQuestionnaire/13078679""]",True,True,2026-10-07
887417700,"[""https://apply.usastaffing.gov/ViewQuestionnaire/13082293""]",True,True,2026-10-07
887417800,"[""https://apply.usastaffing.gov/ViewQuestionnaire/13078268""]",True,True,2026-10-07
887418000,[],True,True,2026-10-07
887418400,"[""https://apply.usastaffing.gov/ViewQuestionnaire/13077212""]",True,True,2026-10-07
887418700,[],True,True,2026-10-07
887418900,"[""https://apply.usastaffing.gov/ViewQuestionnaire/13079461""]",True,True,2026-10-07
887419100,[],True,True,2026-10-07
887419500,"[""https://apply.usastaffing.gov/ViewQuestionnaire/13079661""]",True,True,2026-10-07
887419600,"[""https://apply.usastaffing.gov/ViewQuestionnaire/13080927""]",True,True,2026-10-07
887419700,"[""https://apply.usastaffing.gov/ViewQuestionnaire/13079647""]",True,True,2026-10-07
887419800,"[""https://apply.usastaffing.gov/ViewQuestionnaire/13082314""]",True,True,2026-10-07
887420000,"[""https://apply.usastaffing.gov/ViewQuestionnaire/13080015""]",True,True,2026-10-07
887420100,"[""https://apply.usastaffing.gov/ViewQuestionnaire/13077479""]",True,True,2026-10-07
887420500,"[""https://apply.usastaffing.gov/ViewQuestionnaire/13077828""]",True,True,2026-10-07
887420800,"[""https://apply.usastaffing.gov/ViewQuestionnaire/13080037""]",True,True,2026-10-07
887421000,"[""https://apply.usastaffing.gov/ViewQuestionnaire/13035846""]",True,True,2026-10-07
887421300,"[""https://apply.usastaffing.gov/ViewQuestionnaire/13077863""]",True,True,2026-10-07
887421900,"[""https://apply.usastaffing.gov/ViewQuestionnaire/13081378""]",True,True,2026-10-07
887422500,"[""https://apply.usastaffing.gov/ViewQuestionnaire/13078441""]",True,True,2026-10-07
887422700,[],True,True,2026-10-07
887422800,"[""https://jobs.monstergovt.com/aoc/ros/rosDashboard.hms?O=1749&J=148625"", ""https://jobs.monstergovt.com/aoc/ros/rosDashboard.hms?O=1749&J=148625&S=1""]",True,False,2026-10-07
887422900,"[""https://apply.usastaffing.gov/ViewQuestionnaire/13081028""]",True,True,2026-10-07
887423000,"[""https://apply.usastaffing.gov/ViewQuestionnaire/13077556""]",True,True,2026-10-07
887423100,"[""https://apply.usastaffing.gov/ViewQuestionnaire/13080958""]",True,True,2026-10-07
887423300,[],False,False,2026-10-07
887423600,"[""https://apply.usastaffing.gov/ViewQuestionnaire/13081340""]",True,True,2026-10-07
887423700,"[""https://apply.usastaffing.gov/ViewQuestionnaire/13082085""]",True,True,2026-10-07
887423900,"[""https://apply.usastaffing.gov/ViewQuestionnaire/13080097""]",True,True,2026-10-07
887424000,"[""https://apply.usastaffing.gov/ViewQuestionnaire/13082228""]",True,True,2026-10-07
887424100,"[""https://apply.usastaffing.gov/ViewQuestionnaire/13080922""]",True,True,2026-10-07
887424200,"[""https://apply.usastaffing.gov/ViewQuestionnaire/13078849""]",True,True,2026-10-07
887424300,"[""https://apply.usastaffing.gov/ViewQuestionnaire/13081952""]",True,True,2026-10-07
887424500,[],True,True,2026-10-07
887424600,"[""https://apply.usastaffing.gov/ViewQuestionnaire/13081931""]",True,True,2026-10-07
887424800,"[""https://apply.usastaffing.gov/ViewQuestionnaire/13082137""]",True,True,2026-10-07
887425400,"[""https://apply.usastaffing.gov/ViewQuestionnaire/13070654""]",True,True,2026-10-07
887425500,[],False,True,2026-10-07
887425600,"[""https://apply.usastaffing.gov/ViewQuestionnaire/13079821""]",True,True,2026-10-07
887425800,"[""https://apply.usastaffing.gov/ViewQuestionnaire/13079053""]",True,True,2026-10-07
887426500,"[""https://apply.usastaffing.gov/ViewQuestionnaire/13070652""]",True,True,2026-10-07
887426700,"[""https://apply.usastaffing.gov/ViewQuestionnaire/13078760""]",True,True,2026-10-07
887427300,"[""https://apply.usastaffing.gov/ViewQuestionnaire/13079219""]",True,True,2026-10-07
887427600,"[""https://apply.usastaffing.gov/ViewQuestionnaire/13081694""]",True,True,2026-10-07
887427700,"[""https://jobs.monstergovt.com/hment/ros/rosDashboard.hms?O=1&J=55053"", ""https://jobs.monstergovt.com/hment/ros/rosDashboard.hms?O=1&J=55053&S=1""]",True,False,2026-10-07
887427800,"[""https://apply.usastaffing.gov/ViewQuestionnaire/13071459""]",True,True,2026-10-07
887428000,"[""https://apply.usastaffing.gov/ViewQuestionnaire/13082332""]",True,True,2026-10-07
887428100,"[""https://apply.usastaffing.gov/ViewQuestionnaire/13082105""]",True,True,2026-10-07
887428200,"[""https://apply.usastaffing.gov/ViewQuestionnaire/13079662""]",True,True,2026-10-07
887428300,"[""https://apply.usastaffing.gov/ViewQuestionnaire/13080803""]",True,True,2026-10-07
887428500,[],True,True,2026-10-07
887428700,"[""https://apply.usastaffing.gov/ViewQuestionnaire/13043382""]",True,True,2026-10-07
887429000,"[""https://apply.usastaffing.gov/ViewQuestionnaire/13076349""]",True,True,2026-10-07
887429200,"[""https://apply.usastaffing.gov/ViewQuestionnaire/13082040""]",True,True,2026-10-07
887429700,"[""https://apply.usastaffing.gov/ViewQuestionnaire/13081071""]",True,True,2026-10-07
887430000,"[""https://apply.usastaffing.gov/ViewQuestionnaire/13081122""]",True,True,2026-10-07
887430200,"[""https://apply.usastaffing.gov/ViewQuestionnaire/13081091""]",True,True,2026-10-07
887430300,"[""https://apply.usastaffing.gov/ViewQuestionnaire/13080102""]",True,True,2026-10-07
887430500,"[""https://apply.usastaffing.gov/ViewQuestionnaire/13081757""]",True,True,2026-10-07
887430700,"[""https://apply.usastaffing.gov/ViewQuestionnaire/13081894""]",True,True,2026-10-07
887430800,"[""https://apply.usastaffing.gov/ViewQuestionnaire/13079530""]",True,True,2026-10-07
887430900,"[""https://apply.usastaffing.gov/ViewQuestionnaire/13077689""]",True,True,2026-10-07
887431000,"[""https://apply.usastaffing.gov/ViewQuestionnaire/13081803""]",True,True,2026-10-07
887431100,"[""https://apply.usastaffing.gov/ViewQuestionnaire/13082150""]",True,True,2026-10-07
887431200,"[""https://apply.usastaffing.gov/ViewQuestionnaire/13081865""]",True,True,2026-10-07
887431300,"[""https://apply.usastaffing.gov/ViewQuestionnaire/13080164""]",True,True,2026-10-07
887431500,"[""https://apply.usastaffing.gov/ViewQuestionnaire/13081847""]",True,True,2026-10-07
887431600,"[""https://apply.usastaffing.gov/ViewQuestionnaire/13048622""]",True,True,2026-10-07
887431900,"[""https://apply.usastaffing.gov/ViewQuestionnaire/13071543""]",True,True,2026-10-07
887432100,"[""https://apply.usastaffing.gov/ViewQuestionnaire/13079931""]",True,True,2026-10-07
887432300,"[""https://apply.usastaffing.gov/ViewQuestionnaire/13079978""]",True,True,2026-10-07
887432400,"[""https://apply.usastaffing.gov/ViewQuestionnaire/13082382""]",True,True,2026-10-07
887432900,"[""https://apply.usastaffing.gov/ViewQuestionnaire/13080130""]",True,True,2026-10-07
887433000,"[""https://apply.usastaffing.gov/ViewQuestionnaire/13082347""]",True,True,2026-10-07
887433300,"[""https://apply.usastaffing.gov/ViewQuestionnaire/13080939""]",True,True,2026-10-07
887433400,"[""https://apply.usastaffing.gov/ViewQuestionnaire/13082279""]",True,True,2026-10-07
887433500,"[""https://apply.usastaffing.gov/ViewQuestionnaire/13077491""]",True,True,2026-10-07
887433600,"[""https://apply.usastaffing.gov/ViewQuestionnaire/13077500""]",True,True,2026-10-07
887433700,"[""https://apply.usastaffing.gov/ViewQuestionnaire/13080940""]",True,True,2026-10-07
887434900,"[""https://jobs.monstergovt.com/dos/ros/rosDashboard.hms?O=6&J=119479"", ""https://jobs.monstergovt.com/dos/ros/rosDashboard.hms?O=6&J=119479&S=1""]",True,False,2026-10-07
887435300,"[""https://apply.usastaffing.gov/ViewQuestionnaire/13082328""]",True,True,2026-10-07
887435500,"[""https://apply.usastaffing.gov/ViewQuestionnaire/13080350""]",True,True,2026-10-07
887435700,"[""https://apply.usastaffing.gov/ViewQuestionnaire/13082345""]",True,True,2026-10-07
887435900,"[""https://apply.usastaffing.gov/ViewQuestionnaire/13081951""]",True,True,2026-10-07
887436000,"[""https://apply.usastaffing.gov/ViewQuestionnaire/13080636""]",True,True,2026-10-07
887436100,[],False,False,2026-10-07
887436200,"[""https://apply.usastaffing.gov/ViewQuestionnaire/13081935""]",True,True,2026-10-07
887436300,"[""https://apply.usastaffing.gov/ViewQuestionnaire/13078686""]",True,True,2026-10-07
887436600,"[""https://apply.usastaffing.gov/ViewQuestionnaire/13082219""]",True,True,2026-10-07
887436700,[],True,True,2026-10-07
887436800,[],True,True,2026-10-07
887437000,[],False,True,2026-10-07
887437100,[],True,True,2026-10-07
887437200,[],True,True,2026-10-07
887437300,"[""https://apply.usastaffing.gov/ViewQuestionnaire/13082320""]",True,True,2026-10-07
887437400,[],True,True,2026-10-07
887437600,"[""https://apply.usastaffing.gov/ViewQuestionnaire/13076346""]",True,True,2026-10-07
887437900,"[""https://apply.usastaffing.gov/ViewQuestionnaire/13082272""]",True,True,2026-10-07
887438000,"[""https://apply.usastaffing.gov/ViewQuestionnaire/13082271""]",True,True,2026-10-07
887438300,"[""https://apply.usastaffing.gov/ViewQuestionnaire/13078241""]",True,True,2026-10-07
887438400,[],False,True,2026-10-07
887438500,"[""https://apply.usastaffing.gov/ViewQuestionnaire/13079964""]",True,True,2026-10-07
887438700,"[""https://apply.usastaffing.gov/ViewQuestionnaire/13082106""]",True,True,2026-10-07
887439000,"[""https://apply.usastaffing.gov/ViewQuestionnaire/13076350""]",True,True,2026-10-07
887439100,"[""https://apply.usastaffing.gov/ViewQuestionnaire/13082100""]",True,True,2026-10-07
887439200,[],True,False,2026-10-07
887439300,[],False,True,2026-10-07
887439400,"[""https://apply.usastaffing.gov/ViewQuestionnaire/13076732""]",True,True,2026-10-07
887439500,"[""https://apply.usastaffing.gov/ViewQuestionnaire/13081937""]",True,True,2026-10-07
887439600,"[""https://apply.usastaffing.gov/ViewQuestionnaire/13077434""]",True,True,2026-10-07
887439700,"[""https://apply.usastaffing.gov/ViewQuestionnaire/13078390""]",True,True,2026-10-07
887439800,"[""https://apply.usastaffing.gov/ViewQuestionnaire/13081193""]",True,True,2026-10-07
887440000,"[""https://jobs.monstergovt.com/hment/ros/rosDashboard.hms?O=1&J=55073"", ""https://jobs.monstergovt.com/hment/ros/rosDashboard.hms?O=1&J=55073&S=1""]",True,False,2026-10-07
887440100,[],True,False,2026-10-07
887440400,"[""https://apply.usastaffing.gov/ViewQuestionnaire/13080964""]",True,True,2026-10-07
887440500,"[""https://apply.usastaffing.gov/ViewQuestionnaire/13081533""]",True,True,2026-10-07
887440600,"[""https://apply.usastaffing.gov/ViewQuestionnaire/13082089""]",True,True,2026-10-07
887440900,"[""https://apply.usastaffing.gov/ViewQuestionnaire/13082307""]",True,True,2026-10-07
887441000,"[""https://apply.usastaffing.gov/ViewQuestionnaire/13079761""]",True,True,2026-10-07
887441100,"[""https://apply.usastaffing.gov/ViewQuestionnaire/13081761""]",True,True,2026-10-07
887441500,"[""https://apply.usastaffing.gov/ViewQuestionnaire/13081855""]",True,True,2026-10-07
887441800,"[""https://apply.usastaffing.gov/ViewQuestionnaire/13081185""]",True,True,2026-10-07
887442000,"[""https://apply.usastaffing.gov/ViewQuestionnaire/13070965""]",True,True,2026-10-07
887442100,"[""https://apply.usastaffing.gov/ViewQuestionnaire/13081031""]",True,True,2026-10-07
887442300,"[""https://apply.usastaffing.gov/ViewQuestionnaire/13079151""]",True,True,2026-10-07
887442700,"[""https://apply.usastaffing.gov/ViewQuestionnaire/13080977""]",True,True,2026-10-07
887442900,"[""https://apply.usastaffing.gov/ViewQuestionnaire/13080271""]",True,True,2026-10-07
887443000,"[""https://apply.usastaffing.gov/ViewQuestionnaire/13082063""]",True,True,2026-10-07
887443200,[],True,True,2026-10-07
887443500,"[""https://apply.usastaffing.gov/ViewQuestionnaire/13080854""]",True,True,2026-10-07
887443600,"[""https://apply.usastaffing.gov/ViewQuestionnaire/13082267""]",True,True,2026-10-07
887443900,"[""https://apply.usastaffing.gov/ViewQuestionnaire/13081223""]",True,True,2026-10-07
887444000,"[""https://apply.usastaffing.gov/ViewQuestionnaire/13082282""]",True,True,2026-10-07
887444100,"[""https://apply.usastaffing.gov/ViewQuestionnaire/13079146""]",True,True,2026-10-07
887444200,"[""https://apply.usastaffing.gov/ViewQuestionnaire/13082211""]",True,True,2026-10-07
887444400,[],True,True,2026-10-07
887444900,"[""https://apply.usastaffing.gov/ViewQuestionnaire/13081534""]",True,True,2026-10-07
887445200,"[""https://apply.usastaffing.gov/ViewQuestionnaire/13081083""]",True,True,2026-10-07
887445500,"[""https://apply.usastaffing.gov/ViewQuestionnaire/13070966""]",True,True,2026-10-07
887445900,"[""https://apply.usastaffing.gov/ViewQuestionnaire/13078373""]",True,True,2026-10-07
887446100,[],True,False,2026-10-07
887446200,[],True,True,2026-10-07
887446300,"[""https://apply.usastaffing.gov/ViewQuestionnaire/13080455""]",True,True,2026-10-07
887446500,"[""https://apply.usastaffing.gov/ViewQuestionnaire/13082330""]",True,True,2026-10-07
887446700,"[""https://apply.usastaffing.gov/ViewQuestionnaire/13082412""]",True,True,2026-10-07
887446900,"[""https://apply.usastaffing.gov/ViewQuestionnaire/13081549""]",True,True,2026-10-07
887447100,"[""https://apply.usastaffing.gov/ViewQuestionnaire/13080402""]",True,True,2026-10-07
887447900,"[""https://apply.usastaffing.gov/ViewQuestionnaire/13082073""]",True,True,2026-10-07
887448000,"[""https://jobs.monstergovt.com/aoc/ros/rosDashboard.hms?O=1749&J=148657"", ""https://jobs.monstergovt.com/aoc/ros/rosDashboard.hms?O=1749&J=148657&S=1""]",True,False,2026-10-07
887448100,"[""https://apply.usastaffing.gov/ViewQuestionnaire/13082373""]",True,True,2026-10-07
887448300,"[""https://apply.usastaffing.gov/ViewQuestionnaire/13082184""]",True,True,2026-10-07
887448500,"[""https://apply.usastaffing.gov/ViewQuestionnaire/13082444""]",True,True,2026-10-07
887448800,"[""https://apply.usastaffing.gov/ViewQuestionnaire/13082280""]",True,True,2026-10-07
887449100,"[""https://apply.usastaffing.gov/ViewQuestionnaire/13081275""]",True,True,2026-10-07
887449200,"[""https://apply.usastaffing.gov/ViewQuestionnaire/13082372""]",True,True,2026-10-07
887449300,"[""https://apply.usastaffing.gov/ViewQuestionnaire/13081503""]",True,True,2026-10-07
887449400,"[""https://apply.usastaffing.gov/ViewQuestionnaire/13081585""]",True,True,2026-10-07
887449500,"[""https://apply.usastaffing.gov/ViewQuestionnaire/13069269""]",True,True,2026-10-07
887449600,[],True,True,2026-10-07
887449900,"[""https://apply.usastaffing.gov/ViewQuestionnaire/13082206""]",True,True,2026-10-07
887450100,[],False,True,2026-10-07
887450200,"[""https://apply.usastaffing.gov/ViewQuestionnaire/13072684""]",True,True,2026-10-07
887450500,"[""https://apply.usastaffing.gov/ViewQuestionnaire/13081508""]",True,True,2026-10-07
887450600,"[""https://apply.usastaffing.gov/ViewQuestionnaire/13082028""]",True,True,2026-10-07
887450700,[],True,False,2026-10-07
887450800,"[""https://apply.usastaffing.gov/ViewQuestionnaire/13082361""]",True,True,2026-10-07
887451200,"[""https://apply.usastaffing.gov/ViewQuestionnaire/13081351""]",True,True,2026-10-07
887451300,[],False,True,2026-10-07
887451400,"[""https://apply.usastaffing.gov/ViewQuestionnaire/13080548""]",True,True,2026-10-07
887451600,[],True,False,2026-10-07
887452000,[],True,True,2026-10-07
887452300,"[""https://apply.usastaffing.gov/ViewQuestionnaire/13074096""]",True,True,2026-10-07
887452400,[],False,True,2026-10-07
887452500,"[""https://apply.usastaffing.gov/ViewQuestionnaire/13082474""]",True,True,2026-10-07
887452600,"[""https://apply.usastaffing.gov/ViewQuestionnaire/13081774""]",True,True,2026-10-07
887452900,"[""https://apply.usastaffing.gov/ViewQuestionnaire/13077602""]",True,True,2026-10-07
887453000,"[""https://apply.usastaffing.gov/ViewQuestionnaire/13073159""]",True,True,2026-10-07
887453200,[],True,True,2026-10-07
887453300,"[""https://apply.usastaffing.gov/ViewQuestionnaire/13081732""]",True,True,2026-10-07
887453400,"[""https://apply.usastaffing.gov/ViewQuestionnaire/13078018""]",True,True,2026-10-07
887453500,"[""https://apply.usastaffing.gov/ViewQuestionnaire/13081660""]",True,True,2026-10-07
887453600,[],False,True,2026-10-07
887453700,"[""https://apply.usastaffing.gov/ViewQuestionnaire/13082467""]",True,True,2026-10-07
887453800,[],True,True,2026-10-07
887454000,"[""https://apply.usastaffing.gov/ViewQuestionnaire/13075873""]",True,True,2026-10-07
887454100,"[""https://apply.usastaffing.gov/ViewQuestionnaire/13078517""]",True,True,2026-10-07
887454200,"[""https://apply.usastaffing.gov/ViewQuestionnaire/13081655""]",True,True,2026-10-07
887454300,[],False,True,2026-10-07
887454400,"[""https://apply.usastaffing.gov/ViewQuestionnaire/13082481""]",True,True,2026-10-07
887454600,"[""https://apply.usastaffing.gov/ViewQuestionnaire/13069536""]",True,True,2026-10-07
887454900,"[""https://apply.usastaffing.gov/ViewQuestionnaire/13082296""]",True,True,2026-10-07
887455300,"[""https://apply.usastaffing.gov/ViewQuestionnaire/13079593""]",True,True,2026-10-07
887455500,"[""https://apply.usastaffing.gov/ViewQuestionnaire/13082380""]",True,True,2026-10-07
887455700,"[""https://apply.usastaffing.gov/ViewQuestionnaire/13081527""]",True,True,2026-10-07
887455800,"[""https://apply.usastaffing.gov/ViewQuestionnaire/13082216""]",True,True,2026-10-07
887455900,"[""https://apply.usastaffing.gov/ViewQuestionnaire/13081145""]",True,True,2026-10-07
887456000,"[""https://apply.usastaffing.gov/ViewQuestionnaire/13081236""]",True,True,2026-10-07
887456100,"[""https://apply.usastaffing.gov/ViewQuestionnaire/13082521""]",True,True,2026-10-07
887456300,"[""https://apply.usastaffing.gov/ViewQuestionnaire/13078303""]",True,True,2026-10-07
887456500,"[""https://apply.usastaffing.gov/ViewQuestionnaire/13078805""]",True,True,2026-10-07
887456700,"[""https://apply.usastaffing.gov/ViewQuestionnaire/13078316""]",True,True,2026-10-07
887456900,"[""https://apply.usastaffing.gov/ViewQuestionnaire/13071245""]",True,True,2026-10-07
887457000,"[""https://apply.usastaffing.gov/ViewQuestionnaire/13080736""]",True,True,2026-10-07
887457100,"[""https://apply.usastaffing.gov/ViewQuestionnaire/13081006""]",True,True,2026-10-07
887457200,"[""https://apply.usastaffing.gov/ViewQuestionnaire/13082435""]",True,True,2026-10-07
887457900,"[""https://apply.usastaffing.gov/ViewQuestionnaire/13080679""]",True,True,2026-10-07
887458000,"[""https://apply.usastaffing.gov/ViewQuestionnaire/13081098""]",True,True,2026-10-07
887458100,"[""https://apply.usastaffing.gov/ViewQuestionnaire/13081434""]",True,True,2026-10-07
887458300,"[""https://apply.usastaffing.gov/ViewQuestionnaire/13035748""]",True,True,2026-10-07
887458600,"[""https://apply.usastaffing.gov/ViewQuestionnaire/13082325""]",True,True,2026-10-07
887458800,"[""https://apply.usastaffing.gov/ViewQuestionnaire/13081986""]",True,True,2026-10-07
887459300,"[""https://apply.usastaffing.gov/ViewQuestionnaire/13081143""]",True,True,2026-10-07
887459500,"[""https://apply.usastaffing.gov/ViewQuestionnaire/13081983""]",True,True,2026-10-07
887459700,"[""https://apply.usastaffing.gov/ViewQuestionnaire/13081182""]",True,True,2026-10-07
887459900,"[""https://apply.usastaffing.gov/ViewQuestionnaire/13082473""]",True,True,2026-10-07
887460200,"[""https://apply.usastaffing.gov/ViewQuestionnaire/13082532""]",True,True,2026-10-07
887460300,"[""https://apply.usastaffing.gov/ViewQuestionnaire/13082488""]",True,True,2026-10-07
887460400,[],True,True,2026-10-07
887460600,"[""https://apply.usastaffing.gov/ViewQuestionnaire/13080332""]",True,True,2026-10-07
887460800,"[""https://apply.usastaffing.gov/ViewQuestionnaire/13082367""]",True,True,2026-10-07
887460900,"[""https://apply.usastaffing.gov/ViewQuestionnaire/13082396""]",True,True,2026-10-07
887461100,[],True,False,2026-10-07
887461300,"[""https://apply.usastaffing.gov/ViewQuestionnaire/13078976""]",True,True,2026-10-07
887461400,"[""https://apply.usastaffing.gov/ViewQuestionnaire/13080858""]",True,True,2026-10-07
887461500,"[""https://apply.usastaffing.gov/ViewQuestionnaire/13078977""]",True,True,2026-10-07
887461600,"[""https://apply.usastaffing.gov/ViewQuestionnaire/13082258""]",True,True,2026-10-07
887461700,[],True,True,2026-10-07
887462500,"[""https://apply.usastaffing.gov/ViewQuestionnaire/13082187""]",True,True,2026-10-07
887462600,"[""https://apply.usastaffing.gov/ViewQuestionnaire/13067187""]",True,True,2026-10-07
887462900,"[""https://apply.usastaffing.gov/ViewQuestionnaire/13056934""]",True,True,2026-10-07
887463000,"[""https://apply.usastaffing.gov/ViewQuestionnaire/13079518""]",True,True,2026-10-07
887463100,"[""https://apply.usastaffing.gov/ViewQuestionnaire/13079882""]",True,True,2026-10-07
887463300,"[""https://apply.usastaffing.gov/ViewQuestionnaire/13082498""]",True,True,2026-10-07
887463400,"[""https://apply.usastaffing.gov/ViewQuestionnaire/13081253""]",True,True,2026-10-07
887463600,[],True,False,2026-10-07
887463800,"[""https://apply.usastaffing.gov/ViewQuestionnaire/13081765""]",True,True,2026-10-07
887463900,"[""https://apply.usastaffing.gov/ViewQuestionnaire/13077708""]",True,True,2026-10-07
887464000,[],True,False,2026-10-07
887464300,"[""https://apply.usastaffing.gov/ViewQuestionnaire/13079327""]",True,True,2026-10-07
887464500,[],True,False,2026-10-07
887464600,[],False,False,2026-10-07
887465000,[],True,True,2026-10-07
887465100,"[""https://apply.usastaffing.gov/ViewQuestionnaire/13082505""]",True,True,2026-10-07
887465200,"[""https://apply.usastaffing.gov/ViewQuestionnaire/13081415""]",True,True,2026-10-07
887465300,"[""https://apply.usastaffing.gov/ViewQuestionnaire/13049331""]",True,True,2026-10-07
887465600,"[""https://apply.usastaffing.gov/ViewQuestionnaire/13081644""]",True,True,2026-10-07
887465700,"[""https://apply.usastaffing.gov/ViewQuestionnaire/13075534""]",True,True,2026-10-07
887465900,"[""https://apply.usastaffing.gov/ViewQuestionnaire/13081294""]",True,True,2026-10-07
887466100,"[""https://apply.usastaffing.gov/ViewQuestionnaire/13082168""]",True,True,2026-10-07
887466300,"[""https://apply.usastaffing.gov/ViewQuestionnaire/13077771""]",True,True,2026-10-07
887466400,[],True,True,2026-10-07
887466500,"[""https://apply.usastaffing.gov/ViewQuestionnaire/13082167""]",True,True,2026-10-07
887466600,[],True,True,2026-10-07
887466800,"[""https://apply.usastaffing.gov/ViewQuestionnaire/13082222""]",True,True,2026-10-07
887466900,"[""https://apply.usastaffing.gov/ViewQuestionnaire/13076727""]",True,True,2026-10-07
887467000,[],False,False,2026-10-07
887467200,"[""https://apply.usastaffing.gov/ViewQuestionnaire/13082439""]",True,True,2026-10-07
887467300,"[""https://apply.usastaffing.gov/ViewQuestionnaire/13078747""]",True,True,2026-10-07
887467500,[],True,True,2026-10-07
887467600,"[""https://apply.usastaffing.gov/ViewQuestionnaire/13082537""]",True,True,2026-10-07
887467700,"[""https://apply.usastaffing.gov/ViewQuestionnaire/13064768""]",True,True,2026-10-07
887467800,"[""https://apply.usastaffing.gov/ViewQuestionnaire/13064766""]",True,True,2026-10-07
887467900,"[""https://jobs.monstergovt.com/cftc/rospost/?O=3&J=5496"", ""https://jobs.monstergovt.com/cftc/rospost/?O=3&J=5496&S=1""]",True,False,2026-10-07
887468000,"[""https://apply.usastaffing.gov/ViewQuestionnaire/13078719""]",True,True,2026-10-07
887468200,[],True,True,2026-10-07
887468600,[],True,False,2026-10-07
887468900,"[""https://apply.usastaffing.gov/ViewQuestionnaire/13082557""]",True,True,2026-10-07
887469300,"[""https://apply.usastaffing.gov/ViewQuestionnaire/13082520""]",True,True,2026-10-07
887469700,[],False,True,2026-10-07
887470000,"[""https://apply.usastaffing.gov/ViewQuestionnaire/13080596""]",True,True,2026-10-07
887470100,[],True,True,2026-10-07
887470200,[],True,True,2026-10-07
887470700,"[""https://apply.usastaffing.gov/ViewQuestionnaire/13076790""]",True,True,2026-10-07
887470800,"[""https://apply.usastaffing.gov/ViewQuestionnaire/13073409""]",True,True,2026-10-07
887471000,"[""https://apply.usastaffing.gov/ViewQuestionnaire/13081142""]",True,True,2026-10-07
887471200,"[""https://apply.usastaffing.gov/ViewQuestionnaire/13081949""]",True,True,2026-10-07
887471300,"[""https://apply.usastaffing.gov/ViewQuestionnaire/13066930""]",True,True,2026-10-07
887471400,"[""https://jobs.monstergovt.com/dot/ros/rosDashboard.hms?O=2&J=93069"", ""https://jobs.monstergovt.com/dot/ros/rosDashboard.hms?O=2&J=93069&S=1""]",True,False,2026-10-07
887471500,"[""https://apply.usastaffing.gov/ViewQuestionnaire/13076491""]",True,True,2026-10-07
887471600,"[""https://apply.usastaffing.gov/ViewQuestionnaire/13073408""]",True,True,2026-10-07
887471700,"[""https://apply.usastaffing.gov/ViewQuestionnaire/13081627""]",True,True,2026-10-07
887471800,"[""https://apply.usastaffing.gov/ViewQuestionnaire/13078337""]",True,True,2026-10-07
887471900,"[""https://apply.usastaffing.gov/ViewQuestionnaire/13080358""]",True,True,2026-10-07
887472000,[],True,True,2026-10-07
887472200,"[""https://apply.usastaffing.gov/ViewQuestionnaire/13081950""]",True,True,2026-10-07
887472400,[],True,True,2026-10-07
887472600,"[""https://apply.usastaffing.gov/ViewQuestionnaire/13077367""]",True,True,2026-10-07
887472700,"[""https://apply.usastaffing.gov/ViewQuestionnaire/13080359""]",True,True,2026-10-07
887472800,"[""https://apply.usastaffing.gov/ViewQuestionnaire/13080692""]",True,True,2026-10-07
887473000,[],False,False,2026-10-07
887473100,[],False,False,2026-10-07
887473300,"[""https://apply.usastaffing.gov/ViewQuestionnaire/13079871""]",True,True,2026-10-07
887473400,"[""https://apply.usastaffing.gov/ViewQuestionnaire/13081093""]",True,True,2026-10-07
887473500,"[""https://apply.usastaffing.gov/ViewQuestionnaire/13076492""]",True,True,2026-10-07
887473700,"[""https://apply.usastaffing.gov/ViewQuestionnaire/13060754""]",True,True,2026-10-07
887473800,"[""https://apply.usastaffing.gov/ViewQuestionnaire/13082590""]",True,True,2026-10-07
887473900,"[""https://apply.usastaffing.gov/ViewQuestionnaire/13082618""]",True,True,2026-10-07
887474200,"[""https://apply.usastaffing.gov/ViewQuestionnaire/13081829""]",True,True,2026-10-07
887474300,"[""https://apply.usastaffing.gov/ViewQuestionnaire/13081896""]",True,True,2026-10-07
887474400,"[""https://apply.usastaffing.gov/ViewQuestionnaire/13082569""]",True,True,2026-10-07
887474500,"[""https://apply.usastaffing.gov/ViewQuestionnaire/13080446""]",True,True,2026-10-07
887474600,"[""https://apply.usastaffing.gov/ViewQuestionnaire/13082555""]",True,True,2026-10-07
887475000,"[""https://apply.usastaffing.gov/ViewQuestionnaire/13080345""]",True,True,2026-10-07
887475200,"[""https://apply.usastaffing.gov/ViewQuestionnaire/13082468""]",True,True,2026-10-07
887475400,"[""https://apply.usastaffing.gov/ViewQuestionnaire/13082390""]",True,True,2026-10-07
887476100,"[""https://apply.usastaffing.gov/ViewQuestionnaire/13080243""]",True,True,2026-10-07
887476200,[],True,True,2026-10-07
887476300,[],True,True,2026-10-07
887476400,[],True,False,2026-10-07
887476500,"[""https://apply.usastaffing.gov/ViewQuestionnaire/13082415""]",True,True,2026-10-07
887476600,"[""https://apply.usastaffing.gov/ViewQuestionnaire/13082414""]",True,True,2026-10-07
887476900,[],False,False,2026-10-07
887477000,"[""https://apply.usastaffing.gov/ViewQuestionnaire/13076652""]",True,True,2026-10-07
887477100,"[""https://apply.usastaffing.gov/ViewQuestionnaire/13080139""]",True,True,2026-10-07
887477200,"[""https://apply.usastaffing.gov/ViewQuestionnaire/13078701""]",True,True,2026-10-07
887477500,"[""https://apply.usastaffing.gov/ViewQuestionnaire/13079430""]",True,True,2026-10-07
887477700,"[""https://apply.usastaffing.gov/ViewQuestionnaire/13081817""]",True,True,2026-10-07
887477800,"[""https://apply.usastaffing.gov/ViewQuestionnaire/13082622""]",True,True,2026-10-07
887477900,[],False,False,2026-10-07
887478000,[],True,True,2026-10-07
887478200,"[""https://apply.usastaffing.gov/ViewQuestionnaire/13081560""]",True,True,2026-10-07
887478300,[],True,True,2026-10-07
887478600,"[""https://apply.usastaffing.gov/ViewQuestionnaire/13081237""]",True,True,2026-10-07
887478900,"[""https://apply.usastaffing.gov/ViewQuestionnaire/13082623""]",True,True,2026-10-07
887479000,[],True,True,2026-10-07
887479400,"[""https://apply.usastaffing.gov/ViewQuestionnaire/13082637""]",True,True,2026-10-07
887479600,"[""https://apply.usastaffing.gov/ViewQuestionnaire/13074001""]",True,True,2026-10-07
887479700,"[""https://apply.usastaffing.gov/ViewQuestionnaire/13080287""]",True,True,2026-10-07
887479800,"[""https://apply.usastaffing.gov/ViewQuestionnaire/13081311""]",True,True,2026-10-07
887479900,"[""https://apply.usastaffing.gov/ViewQuestionnaire/13072126""]",True,True,2026-10-07
887480100,"[""https://apply.usastaffing.gov/ViewQuestionnaire/13082653""]",True,True,2026-10-07
887480200,[],True,True,2026-10-07
887480600,"[""https://apply.usastaffing.gov/ViewQuestionnaire/13081461""]",True,True,2026-10-07
887480700,"[""https://apply.usastaffing.gov/ViewQuestionnaire/13081587""]",True,True,2026-10-07
887480800,"[""https://apply.usastaffing.gov/ViewQuestionnaire/13052221""]",True,True,2026-10-07
887480900,"[""https://apply.usastaffing.gov/ViewQuestionnaire/13079758""]",True,True,2026-10-07
887481000,"[""https://apply.usastaffing.gov/ViewQuestionnaire/13052096""]",True,True,2026-10-07
887481100,"[""https://apply.usastaffing.gov/ViewQuestionnaire/13081244""]",True,True,2026-10-07
887481200,[],True,False,2026-10-07
887481300,[],True,True,2026-10-07
887481400,"[""https://apply.usastaffing.gov/ViewQuestionnaire/13075710""]",True,True,2026-10-07
887481500,[],False,False,2026-10-07
887481600,"[""https://apply.usastaffing.gov/ViewQuestionnaire/13082178""]",True,True,2026-10-07
887481700,"[""https://apply.usastaffing.gov/ViewQuestionnaire/13081355""]",True,True,2026-10-07
887482000,"[""https://apply.usastaffing.gov/ViewQuestionnaire/13082666""]",True,True,2026-10-07
887482100,"[""https://apply.usastaffing.gov/ViewQuestionnaire/13082650""]",True,True,2026-10-07
887482700,"[""https://apply.usastaffing.gov/ViewQuestionnaire/13081619""]",True,True,2026-10-07
887482800,"[""https://apply.usastaffing.gov/ViewQuestionnaire/13081567""]",True,True,2026-10-07
887483000,"[""https://apply.usastaffing.gov/ViewQuestionnaire/13079914""]",True,True,2026-10-07
887483100,"[""https://apply.usastaffing.gov/ViewQuestionnaire/13082662""]",True,True,2026-10-07
887483300,[],True,True,2026-10-07
887483400,[],True,False,2026-10-07
887483500,[],False,False,2026-10-07
887483600,"[""https://apply.usastaffing.gov/ViewQuestionnaire/13082659""]",True,True,2026-10-07
887483700,[],False,False,2026-10-07
887483800,[],True,False,2026-10-07
887483900,"[""https://apply.usastaffing.gov/ViewQuestionnaire/13082593""]",True,True,2026-10-07
887484000,"[""https://apply.usastaffing.gov/ViewQuestionnaire/13076760""]",True,True,2026-10-07
887484100,"[""https://apply.usastaffing.gov/ViewQuestionnaire/13082357""]",True,True,2026-10-07
887484200,"[""https://apply.usastaffing.gov/ViewQuestionnaire/13081538""]",True,True,2026-10-07
887484300,"[""https://apply.usastaffing.gov/ViewQuestionnaire/13081539""]",True,True,2026-10-07
887484500,"[""https://apply.usastaffing.gov/ViewQuestionnaire/13081032""]",True,True,2026-10-07
887484700,"[""https://apply.usastaffing.gov/ViewQuestionnaire/13082626""]",True,True,2026-10-07
887484800,"[""https://apply.usastaffing.gov/ViewQuestionnaire/13081572""]",True,True,2026-10-07
887484900,"[""https://apply.usastaffing.gov/ViewQuestionnaire/13081573""]",True,True,2026-10-07
887485000,"[""https://apply.usastaffing.gov/ViewQuestionnaire/13080894""]",True,True,2026-10-07
887485200,[],False,False,2026-10-07
887485300,"[""https://apply.usastaffing.gov/ViewQuestionnaire/13082676""]",True,True,2026-10-07
887485600,"[""https://apply.usastaffing.gov/ViewQuestionnaire/13081401""]",True,True,2026-10-07
887485700,"[""https://apply.usastaffing.gov/ViewQuestionnaire/13081402""]",True,True,2026-10-07
887486000,"[""https://apply.usastaffing.gov/ViewQuestionnaire/13081581""]",True,True,2026-10-07
887486100,"[""https://apply.usastaffing.gov/ViewQuestionnaire/13076222""]",True,True,2026-10-07
887486200,"[""https://apply.usastaffing.gov/ViewQuestionnaire/13050279""]",True,True,2026-10-07
887486300,"[""https://apply.usastaffing.gov/ViewQuestionnaire/13081497""]",True,True,2026-10-07
887486500,"[""https://apply.usastaffing.gov/ViewQuestionnaire/13067096""]",True,True,2026-10-07
887486600,"[""https://apply.usastaffing.gov/ViewQuestionnaire/13078637""]",True,True,2026-10-07
887486800,"[""https://apply.usastaffing.gov/ViewQuestionnaire/13080543""]",True,True,2026-10-07
887486900,"[""https://apply.usastaffing.gov/ViewQuestionnaire/13066906""]",True,True,2026-10-07
887487000,"[""https://apply.usastaffing.gov/ViewQuestionnaire/13082600""]",True,True,2026-10-07
887487100,"[""https://apply.usastaffing.gov/ViewQuestionnaire/13082054""]",True,True,2026-10-07
887487300,[],True,True,2026-10-07
887487500,[],True,True,2026-10-07
887487900,"[""https://apply.usastaffing.gov/ViewQuestionnaire/13074198""]",True,True,2026-10-07
887488100,"[""https://apply.usastaffing.gov/ViewQuestionnaire/13081561""]",True,True,2026-10-07
887488200,[],False,True,2026-10-07
887488400,"[""https://apply.usastaffing.gov/ViewQuestionnaire/13081578""]",True,True,2026-10-07
887488500,"[""https://apply.usastaffing.gov/ViewQuestionnaire/13080290""]",True,True,2026-10-07
887488700,"[""https://apply.usastaffing.gov/ViewQuestionnaire/13080777""]",True,True,2026-10-07
887488800,[],False,False,2026-10-07
887489000,"[""https://apply.usastaffing.gov/ViewQuestionnaire/13078365""]",True,True,2026-10-07
887489100,"[""https://apply.usastaffing.gov/ViewQuestionnaire/13080119""]",True,True,2026-10-07
887489200,"[""https://apply.usastaffing.gov/ViewQuestionnaire/13059700""]",True,True,2026-10-07
887489400,"[""https://apply.usastaffing.gov/ViewQuestionnaire/13076677""]",True,True,2026-10-07
887489500,[],False,False,2026-10-07
887489700,[],False,False,2026-10-07
887489800,"[""https://apply.usastaffing.gov/ViewQuestionnaire/13080408""]",True,True,2026-10-07
887489900,[],False,False,2026-10-07
887490000,[],False,False,2026-10-07
887490100,[],False,False,2026-10-07
887490200,"[""https://apply.usastaffing.gov/ViewQuestionnaire/13069382""]",True,True,2026-10-07
887490300,"[""https://apply.usastaffing.gov/ViewQuestionnaire/13078992""]",True,True,2026-10-07
887490400,"[""https://apply.usastaffing.gov/ViewQuestionnaire/13082654""]",True,True,2026-10-07
887490600,"[""https://apply.usastaffing.gov/ViewQuestionnaire/13078610""]",True,True,2026-10-07
887490700,"[""https://apply.usastaffing.gov/ViewQuestionnaire/13078951""]",True,True,2026-10-07
887491000,"[""https://apply.usastaffing.gov/ViewQuestionnaire/13076776""]",True,True,2026-10-07
887491100,"[""https://apply.usastaffing.gov/ViewQuestionnaire/13069751""]",True,True,2026-10-07
887491400,"[""https://apply.usastaffing.gov/ViewQuestionnaire/13030149""]",True,True,2026-10-07
887491700,"[""https://apply.usastaffing.gov/ViewQuestionnaire/13066886""]",True,True,2026-10-07
887491900,[],True,False,2026-10-07
887492100,"[""https://apply.usastaffing.gov/ViewQuestionnaire/13068502""]",True,True,2026-10-07
887492200,"[""https://apply.usastaffing.gov/ViewQuestionnaire/13082443""]",True,True,2026-10-07
887492300,"[""https://apply.usastaffing.gov/ViewQuestionnaire/13080196""]",True,True,2026-10-07
887492400,"[""https://apply.usastaffing.gov/ViewQuestionnaire/13080811""]",True,True,2026-10-07
887492500,"[""https://apply.usastaffing.gov/ViewQuestionnaire/13065916""]",True,True,2026-10-07
887492600,[],True,False,2026-10-07
887492700,[],True,True,2026-10-07
887492800,[],True,True,2026-10-07
887492900,[],True,True,2026-10-07
887493000,"[""https://apply.usastaffing.gov/ViewQuestionnaire/13078264""]",True,True,2026-10-07
887493100,"[""https://apply.usastaffing.gov/ViewQuestionnaire/13078263""]",True,True,2026-10-07
887493400,[],True,False,2026-10-07
887493800,"[""https://apply.usastaffing.gov/ViewQuestionnaire/13082702""]",True,True,2026-10-07
887493900,[],False,False,2026-10-07
887494300,"[""https://apply.usastaffing.gov/ViewQuestionnaire/13082714""]",True,True,2026-10-07
887494400,"[""https://apply.usastaffing.gov/ViewQuestionnaire/13081047""]",True,True,2026-10-07
887494500,"[""https://apply.usastaffing.gov/ViewQuestionnaire/13081186""]",True,True,2026-10-07
887496200,"[""https://apply.usastaffing.gov/ViewQuestionnaire/13082513""]",True,True,2026-10-07
887496400,"[""https://apply.usastaffing.gov/ViewQuestionnaire/13082723""]",True,True,2026-10-07
887496700,"[""https://apply.usastaffing.gov/ViewQuestionnaire/13082725""]",True,True,2026-10-07
887497700,"[""https://apply.usastaffing.gov/ViewQuestionnaire/13082732""]",True,True,2026-10-07
887498000,"[""https://apply.usastaffing.gov/ViewQuestionnaire/13082733""]",True,True,2026-10-07
887498100,"[""https://apply.usastaffing.gov/ViewQuestionnaire/13082484""]",True,True,2026-10-07
887498700,"[""https://apply.usastaffing.gov/ViewQuestionnaire/13082738""]",True,True,2026-10-07
887498900,"[""https://apply.usastaffing.gov/ViewQuestionnaire/13076795""]",True,True,2026-10-07
887500000,"[""https://apply.usastaffing.gov/ViewQuestionnaire/13082544""]",True,True,2026-10-07
887500200,"[""https://apply.usastaffing.gov/ViewQuestionnaire/13082746""]",True,True,2026-10-07
887500300,"[""https://apply.usastaffing.gov/ViewQuestionnaire/13081568""]",True,True,2026-10-07
887500600,"[""https://apply.usastaffing.gov/ViewQuestionnaire/13082736""]",True,True,2026-10-07
887500900,"[""https://apply.usastaffing.gov/ViewQuestionnaire/13082737""]",True,True,2026-10-07
887501000,"[""https://apply.usastaffing.gov/ViewQuestionnaire/13070787""]",True,True,2026-10-07
887501100,"[""https://apply.usastaffing.gov/ViewQuestionnaire/13082740""]",True,True,2026-10-07
887501200,"[""https://apply.usastaffing.gov/ViewQuestionnaire/13082741""]",True,True,2026-10-07
887501300,"[""https://apply.usastaffing.gov/ViewQuestionnaire/13082742""]",True,True,2026-10-07
887502000,"[""https://apply.usastaffing.gov/ViewQuestionnaire/13078062""]",True,True,2026-10-07
887502200,"[""https://apply.usastaffing.gov/ViewQuestionnaire/13082778""]",True,True,2026-10-07
887502400,"[""https://apply.usastaffing.gov/ViewQuestionnaire/13082775""]",True,True,2026-10-07
887503000,[],False,False,2026-10-07
887503200,"[""https://apply.usastaffing.gov/ViewQuestionnaire/13081621""]",True,True,2026-10-07
887503400,"[""https://apply.usastaffing.gov/ViewQuestionnaire/13080406""]",True,True,2026-10-07
887503700,[],True,False,2026-10-07
887504200,"[""https://apply.usastaffing.gov/ViewQuestionnaire/13079112""]",True,True,2026-10-07
887504300,"[""https://apply.usastaffing.gov/ViewQuestionnaire/13081705""]",True,True,2026-10-07
887504400,"[""https://apply.usastaffing.gov/ViewQuestionnaire/13081977""]",True,True,2026-10-07
887504600,"[""https://apply.usastaffing.gov/ViewQuestionnaire/13082788""]",True,True,2026-10-07
887505100,"[""https://apply.usastaffing.gov/ViewQuestionnaire/13081099""]",True,True,2026-10-07
887505200,"[""https://apply.usastaffing.gov/ViewQuestionnaire/13082556""]",True,True,2026-10-07
887505300,"[""https://apply.usastaffing.gov/ViewQuestionnaire/13081648""]",True,True,2026-10-07
887505600,"[""https://apply.usastaffing.gov/ViewQuestionnaire/13082792""]",True,True,2026-10-07
887505700,"[""https://jobs.monstergovt.com/dos/ros/rosDashboard.hms?O=6&J=119468"", ""https://jobs.monstergovt.com/dos/ros/rosDashboard.hms?O=6&J=119468&S=1""]",True,False,2026-10-07
887505900,"[""https://apply.usastaffing.gov/ViewQuestionnaire/13079764""]",True,True,2026-10-07
887506000,"[""https://apply.usastaffing.gov/ViewQuestionnaire/13060172""]",True,True,2026-10-07
887506200,[],True,True,2026-10-07
887506400,"[""https://apply.usastaffing.gov/ViewQuestionnaire/13079473""]",True,True,2026-10-07
887506500,"[""https://apply.usastaffing.gov/ViewQuestionnaire/13057772""]",True,True,2026-10-07
887506600,[],True,False,2026-10-07
887506800,[],True,False,2026-10-07
887507000,"[""https://apply.usastaffing.gov/ViewQuestionnaire/13081388""]",True,True,2026-10-07
887507100,"[""https://apply.usastaffing.gov/ViewQuestionnaire/13081707""]",True,True,2026-10-07
887507200,"[""https://jobs.monstergovt.com/dot/ros/rosDashboard.hms?O=2&J=93059"", ""https://jobs.monstergovt.com/dot/ros/rosDashboard.hms?O=2&J=93059&S=1""]",True,False,2026-10-07
887507300,"[""https://apply.usastaffing.gov/ViewQuestionnaire/13081723""]",True,True,2026-10-07
887507400,"[""https://apply.usastaffing.gov/ViewQuestionnaire/13079599""]",True,True,2026-10-07
887507600,"[""https://apply.usastaffing.gov/ViewQuestionnaire/13071274""]",True,True,2026-10-07
887507700,"[""https://apply.usastaffing.gov/ViewQuestionnaire/13072334""]",True,True,2026-10-07
887507800,"[""https://apply.usastaffing.gov/ViewQuestionnaire/13039346""]",True,True,2026-10-07
887507900,"[""https://apply.usastaffing.gov/ViewQuestionnaire/13076976""]",True,True,2026-10-07
887508100,"[""https://apply.usastaffing.gov/ViewQuestionnaire/13082253""]",True,True,2026-10-07
887508300,"[""https://apply.usastaffing.gov/ViewQuestionnaire/13080798""]",True,True,2026-10-07
887508400,"[""https://apply.usastaffing.gov/ViewQuestionnaire/13076632""]",True,True,2026-10-07
887508500,"[""https://apply.usastaffing.gov/ViewQuestionnaire/13069800""]",True,True,2026-10-07
887508600,"[""https://apply.usastaffing.gov/ViewQuestionnaire/13070935""]",True,True,2026-10-07
887508700,"[""https://apply.usastaffing.gov/ViewQuestionnaire/13072193""]",True,True,2026-10-07
887508800,"[""https://apply.usastaffing.gov/ViewQuestionnaire/13079512""]",True,True,2026-10-07
887508900,"[""https://apply.usastaffing.gov/ViewQuestionnaire/13073531""]",True,True,2026-10-07
887509000,"[""https://apply.usastaffing.gov/ViewQuestionnaire/13075740""]",True,True,2026-10-07
887509100,"[""https://apply.usastaffing.gov/ViewQuestionnaire/13075922""]",True,True,2026-10-07
887509200,[],True,True,2026-10-07
887509400,"[""https://apply.usastaffing.gov/ViewQuestionnaire/13078442""]",True,True,2026-10-07
887509600,"[""https://apply.usastaffing.gov/ViewQuestionnaire/13075824""]",True,True,2026-10-07
887509700,[],False,False,2026-10-07
887509800,"[""https://apply.usastaffing.gov/ViewQuestionnaire/13081672""]",True,True,2026-10-07
887509900,"[""https://apply.usastaffing.gov/ViewQuestionnaire/13070815""]",True,True,2026-10-07
887510100,"[""https://apply.usastaffing.gov/ViewQuestionnaire/13076443""]",True,True,2026-10-07
887510200,"[""https://apply.usastaffing.gov/ViewQuestionnaire/13070700""]",True,True,2026-10-07
887510300,[],True,True,2026-10-07
887510400,"[""https://apply.usastaffing.gov/ViewQuestionnaire/13080273""]",True,True,2026-10-07
887510500,"[""https://apply.usastaffing.gov/ViewQuestionnaire/13076455""]",True,True,2026-10-07
887510600,"[""https://apply.usastaffing.gov/ViewQuestionnaire/13080931""]",True,True,2026-10-07
887510700,"[""https://apply.usastaffing.gov/ViewQuestionnaire/13071267""]",True,True,2026-10-07
887510900,"[""https://apply.usastaffing.gov/ViewQuestionnaire/13079315""]",True,True,2026-10-07
887511000,[],False,False,2026-10-07
887511100,"[""https://apply.usastaffing.gov/ViewQuestionnaire/13072638""]",True,True,2026-10-07
887511200,"[""https://apply.usastaffing.gov/ViewQuestionnaire/13079633""]",True,True,2026-10-07
887511300,"[""https://apply.usastaffing.gov/ViewQuestionnaire/13070592""]",True,True,2026-10-07
887511400,"[""https://apply.usastaffing.gov/ViewQuestionnaire/13076382""]",True,True,2026-10-07
887511600,"[""https://apply.usastaffing.gov/ViewQuestionnaire/13080057""]",True,True,2026-10-07
887511700,"[""https://apply.usastaffing.gov/ViewQuestionnaire/13082441""]",True,True,2026-10-07
887511800,"[""https://apply.usastaffing.gov/ViewQuestionnaire/13072879""]",True,True,2026-10-07
887512000,"[""https://apply.usastaffing.gov/ViewQuestionnaire/13080123""]",True,True,2026-10-07
887512600,[],True,True,2026-10-07
887512700,"[""https://apply.usastaffing.gov/ViewQuestionnaire/13082360""]",True,True,2026-10-07
887512800,"[""https://apply.usastaffing.gov/ViewQuestionnaire/13082214""]",True,True,2026-10-07
887512900,"[""https://apply.usastaffing.gov/ViewQuestionnaire/13071372""]",True,True,2026-10-07
887513000,[],True,True,2026-10-07
887513200,[],True,True,2026-10-07
887513500,"[""https://apply.usastaffing.gov/ViewQuestionnaire/13064168""]",True,True,2026-10-07
887513700,"[""https://apply.usastaffing.gov/ViewQuestionnaire/13081873""]",True,True,2026-10-07
887513800,"[""https://apply.usastaffing.gov/ViewQuestionnaire/13082813""]",True,True,2026-10-07
887513900,"[""https://apply.usastaffing.gov/ViewQuestionnaire/13081428""]",True,True,2026-10-07
887514000,"[""https://apply.usastaffing.gov/ViewQuestionnaire/13081850""]",True,True,2026-10-07
887514100,"[""https://apply.usastaffing.gov/ViewQuestionnaire/13072647""]",True,True,2026-10-07
887514200,[],True,True,2026-10-07
887514800,"[""https://apply.usastaffing.gov/ViewQuestionnaire/13070494""]",True,True,2026-10-07
887514900,[],True,True,2026-10-07
887515000,"[""https://apply.usastaffing.gov/ViewQuestionnaire/13078985""]",True,True,2026-10-07
887515200,"[""https://apply.usastaffing.gov/ViewQuestionnaire/13074493""]",True,True,2026-10-07
887515400,"[""https://apply.usastaffing.gov/ViewQuestionnaire/13078123""]",True,True,2026-10-07
887515700,"[""https://apply.usastaffing.gov/ViewQuestionnaire/13081168""]",True,True,2026-10-07
887516000,[],True,True,2026-10-07
887516100,"[""https://apply.usastaffing.gov/ViewQuestionnaire/13080829""]",True,True,2026-10-07
887516400,"[""https://apply.usastaffing.gov/ViewQuestionnaire/13080684""]",True,True,2026-10-07
887516500,"[""https://apply.usastaffing.gov/ViewQuestionnaire/13082799""]",True,True,2026-10-07
887516600,"[""https://apply.usastaffing.gov/ViewQuestionnaire/13079751""]",True,True,2026-10-07
887516700,"[""https://apply.usastaffing.gov/ViewQuestionnaire/13082804""]",True,True,2026-10-07
887516800,[],True,True,2026-10-07
887516900,"[""https://apply.usastaffing.gov/ViewQuestionnaire/13080518""]",True,True,2026-10-07
887517000,"[""https://apply.usastaffing.gov/ViewQuestionnaire/13079372""]",True,True,2026-10-07
887517400,"[""https://apply.usastaffing.gov/ViewQuestionnaire/13081211""]",True,True,2026-10-07
887517500,"[""https://apply.usastaffing.gov/ViewQuestionnaire/13080579""]",True,True,2026-10-07
887517600,"[""https://apply.usastaffing.gov/ViewQuestionnaire/13082836""]",True,True,2026-10-07
887517900,"[""https://apply.usastaffing.gov/ViewQuestionnaire/13082540""]",True,True,2026-10-07
887518000,"[""https://apply.usastaffing.gov/ViewQuestionnaire/13067847""]",True,True,2026-10-07
887518200,[],True,True,2026-10-07
887518300,"[""https://apply.usastaffing.gov/ViewQuestionnaire/13082070""]",True,True,2026-10-07
887518500,[],True,True,2026-10-07
887519100,"[""https://apply.usastaffing.gov/ViewQuestionnaire/13082842""]",True,True,2026-10-07
887519200,"[""https://apply.usastaffing.gov/ViewQuestionnaire/13082408""]",True,True,2026-10-07
887519500,"[""https://apply.usastaffing.gov/ViewQuestionnaire/13069722""]",True,True,2026-10-07
887519600,"[""https://apply.usastaffing.gov/ViewQuestionnaire/13081716""]",True,True,2026-10-07
887520000,"[""https://apply.usastaffing.gov/ViewQuestionnaire/13080661""]",True,True,2026-10-07
887520100,"[""https://apply.usastaffing.gov/ViewQuestionnaire/13078699""]",True,True,2026-10-07
887520400,"[""https://apply.usastaffing.gov/ViewQuestionnaire/13082101""]",True,True,2026-10-07
887520500,[],True,True,2026-10-07
887520600,"[""https://apply.usastaffing.gov/ViewQuestionnaire/13081222""]",True,True,2026-10-07
887520700,"[""https://apply.usastaffing.gov/ViewQuestionnaire/13080409""]",True,True,2026-10-07
887520800,"[""https://apply.usastaffing.gov/ViewQuestionnaire/13079976""]",True,True,2026-10-07
887520900,"[""https://apply.usastaffing.gov/ViewQuestionnaire/13079956""]",True,True,2026-10-07
887521000,[],True,True,2026-10-07
887521100,[],True,False,2026-10-07
887521200,"[""https://apply.usastaffing.gov/ViewQuestionnaire/13080640""]",True,True,2026-10-07
887521300,[],True,True,2026-10-07
887521500,"[""https://apply.usastaffing.gov/ViewQuestionnaire/13081274""]",True,True,2026-10-07
887521600,"[""https://apply.usastaffing.gov/ViewQuestionnaire/13081276""]",True,True,2026-10-07
887521700,"[""https://apply.usastaffing.gov/ViewQuestionnaire/13068047""]",True,True,2026-10-07
887521800,[],True,True,2026-10-07
887521900,"[""https://apply.usastaffing.gov/ViewQuestionnaire/13078519""]",True,True,2026-10-07
887522100,"[""https://apply.usastaffing.gov/ViewQuestionnaire/13080756""]",True,True,2026-10-07
887522300,[],False,False,2026-10-07
887522400,"[""https://apply.usastaffing.gov/ViewQuestionnaire/13071224""]",True,True,2026-10-07
887522500,"[""https://apply.usastaffing.gov/ViewQuestionnaire/13078100""]",True,True,2026-10-07
887522600,"[""https://apply.usastaffing.gov/ViewQuestionnaire/13082139""]",True,True,2026-10-07
887522700,[],True,True,2026-10-07
887522900,"[""https://apply.usastaffing.gov/ViewQuestionnaire/13080012""]",True,True,2026-10-07
887523300,"[""https://apply.usastaffing.gov/ViewQuestionnaire/13077419""]",True,True,2026-10-07
887523400,"[""https://apply.usastaffing.gov/ViewQuestionnaire/13071223""]",True,True,2026-10-07
887523500,"[""https://apply.usastaffing.gov/ViewQuestionnaire/13082318""]",True,True,2026-10-07
887523700,"[""https://apply.usastaffing.gov/ViewQuestionnaire/13082834""]",True,True,2026-10-07
887523900,"[""https://apply.usastaffing.gov/ViewQuestionnaire/13080618""]",True,True,2026-10-07
887524000,"[""https://apply.usastaffing.gov/ViewQuestionnaire/13082006""]",True,True,2026-10-07
887524100,"[""https://apply.usastaffing.gov/ViewQuestionnaire/13080014""]",True,True,2026-10-07
887524200,"[""https://apply.usastaffing.gov/ViewQuestionnaire/13077673""]",True,True,2026-10-07
887524300,"[""https://apply.usastaffing.gov/ViewQuestionnaire/13080896""]",True,True,2026-10-07
887524400,"[""https://apply.usastaffing.gov/ViewQuestionnaire/13079535""]",True,True,2026-10-07
887524500,[],True,True,2026-10-07
887524600,"[""https://apply.usastaffing.gov/ViewQuestionnaire/13081278""]",True,True,2026-10-07
887524900,"[""https://apply.usastaffing.gov/ViewQuestionnaire/13079524""]",True,True,2026-10-07
887525000,"[""https://apply.usastaffing.gov/ViewQuestionnaire/13082249""]",True,True,2026-10-07
887525100,[],True,True,2026-10-07
887525200,[],True,False,2026-10-07
887525300,"[""https://apply.usastaffing.gov/ViewQuestionnaire/13082041""]",True,True,2026-10-07
887525500,[],True,True,2026-10-07
887525600,[],True,True,2026-10-07
887525800,"[""https://apply.usastaffing.gov/ViewQuestionnaire/13082252""]",True,True,2026-10-07
887526100,"[""https://apply.usastaffing.gov/ViewQuestionnaire/13073066""]",True,True,2026-10-07
887526300,"[""https://apply.usastaffing.gov/ViewQuestionnaire/13082482""]",True,True,2026-10-07
887526400,"[""https://apply.usastaffing.gov/ViewQuestionnaire/13073067""]",True,True,2026-10-07
887526500,[],True,True,2026-10-07
887526600,"[""https://apply.usastaffing.gov/ViewQuestionnaire/13081468""]",True,True,2026-10-07
887526700,"[""https://apply.usastaffing.gov/ViewQuestionnaire/13079307""]",True,True,2026-10-07
887526900,[],True,True,2026-10-07
887527100,[],True,True,2026-10-07
887527200,"[""https://apply.usastaffing.gov/ViewQuestionnaire/13082852""]",True,True,2026-10-07
887527300,"[""https://apply.usastaffing.gov/ViewQuestionnaire/13082269""]",True,True,2026-10-07
887527400,"[""https://apply.usastaffing.gov/ViewQuestionnaire/13082795""]",True,True,2026-10-07
887527500,"[""https://apply.usastaffing.gov/ViewQuestionnaire/13079130""]",True,True,2026-10-07
887527600,[],True,True,2026-10-07
887527900,"[""https://apply.usastaffing.gov/ViewQuestionnaire/13079244""]",True,True,2026-10-07
887528100,"[""https://apply.usastaffing.gov/ViewQuestionnaire/13071561""]",True,True,2026-10-07
887528200,"[""https://apply.usastaffing.gov/ViewQuestionnaire/13072626""]",True,True,2026-10-07
887528300,"[""https://apply.usastaffing.gov/ViewQuestionnaire/13081616""]",True,True,2026-10-07
887528400,"[""https://apply.usastaffing.gov/ViewQuestionnaire/13080053""]",True,True,2026-10-07
887528500,[],True,True,2026-10-07
887528600,"[""https://apply.usastaffing.gov/ViewQuestionnaire/13082433""]",True,True,2026-10-07
887528700,"[""https://apply.usastaffing.gov/ViewQuestionnaire/13073087""]",True,True,2026-10-07
887528800,"[""https://apply.usastaffing.gov/ViewQuestionnaire/13075514""]",True,True,2026-10-07
887528900,"[""https://apply.usastaffing.gov/ViewQuestionnaire/13076922""]",True,True,2026-10-07
887529100,"[""https://apply.usastaffing.gov/ViewQuestionnaire/13081003""]",True,True,2026-10-07
887529200,[],True,True,2026-10-07
887529300,"[""https://apply.usastaffing.gov/ViewQuestionnaire/13074374""]",True,True,2026-10-07
887529400,"[""https://apply.usastaffing.gov/ViewQuestionnaire/13082317""]",True,True,2026-10-07
887529500,"[""https://apply.usastaffing.gov/ViewQuestionnaire/13079513""]",True,True,2026-10-07
887529800,"[""https://apply.usastaffing.gov/ViewQuestionnaire/13081838""]",True,True,2026-10-07
887530000,"[""https://apply.usastaffing.gov/ViewQuestionnaire/13082243""]",True,True,2026-10-07
887530200,"[""https://apply.usastaffing.gov/ViewQuestionnaire/13081134""]",True,True,2026-10-07
887530600,"[""https://apply.usastaffing.gov/ViewQuestionnaire/13082597""]",True,True,2026-10-07
887530700,"[""https://apply.usastaffing.gov/ViewQuestionnaire/13077598""]",True,True,2026-10-07
887530800,"[""https://apply.usastaffing.gov/ViewQuestionnaire/13073704""]",True,True,2026-10-07
887531000,"[""https://apply.usastaffing.gov/ViewQuestionnaire/13082898""]",True,True,2026-10-07
887531100,"[""https://apply.usastaffing.gov/ViewQuestionnaire/13082245""]",True,True,2026-10-07
887531400,"[""https://apply.usastaffing.gov/ViewQuestionnaire/12838828""]",True,True,2026-10-07
887531600,"[""https://apply.usastaffing.gov/ViewQuestionnaire/13082652""]",True,True,2026-10-07
887531700,"[""https://apply.usastaffing.gov/ViewQuestionnaire/13082218""]",True,True,2026-10-07
887531900,"[""https://apply.usastaffing.gov/ViewQuestionnaire/13064255""]",True,True,2026-10-07
887532100,[],True,True,2026-10-07
887532200,[],True,True,2026-10-07
887532300,"[""https://apply.usastaffing.gov/ViewQuestionnaire/13082636""]",True,True,2026-10-07
887532700,"[""https://apply.usastaffing.gov/ViewQuestionnaire/13082899""]",True,True,2026-10-07
887533000,[],True,True,2026-10-07
887533100,"[""https://apply.usastaffing.gov/ViewQuestionnaire/13082502""]",True,True,2026-10-07
887533400,"[""https://apply.usastaffing.gov/ViewQuestionnaire/13082874""]",True,True,2026-10-07
887533500,"[""https://apply.usastaffing.gov/ViewQuestionnaire/13082417""]",True,True,2026-10-07
887533600,[],True,True,2026-10-07
887533800,"[""https://apply.usastaffing.gov/ViewQuestionnaire/13081431""]",True,True,2026-10-07
887533900,"[""https://apply.usastaffing.gov/ViewQuestionnaire/13080105""]",True,True,2026-10-07
887534000,"[""https://apply.usastaffing.gov/ViewQuestionnaire/13081553""]",True,True,2026-10-07
887534300,"[""https://apply.usastaffing.gov/ViewQuestionnaire/13079908""]",True,True,2026-10-07
887535000,"[""https://apply.usastaffing.gov/ViewQuestionnaire/13082500""]",True,True,2026-10-07
887535100,"[""https://apply.usastaffing.gov/ViewQuestionnaire/13072656""]",True,True,2026-10-07
887535300,"[""https://apply.usastaffing.gov/ViewQuestionnaire/13077774""]",True,True,2026-10-07
887536100,"[""https://apply.usastaffing.gov/ViewQuestionnaire/13082121""]",True,True,2026-10-07
887536200,[],True,True,2026-10-07
887536400,[],True,True,2026-10-07
887536500,"[""https://jobs.monstergovt.com/gsa/ros/rosDashboard.hms?O=1&J=112845"", ""https://jobs.monstergovt.com/gsa/ros/rosDashboard.hms?O=1&J=112845&S=1""]",True,False,2026-10-07
887536600,"[""https://apply.usastaffing.gov/ViewQuestionnaire/13054150""]",True,True,2026-10-07
887536700,"[""https://apply.usastaffing.gov/ViewQuestionnaire/13081053""]",True,True,2026-10-07
887536800,"[""https://apply.usastaffing.gov/ViewQuestionnaire/13082547""]",True,True,2026-10-07
887536900,"[""https://apply.usastaffing.gov/ViewQuestionnaire/13080908""]",True,True,2026-10-07
887537200,"[""https://apply.usastaffing.gov/ViewQuestionnaire/13082895""]",True,True,2026-10-07
887537300,"[""https://apply.usastaffing.gov/ViewQuestionnaire/13073676""]",True,True,2026-10-07
887537400,"[""https://apply.usastaffing.gov/ViewQuestionnaire/13082644""]",True,True,2026-10-07
887537500,"[""https://apply.usastaffing.gov/ViewQuestionnaire/13080888""]",True,True,2026-10-07
887537600,"[""https://apply.usastaffing.gov/ViewQuestionnaire/13081917""]",True,True,2026-10-07
887537800,[],True,True,2026-10-07
887537900,"[""https://apply.usastaffing.gov/ViewQuestionnaire/13080667""]",True,True,2026-10-07
887538200,[],False,False,2026-10-07
887538300,[],False,False,2026-10-07
887538400,"[""https://apply.usastaffing.gov/ViewQuestionnaire/13078716""]",True,True,2026-10-07
887538500,"[""https://apply.usastaffing.gov/ViewQuestionnaire/13082438""]",True,True,2026-10-07
887538700,"[""https://apply.usastaffing.gov/ViewQuestionnaire/13080772""]",True,True,2026-10-07
887538800,"[""https://apply.usastaffing.gov/ViewQuestionnaire/13079715""]",True,True,2026-10-07
887539000,"[""https://apply.usastaffing.gov/ViewQuestionnaire/13055858""]",True,True,2026-10-07
887539100,"[""https://apply.usastaffing.gov/ViewQuestionnaire/13078143""]",True,True,2026-10-07
887539400,[],True,False,2026-10-07
887539600,[],True,False,2026-10-07
887539800,"[""https://apply.usastaffing.gov/ViewQuestionnaire/13072631""]",True,True,2026-10-07
887540000,"[""https://apply.usastaffing.gov/ViewQuestionnaire/13072492""]",True,True,2026-10-07
887540300,"[""https://apply.usastaffing.gov/ViewQuestionnaire/13082873""]",True,True,2026-10-07
887540600,"[""https://apply.usastaffing.gov/ViewQuestionnaire/13079747""]",True,True,2026-10-07
887540900,"[""https://apply.usastaffing.gov/ViewQuestionnaire/13069840""]",True,True,2026-10-07
887541200,"[""https://apply.usastaffing.gov/ViewQuestionnaire/13078862""]",True,True,2026-10-07
887541600,"[""https://apply.usastaffing.gov/ViewQuestionnaire/13069841""]",True,True,2026-10-07
887541800,"[""https://apply.usastaffing.gov/ViewQuestionnaire/13069842""]",True,True,2026-10-07
887541900,[],True,True,2026-10-07
887542000,[],True,True,2026-10-07
887542100,[],True,True,2026-10-07
887542300,"[""https://apply.usastaffing.gov/ViewQuestionnaire/13078422""]",True,True,2026-10-07
887542400,"[""https://apply.usastaffing.gov/ViewQuestionnaire/13082602""]",True,True,2026-10-07
887542600,"[""https://apply.usastaffing.gov/ViewQuestionnaire/13081216""]",True,True,2026-10-07
887543100,"[""https://jobs.monstergovt.com/gsa/ros/rosDashboard.hms?O=1&J=112841"", ""https://jobs.monstergovt.com/gsa/ros/rosDashboard.hms?O=1&J=112841&S=1""]",True,False,2026-10-07
887543200,"[""https://apply.usastaffing.gov/ViewQuestionnaire/13082954""]",True,True,2026-10-07
887543300,[],True,True,2026-10-07
887543400,"[""https://apply.usastaffing.gov/ViewQuestionnaire/13082919""]",True,True,2026-10-07
887543700,"[""https://apply.usastaffing.gov/ViewQuestionnaire/13082861""]",True,True,2026-10-07
887544000,"[""https://apply.usastaffing.gov/ViewQuestionnaire/13074138""]",True,True,2026-10-07
887544100,"[""https://apply.usastaffing.gov/ViewQuestionnaire/13081251""]",True,True,2026-10-07
887544300,[],True,True,2026-10-07
887544600,[],True,True,2026-10-07
887544700,"[""https://apply.usastaffing.gov/ViewQuestionnaire/13081942""]",True,True,2026-10-07
887544800,"[""https://apply.usastaffing.gov/ViewQuestionnaire/13068380""]",True,True,2026-10-07
887544900,[],True,True,2026-10-07
887545200,[],True,True,2026-10-07
887545300,"[""https://apply.usastaffing.gov/ViewQuestionnaire/13079812""]",True,True,2026-10-07
887545400,"[""https://apply.usastaffing.gov/ViewQuestionnaire/13082384""]",True,True,2026-10-07
887545600,"[""https://apply.usastaffing.gov/ViewQuestionnaire/13082953""]",True,True,2026-10-07
887545700,"[""https://apply.usastaffing.gov/ViewQuestionnaire/13082456""]",True,True,2026-10-07
887546000,"[""https://apply.usastaffing.gov/ViewQuestionnaire/13070594""]",True,True,2026-10-07
887546800,"[""https://apply.usastaffing.gov/ViewQuestionnaire/13079536""]",True,True,2026-10-07
887547000,[],True,True,2026-10-07
887547100,"[""https://apply.usastaffing.gov/ViewQuestionnaire/13072945""]",True,True,2026-10-07
887547300,"[""https://apply.usastaffing.gov/ViewQuestionnaire/13071830""]",True,True,2026-10-07
887547700,[],True,True,2026-10-07
887548100,[],True,True,2026-10-07
887548500,[],True,True,2026-10-07
887548900,"[""https://apply.usastaffing.gov/ViewQuestionnaire/13081924""]",True,True,2026-10-07
887549000,"[""https://apply.usastaffing.gov/ViewQuestionnaire/13082008""]",True,True,2026-10-07
887549100,[],False,False,2026-10-07
887549200,"[""https://apply.usastaffing.gov/ViewQuestionnaire/13075874""]",True,True,2026-10-07
887549300,[],False,True,2026-10-07
887549500,"[""https://apply.usastaffing.gov/ViewQuestionnaire/13082763""]",True,True,2026-10-07
887549700,"[""https://apply.usastaffing.gov/ViewQuestionnaire/13077045""]",True,True,2026-10-07
887550000,"[""https://apply.usastaffing.gov/ViewQuestionnaire/13082856""]",True,True,2026-10-07
887550100,"[""https://apply.usastaffing.gov/ViewQuestionnaire/13082927""]",True,True,2026-10-07
887550400,[],True,True,2026-10-07
887550600,"[""https://apply.usastaffing.gov/ViewQuestionnaire/13081386""]",True,True,2026-10-07
887550800,"[""https://apply.usastaffing.gov/ViewQuestionnaire/13077975""]",True,True,2026-10-07
887550900,"[""https://apply.usastaffing.gov/ViewQuestionnaire/13079061""]",True,True,2026-10-07
887551200,"[""https://apply.usastaffing.gov/ViewQuestionnaire/13082951""]",True,True,2026-10-07
887551400,"[""https://apply.usastaffing.gov/ViewQuestionnaire/13079497""]",True,True,2026-10-07
887551600,[],True,True,2026-10-07
887551700,"[""https://apply.usastaffing.gov/ViewQuestionnaire/13079884""]",True,True,2026-10-07
887551800,"[""https://apply.usastaffing.gov/ViewQuestionnaire/13082923""]",True,True,2026-10-07
887552100,"[""https://apply.usastaffing.gov/ViewQuestionnaire/13066775""]",True,True,2026-10-07
887552200,"[""https://apply.usastaffing.gov/ViewQuestionnaire/13082660""]",True,True,2026-10-07
887552300,"[""https://apply.usastaffing.gov/ViewQuestionnaire/13083008""]",True,True,2026-10-07
887552700,"[""https://apply.usastaffing.gov/ViewQuestionnaire/13076344""]",True,True,2026-10-07
887552800,"[""https://apply.usastaffing.gov/ViewQuestionnaire/13081442""]",True,True,2026-10-07
887552900,"[""https://apply.usastaffing.gov/ViewQuestionnaire/13083032""]",True,True,2026-10-07
887553000,"[""https://apply.usastaffing.gov/ViewQuestionnaire/13081752""]",True,True,2026-10-07
887553200,"[""https://apply.usastaffing.gov/ViewQuestionnaire/13066659""]",True,True,2026-10-07
887553300,"[""https://apply.usastaffing.gov/ViewQuestionnaire/13069051""]",True,True,2026-10-07
887553600,"[""https://apply.usastaffing.gov/ViewQuestionnaire/13079665""]",True,True,2026-10-07
887553800,"[""https://apply.usastaffing.gov/ViewQuestionnaire/13069129""]",True,True,2026-10-07
887554100,"[""https://apply.usastaffing.gov/ViewQuestionnaire/13081708""]",True,True,2026-10-07
887554200,"[""https://apply.usastaffing.gov/ViewQuestionnaire/13082717""]",True,True,2026-10-07
887554400,"[""https://apply.usastaffing.gov/ViewQuestionnaire/13076629""]",True,True,2026-10-07
887554500,"[""https://apply.usastaffing.gov/ViewQuestionnaire/13080294""]",True,True,2026-10-07
887554600,"[""https://apply.usastaffing.gov/ViewQuestionnaire/13082889""]",True,True,2026-10-07
887554900,"[""https://apply.usastaffing.gov/ViewQuestionnaire/13081133""]",True,True,2026-10-07
887555100,"[""https://apply.usastaffing.gov/ViewQuestionnaire/13082239""]",True,True,2026-10-07
887555200,"[""https://apply.usastaffing.gov/ViewQuestionnaire/13081968""]",True,True,2026-10-07
887555500,"[""https://jobs.monstergovt.com/dos/ros/rosDashboard.hms?O=6&J=119475"", ""https://jobs.monstergovt.com/dos/ros/rosDashboard.hms?O=6&J=119475&S=1""]",True,False,2026-10-07
887555600,"[""https://apply.usastaffing.gov/ViewQuestionnaire/13079629""]",True,True,2026-10-07
887555700,"[""https://apply.usastaffing.gov/ViewQuestionnaire/13077807""]",True,True,2026-10-07
887555800,[],False,False,2026-10-07
887556000,"[""https://apply.usastaffing.gov/ViewQuestionnaire/13080303""]",True,True,2026-10-07
887556100,"[""https://apply.usastaffing.gov/ViewQuestionnaire/13057885""]",True,True,2026-10-07
887556600,"[""https://apply.usastaffing.gov/ViewQuestionnaire/13082994""]",True,True,2026-10-07
887556700,"[""https://apply.usastaffing.gov/ViewQuestionnaire/13082974""]",True,True,2026-10-07
887556900,"[""https://apply.usastaffing.gov/ViewQuestionnaire/13077866""]",True,True,2026-10-07
887557400,"[""https://apply.usastaffing.gov/ViewQuestionnaire/13082905""]",True,True,2026-10-07
887557500,"[""https://apply.usastaffing.gov/ViewQuestionnaire/13069924""]",True,True,2026-10-07
887558100,"[""https://apply.usastaffing.gov/ViewQuestionnaire/13081843""]",True,True,2026-10-07
887558400,"[""https://apply.usastaffing.gov/ViewQuestionnaire/13079483""]",True,True,2026-10-07
887558500,[],False,True,2026-10-07
887558600,"[""https://apply.usastaffing.gov/ViewQuestionnaire/13077935""]",True,True,2026-10-07
887558700,"[""https://apply.usastaffing.gov/ViewQuestionnaire/13081842""]",True,True,2026-10-07
887558800,"[""https://apply.usastaffing.gov/ViewQuestionnaire/13082397""]",True,True,2026-10-07
887558900,"[""https://apply.usastaffing.gov/ViewQuestionnaire/13080869""]",True,True,2026-10-07
887559000,"[""https://apply.usastaffing.gov/ViewQuestionnaire/13080628""]",True,True,2026-10-07
887559100,[],True,True,2026-10-07
887559400,[],True,True,2026-10-07
887559900,"[""https://apply.usastaffing.gov/ViewQuestionnaire/13060229""]",True,True,2026-10-07
887560000,"[""https://apply.usastaffing.gov/ViewQuestionnaire/13071346""]",True,True,2026-10-07
887560100,"[""https://apply.usastaffing.gov/ViewQuestionnaire/13082883""]",True,True,2026-10-07
887560300,"[""https://apply.usastaffing.gov/ViewQuestionnaire/13081325""]",True,True,2026-10-07
887560500,"[""https://apply.usastaffing.gov/ViewQuestionnaire/13070236""]",True,True,2026-10-07
887560600,"[""https://apply.usastaffing.gov/ViewQuestionnaire/13073414""]",True,True,2026-10-07
887560800,"[""https://apply.usastaffing.gov/ViewQuestionnaire/13078798""]",True,True,2026-10-07
887560900,"[""https://apply.usastaffing.gov/ViewQuestionnaire/13078357""]",True,True,2026-10-07
887561000,[],True,True,2026-10-07
887561100,"[""https://apply.usastaffing.gov/ViewQuestionnaire/13083067""]",True,True,2026-10-07
887561200,"[""https://apply.usastaffing.gov/ViewQuestionnaire/13060013""]",True,True,2026-10-07
887561300,"[""https://apply.usastaffing.gov/ViewQuestionnaire/13082791""]",True,True,2026-10-07
887561400,"[""https://apply.usastaffing.gov/ViewQuestionnaire/13083023""]",True,True,2026-10-07
887561500,"[""https://apply.usastaffing.gov/ViewQuestionnaire/13078107""]",True,True,2026-10-07
887561600,[],True,True,2026-10-07
887561800,"[""https://apply.usastaffing.gov/ViewQuestionnaire/13082416""]",True,True,2026-10-07
887561900,[],True,True,2026-10-07
887562000,"[""https://apply.usastaffing.gov/ViewQuestionnaire/13081574""]",True,True,2026-10-07
887562300,"[""https://apply.usastaffing.gov/ViewQuestionnaire/13083092""]",True,True,2026-10-07
887562500,"[""https://apply.usastaffing.gov/ViewQuestionnaire/13072255""]",True,True,2026-10-07
887562700,"[""https://apply.usastaffing.gov/ViewQuestionnaire/13081777""]",True,True,2026-10-07
887563000,"[""https://apply.usastaffing.gov/ViewQuestionnaire/13081226""]",True,True,2026-10-07
887563400,"[""https://apply.usastaffing.gov/ViewQuestionnaire/13082908""]",True,True,2026-10-07
887563500,[],True,True,2026-10-07
887563600,"[""https://apply.usastaffing.gov/ViewQuestionnaire/13081061""]",True,True,2026-10-07
887563700,"[""https://apply.usastaffing.gov/ViewQuestionnaire/13083014""]",True,True,2026-10-07
887563800,"[""https://apply.usastaffing.gov/ViewQuestionnaire/13083013""]",True,True,2026-10-07
887563900,"[""https://apply.usastaffing.gov/ViewQuestionnaire/13081242""]",True,True,2026-10-07
887564100,"[""https://apply.usastaffing.gov/ViewQuestionnaire/13082982""]",True,True,2026-10-07
887564200,"[""https://apply.usastaffing.gov/ViewQuestionnaire/13081139""]",True,True,2026-10-07
887564300,"[""https://apply.usastaffing.gov/ViewQuestionnaire/13081391""]",True,True,2026-10-07
887564400,"[""https://apply.usastaffing.gov/ViewQuestionnaire/13072256""]",True,True,2026-10-07
887564600,"[""https://apply.usastaffing.gov/ViewQuestionnaire/13082941""]",True,True,2026-10-07
887564700,[],True,True,2026-10-07
887564900,"[""https://apply.usastaffing.gov/ViewQuestionnaire/13080868""]",True,True,2026-10-07
887565000,[],True,False,2026-10-07
887565200,[],True,False,2026-10-07
887565300,[],True,False,2026-10-07
887565400,"[""https://apply.usastaffing.gov/ViewQuestionnaire/13072977""]",True,True,2026-10-07
887565800,"[""https://apply.usastaffing.gov/ViewQuestionnaire/13083020""]",True,True,2026-10-07
887565900,[],True,True,2026-10-07
887566000,"[""https://apply.usastaffing.gov/ViewQuestionnaire/13083024""]",True,True,2026-10-07
887566200,[],True,True,2026-10-07
887566400,"[""https://apply.usastaffing.gov/ViewQuestionnaire/13081309""]",True,True,2026-10-07
887566700,"[""https://apply.usastaffing.gov/ViewQuestionnaire/13082162""]",True,True,2026-10-07
887566800,"[""https://apply.usastaffing.gov/ViewQuestionnaire/13077175""]",True,True,2026-10-07
887566900,"[""https://apply.usastaffing.gov/ViewQuestionnaire/13082882""]",True,True,2026-10-07
887567000,"[""https://apply.usastaffing.gov/ViewQuestionnaire/13072165""]",True,True,2026-10-07
887567200,[],True,True,2026-10-07
887567300,"[""https://apply.usastaffing.gov/ViewQuestionnaire/13067211""]",True,True,2026-10-07
887567600,"[""https://apply.usastaffing.gov/ViewQuestionnaire/13080983""]",True,True,2026-10-07
887567800,"[""https://apply.usastaffing.gov/ViewQuestionnaire/13083102""]",True,True,2026-10-07
887568000,"[""https://apply.usastaffing.gov/ViewQuestionnaire/13080990""]",True,True,2026-10-07
887568100,"[""https://apply.usastaffing.gov/ViewQuestionnaire/13082955""]",True,True,2026-10-07
887568200,[],True,True,2026-10-07
887568500,"[""https://apply.usastaffing.gov/ViewQuestionnaire/13081041""]",True,True,2026-10-07
887568700,"[""https://apply.usastaffing.gov/ViewQuestionnaire/13082530""]",True,True,2026-10-07
887568800,"[""https://apply.usastaffing.gov/ViewQuestionnaire/13083094""]",True,True,2026-10-07
887568900,"[""https://apply.usastaffing.gov/ViewQuestionnaire/13067212""]",True,True,2026-10-07
887569400,"[""https://apply.usastaffing.gov/ViewQuestionnaire/13081872""]",True,True,2026-10-07
887569500,"[""https://apply.usastaffing.gov/ViewQuestionnaire/13082753""]",True,True,2026-10-07
887569700,"[""https://apply.usastaffing.gov/ViewQuestionnaire/13080454""]",True,True,2026-10-07
887569900,"[""https://apply.usastaffing.gov/ViewQuestionnaire/13082983""]",True,True,2026-10-07
887570600,"[""https://apply.usastaffing.gov/ViewQuestionnaire/13080588""]",True,True,2026-10-07
887570800,"[""https://apply.usastaffing.gov/ViewQuestionnaire/13045931""]",True,True,2026-10-07
887570900,"[""https://apply.usastaffing.gov/ViewQuestionnaire/13083074""]",True,True,2026-10-07
887571100,"[""https://apply.usastaffing.gov/ViewQuestionnaire/13074016""]",True,True,2026-10-07
887571300,"[""https://apply.usastaffing.gov/ViewQuestionnaire/13079068""]",True,True,2026-10-07
887571600,"[""https://apply.usastaffing.gov/ViewQuestionnaire/13081287""]",True,True,2026-10-07
887571700,"[""https://apply.usastaffing.gov/ViewQuestionnaire/13082204""]",True,True,2026-10-07
887571800,[],True,True,2026-10-07
887572000,"[""https://apply.usastaffing.gov/ViewQuestionnaire/13082038""]",True,True,2026-10-07
887572100,"[""https://apply.usastaffing.gov/ViewQuestionnaire/13083177""]",True,True,2026-10-07
887572400,"[""https://apply.usastaffing.gov/ViewQuestionnaire/13082975""]",True,True,2026-10-07
887572500,[],True,True,2026-10-07
887572600,"[""https://apply.usastaffing.gov/ViewQuestionnaire/13080341""]",True,True,2026-10-07
887572700,"[""https://apply.usastaffing.gov/ViewQuestionnaire/13081385""]",True,True,2026-10-07
887572900,"[""https://apply.usastaffing.gov/ViewQuestionnaire/13079356""]",True,True,2026-10-07
887573200,"[""https://apply.usastaffing.gov/ViewQuestionnaire/13082900""]",True,True,2026-10-07
887573400,"[""https://apply.usastaffing.gov/ViewQuestionnaire/13077692""]",True,True,2026-10-07
887573600,"[""https://apply.usastaffing.gov/ViewQuestionnaire/13076269""]",True,True,2026-10-07
887573700,[],True,True,2026-10-07
887574200,"[""https://apply.usastaffing.gov/ViewQuestionnaire/13083099""]",True,True,2026-10-07
887574500,"[""https://apply.usastaffing.gov/ViewQuestionnaire/13083062""]",True,True,2026-10-07
887574800,[],False,False,2026-10-07
887574900,"[""https://apply.usastaffing.gov/ViewQuestionnaire/13066192""]",True,True,2026-10-07
887575000,"[""https://apply.usastaffing.gov/ViewQuestionnaire/13081685""]",True,True,2026-10-07
887575400,"[""https://apply.usastaffing.gov/ViewQuestionnaire/13075878""]",True,True,2026-10-07
887575500,"[""https://apply.usastaffing.gov/ViewQuestionnaire/13073465""]",True,True,2026-10-07
887575800,"[""https://apply.usastaffing.gov/ViewQuestionnaire/13082825""]",True,True,2026-10-07
887576000,"[""https://apply.usastaffing.gov/ViewQuestionnaire/13077054""]",True,True,2026-10-07
887576300,"[""https://apply.usastaffing.gov/ViewQuestionnaire/13083122""]",True,True,2026-10-07
887576500,"[""https://apply.usastaffing.gov/ViewQuestionnaire/13082290""]",True,True,2026-10-07
887576700,"[""https://apply.usastaffing.gov/ViewQuestionnaire/13082962""]",True,True,2026-10-07
887577100,"[""https://apply.usastaffing.gov/ViewQuestionnaire/13082525""]",True,True,2026-10-07
887577300,"[""https://apply.usastaffing.gov/ViewQuestionnaire/13082948""]",True,True,2026-10-07
887577500,"[""https://apply.usastaffing.gov/ViewQuestionnaire/13083034""]",True,True,2026-10-07
887577900,"[""https://apply.usastaffing.gov/ViewQuestionnaire/13083033""]",True,True,2026-10-07
887578200,"[""https://jobs.monstergovt.com/dos/ros/rosDashboard.hms?O=6&J=119490"", ""https://jobs.monstergovt.com/dos/ros/rosDashboard.hms?O=6&J=119490&S=1""]",True,False,2026-10-07
887578400,"[""https://apply.usastaffing.gov/ViewQuestionnaire/13079445""]",True,True,2026-10-07
887578500,[],True,True,2026-10-07
887578700,"[""https://apply.usastaffing.gov/ViewQuestionnaire/13081902""]",True,True,2026-10-07
887579000,"[""https://apply.usastaffing.gov/ViewQuestionnaire/13076401""]",True,True,2026-10-07
887579100,"[""https://apply.usastaffing.gov/ViewQuestionnaire/13079444""]",True,True,2026-10-07
887579200,"[""https://apply.usastaffing.gov/ViewQuestionnaire/13074419""]",True,True,2026-10-07
887579900,"[""https://apply.usastaffing.gov/ViewQuestionnaire/13082845""]",True,True,2026-10-07
887580100,"[""https://apply.usastaffing.gov/ViewQuestionnaire/13078709""]",True,True,2026-10-07
887580200,"[""https://apply.usastaffing.gov/ViewQuestionnaire/13079443""]",True,True,2026-10-07
887580400,"[""https://apply.usastaffing.gov/ViewQuestionnaire/13081543""]",True,True,2026-10-07
887581000,[],True,True,2026-10-07
887581200,"[""https://apply.usastaffing.gov/ViewQuestionnaire/13083232""]",True,True,2026-10-07
887581400,"[""https://jobs.monstergovt.com/hment/ros/rosDashboard.hms?O=1&J=55062"", ""https://jobs.monstergovt.com/hment/ros/rosDashboard.hms?O=1&J=55062&S=1""]",True,False,2026-10-07
887581500,"[""https://apply.usastaffing.gov/ViewQuestionnaire/13073378""]",True,True,2026-10-07
887581600,"[""https://apply.usastaffing.gov/ViewQuestionnaire/13081787""]",True,True,2026-10-07
887581700,"[""https://apply.usastaffing.gov/ViewQuestionnaire/13072186""]",True,True,2026-10-07
887581800,"[""https://jobs.monstergovt.com/hment/ros/rosDashboard.hms?O=1&J=55063"", ""https://jobs.monstergovt.com/hment/ros/rosDashboard.hms?O=1&J=55063&S=1""]",True,False,2026-10-07
887582000,"[""https://apply.usastaffing.gov/ViewQuestionnaire/13079242""]",True,True,2026-10-07
887582200,"[""https://apply.usastaffing.gov/ViewQuestionnaire/13079197""]",True,True,2026-10-07
887582600,"[""https://apply.usastaffing.gov/ViewQuestionnaire/13077128""]",True,True,2026-10-07
887582700,"[""https://apply.usastaffing.gov/ViewQuestionnaire/13083227""]",True,True,2026-10-07
887582800,"[""https://apply.usastaffing.gov/ViewQuestionnaire/13083137""]",True,True,2026-10-07
887583100,"[""https://apply.usastaffing.gov/ViewQuestionnaire/13078080""]",True,True,2026-10-07
887584000,"[""https://apply.usastaffing.gov/ViewQuestionnaire/13083233""]",True,True,2026-10-07
887584100,[],True,False,2026-10-07
887584400,"[""https://apply.usastaffing.gov/ViewQuestionnaire/13081664""]",True,True,2026-10-07
887584800,"[""https://apply.usastaffing.gov/ViewQuestionnaire/13047925""]",True,True,2026-10-07
887585000,"[""https://apply.usastaffing.gov/ViewQuestionnaire/13083257""]",True,True,2026-10-07
887585100,"[""https://apply.usastaffing.gov/ViewQuestionnaire/13081598""]",True,True,2026-10-07
887585400,"[""https://apply.usastaffing.gov/ViewQuestionnaire/13079889""]",True,True,2026-10-07
887585900,"[""https://apply.usastaffing.gov/ViewQuestionnaire/13082550""]",True,True,2026-10-07
887586400,[],False,False,2026-10-07
887586600,"[""https://apply.usastaffing.gov/ViewQuestionnaire/13080254""]",True,True,2026-10-07
887587100,"[""https://apply.usastaffing.gov/ViewQuestionnaire/13083260""]",True,True,2026-10-07
887587300,"[""https://apply.usastaffing.gov/ViewQuestionnaire/13079264""]",True,True,2026-10-07
887587500,"[""https://apply.usastaffing.gov/ViewQuestionnaire/13083156""]",True,True,2026-10-07
887587700,"[""https://apply.usastaffing.gov/ViewQuestionnaire/13081546""]",True,True,2026-10-07
887587900,"[""https://apply.usastaffing.gov/ViewQuestionnaire/13081981""]",True,True,2026-10-07
887588000,"[""https://apply.usastaffing.gov/ViewQuestionnaire/13073337""]",True,True,2026-10-07
887588100,"[""https://apply.usastaffing.gov/ViewQuestionnaire/13081559""]",True,True,2026-10-07
887588300,"[""https://apply.usastaffing.gov/ViewQuestionnaire/13082020""]",True,True,2026-10-07
887588400,"[""https://apply.usastaffing.gov/ViewQuestionnaire/13082673""]",True,True,2026-10-07
887588600,"[""https://apply.usastaffing.gov/ViewQuestionnaire/13082665""]",True,True,2026-10-07
887588700,"[""https://apply.usastaffing.gov/ViewQuestionnaire/13077394""]",True,True,2026-10-07
887589000,"[""https://apply.usastaffing.gov/ViewQuestionnaire/13081867""]",True,True,2026-10-07
887589100,"[""https://apply.usastaffing.gov/ViewQuestionnaire/13073107""]",True,True,2026-10-07
887589200,[],True,True,2026-10-07
887589300,"[""https://apply.usastaffing.gov/ViewQuestionnaire/13083096""]",True,True,2026-10-07
887589400,[],True,True,2026-10-07
887589700,"[""https://apply.usastaffing.gov/ViewQuestionnaire/13078567""]",True,True,2026-10-07
887589800,"[""https://apply.usastaffing.gov/ViewQuestionnaire/13083210""]",True,True,2026-10-07
887590300,"[""https://apply.usastaffing.gov/ViewQuestionnaire/13076538""]",True,True,2026-10-07
887590500,"[""https://apply.usastaffing.gov/ViewQuestionnaire/13081885""]",True,True,2026-10-07
887590600,"[""https://apply.usastaffing.gov/ViewQuestionnaire/13082828""]",True,True,2026-10-07
887590700,[],True,True,2026-10-07
887591100,"[""https://apply.usastaffing.gov/ViewQuestionnaire/13083288""]",True,True,2026-10-07
887591200,"[""https://apply.usastaffing.gov/ViewQuestionnaire/13082274""]",True,True,2026-10-07
887592100,"[""https://apply.usastaffing.gov/ViewQuestionnaire/13082631""]",True,True,2026-10-07
887592200,"[""https://apply.usastaffing.gov/ViewQuestionnaire/13076597""]",True,True,2026-10-07
887592400,"[""https://apply.usastaffing.gov/ViewQuestionnaire/13080491""]",True,True,2026-10-07
887592500,"[""https://apply.usastaffing.gov/ViewQuestionnaire/13081579""]",True,True,2026-10-07
887592700,"[""https://apply.usastaffing.gov/ViewQuestionnaire/13082496""]",True,True,2026-10-07
887592800,[],False,False,2026-10-07
887592900,"[""https://apply.usastaffing.gov/ViewQuestionnaire/13083262""]",True,True,2026-10-07
887593000,"[""https://apply.usastaffing.gov/ViewQuestionnaire/13082230""]",True,True,2026-10-07
887593100,"[""https://apply.usastaffing.gov/ViewQuestionnaire/13076535""]",True,True,2026-10-07
887593300,"[""https://apply.usastaffing.gov/ViewQuestionnaire/13080279""]",True,True,2026-10-07
887593400,"[""https://apply.usastaffing.gov/ViewQuestionnaire/13082034""]",True,True,2026-10-07
887593600,"[""https://apply.usastaffing.gov/ViewQuestionnaire/13075809""]",True,True,2026-10-07
887593800,"[""https://apply.usastaffing.gov/ViewQuestionnaire/13081070""]",True,True,2026-10-07
887594300,"[""https://apply.usastaffing.gov/ViewQuestionnaire/13078687""]",True,True,2026-10-07
887594400,"[""https://apply.usastaffing.gov/ViewQuestionnaire/13082809""]",True,True,2026-10-07
887594500,"[""https://apply.usastaffing.gov/ViewQuestionnaire/13081722""]",True,True,2026-10-07
887594600,"[""https://apply.usastaffing.gov/ViewQuestionnaire/13083263""]",True,True,2026-10-07
887594700,"[""https://apply.usastaffing.gov/ViewQuestionnaire/13080240""]",True,True,2026-10-07
887594800,"[""https://apply.usastaffing.gov/ViewQuestionnaire/13076847""]",True,True,2026-10-07
887594900,[],True,True,2026-10-07
887595200,"[""https://apply.usastaffing.gov/ViewQuestionnaire/13083282""]",True,True,2026-10-07
887595400,"[""https://apply.usastaffing.gov/ViewQuestionnaire/13081857""]",True,True,2026-10-07
887595500,"[""https://apply.usastaffing.gov/ViewQuestionnaire/13069635""]",True,True,2026-10-07
887595900,"[""https://apply.usastaffing.gov/ViewQuestionnaire/13082419""]",True,True,2026-10-07
887596100,"[""https://apply.usastaffing.gov/ViewQuestionnaire/13081526""]",True,True,2026-10-07
887596200,"[""https://apply.usastaffing.gov/ViewQuestionnaire/13083125""]",True,True,2026-10-07
887596300,"[""https://apply.usastaffing.gov/ViewQuestionnaire/13078575""]",True,True,2026-10-07
887596400,"[""https://apply.usastaffing.gov/ViewQuestionnaire/13082599""]",True,True,2026-10-07
887596700,"[""https://apply.usastaffing.gov/ViewQuestionnaire/13082048""]",True,True,2026-10-07
887597000,"[""https://apply.usastaffing.gov/ViewQuestionnaire/13083304""]",True,True,2026-10-07
887597100,"[""https://apply.usastaffing.gov/ViewQuestionnaire/13082342""]",True,True,2026-10-07
887597500,"[""https://apply.usastaffing.gov/ViewQuestionnaire/13082055""]",True,True,2026-10-07
887597700,"[""https://apply.usastaffing.gov/ViewQuestionnaire/13083155""]",True,True,2026-10-07
887598000,"[""https://apply.usastaffing.gov/ViewQuestionnaire/13083333""]",True,True,2026-10-07
887598500,"[""https://apply.usastaffing.gov/ViewQuestionnaire/13083279""]",True,True,2026-10-07
887598800,[],True,True,2026-10-07
887598900,[],False,True,2026-10-07
887599100,"[""https://apply.usastaffing.gov/ViewQuestionnaire/13058912""]",True,True,2026-10-07
887599200,"[""https://apply.usastaffing.gov/ViewQuestionnaire/13074349""]",True,True,2026-10-07
887599300,"[""https://apply.usastaffing.gov/ViewQuestionnaire/13081609""]",True,True,2026-10-07
887599400,"[""https://apply.usastaffing.gov/ViewQuestionnaire/13081979""]",True,True,2026-10-07
887599600,"[""https://apply.usastaffing.gov/ViewQuestionnaire/13083267""]",True,True,2026-10-07
887599800,"[""https://apply.usastaffing.gov/ViewQuestionnaire/13039993""]",True,True,2026-10-07
887599900,"[""https://jobs.monstergovt.com/dos/ros/rosDashboard.hms?O=6&J=119373"", ""https://jobs.monstergovt.com/dos/ros/rosDashboard.hms?O=6&J=119373&S=1""]",True,False,2026-10-07
887600000,"[""https://apply.usastaffing.gov/ViewQuestionnaire/13080676""]",True,True,2026-10-07
887600200,[],True,False,2026-10-07
887600300,[],True,True,2026-10-07
887600600,"[""https://apply.usastaffing.gov/ViewQuestionnaire/13080938""]",True,True,2026-10-07
887601000,"[""https://apply.usastaffing.gov/ViewQuestionnaire/13080540""]",True,True,2026-10-07
887601100,[],True,True,2026-10-07
887601500,"[""https://apply.usastaffing.gov/ViewQuestionnaire/13080986""]",True,True,2026-10-07
887601600,"[""https://apply.usastaffing.gov/ViewQuestionnaire/13082920""]",True,True,2026-10-07
887601700,"[""https://apply.usastaffing.gov/ViewQuestionnaire/13082805""]",True,True,2026-10-07
887601800,"[""https://apply.usastaffing.gov/ViewQuestionnaire/13083309""]",True,True,2026-10-07
887602000,"[""https://apply.usastaffing.gov/ViewQuestionnaire/13039291"", ""https://apply.usastaffing.gov/ViewQuestionnaire/12994703""]",True,True,2026-10-07
887602100,"[""https://apply.usastaffing.gov/ViewQuestionnaire/13083083""]",True,True,2026-10-07
887602200,"[""https://apply.usastaffing.gov/ViewQuestionnaire/13062729""]",True,True,2026-10-07
887602400,"[""https://apply.usastaffing.gov/ViewQuestionnaire/13082281""]",True,True,2026-10-07
887602500,"[""https://apply.usastaffing.gov/ViewQuestionnaire/13082026""]",True,True,2026-10-07
887602600,[],True,True,2026-10-07
887602700,"[""https://apply.usastaffing.gov/ViewQuestionnaire/13078432""]",True,True,2026-10-07
887602800,"[""https://apply.usastaffing.gov/ViewQuestionnaire/13082198""]",True,True,2026-10-07
887603000,[],True,True,2026-10-07
887603300,"[""https://apply.usastaffing.gov/ViewQuestionnaire/13081181""]",True,True,2026-10-07
887603400,"[""https://apply.usastaffing.gov/ViewQuestionnaire/13083016""]",True,True,2026-10-07
887603800,"[""https://apply.usastaffing.gov/ViewQuestionnaire/13083405""]",True,True,2026-10-07
887603900,"[""https://apply.usastaffing.gov/ViewQuestionnaire/13078494""]",True,True,2026-10-07
887604000,"[""https://apply.usastaffing.gov/ViewQuestionnaire/13083215""]",True,True,2026-10-07
887604100,"[""https://apply.usastaffing.gov/ViewQuestionnaire/13083180""]",True,True,2026-10-07
887604300,"[""https://apply.usastaffing.gov/ViewQuestionnaire/13078451""]",True,True,2026-10-07
887604600,[],True,False,2026-10-07
887604700,"[""https://apply.usastaffing.gov/ViewQuestionnaire/13081045""]",True,True,2026-10-07
887604800,"[""https://apply.usastaffing.gov/ViewQuestionnaire/13080985""]",True,True,2026-10-07
887604900,"[""https://apply.usastaffing.gov/ViewQuestionnaire/13083041""]",True,True,2026-10-07
887605000,"[""https://apply.usastaffing.gov/ViewQuestionnaire/13071365""]",True,True,2026-10-07
887605100,"[""https://apply.usastaffing.gov/ViewQuestionnaire/13083040""]",True,True,2026-10-07
887605200,"[""https://apply.usastaffing.gov/ViewQuestionnaire/13083128""]",True,True,2026-10-07
887605500,"[""https://apply.usastaffing.gov/ViewQuestionnaire/13081410""]",True,True,2026-10-07
887605800,"[""https://apply.usastaffing.gov/ViewQuestionnaire/13083126""]",True,True,2026-10-07
887606200,"[""https://apply.usastaffing.gov/ViewQuestionnaire/13083354""]",True,True,2026-10-07
887606400,"[""https://apply.usastaffing.gov/ViewQuestionnaire/13083230""]",True,True,2026-10-07
887606500,[],True,False,2026-10-07
887606800,"[""https://apply.usastaffing.gov/ViewQuestionnaire/13079996""]",True,True,2026-10-07
887607100,"[""https://apply.usastaffing.gov/ViewQuestionnaire/13069904""]",True,True,2026-10-07
887607400,"[""https://apply.usastaffing.gov/ViewQuestionnaire/13082981""]",True,True,2026-10-07
887607500,"[""https://apply.usastaffing.gov/ViewQuestionnaire/13079831""]",True,True,2026-10-07
887607600,"[""https://apply.usastaffing.gov/ViewQuestionnaire/13083000""]",True,True,2026-10-07
887607800,"[""https://apply.usastaffing.gov/ViewQuestionnaire/13080857""]",True,True,2026-10-07
887607900,"[""https://apply.usastaffing.gov/ViewQuestionnaire/13080610""]",True,True,2026-10-07
887608000,"[""https://apply.usastaffing.gov/ViewQuestionnaire/13082748""]",True,True,2026-10-07
887608600,[],True,True,2026-10-07
887608900,"[""https://apply.usastaffing.gov/ViewQuestionnaire/13082949""]",True,True,2026-10-07
887609000,"[""https://apply.usastaffing.gov/ViewQuestionnaire/13082877""]",True,True,2026-10-07
887609200,[],True,True,2026-10-07
887609400,[],True,True,2026-10-07
887609600,"[""https://jobs.monstergovt.com/gsa/ros/rosDashboard.hms?O=1&J=112882"", ""https://jobs.monstergovt.com/gsa/ros/rosDashboard.hms?O=1&J=112882&S=1""]",True,False,2026-10-07
887609900,"[""https://apply.usastaffing.gov/ViewQuestionnaire/13081695""]",True,True,2026-10-07
887610200,[],True,True,2026-10-07
887610600,"[""https://jobs.monstergovt.com/dos/ros/rosDashboard.hms?O=6&J=119463"", ""https://jobs.monstergovt.com/dos/ros/rosDashboard.hms?O=6&J=119463&S=1""]",True,False,2026-10-07
887610800,"[""https://apply.usastaffing.gov/ViewQuestionnaire/13082064""]",True,True,2026-10-07
887611000,"[""https://apply.usastaffing.gov/ViewQuestionnaire/13083147""]",True,True,2026-10-07
887611100,"[""https://apply.usastaffing.gov/ViewQuestionnaire/13080205""]",True,True,2026-10-07
887611200,"[""https://apply.usastaffing.gov/ViewQuestionnaire/13068284""]",True,True,2026-10-07
887611300,"[""https://apply.usastaffing.gov/ViewQuestionnaire/13079937""]",True,True,2026-10-07
887611400,"[""https://apply.usastaffing.gov/ViewQuestionnaire/13083378""]",True,True,2026-10-07
887611500,"[""https://jobs.monstergovt.com/dot/ros/rosDashboard.hms?O=2&J=93060"", ""https://jobs.monstergovt.com/dot/ros/rosDashboard.hms?O=2&J=93060&S=1""]",True,False,2026-10-07
887611600,"[""https://apply.usastaffing.gov/ViewQuestionnaire/13083209""]",True,True,2026-10-07
887611700,"[""https://apply.usastaffing.gov/ViewQuestionnaire/13067934""]",True,True,2026-10-07
887612200,"[""https://apply.usastaffing.gov/ViewQuestionnaire/13083421""]",True,True,2026-10-07
887612400,"[""https://apply.usastaffing.gov/ViewQuestionnaire/13074346""]",True,True,2026-10-07
887612500,"[""https://apply.usastaffing.gov/ViewQuestionnaire/13082381""]",True,True,2026-10-07
887612800,"[""https://apply.usastaffing.gov/ViewQuestionnaire/13059780""]",True,True,2026-10-07
887613200,"[""https://apply.usastaffing.gov/ViewQuestionnaire/13081178""]",True,True,2026-10-07
887613300,"[""https://apply.usastaffing.gov/ViewQuestionnaire/13082771""]",True,True,2026-10-07
887613400,"[""https://apply.usastaffing.gov/ViewQuestionnaire/13083334""]",True,True,2026-10-07
887613500,"[""https://apply.usastaffing.gov/ViewQuestionnaire/13082304""]",True,True,2026-10-07
887613700,"[""https://apply.usastaffing.gov/ViewQuestionnaire/13083400""]",True,True,2026-10-07
887613900,"[""https://apply.usastaffing.gov/ViewQuestionnaire/13079169""]",True,True,2026-10-07
887614100,"[""https://apply.usastaffing.gov/ViewQuestionnaire/13080114""]",True,True,2026-10-07
887614300,"[""https://apply.usastaffing.gov/ViewQuestionnaire/13082146""]",True,True,2026-10-07
887614400,[],True,True,2026-10-07
887614600,"[""https://apply.usastaffing.gov/ViewQuestionnaire/13076270""]",True,True,2026-10-07
887614700,"[""https://apply.usastaffing.gov/ViewQuestionnaire/13080603""]",True,True,2026-10-07
887614900,[],True,True,2026-10-07
887615000,"[""https://apply.usastaffing.gov/ViewQuestionnaire/13082524""]",True,True,2026-10-07
887615200,[],True,True,2026-10-07
887615500,[],True,True,2026-10-07
887615600,"[""https://apply.usastaffing.gov/ViewQuestionnaire/13083079""]",True,True,2026-10-07
887615700,[],True,True,2026-10-07
887615900,"[""https://apply.usastaffing.gov/ViewQuestionnaire/13082568""]",True,True,2026-10-07
887616400,"[""https://apply.usastaffing.gov/ViewQuestionnaire/13082069""]",True,True,2026-10-07
887616500,"[""https://apply.usastaffing.gov/ViewQuestionnaire/13080730""]",True,True,2026-10-07
887616800,"[""https://apply.usastaffing.gov/ViewQuestionnaire/13083460""]",True,True,2026-10-07
887617000,"[""https://apply.usastaffing.gov/ViewQuestionnaire/13080310""]",True,True,2026-10-07
887617100,"[""https://apply.usastaffing.gov/ViewQuestionnaire/13082350""]",True,True,2026-10-07
887617500,[],False,False,2026-10-07
887617700,[],True,True,2026-10-07
887617800,"[""https://apply.usastaffing.gov/ViewQuestionnaire/13074010""]",True,True,2026-10-07
887617900,"[""https://apply.usastaffing.gov/ViewQuestionnaire/13082286""]",True,True,2026-10-07
887618000,"[""https://apply.usastaffing.gov/ViewQuestionnaire/13071968""]",True,True,2026-10-07
887618700,"[""https://apply.usastaffing.gov/ViewQuestionnaire/13083285""]",True,True,2026-10-07
887618800,"[""https://apply.usastaffing.gov/ViewQuestionnaire/13073912""]",True,True,2026-10-07
887618900,"[""https://apply.usastaffing.gov/ViewQuestionnaire/13083015""]",True,True,2026-10-07
887619000,"[""https://apply.usastaffing.gov/ViewQuestionnaire/13082840""]",True,True,2026-10-07
887619100,"[""https://apply.usastaffing.gov/ViewQuestionnaire/13083320""]",True,True,2026-10-07
887619200,"[""https://apply.usastaffing.gov/ViewQuestionnaire/13072406""]",True,True,2026-10-07
887619300,"[""https://apply.usastaffing.gov/ViewQuestionnaire/13079618""]",True,True,2026-10-07
887619400,[],False,True,2026-10-07
887619600,"[""https://apply.usastaffing.gov/ViewQuestionnaire/13083399""]",True,True,2026-10-07
887619700,[],True,True,2026-10-07
887619900,[],True,True,2026-10-07
887620000,[],True,True,2026-10-07
887620100,"[""https://apply.usastaffing.gov/ViewQuestionnaire/13069754""]",True,True,2026-10-07
887620200,"[""https://apply.usastaffing.gov/ViewQuestionnaire/13082120""]",True,True,2026-10-07
887620300,"[""https://apply.usastaffing.gov/ViewQuestionnaire/13083514""]",True,True,2026-10-07
887620400,"[""https://apply.usastaffing.gov/ViewQuestionnaire/13083543""]",True,True,2026-10-07
887620600,[],True,True,2026-10-07
887620700,[],True,True,2026-10-07
887620800,"[""https://apply.usastaffing.gov/ViewQuestionnaire/13055047""]",True,True,2026-10-07
887620900,"[""https://apply.usastaffing.gov/ViewQuestionnaire/13080311""]",True,True,2026-10-07
887621000,"[""https://apply.usastaffing.gov/ViewQuestionnaire/13083463""]",True,True,2026-10-07
887621100,"[""https://apply.usastaffing.gov/ViewQuestionnaire/13083453""]",True,True,2026-10-07
887621500,"[""https://apply.usastaffing.gov/ViewQuestionnaire/13078834""]",True,True,2026-10-07
887621900,"[""https://apply.usastaffing.gov/ViewQuestionnaire/13080112""]",True,True,2026-10-07
887622000,[],True,True,2026-10-07
887622200,"[""https://apply.usastaffing.gov/ViewQuestionnaire/13083428""]",True,True,2026-10-07
887622300,"[""https://apply.usastaffing.gov/ViewQuestionnaire/13083150""]",True,True,2026-10-07
887622400,"[""https://apply.usastaffing.gov/ViewQuestionnaire/13078969""]",True,True,2026-10-07
887622700,"[""https://apply.usastaffing.gov/ViewQuestionnaire/13056325""]",True,True,2026-10-07
887623200,[],True,True,2026-10-07
887623500,"[""https://jobs.monstergovt.com/dos/ros/rosDashboard.hms?O=6&J=119474"", ""https://jobs.monstergovt.com/dos/ros/rosDashboard.hms?O=6&J=119474&S=1""]",True,False,2026-10-07
887623600,"[""https://apply.usastaffing.gov/ViewQuestionnaire/13078111""]",True,True,2026-10-07
887623700,"[""https://apply.usastaffing.gov/ViewQuestionnaire/13083557""]",True,True,2026-10-07
887623800,"[""https://apply.usastaffing.gov/ViewQuestionnaire/13083151""]",True,True,2026-10-07
887624000,"[""https://apply.usastaffing.gov/ViewQuestionnaire/13083525""]",True,True,2026-10-07
887624100,"[""https://apply.usastaffing.gov/ViewQuestionnaire/13077980""]",True,True,2026-10-07
887624200,"[""https://apply.usastaffing.gov/ViewQuestionnaire/13079297""]",True,True,2026-10-07
887624500,"[""https://apply.usastaffing.gov/ViewQuestionnaire/13083519""]",True,True,2026-10-07
887624600,"[""https://apply.usastaffing.gov/ViewQuestionnaire/13078905""]",True,True,2026-10-07
887624700,"[""https://apply.usastaffing.gov/ViewQuestionnaire/13078980""]",True,True,2026-10-07
887624800,"[""https://apply.usastaffing.gov/ViewQuestionnaire/13083380""]",True,True,2026-10-07
887624900,"[""https://apply.usastaffing.gov/ViewQuestionnaire/13083512""]",True,True,2026-10-07
887625000,[],True,True,2026-10-07
887625300,"[""https://apply.usastaffing.gov/ViewQuestionnaire/13083556""]",True,True,2026-10-07
887625400,"[""https://apply.usastaffing.gov/ViewQuestionnaire/13079081""]",True,True,2026-10-07
887625600,"[""https://apply.usastaffing.gov/ViewQuestionnaire/13042723""]",True,True,2026-10-07
887625700,"[""https://apply.usastaffing.gov/ViewQuestionnaire/13083291""]",True,True,2026-10-07
887625800,"[""https://apply.usastaffing.gov/ViewQuestionnaire/13083491""]",True,True,2026-10-07
887626100,"[""https://apply.usastaffing.gov/ViewQuestionnaire/13080150""]",True,True,2026-10-07
887626200,"[""https://apply.usastaffing.gov/ViewQuestionnaire/13083537""]",True,True,2026-10-07
887626300,"[""https://apply.usastaffing.gov/ViewQuestionnaire/13042724""]",True,True,2026-10-07
887626500,"[""https://apply.usastaffing.gov/ViewQuestionnaire/13082153""]",True,True,2026-10-07
887626600,"[""https://apply.usastaffing.gov/ViewQuestionnaire/13082710""]",True,True,2026-10-07
887626800,"[""https://apply.usastaffing.gov/ViewQuestionnaire/13082711""]",True,True,2026-10-07
887626900,"[""https://apply.usastaffing.gov/ViewQuestionnaire/13082712""]",True,True,2026-10-07
887627100,"[""https://apply.usastaffing.gov/ViewQuestionnaire/13042695""]",True,True,2026-10-07
887627600,"[""https://apply.usastaffing.gov/ViewQuestionnaire/13053497""]",True,True,2026-10-07
887628000,"[""https://apply.usastaffing.gov/ViewQuestionnaire/13053063""]",True,True,2026-10-07
887628400,"[""https://apply.usastaffing.gov/ViewQuestionnaire/13083542""]",True,True,2026-10-07
887628700,"[""https://apply.usastaffing.gov/ViewQuestionnaire/13082938""]",True,True,2026-10-07
887629000,"[""https://apply.usastaffing.gov/ViewQuestionnaire/13052769""]",True,True,2026-10-07
887629100,"[""https://apply.usastaffing.gov/ViewQuestionnaire/13046520""]",True,True,2026-10-07
887629200,"[""https://apply.usastaffing.gov/ViewQuestionnaire/13053273""]",True,True,2026-10-07
887629500,"[""https://apply.usastaffing.gov/ViewQuestionnaire/13052905""]",True,True,2026-10-07
887629600,"[""https://apply.usastaffing.gov/ViewQuestionnaire/13053421""]",True,True,2026-10-07
887629700,"[""https://apply.usastaffing.gov/ViewQuestionnaire/13078012""]",True,True,2026-10-07
887629800,"[""https://apply.usastaffing.gov/ViewQuestionnaire/13083273""]",True,True,2026-10-07
887629900,"[""https://apply.usastaffing.gov/ViewQuestionnaire/13083510""]",True,True,2026-10-07
887630300,"[""https://apply.usastaffing.gov/ViewQuestionnaire/13083600""]",True,True,2026-10-07
887630400,"[""https://apply.usastaffing.gov/ViewQuestionnaire/13083419""]",True,True,2026-10-07
887630500,"[""https://apply.usastaffing.gov/ViewQuestionnaire/13083554""]",True,True,2026-10-07
887630800,"[""https://apply.usastaffing.gov/ViewQuestionnaire/13059727""]",True,True,2026-10-07
887631000,"[""https://apply.usastaffing.gov/ViewQuestionnaire/13079819""]",True,True,2026-10-07
887631400,[],False,False,2026-10-07
887631500,[],True,True,2026-10-07
887632000,"[""https://jobs.monstergovt.com/hment/ros/rosDashboard.hms?O=1&J=55035"", ""https://jobs.monstergovt.com/hment/ros/rosDashboard.hms?O=1&J=55035&S=1""]",True,False,2026-10-07
887632300,"[""https://apply.usastaffing.gov/ViewQuestionnaire/13083483""]",True,True,2026-10-07
887632500,"[""https://apply.usastaffing.gov/ViewQuestionnaire/13083593""]",True,True,2026-10-07
887632800,"[""https://apply.usastaffing.gov/ViewQuestionnaire/13083508""]",True,True,2026-10-07
887633100,"[""https://apply.usastaffing.gov/ViewQuestionnaire/13079941""]",True,True,2026-10-07
887633400,"[""https://apply.usastaffing.gov/ViewQuestionnaire/13078252""]",True,True,2026-10-07
887633800,"[""https://apply.usastaffing.gov/ViewQuestionnaire/13083541""]",True,True,2026-10-07
887634500,"[""https://apply.usastaffing.gov/ViewQuestionnaire/13082807""]",True,True,2026-10-07
887634900,"[""https://apply.usastaffing.gov/ViewQuestionnaire/13083558""]",True,True,2026-10-07
887635100,"[""https://apply.usastaffing.gov/ViewQuestionnaire/13083575""]",True,True,2026-10-07
887635200,"[""https://apply.usastaffing.gov/ViewQuestionnaire/13083064""]",True,True,2026-10-07
887635700,"[""https://apply.usastaffing.gov/ViewQuestionnaire/13083316""]",True,True,2026-10-07
887636200,"[""https://apply.usastaffing.gov/ViewQuestionnaire/13075585""]",True,True,2026-10-07
887636300,"[""https://apply.usastaffing.gov/ViewQuestionnaire/13081861""]",True,True,2026-10-07
887636500,"[""https://apply.usastaffing.gov/ViewQuestionnaire/13083044""]",True,True,2026-10-07
887636600,"[""https://apply.usastaffing.gov/ViewQuestionnaire/13083238""]",True,True,2026-10-07
887636700,[],True,False,2026-10-07
887637000,"[""https://apply.usastaffing.gov/ViewQuestionnaire/13082686""]",True,True,2026-10-07
887637200,"[""https://apply.usastaffing.gov/ViewQuestionnaire/13080981""]",True,True,2026-10-07
887637300,"[""https://apply.usastaffing.gov/ViewQuestionnaire/13082235""]",True,True,2026-10-07
887637500,"[""https://apply.usastaffing.gov/ViewQuestionnaire/13082604""]",True,True,2026-10-07
887637600,"[""https://apply.usastaffing.gov/ViewQuestionnaire/13083195""]",True,True,2026-10-07
887637800,"[""https://apply.usastaffing.gov/ViewQuestionnaire/13083343""]",True,True,2026-10-07
887638100,"[""https://apply.usastaffing.gov/ViewQuestionnaire/13083631""]",True,True,2026-10-07
887638300,"[""https://apply.usastaffing.gov/ViewQuestionnaire/13083247""]",True,True,2026-10-07
887638500,"[""https://apply.usastaffing.gov/ViewQuestionnaire/13083393""]",True,True,2026-10-07
887638600,"[""https://apply.usastaffing.gov/ViewQuestionnaire/13082406""]",True,True,2026-10-07
887638700,"[""https://apply.usastaffing.gov/ViewQuestionnaire/13080945""]",True,True,2026-10-07
887638800,[],True,True,2026-10-07
887638900,"[""https://apply.usastaffing.gov/ViewQuestionnaire/13079503""]",True,True,2026-10-07
887639000,"[""https://apply.usastaffing.gov/ViewQuestionnaire/13083140""]",True,True,2026-10-07
887639100,"[""https://apply.usastaffing.gov/ViewQuestionnaire/13083516""]",True,True,2026-10-07
887639200,"[""https://apply.usastaffing.gov/ViewQuestionnaire/13083612""]",True,True,2026-10-07
887639300,"[""https://apply.usastaffing.gov/ViewQuestionnaire/13082592""]",True,True,2026-10-07
887639500,"[""https://apply.usastaffing.gov/ViewQuestionnaire/13083141""]",True,True,2026-10-07
887639800,"[""https://apply.usastaffing.gov/ViewQuestionnaire/13083540""]",True,True,2026-10-07
887640000,"[""https://apply.usastaffing.gov/ViewQuestionnaire/13083611""]",True,True,2026-10-07
887640100,"[""https://apply.usastaffing.gov/ViewQuestionnaire/13083663""]",True,True,2026-10-07
887640200,"[""https://apply.usastaffing.gov/ViewQuestionnaire/13083311""]",True,True,2026-10-07
887640600,"[""https://jobs.monstergovt.com/dot/ros/rosDashboard.hms?O=5&J=93020"", ""https://jobs.monstergovt.com/dot/ros/rosDashboard.hms?O=5&J=93020&S=1""]",True,False,2026-10-07
887640700,"[""https://apply.usastaffing.gov/ViewQuestionnaire/13082601""]",True,True,2026-10-07
887640800,"[""https://apply.usastaffing.gov/ViewQuestionnaire/13082929""]",True,True,2026-10-07
887640900,"[""https://apply.usastaffing.gov/ViewQuestionnaire/13082773""]",True,True,2026-10-07
887641200,"[""https://apply.usastaffing.gov/ViewQuestionnaire/13082914""]",True,True,2026-10-07
887641600,"[""https://apply.usastaffing.gov/ViewQuestionnaire/13082493""]",True,True,2026-10-07
887641700,"[""https://apply.usastaffing.gov/ViewQuestionnaire/13083648""]",True,True,2026-10-07
887642100,"[""https://apply.usastaffing.gov/ViewQuestionnaire/13082767""]",True,True,2026-10-07
887642400,"[""https://apply.usastaffing.gov/ViewQuestionnaire/13070636""]",True,True,2026-10-07
887642600,[],True,True,2026-10-07
887642700,"[""https://apply.usastaffing.gov/ViewQuestionnaire/13082774""]",True,True,2026-10-07
887643100,"[""https://apply.usastaffing.gov/ViewQuestionnaire/13082189""]",True,True,2026-10-07
887643200,"[""https://apply.usastaffing.gov/ViewQuestionnaire/13083677""]",True,True,2026-10-07
887643400,"[""https://apply.usastaffing.gov/ViewQuestionnaire/13083495""]",True,True,2026-10-07
887643500,"[""https://apply.usastaffing.gov/ViewQuestionnaire/13083649""]",True,True,2026-10-07
887643700,"[""https://apply.usastaffing.gov/ViewQuestionnaire/13080388""]",True,True,2026-10-07
887643900,"[""https://apply.usastaffing.gov/ViewQuestionnaire/13080387""]",True,True,2026-10-07
887644100,"[""https://apply.usastaffing.gov/ViewQuestionnaire/13080623""]",True,True,2026-10-07
887644200,"[""https://apply.usastaffing.gov/ViewQuestionnaire/13081362""]",True,True,2026-10-07
887644300,"[""https://apply.usastaffing.gov/ViewQuestionnaire/13081728""]",True,True,2026-10-07
887644400,"[""https://apply.usastaffing.gov/ViewQuestionnaire/13082896""]",True,True,2026-10-07
887644600,"[""https://apply.usastaffing.gov/ViewQuestionnaire/13069741""]",True,True,2026-10-07
887644800,"[""https://apply.usastaffing.gov/ViewQuestionnaire/13083595""]",True,True,2026-10-07
887644900,"[""https://apply.usastaffing.gov/ViewQuestionnaire/13083075""]",True,True,2026-10-07
887645200,"[""https://apply.usastaffing.gov/ViewQuestionnaire/13082343""]",True,True,2026-10-07
887645300,"[""https://apply.usastaffing.gov/ViewQuestionnaire/13083418""]",True,True,2026-10-07
887645500,"[""https://apply.usastaffing.gov/ViewQuestionnaire/13082102""]",True,True,2026-10-07
887645600,[],True,False,2026-10-07
887646100,[],True,True,2026-10-07
887646200,"[""https://apply.usastaffing.gov/ViewQuestionnaire/13083700""]",True,True,2026-10-07
887646300,"[""https://apply.usastaffing.gov/ViewQuestionnaire/13070968""]",True,True,2026-10-07
887646400,[],False,True,2026-10-07
887646900,"[""https://apply.usastaffing.gov/ViewQuestionnaire/13081271""]",True,True,2026-10-07
887647000,"[""https://apply.usastaffing.gov/ViewQuestionnaire/13070439""]",True,True,2026-10-07
887647100,"[""https://apply.usastaffing.gov/ViewQuestionnaire/13083052""]",True,True,2026-10-07
887647200,"[""https://apply.usastaffing.gov/ViewQuestionnaire/13072172""]",True,True,2026-10-07
887647400,"[""https://apply.usastaffing.gov/ViewQuestionnaire/13083050""]",True,True,2026-10-07
887647500,"[""https://apply.usastaffing.gov/ViewQuestionnaire/13081812""]",True,True,2026-10-07
887647600,"[""https://apply.usastaffing.gov/ViewQuestionnaire/13083674""]",True,True,2026-10-07
887648300,"[""https://apply.usastaffing.gov/ViewQuestionnaire/13083698""]",True,True,2026-10-07
887648400,"[""https://apply.usastaffing.gov/ViewQuestionnaire/13083493""]",True,True,2026-10-07
887648500,"[""https://apply.usastaffing.gov/ViewQuestionnaire/13077231""]",True,True,2026-10-07
887648900,"[""https://apply.usastaffing.gov/ViewQuestionnaire/13083589""]",True,True,2026-10-07
887649300,"[""https://apply.usastaffing.gov/ViewQuestionnaire/13083051""]",True,True,2026-10-07
887649500,"[""https://apply.usastaffing.gov/ViewQuestionnaire/13081089""]",True,True,2026-10-07
887649600,"[""https://apply.usastaffing.gov/ViewQuestionnaire/13079791""]",True,True,2026-10-07
887649700,"[""https://apply.usastaffing.gov/ViewQuestionnaire/13083686""]",True,True,2026-10-07
887650000,"[""https://apply.usastaffing.gov/ViewQuestionnaire/13083053""]",True,True,2026-10-07
887650100,"[""https://apply.usastaffing.gov/ViewQuestionnaire/13075605""]",True,True,2026-10-07
887650200,"[""https://apply.usastaffing.gov/ViewQuestionnaire/13082960""]",True,True,2026-10-07
887650300,"[""https://apply.usastaffing.gov/ViewQuestionnaire/13083496""]",True,True,2026-10-07
887650400,[],True,True,2026-10-07
887650500,[],True,True,2026-10-07
887650600,[],True,True,2026-10-07
887650700,"[""https://apply.usastaffing.gov/ViewQuestionnaire/13013381""]",True,True,2026-10-07
887651200,"[""https://apply.usastaffing.gov/ViewQuestionnaire/13081813""]",True,True,2026-10-07
887651300,[],True,True,2026-10-07
887651400,"[""https://apply.usastaffing.gov/ViewQuestionnaire/13082862""]",True,True,2026-10-07
887651600,"[""https://apply.usastaffing.gov/ViewQuestionnaire/13083616""]",True,True,2026-10-07
887651700,[],True,True,2026-10-07
887651800,"[""https://apply.usastaffing.gov/ViewQuestionnaire/13083720""]",True,True,2026-10-07
887651900,"[""https://jobs.monstergovt.com/dot/ros/rosDashboard.hms?O=2&J=92972"", ""https://jobs.monstergovt.com/dot/ros/rosDashboard.hms?O=2&J=92972&S=1""]",True,False,2026-10-07
887652100,"[""https://apply.usastaffing.gov/ViewQuestionnaire/13082062""]",True,True,2026-10-07
887652300,[],True,True,2026-10-07
887652500,[],True,True,2026-10-07
887652600,"[""https://jobs.monstergovt.com/hment/ros/rosDashboard.hms?O=1&J=55059"", ""https://jobs.monstergovt.com/hment/ros/rosDashboard.hms?O=1&J=55059&S=1""]",True,False,2026-10-07
887652900,[],True,True,2026-10-07
887653100,[],True,True,2026-10-07
887653300,"[""https://apply.usastaffing.gov/ViewQuestionnaire/13083644""]",True,True,2026-10-07
887653400,[],True,True,2026-10-07
887653800,"[""https://apply.usastaffing.gov/ViewQuestionnaire/13080192""]",True,True,2026-10-07
887654400,"[""https://apply.usastaffing.gov/ViewQuestionnaire/13081108""]",True,True,2026-10-07
887654600,"[""https://apply.usastaffing.gov/ViewQuestionnaire/13077855""]",True,True,2026-10-07
887654700,"[""https://apply.usastaffing.gov/ViewQuestionnaire/13080833""]",True,True,2026-10-07
887654800,"[""https://apply.usastaffing.gov/ViewQuestionnaire/13079424""]",True,True,2026-10-07
887654900,"[""https://apply.usastaffing.gov/ViewQuestionnaire/13083196""]",True,True,2026-10-07
887655300,"[""https://apply.usastaffing.gov/ViewQuestionnaire/13083409""]",True,True,2026-10-07
887655400,"[""https://apply.usastaffing.gov/ViewQuestionnaire/13083714""]",True,True,2026-10-07
887655500,"[""https://apply.usastaffing.gov/ViewQuestionnaire/13083653""]",True,True,2026-10-07
887655700,"[""https://apply.usastaffing.gov/ViewQuestionnaire/13077856""]",True,True,2026-10-07
887655800,"[""https://apply.usastaffing.gov/ViewQuestionnaire/13079910""]",True,True,2026-10-07
887655900,"[""https://apply.usastaffing.gov/ViewQuestionnaire/13083043""]",True,True,2026-10-07
887656000,"[""https://apply.usastaffing.gov/ViewQuestionnaire/13076863""]",True,True,2026-10-07
887656100,"[""https://apply.usastaffing.gov/ViewQuestionnaire/13083655""]",True,True,2026-10-07
887656600,"[""https://apply.usastaffing.gov/ViewQuestionnaire/13081127""]",True,True,2026-10-07
887656700,[],True,True,2026-10-07
887656800,"[""https://apply.usastaffing.gov/ViewQuestionnaire/13068461""]",True,True,2026-10-07
887657100,"[""https://apply.usastaffing.gov/ViewQuestionnaire/13082335""]",True,True,2026-10-07
887657300,"[""https://apply.usastaffing.gov/ViewQuestionnaire/13083629""]",True,True,2026-10-07
887657400,"[""https://apply.usastaffing.gov/ViewQuestionnaire/13080802""]",True,True,2026-10-07
887657600,[],True,True,2026-10-07
887657700,"[""https://apply.usastaffing.gov/ViewQuestionnaire/13081069""]",True,True,2026-10-07
887658000,"[""https://apply.usastaffing.gov/ViewQuestionnaire/13083694""]",True,True,2026-10-07
887658100,"[""https://apply.usastaffing.gov/ViewQuestionnaire/13083696""]",True,True,2026-10-07
887658200,"[""https://apply.usastaffing.gov/ViewQuestionnaire/13078234""]",True,True,2026-10-07
887658500,[],True,True,2026-10-07
887658600,"[""https://apply.usastaffing.gov/ViewQuestionnaire/13081558""]",True,True,2026-10-07
887658900,"[""https://apply.usastaffing.gov/ViewQuestionnaire/13078371""]",True,True,2026-10-07
887659600,[],False,False,2026-10-07
887659700,[],True,True,2026-10-07
887659800,"[""https://apply.usastaffing.gov/ViewQuestionnaire/13082486""]",True,True,2026-10-07
887659900,"[""https://apply.usastaffing.gov/ViewQuestionnaire/13082878""]",True,True,2026-10-07
887660000,"[""https://apply.usastaffing.gov/ViewQuestionnaire/13083286""]",True,True,2026-10-07
887660300,"[""https://apply.usastaffing.gov/ViewQuestionnaire/13083724""]",True,True,2026-10-07
887660400,"[""https://apply.usastaffing.gov/ViewQuestionnaire/13071927""]",True,True,2026-10-07
887660500,"[""https://apply.usastaffing.gov/ViewQuestionnaire/13083734""]",True,True,2026-10-07
887660900,"[""https://apply.usastaffing.gov/ViewQuestionnaire/13083704""]",True,True,2026-10-07
887661300,"[""https://apply.usastaffing.gov/ViewQuestionnaire/13080322""]",True,True,2026-10-07
887661600,"[""https://apply.usastaffing.gov/ViewQuestionnaire/13083017""]",True,True,2026-10-07
887661800,[],True,True,2026-10-07
887661900,"[""https://apply.usastaffing.gov/ViewQuestionnaire/13080934""]",True,True,2026-10-07
887662100,"[""https://apply.usastaffing.gov/ViewQuestionnaire/13083742""]",True,True,2026-10-07
887662200,"[""https://apply.usastaffing.gov/ViewQuestionnaire/13076323""]",True,True,2026-10-07
887662400,"[""https://apply.usastaffing.gov/ViewQuestionnaire/13082321""]",True,True,2026-10-07
887662500,"[""https://apply.usastaffing.gov/ViewQuestionnaire/13082682""]",True,True,2026-10-07
887663000,[],False,False,2026-10-07
887663100,"[""https://apply.usastaffing.gov/ViewQuestionnaire/13081215""]",True,True,2026-10-07
887663200,"[""https://apply.usastaffing.gov/ViewQuestionnaire/13083744""]",True,True,2026-10-07
887663400,[],False,False,2026-10-07
887663500,"[""https://apply.usastaffing.gov/ViewQuestionnaire/13081392""]",True,True,2026-10-07
887663600,[],True,True,2026-10-07
887663800,"[""https://apply.usastaffing.gov/ViewQuestionnaire/13083651""]",True,True,2026-10-07
887663900,"[""https://apply.usastaffing.gov/ViewQuestionnaire/13082117""]",True,True,2026-10-07
887664100,"[""https://apply.usastaffing.gov/ViewQuestionnaire/13083673""]",True,True,2026-10-07
887664400,[],True,True,2026-10-07
887664500,"[""https://apply.usastaffing.gov/ViewQuestionnaire/13080039""]",True,True,2026-10-07
887664700,"[""https://jobs.monstergovt.com/loc/ros/rosDashboard.hms?O=1&J=27860"", ""https://jobs.monstergovt.com/loc/ros/rosDashboard.hms?O=1&J=27860&S=1""]",True,False,2026-10-07
887664800,"[""https://apply.usastaffing.gov/ViewQuestionnaire/13083763""]",True,True,2026-10-07
887665000,"[""https://apply.usastaffing.gov/ViewQuestionnaire/13080800""]",True,True,2026-10-07
887665200,"[""https://apply.usastaffing.gov/ViewQuestionnaire/13082213""]",True,True,2026-10-07
887665300,"[""https://apply.usastaffing.gov/ViewQuestionnaire/13083758""]",True,True,2026-10-07
887665500,"[""https://apply.usastaffing.gov/ViewQuestionnaire/13054373""]",True,True,2026-10-07
887665900,[],True,False,2026-10-07
887666000,[],True,True,2026-10-07
887666100,"[""https://apply.usastaffing.gov/ViewQuestionnaire/13083731""]",True,True,2026-10-07
887666300,"[""https://apply.usastaffing.gov/ViewQuestionnaire/13081348""]",True,True,2026-10-07
887666500,"[""https://apply.usastaffing.gov/ViewQuestionnaire/13078917""]",True,True,2026-10-07
887666700,"[""https://apply.usastaffing.gov/ViewQuestionnaire/13079050""]",True,True,2026-10-07
887666800,"[""https://apply.usastaffing.gov/ViewQuestionnaire/13083349""]",True,True,2026-10-07
887667100,"[""https://apply.usastaffing.gov/ViewQuestionnaire/13082632""]",True,True,2026-10-07
887667200,"[""https://apply.usastaffing.gov/ViewQuestionnaire/13079777""]",True,True,2026-10-07
887667400,[],True,True,2026-10-07
887667500,[],True,True,2026-10-07
887667600,"[""https://apply.usastaffing.gov/ViewQuestionnaire/13080340""]",True,True,2026-10-07
887668500,"[""https://apply.usastaffing.gov/ViewQuestionnaire/13082349""]",True,True,2026-10-07
887668700,"[""https://apply.usastaffing.gov/ViewQuestionnaire/13079951""]",True,True,2026-10-07
887668800,"[""https://apply.usastaffing.gov/ViewQuestionnaire/13082563""]",True,True,2026-10-07
887669000,"[""https://apply.usastaffing.gov/ViewQuestionnaire/13076488""]",True,True,2026-10-07
887669300,[],True,False,2026-10-07
887669500,[],True,True,2026-10-07
887669900,"[""https://apply.usastaffing.gov/ViewQuestionnaire/13081323""]",True,True,2026-10-07
887670000,[],False,True,2026-10-07
887670100,[],True,True,2026-10-07
887670400,"[""https://apply.usastaffing.gov/ViewQuestionnaire/13082729""]",True,True,2026-10-07
887670600,[],True,True,2026-10-07
887670700,"[""https://apply.usastaffing.gov/ViewQuestionnaire/13073470""]",True,True,2026-10-07
887671000,"[""https://apply.usastaffing.gov/ViewQuestionnaire/13083810""]",True,True,2026-10-07
887671300,"[""https://apply.usastaffing.gov/ViewQuestionnaire/13082747""]",True,True,2026-10-07
887671400,"[""https://apply.usastaffing.gov/ViewQuestionnaire/13083786""]",True,True,2026-10-07
887671500,"[""https://apply.usastaffing.gov/ViewQuestionnaire/13081590""]",True,True,2026-10-07
887671600,[],False,True,2026-10-07
887671800,[],False,True,2026-10-07
887672100,[],True,True,2026-10-07
887672300,[],False,True,2026-10-07
887672500,"[""https://apply.usastaffing.gov/ViewQuestionnaire/13083532""]",True,True,2026-10-07
887673200,"[""https://apply.usastaffing.gov/ViewQuestionnaire/13083782""]",True,True,2026-10-07
887673300,"[""https://apply.usastaffing.gov/ViewQuestionnaire/13055607""]",True,True,2026-10-07
887673600,"[""https://apply.usastaffing.gov/ViewQuestionnaire/13082617""]",True,True,2026-10-07
887674100,[],True,False,2026-10-07
887674200,[],True,False,2026-10-07
887674300,"[""https://apply.usastaffing.gov/ViewQuestionnaire/13076884""]",True,True,2026-10-07
887674400,[],True,False,2026-10-07
887674500,"[""https://apply.usastaffing.gov/ViewQuestionnaire/13082697""]",True,True,2026-10-07
887674700,"[""https://apply.usastaffing.gov/ViewQuestionnaire/13083107""]",True,True,2026-10-07
887674900,[],False,False,2026-10-07
887675100,"[""https://apply.usastaffing.gov/ViewQuestionnaire/13083836""]",True,True,2026-10-07
887675200,[],False,False,2026-10-07
887675300,"[""https://apply.usastaffing.gov/ViewQuestionnaire/13083840""]",True,True,2026-10-07
887675400,"[""https://apply.usastaffing.gov/ViewQuestionnaire/13082701""]",True,True,2026-10-07
887675800,"[""https://apply.usastaffing.gov/ViewQuestionnaire/13081494""]",True,True,2026-10-07
887675900,"[""https://apply.usastaffing.gov/ViewQuestionnaire/13082430""]",True,True,2026-10-07
887676100,"[""https://apply.usastaffing.gov/ViewQuestionnaire/13083851""]",True,True,2026-10-07
887676200,"[""https://apply.usastaffing.gov/ViewQuestionnaire/13079117""]",True,True,2026-10-07
887676500,"[""https://apply.usastaffing.gov/ViewQuestionnaire/13083847""]",True,True,2026-10-07
887676900,[],False,False,2026-10-07
887677100,"[""https://apply.usastaffing.gov/ViewQuestionnaire/13083849""]",True,True,2026-10-07
887677400,"[""https://apply.usastaffing.gov/ViewQuestionnaire/13073443""]",True,True,2026-10-07
887677500,"[""https://apply.usastaffing.gov/ViewQuestionnaire/13082400""]",True,True,2026-10-07
887677600,[],True,False,2026-10-07
887677800,"[""https://apply.usastaffing.gov/ViewQuestionnaire/13079141""]",True,True,2026-10-07
887677900,"[""https://apply.usastaffing.gov/ViewQuestionnaire/13072308""]",True,True,2026-10-07
887678200,"[""https://apply.usastaffing.gov/ViewQuestionnaire/13081763""]",True,True,2026-10-07
887679000,[],True,True,2026-10-07
887679100,[],True,True,2026-10-07
887679200,"[""https://apply.usastaffing.gov/ViewQuestionnaire/13069805""]",True,True,2026-10-07
887679300,[],True,True,2026-10-07
887679400,[],True,True,2026-10-07
887679500,"[""https://apply.usastaffing.gov/ViewQuestionnaire/13083868""]",True,True,2026-10-07
887679700,"[""https://apply.usastaffing.gov/ViewQuestionnaire/13079211""]",True,True,2026-10-07
887679800,"[""https://apply.usastaffing.gov/ViewQuestionnaire/13083366""]",True,True,2026-10-07
887680000,[],True,True,2026-10-07
887680100,"[""https://apply.usastaffing.gov/ViewQuestionnaire/13079357""]",True,True,2026-10-07
887680200,"[""https://jobs.monstergovt.com/dot/ros/rosDashboard.hms?O=2&J=93080"", ""https://jobs.monstergovt.com/dot/ros/rosDashboard.hms?O=2&J=93080&S=1""]",True,False,2026-10-07
887680400,"[""https://apply.usastaffing.gov/ViewQuestionnaire/13082224""]",True,True,2026-10-07
887680600,[],True,True,2026-10-07
887680700,[],False,False,2026-10-07
887681100,"[""https://apply.usastaffing.gov/ViewQuestionnaire/13083294""]",True,True,2026-10-07
887681200,"[""https://apply.usastaffing.gov/ViewQuestionnaire/13083883""]",True,True,2026-10-07
887681300,[],True,True,2026-10-07
887681800,[],True,False,2026-10-07
887681900,"[""https://apply.usastaffing.gov/ViewQuestionnaire/13079467""]",True,True,2026-10-07
887682000,"[""https://apply.usastaffing.gov/ViewQuestionnaire/13077337""]",True,True,2026-10-07
887682300,"[""https://apply.usastaffing.gov/ViewQuestionnaire/13077298""]",True,True,2026-10-07
887682600,"[""https://apply.usastaffing.gov/ViewQuestionnaire/13045112""]",True,True,2026-10-07
887682900,"[""https://apply.usastaffing.gov/ViewQuestionnaire/13063091""]",True,True,2026-10-07
887683000,"[""https://apply.usastaffing.gov/ViewQuestionnaire/13083154""]",True,True,2026-10-07
887683100,"[""https://jobs.monstergovt.com/loc/ros/rosDashboard.hms?O=1&J=27881"", ""https://jobs.monstergovt.com/loc/ros/rosDashboard.hms?O=1&J=27881&S=1""]",True,False,2026-10-07
887683300,"[""https://apply.usastaffing.gov/ViewQuestionnaire/13080668""]",True,True,2026-10-07
887683600,"[""https://apply.usastaffing.gov/ViewQuestionnaire/13082789""]",True,True,2026-10-07
887683800,"[""https://apply.usastaffing.gov/ViewQuestionnaire/13080519""]",True,True,2026-10-07
887684000,"[""https://apply.usastaffing.gov/ViewQuestionnaire/13081782""]",True,True,2026-10-07
887684200,"[""https://apply.usastaffing.gov/ViewQuestionnaire/13082580""]",True,True,2026-10-07
887684300,[],True,True,2026-10-07
887684400,[],True,False,2026-10-07
887684500,"[""https://apply.usastaffing.gov/ViewQuestionnaire/13083212""]",True,True,2026-10-07
887684700,"[""https://apply.usastaffing.gov/ViewQuestionnaire/13083639""]",True,True,2026-10-07
887684900,"[""https://apply.usastaffing.gov/ViewQuestionnaire/13081417""]",True,True,2026-10-07
887685000,"[""https://apply.usastaffing.gov/ViewQuestionnaire/13083402""]",True,True,2026-10-07
887685100,"[""https://apply.usastaffing.gov/ViewQuestionnaire/13080680""]",True,True,2026-10-07
887685300,[],True,True,2026-10-07
887685600,[],True,True,2026-10-07
887685900,"[""https://apply.usastaffing.gov/ViewQuestionnaire/13083882""]",True,True,2026-10-07
887686200,"[""https://jobs.monstergovt.com/hment/ros/rosDashboard.hms?O=1&J=55020"", ""https://jobs.monstergovt.com/hment/ros/rosDashboard.hms?O=1&J=55020&S=1""]",True,False,2026-10-07
887686300,"[""https://apply.usastaffing.gov/ViewQuestionnaire/13083515""]",True,True,2026-10-07
887686400,"[""https://apply.usastaffing.gov/ViewQuestionnaire/13079381""]",True,True,2026-10-07
887686500,"[""https://apply.usastaffing.gov/ViewQuestionnaire/13081789""]",True,True,2026-10-07
887686800,"[""https://apply.usastaffing.gov/ViewQuestionnaire/13071146""]",True,True,2026-10-07
887687000,"[""https://apply.usastaffing.gov/ViewQuestionnaire/13083063""]",True,True,2026-10-07
887687100,"[""https://apply.usastaffing.gov/ViewQuestionnaire/13083888""]",True,True,2026-10-07
887687300,"[""https://apply.usastaffing.gov/ViewQuestionnaire/13071147""]",True,True,2026-10-07
887687400,[],True,True,2026-10-07
887687500,"[""https://apply.usastaffing.gov/ViewQuestionnaire/13066605""]",True,True,2026-10-07
887687700,"[""https://apply.usastaffing.gov/ViewQuestionnaire/13083615""]",True,True,2026-10-07
887687900,"[""https://apply.usastaffing.gov/ViewQuestionnaire/13082869""]",True,True,2026-10-07
887688300,"[""https://apply.usastaffing.gov/ViewQuestionnaire/13077180""]",True,True,2026-10-07
887688400,"[""https://apply.usastaffing.gov/ViewQuestionnaire/13083745""]",True,True,2026-10-07
887688500,"[""https://apply.usastaffing.gov/ViewQuestionnaire/13081305""]",True,True,2026-10-07
887688800,"[""https://apply.usastaffing.gov/ViewQuestionnaire/13083189""]",True,True,2026-10-07
887688900,"[""https://jobs.monstergovt.com/loc/ros/rosDashboard.hms?O=1&J=27878"", ""https://jobs.monstergovt.com/loc/ros/rosDashboard.hms?O=1&J=27878&S=1""]",True,False,2026-10-07
887689000,"[""https://apply.usastaffing.gov/ViewQuestionnaire/13080906""]",True,True,2026-10-07
887689100,"[""https://apply.usastaffing.gov/ViewQuestionnaire/13067907""]",True,True,2026-10-07
887690400,"[""https://apply.usastaffing.gov/ViewQuestionnaire/13081976""]",True,True,2026-10-07
887690600,"[""https://apply.usastaffing.gov/ViewQuestionnaire/13081296""]",True,True,2026-10-07
887690700,"[""https://apply.usastaffing.gov/ViewQuestionnaire/13081273""]",True,True,2026-10-07
887690800,"[""https://apply.usastaffing.gov/ViewQuestionnaire/13083568""]",True,True,2026-10-07
887690900,"[""https://apply.usastaffing.gov/ViewQuestionnaire/13078796""]",True,True,2026-10-07
887691100,"[""https://apply.usastaffing.gov/ViewQuestionnaire/13082154""]",True,True,2026-10-07
887691200,"[""https://apply.usastaffing.gov/ViewQuestionnaire/13083368""]",True,True,2026-10-07
887691700,"[""https://apply.usastaffing.gov/ViewQuestionnaire/13082322""]",True,True,2026-10-07
887691900,"[""https://apply.usastaffing.gov/ViewQuestionnaire/13082575""]",True,True,2026-10-07
887692000,"[""https://apply.usastaffing.gov/ViewQuestionnaire/13079319""]",True,True,2026-10-07
887692300,"[""https://apply.usastaffing.gov/ViewQuestionnaire/13082913""]",True,True,2026-10-07
887692600,[],True,True,2026-10-07
887692700,"[""https://apply.usastaffing.gov/ViewQuestionnaire/13081972""]",True,True,2026-10-07
887692800,"[""https://apply.usastaffing.gov/ViewQuestionnaire/13081973""]",True,True,2026-10-07
887692900,"[""https://apply.usastaffing.gov/ViewQuestionnaire/13083865""]",True,True,2026-10-07
887693000,"[""https://apply.usastaffing.gov/ViewQuestionnaire/13083471""]",True,True,2026-10-07
887693200,"[""https://apply.usastaffing.gov/ViewQuestionnaire/13082902""]",True,True,2026-10-07
887693400,"[""https://apply.usastaffing.gov/ViewQuestionnaire/13080474""]",True,True,2026-10-07
887693500,"[""https://apply.usastaffing.gov/ViewQuestionnaire/13081852""]",True,True,2026-10-07
887693600,"[""https://apply.usastaffing.gov/ViewQuestionnaire/13081721""]",True,True,2026-10-07
887693900,"[""https://apply.usastaffing.gov/ViewQuestionnaire/13080948""]",True,True,2026-10-07
887694000,"[""https://apply.usastaffing.gov/ViewQuestionnaire/13077655""]",True,True,2026-10-07
887694200,"[""https://apply.usastaffing.gov/ViewQuestionnaire/13074441""]",True,True,2026-10-07
887694500,[],True,True,2026-10-07
887694600,"[""https://apply.usastaffing.gov/ViewQuestionnaire/13079781""]",True,True,2026-10-07
887694700,"[""https://apply.usastaffing.gov/ViewQuestionnaire/13083454""]",True,True,2026-10-07
887694900,"[""https://jobs.monstergovt.com/loc/ros/rosDashboard.hms?O=1&J=27877"", ""https://jobs.monstergovt.com/loc/ros/rosDashboard.hms?O=1&J=27877&S=1""]",True,False,2026-10-07
887695000,[],True,True,2026-10-07
887695100,"[""https://apply.usastaffing.gov/ViewQuestionnaire/13083546""]",True,True,2026-10-07
887695400,[],False,True,2026-10-07
887695700,"[""https://apply.usastaffing.gov/ViewQuestionnaire/13082480""]",True,True,2026-10-07
887696400,"[""https://apply.usastaffing.gov/ViewQuestionnaire/13082046""]",True,True,2026-10-07
887696500,"[""https://apply.usastaffing.gov/ViewQuestionnaire/13083098""]",True,True,2026-10-07
887696800,"[""https://apply.usastaffing.gov/ViewQuestionnaire/13083908""]",True,True,2026-10-07
887696900,"[""https://apply.usastaffing.gov/ViewQuestionnaire/13083932""]",True,True,2026-10-07
887697000,[],True,True,2026-10-07
887697100,"[""https://apply.usastaffing.gov/ViewQuestionnaire/13078238""]",True,True,2026-10-07
887697200,"[""https://apply.usastaffing.gov/ViewQuestionnaire/13079137""]",True,True,2026-10-07
887697300,"[""https://apply.usastaffing.gov/ViewQuestionnaire/13080564""]",True,True,2026-10-07
887697400,"[""https://apply.usastaffing.gov/ViewQuestionnaire/13079567""]",True,True,2026-10-07
887697500,"[""https://apply.usastaffing.gov/ViewQuestionnaire/13083964""]",True,True,2026-10-07
887697600,"[""https://apply.usastaffing.gov/ViewQuestionnaire/13082251""]",True,True,2026-10-07
887697800,[],True,True,2026-10-07
887697900,"[""https://apply.usastaffing.gov/ViewQuestionnaire/13083918""]",True,True,2026-10-07
887698000,"[""https://apply.usastaffing.gov/ViewQuestionnaire/13082059""]",True,True,2026-10-07
887698200,"[""https://apply.usastaffing.gov/ViewQuestionnaire/13081780""]",True,True,2026-10-07
887698300,"[""https://apply.usastaffing.gov/ViewQuestionnaire/13081781""]",True,True,2026-10-07
887698500,"[""https://apply.usastaffing.gov/ViewQuestionnaire/13079278""]",True,True,2026-10-07
887698600,"[""https://apply.usastaffing.gov/ViewQuestionnaire/13077247""]",True,True,2026-10-07
887699100,"[""https://apply.usastaffing.gov/ViewQuestionnaire/13083959""]",True,True,2026-10-07
887699300,"[""https://apply.usastaffing.gov/ViewQuestionnaire/13079316""]",True,True,2026-10-07
887699400,[],True,True,2026-10-07
887699700,"[""https://apply.usastaffing.gov/ViewQuestionnaire/13079102""]",True,True,2026-10-07
887699900,[],True,False,2026-10-07
887700000,"[""https://jobs.monstergovt.com/loc/ros/rosDashboard.hms?O=1&J=27869"", ""https://jobs.monstergovt.com/loc/ros/rosDashboard.hms?O=1&J=27869&S=1""]",True,False,2026-10-07
887700300,[],True,False,2026-10-07
887700500,"[""https://apply.usastaffing.gov/ViewQuestionnaire/13081643""]",True,True,2026-10-07
887700600,"[""https://apply.usastaffing.gov/ViewQuestionnaire/13083199""]",True,True,2026-10-07
887700700,"[""https://apply.usastaffing.gov/ViewQuestionnaire/13083336""]",True,True,2026-10-07
887700800,[],True,True,2026-10-07
887701200,"[""https://apply.usastaffing.gov/ViewQuestionnaire/13083039""]",True,True,2026-10-07
887701300,"[""https://apply.usastaffing.gov/ViewQuestionnaire/13083373""]",True,True,2026-10-07
887701400,"[""https://apply.usastaffing.gov/ViewQuestionnaire/13082633""]",True,True,2026-10-07
887701600,"[""https://apply.usastaffing.gov/ViewQuestionnaire/13083969""]",True,True,2026-10-07
887701700,"[""https://apply.usastaffing.gov/ViewQuestionnaire/13084002""]",True,True,2026-10-07
887701800,"[""https://jobs.monstergovt.com/dot/ros/rosDashboard.hms?O=2&J=93050"", ""https://jobs.monstergovt.com/dot/ros/rosDashboard.hms?O=2&J=93050&S=1""]",True,False,2026-10-07
887701900,"[""https://apply.usastaffing.gov/ViewQuestionnaire/13077486""]",True,True,2026-10-07
887702000,"[""https://apply.usastaffing.gov/ViewQuestionnaire/13083038""]",True,True,2026-10-07
887702100,"[""https://apply.usastaffing.gov/ViewQuestionnaire/13082049""]",True,True,2026-10-07
887702300,[],True,False,2026-10-07
887702400,"[""https://apply.usastaffing.gov/ViewQuestionnaire/13081542""]",True,True,2026-10-07
887702500,"[""https://apply.usastaffing.gov/ViewQuestionnaire/13083585""]",True,True,2026-10-07
887702700,"[""https://apply.usastaffing.gov/ViewQuestionnaire/13079689""]",True,True,2026-10-07
887702800,"[""https://apply.usastaffing.gov/ViewQuestionnaire/13081687""]",True,True,2026-10-07
887703000,"[""https://apply.usastaffing.gov/ViewQuestionnaire/13082719""]",True,True,2026-10-07
887703100,"[""https://apply.usastaffing.gov/ViewQuestionnaire/13082158""]",True,True,2026-10-07
887703200,"[""https://apply.usastaffing.gov/ViewQuestionnaire/13077362""]",True,True,2026-10-07
887703500,"[""https://apply.usastaffing.gov/ViewQuestionnaire/13081891""]",True,True,2026-10-07
887703600,"[""https://apply.usastaffing.gov/ViewQuestionnaire/13081890""]",True,True,2026-10-07
887703900,"[""https://apply.usastaffing.gov/ViewQuestionnaire/13078376""]",True,True,2026-10-07
887704300,"[""https://apply.usastaffing.gov/ViewQuestionnaire/13082559""]",True,True,2026-10-07
887704700,"[""https://apply.usastaffing.gov/ViewQuestionnaire/13080225""]",True,True,2026-10-07
887704800,"[""https://apply.usastaffing.gov/ViewQuestionnaire/13080683""]",True,True,2026-10-07
887705000,[],True,True,2026-10-07
887705200,[],True,True,2026-10-07
887705400,"[""https://apply.usastaffing.gov/ViewQuestionnaire/13060983""]",True,True,2026-10-07
887705500,"[""https://apply.usastaffing.gov/ViewQuestionnaire/13060984""]",True,True,2026-10-07
887705600,"[""https://apply.usastaffing.gov/ViewQuestionnaire/13060985""]",True,True,2026-10-07
887705800,[],True,True,2026-10-07
887706000,"[""https://apply.usastaffing.gov/ViewQuestionnaire/13081841""]",True,True,2026-10-07
887706100,"[""https://apply.usastaffing.gov/ViewQuestionnaire/13083726""]",True,True,2026-10-07
887706200,"[""https://apply.usastaffing.gov/ViewQuestionnaire/13082393""]",True,True,2026-10-07
887706300,[],False,True,2026-10-07
887706600,"[""https://apply.usastaffing.gov/ViewQuestionnaire/13080210""]",True,True,2026-10-07
887707200,"[""https://apply.usastaffing.gov/ViewQuestionnaire/13082801""]",True,True,2026-10-07
887707500,"[""https://apply.usastaffing.gov/ViewQuestionnaire/13080049""]",True,True,2026-10-07
887707600,[],True,True,2026-10-07
887707900,"[""https://apply.usastaffing.gov/ViewQuestionnaire/13083221""]",True,True,2026-10-07
887708500,"[""https://apply.usastaffing.gov/ViewQuestionnaire/13083687""]",True,True,2026-10-07
887708900,"[""https://jobs.monstergovt.com/loc/ros/rosDashboard.hms?O=1&J=27864"", ""https://jobs.monstergovt.com/loc/ros/rosDashboard.hms?O=1&J=27864&S=1""]",True,False,2026-10-07
887709000,"[""https://apply.usastaffing.gov/ViewQuestionnaire/13083293""]",True,True,2026-10-07
887709100,"[""https://apply.usastaffing.gov/ViewQuestionnaire/13080361""]",True,True,2026-10-07
887709200,"[""https://apply.usastaffing.gov/ViewQuestionnaire/13071089""]",True,True,2026-10-07
887709400,"[""https://apply.usastaffing.gov/ViewQuestionnaire/13081793""]",True,True,2026-10-07
887709500,"[""https://apply.usastaffing.gov/ViewQuestionnaire/13070234""]",True,True,2026-10-07
887709800,"[""https://apply.usastaffing.gov/ViewQuestionnaire/13081876""]",True,True,2026-10-07
887709900,[],True,True,2026-10-07
887710000,"[""https://apply.usastaffing.gov/ViewQuestionnaire/13083979""]",True,True,2026-10-07
887710500,"[""https://apply.usastaffing.gov/ViewQuestionnaire/13072091""]",True,True,2026-10-07
887710600,"[""https://apply.usastaffing.gov/ViewQuestionnaire/13083403""]",True,True,2026-10-07
887710900,"[""https://apply.usastaffing.gov/ViewQuestionnaire/13083952""]",True,True,2026-10-07
887711000,"[""https://apply.usastaffing.gov/ViewQuestionnaire/13083861""]",True,True,2026-10-07
887711200,[],True,True,2026-10-07
887711600,"[""https://apply.usastaffing.gov/ViewQuestionnaire/13078884""]",True,True,2026-10-07
887712100,"[""https://apply.usastaffing.gov/ViewQuestionnaire/13082353""]",True,True,2026-10-07
887712300,"[""https://apply.usastaffing.gov/ViewQuestionnaire/13079583""]",True,True,2026-10-07
887712400,"[""https://apply.usastaffing.gov/ViewQuestionnaire/13083136""]",True,True,2026-10-07
887712600,"[""https://apply.usastaffing.gov/ViewQuestionnaire/13077794""]",True,True,2026-10-07
887712800,"[""https://apply.usastaffing.gov/ViewQuestionnaire/13080859""]",True,True,2026-10-07
887712900,"[""https://apply.usastaffing.gov/ViewQuestionnaire/13067472""]",True,True,2026-10-07
887713300,"[""https://apply.usastaffing.gov/ViewQuestionnaire/13082979""]",True,True,2026-10-07
887713400,"[""https://apply.usastaffing.gov/ViewQuestionnaire/13082940""]",True,True,2026-10-07
887713500,[],True,True,2026-10-07
887713800,[],True,True,2026-10-07
887713900,[],True,True,2026-10-07
887714000,"[""https://apply.usastaffing.gov/ViewQuestionnaire/13083536""]",True,True,2026-10-07
887714100,"[""https://apply.usastaffing.gov/ViewQuestionnaire/13084049""]",True,True,2026-10-07
887714200,"[""https://apply.usastaffing.gov/ViewQuestionnaire/13067473""]",True,True,2026-10-07
887714500,"[""https://apply.usastaffing.gov/ViewQuestionnaire/13076565""]",True,True,2026-10-07
887714600,"[""https://apply.usastaffing.gov/ViewQuestionnaire/13050003""]",True,True,2026-10-07
887714800,"[""https://apply.usastaffing.gov/ViewQuestionnaire/13083776""]",True,True,2026-10-07
887715100,"[""https://apply.usastaffing.gov/ViewQuestionnaire/13082469""]",True,True,2026-10-07
887715200,"[""https://apply.usastaffing.gov/ViewQuestionnaire/13082179""]",True,True,2026-10-07
887715300,"[""https://apply.usastaffing.gov/ViewQuestionnaire/13078589""]",True,True,2026-10-07
887715400,[],True,True,2026-10-07
887715900,"[""https://apply.usastaffing.gov/ViewQuestionnaire/13083970""]",True,True,2026-10-07
887716100,"[""https://apply.usastaffing.gov/ViewQuestionnaire/13082180""]",True,True,2026-10-07
887716400,"[""https://apply.usastaffing.gov/ViewQuestionnaire/13083242""]",True,True,2026-10-07
887716500,"[""https://apply.usastaffing.gov/ViewQuestionnaire/13083527""]",True,True,2026-10-07
887716700,"[""https://apply.usastaffing.gov/ViewQuestionnaire/13082365""]",True,True,2026-10-07
887716900,"[""https://apply.usastaffing.gov/ViewQuestionnaire/13082969""]",True,True,2026-10-07
887717000,"[""https://apply.usastaffing.gov/ViewQuestionnaire/13083281""]",True,True,2026-10-07
887717300,"[""https://apply.usastaffing.gov/ViewQuestionnaire/13082427""]",True,True,2026-10-07
887717800,"[""https://apply.usastaffing.gov/ViewQuestionnaire/13082535""]",True,True,2026-10-07
887718000,"[""https://apply.usastaffing.gov/ViewQuestionnaire/13071997""]",True,True,2026-10-07
887718200,"[""https://apply.usastaffing.gov/ViewQuestionnaire/13083408""]",True,True,2026-10-07
887718500,"[""https://apply.usastaffing.gov/ViewQuestionnaire/13080056""]",True,True,2026-10-07
887718600,"[""https://apply.usastaffing.gov/ViewQuestionnaire/13084057""]",True,True,2026-10-07
887718700,"[""https://apply.usastaffing.gov/ViewQuestionnaire/13083927""]",True,True,2026-10-07
887718800,"[""https://apply.usastaffing.gov/ViewQuestionnaire/13084059""]",True,True,2026-10-07
887719600,"[""https://apply.usastaffing.gov/ViewQuestionnaire/13082980""]",True,True,2026-10-07
887719900,"[""https://apply.usastaffing.gov/ViewQuestionnaire/13083321""]",True,True,2026-10-07
887720000,"[""https://apply.usastaffing.gov/ViewQuestionnaire/13082911""]",True,True,2026-10-07
887720200,"[""https://apply.usastaffing.gov/ViewQuestionnaire/13074213""]",True,True,2026-10-07
887720300,"[""https://apply.usastaffing.gov/ViewQuestionnaire/13080260""]",True,True,2026-10-07
887720500,"[""https://apply.usastaffing.gov/ViewQuestionnaire/13080921""]",True,True,2026-10-07
887720600,"[""https://apply.usastaffing.gov/ViewQuestionnaire/13077371""]",True,True,2026-10-07
887720900,"[""https://apply.usastaffing.gov/ViewQuestionnaire/13083010""]",True,True,2026-10-07
887721000,[],True,False,2026-10-07
887721100,[],True,True,2026-10-07
887721300,"[""https://apply.usastaffing.gov/ViewQuestionnaire/13081919""]",True,True,2026-10-07
887721400,"[""https://apply.usastaffing.gov/ViewQuestionnaire/13083534""]",True,True,2026-10-07
887721500,"[""https://apply.usastaffing.gov/ViewQuestionnaire/13083829""]",True,True,2026-10-07
887721600,"[""https://apply.usastaffing.gov/ViewQuestionnaire/13083085""]",True,True,2026-10-07
887721900,"[""https://apply.usastaffing.gov/ViewQuestionnaire/13083930""]",True,True,2026-10-07
887722000,"[""https://apply.usastaffing.gov/ViewQuestionnaire/13082181""]",True,True,2026-10-07
887722100,[],True,True,2026-10-07
887722300,"[""https://apply.usastaffing.gov/ViewQuestionnaire/13080694""]",True,True,2026-10-07
887722500,"[""https://apply.usastaffing.gov/ViewQuestionnaire/13083685""]",True,True,2026-10-07
887722800,"[""https://apply.usastaffing.gov/ViewQuestionnaire/13084047""]",True,True,2026-10-07
887722900,[],True,True,2026-10-07
887723300,"[""https://apply.usastaffing.gov/ViewQuestionnaire/13077768""]",True,True,2026-10-07
887723400,[],True,True,2026-10-07
887723800,"[""https://apply.usastaffing.gov/ViewQuestionnaire/13081439""]",True,True,2026-10-07
887723900,"[""https://apply.usastaffing.gov/ViewQuestionnaire/13081441""]",True,True,2026-10-07
887724000,"[""https://apply.usastaffing.gov/ViewQuestionnaire/13081034""]",True,True,2026-10-07
887724300,"[""https://apply.usastaffing.gov/ViewQuestionnaire/13084093""]",True,True,2026-10-07
887724400,"[""https://apply.usastaffing.gov/ViewQuestionnaire/13083330""]",True,True,2026-10-07
887724700,[],True,True,2026-10-07
887724800,"[""https://apply.usastaffing.gov/ViewQuestionnaire/13057977""]",True,True,2026-10-07
887725100,"[""https://apply.usastaffing.gov/ViewQuestionnaire/13027881""]",True,True,2026-10-07
887725500,"[""https://apply.usastaffing.gov/ViewQuestionnaire/13072964""]",True,True,2026-10-07
887725600,"[""https://apply.usastaffing.gov/ViewQuestionnaire/13083090""]",True,True,2026-10-07
887726200,"[""https://apply.usastaffing.gov/ViewQuestionnaire/13084032""]",True,True,2026-10-07
887726500,[],True,True,2026-10-07
887726800,"[""https://apply.usastaffing.gov/ViewQuestionnaire/13079835""]",True,True,2026-10-07
887727200,"[""https://apply.usastaffing.gov/ViewQuestionnaire/13083647""]",True,True,2026-10-07
887727400,"[""https://apply.usastaffing.gov/ViewQuestionnaire/13084086""]",True,True,2026-10-07
887727500,"[""https://apply.usastaffing.gov/ViewQuestionnaire/13081589""]",True,True,2026-10-07
887727600,"[""https://apply.usastaffing.gov/ViewQuestionnaire/13080614""]",True,True,2026-10-07
887727800,"[""https://apply.usastaffing.gov/ViewQuestionnaire/13082107""]",True,True,2026-10-07
887728000,[],True,True,2026-10-07
887728100,"[""https://apply.usastaffing.gov/ViewQuestionnaire/13082108""]",True,True,2026-10-07
887728700,"[""https://apply.usastaffing.gov/ViewQuestionnaire/13079863""]",True,True,2026-10-07
887728800,"[""https://apply.usastaffing.gov/ViewQuestionnaire/13050718""]",True,True,2026-10-07
887729000,"[""https://apply.usastaffing.gov/ViewQuestionnaire/13078730""]",True,True,2026-10-07
887729100,"[""https://apply.usastaffing.gov/ViewQuestionnaire/13074465""]",True,True,2026-10-07
887729200,[],False,False,2026-10-07
887729300,[],True,False,2026-10-07
887729400,"[""https://apply.usastaffing.gov/ViewQuestionnaire/13071893""]",True,True,2026-10-07
887729700,[],True,True,2026-10-07
887729800,"[""https://apply.usastaffing.gov/ViewQuestionnaire/13083630""]",True,True,2026-10-07
887729900,"[""https://apply.usastaffing.gov/ViewQuestionnaire/13080842""]",True,True,2026-10-07
887730000,"[""https://apply.usastaffing.gov/ViewQuestionnaire/13082260""]",True,True,2026-10-07
887730300,"[""https://apply.usastaffing.gov/ViewQuestionnaire/13083170""]",True,True,2026-10-07
887730400,"[""https://apply.usastaffing.gov/ViewQuestionnaire/13073790""]",True,True,2026-10-07
887730600,[],True,True,2026-10-07
887730700,"[""https://apply.usastaffing.gov/ViewQuestionnaire/13083169""]",True,True,2026-10-07
887730800,"[""https://apply.usastaffing.gov/ViewQuestionnaire/13078210""]",True,True,2026-10-07
887730900,"[""https://apply.usastaffing.gov/ViewQuestionnaire/13080880""]",True,True,2026-10-07
887731000,"[""https://apply.usastaffing.gov/ViewQuestionnaire/13083538""]",True,True,2026-10-07
887731100,"[""https://apply.usastaffing.gov/ViewQuestionnaire/13082928""]",True,True,2026-10-07
887731200,"[""https://apply.usastaffing.gov/ViewQuestionnaire/13084077""]",True,True,2026-10-07
887731400,"[""https://apply.usastaffing.gov/ViewQuestionnaire/13071977""]",True,True,2026-10-07
887731500,"[""https://apply.usastaffing.gov/ViewQuestionnaire/13078660""]",True,True,2026-10-07
887731700,"[""https://apply.usastaffing.gov/ViewQuestionnaire/13083893""]",True,True,2026-10-07
887731900,"[""https://apply.usastaffing.gov/ViewQuestionnaire/13080759""]",True,True,2026-10-07
887732000,"[""https://apply.usastaffing.gov/ViewQuestionnaire/13082523""]",True,True,2026-10-07
887732500,"[""https://apply.usastaffing.gov/ViewQuestionnaire/13074129""]",True,True,2026-10-07
887732600,"[""https://apply.usastaffing.gov/ViewQuestionnaire/13084080""]",True,True,2026-10-07
887732900,[],True,True,2026-10-07
887733200,"[""https://apply.usastaffing.gov/ViewQuestionnaire/13084130""]",True,True,2026-10-07
887733600,"[""https://apply.usastaffing.gov/ViewQuestionnaire/13081632""]",True,True,2026-10-07
887734000,"[""https://jobs.monstergovt.com/hment/ros/rosDashboard.hms?O=1&J=55047"", ""https://jobs.monstergovt.com/hment/ros/rosDashboard.hms?O=1&J=55047&S=1""]",True,False,2026-10-07
887734100,[],True,True,2026-10-07
887734300,"[""https://apply.usastaffing.gov/ViewQuestionnaire/13083120""]",True,True,2026-10-07
887734600,[],True,True,2026-10-07
887734900,"[""https://apply.usastaffing.gov/ViewQuestionnaire/13084010""]",True,True,2026-10-07
887735000,"[""https://apply.usastaffing.gov/ViewQuestionnaire/13078731""]",True,True,2026-10-07
887735100,"[""https://apply.usastaffing.gov/ViewQuestionnaire/13070533""]",True,True,2026-10-07
887735300,"[""https://apply.usastaffing.gov/ViewQuestionnaire/13084082""]",True,True,2026-10-07
887735400,"[""https://apply.usastaffing.gov/ViewQuestionnaire/13083037""]",True,True,2026-10-07
887735500,"[""https://apply.usastaffing.gov/ViewQuestionnaire/13083992""]",True,True,2026-10-07
887736000,"[""https://apply.usastaffing.gov/ViewQuestionnaire/13084040""]",True,True,2026-10-07
887736200,"[""https://apply.usastaffing.gov/ViewQuestionnaire/13083958""]",True,True,2026-10-07
887736300,"[""https://apply.usastaffing.gov/ViewQuestionnaire/13081853""]",True,True,2026-10-07
887736400,"[""https://apply.usastaffing.gov/ViewQuestionnaire/13075596""]",True,True,2026-10-07
887736600,"[""https://apply.usastaffing.gov/ViewQuestionnaire/13084004""]",True,True,2026-10-07
887737300,"[""https://apply.usastaffing.gov/ViewQuestionnaire/13083480""]",True,True,2026-10-07
887738100,"[""https://apply.usastaffing.gov/ViewQuestionnaire/13081363""]",True,True,2026-10-07
887738200,"[""https://apply.usastaffing.gov/ViewQuestionnaire/13082811""]",True,True,2026-10-07
887738300,[],False,True,2026-10-07
887738400,"[""https://apply.usastaffing.gov/ViewQuestionnaire/13084005""]",True,True,2026-10-07
887738500,"[""https://apply.usastaffing.gov/ViewQuestionnaire/13081229""]",True,True,2026-10-07
887738600,"[""https://apply.usastaffing.gov/ViewQuestionnaire/13084078""]",True,True,2026-10-07
887738800,"[""https://apply.usastaffing.gov/ViewQuestionnaire/13082229""]",True,True,2026-10-07
887738900,[],True,True,2026-10-07
887739100,"[""https://apply.usastaffing.gov/ViewQuestionnaire/13082236""]",True,True,2026-10-07
887739200,[],True,True,2026-10-07
887739300,"[""https://apply.usastaffing.gov/ViewQuestionnaire/13084182""]",True,True,2026-10-07
887739400,"[""https://apply.usastaffing.gov/ViewQuestionnaire/13082970""]",True,True,2026-10-07
887739600,"[""https://apply.usastaffing.gov/ViewQuestionnaire/13083646""]",True,True,2026-10-07
887739900,"[""https://apply.usastaffing.gov/ViewQuestionnaire/13075898""]",True,True,2026-10-07
887740000,"[""https://apply.usastaffing.gov/ViewQuestionnaire/13084079""]",True,True,2026-10-07
887740100,"[""https://apply.usastaffing.gov/ViewQuestionnaire/13081230""]",True,True,2026-10-07
887740200,"[""https://jobs.monstergovt.com/dos/ros/rosDashboard.hms?O=6&J=119485"", ""https://jobs.monstergovt.com/dos/ros/rosDashboard.hms?O=6&J=119485&S=1""]",True,False,2026-10-07
887740300,"[""https://apply.usastaffing.gov/ViewQuestionnaire/13084123""]",True,True,2026-10-07
887740400,"[""https://apply.usastaffing.gov/ViewQuestionnaire/13082494""]",True,True,2026-10-07
887740500,"[""https://apply.usastaffing.gov/ViewQuestionnaire/13082727""]",True,True,2026-10-07
887741000,"[""https://apply.usastaffing.gov/ViewQuestionnaire/13078737""]",True,True,2026-10-07
887741100,"[""https://apply.usastaffing.gov/ViewQuestionnaire/13082830""]",True,True,2026-10-07
887741200,"[""https://apply.usastaffing.gov/ViewQuestionnaire/13084190""]",True,True,2026-10-07
887741400,"[""https://apply.usastaffing.gov/ViewQuestionnaire/13068973""]",True,True,2026-10-07
887741500,[],True,True,2026-10-07
887741700,[],True,True,2026-10-07
887742000,[],True,True,2026-10-07
887742500,"[""https://apply.usastaffing.gov/ViewQuestionnaire/13081634""]",True,True,2026-10-07
887742900,"[""https://apply.usastaffing.gov/ViewQuestionnaire/13075582""]",True,True,2026-10-07
887743200,"[""https://apply.usastaffing.gov/ViewQuestionnaire/13080735""]",True,True,2026-10-07
887743300,"[""https://apply.usastaffing.gov/ViewQuestionnaire/13083220""]",True,True,2026-10-07
887743400,[],True,True,2026-10-07
887743500,"[""https://apply.usastaffing.gov/ViewQuestionnaire/13082156""]",True,True,2026-10-07
887743600,"[""https://apply.usastaffing.gov/ViewQuestionnaire/13068594""]",True,True,2026-10-07
887743800,"[""https://apply.usastaffing.gov/ViewQuestionnaire/13084096""]",True,True,2026-10-07
887744100,"[""https://apply.usastaffing.gov/ViewQuestionnaire/13080946""]",True,True,2026-10-07
887744500,"[""https://apply.usastaffing.gov/ViewQuestionnaire/13084136""]",True,True,2026-10-07
887744600,"[""https://apply.usastaffing.gov/ViewQuestionnaire/13084115""]",True,True,2026-10-07
887744900,"[""https://apply.usastaffing.gov/ViewQuestionnaire/13081377""]",True,True,2026-10-07
887745100,"[""https://apply.usastaffing.gov/ViewQuestionnaire/13079184""]",True,True,2026-10-07
887745400,"[""https://apply.usastaffing.gov/ViewQuestionnaire/13082012""]",True,True,2026-10-07
887745500,"[""https://apply.usastaffing.gov/ViewQuestionnaire/13068595""]",True,True,2026-10-07
887745700,[],True,True,2026-10-07
887745900,[],True,True,2026-10-07
887746000,"[""https://jobs.monstergovt.com/dot/ros/rosDashboard.hms?O=2&J=93066"", ""https://jobs.monstergovt.com/dot/ros/rosDashboard.hms?O=2&J=93066&S=1""]",True,False,2026-10-07
887746200,"[""https://apply.usastaffing.gov/ViewQuestionnaire/13084228""]",True,True,2026-10-07
887746400,[],True,True,2026-10-07
887746500,[],True,True,2026-10-07
887746600,[],True,True,2026-10-07
887746700,"[""https://apply.usastaffing.gov/ViewQuestionnaire/13083254""]",True,True,2026-10-07
887746800,"[""https://apply.usastaffing.gov/ViewQuestionnaire/13082937""]",True,True,2026-10-07
887746900,"[""https://apply.usastaffing.gov/ViewQuestionnaire/13084065""]",True,True,2026-10-07
887747300,"[""https://apply.usastaffing.gov/ViewQuestionnaire/13077589""]",True,True,2026-10-07
887747400,[],True,False,2026-10-07
887747700,[],True,True,2026-10-07
887747900,"[""https://apply.usastaffing.gov/ViewQuestionnaire/13083824""]",True,True,2026-10-07
887748000,"[""https://apply.usastaffing.gov/ViewQuestionnaire/13082303""]",True,True,2026-10-07
887748400,"[""https://apply.usastaffing.gov/ViewQuestionnaire/13082509""]",True,True,2026-10-07
887748500,"[""https://apply.usastaffing.gov/ViewQuestionnaire/13084199""]",True,True,2026-10-07
887748600,"[""https://apply.usastaffing.gov/ViewQuestionnaire/13080060""]",True,True,2026-10-07
887748800,"[""https://apply.usastaffing.gov/ViewQuestionnaire/13080818""]",True,True,2026-10-07
887748900,[],True,True,2026-10-07
887749000,"[""https://apply.usastaffing.gov/ViewQuestionnaire/13084046""]",True,True,2026-10-07
887749400,[],True,True,2026-10-07
887749600,"[""https://apply.usastaffing.gov/ViewQuestionnaire/13083314""]",True,True,2026-10-07
887749800,[],True,True,2026-10-07
887750000,"[""https://apply.usastaffing.gov/ViewQuestionnaire/13081343""]",True,True,2026-10-07
887750200,[],True,True,2026-10-07
887750400,"[""https://apply.usastaffing.gov/ViewQuestionnaire/13082149""]",True,True,2026-10-07
887750600,"[""https://apply.usastaffing.gov/ViewQuestionnaire/13084236""]",True,True,2026-10-07
887750700,"[""https://apply.usastaffing.gov/ViewQuestionnaire/13084213""]",True,True,2026-10-07
887751000,"[""https://apply.usastaffing.gov/ViewQuestionnaire/13084191""]",True,True,2026-10-07
887751200,"[""https://apply.usastaffing.gov/ViewQuestionnaire/13084238""]",True,True,2026-10-07
887751300,[],True,True,2026-10-07
887751400,"[""https://apply.usastaffing.gov/ViewQuestionnaire/13083816""]",True,True,2026-10-07
887751700,"[""https://apply.usastaffing.gov/ViewQuestionnaire/13076225""]",True,True,2026-10-07
887751900,"[""https://apply.usastaffing.gov/ViewQuestionnaire/13083533""]",True,True,2026-10-07
887752000,"[""https://apply.usastaffing.gov/ViewQuestionnaire/13084119""]",True,True,2026-10-07
887752100,"[""https://apply.usastaffing.gov/ViewQuestionnaire/13082571""]",True,True,2026-10-07
887752300,"[""https://apply.usastaffing.gov/ViewQuestionnaire/13084164""]",True,True,2026-10-07
887752400,"[""https://apply.usastaffing.gov/ViewQuestionnaire/13082831""]",True,True,2026-10-07
887752500,"[""https://apply.usastaffing.gov/ViewQuestionnaire/13083356""]",True,True,2026-10-07
887752600,"[""https://apply.usastaffing.gov/ViewQuestionnaire/13083622""]",True,True,2026-10-07
887753500,"[""https://apply.usastaffing.gov/ViewQuestionnaire/13084041""]",True,True,2026-10-07
887753800,"[""https://jobs.monstergovt.com/dot/ros/rosDashboard.hms?O=2&J=93043"", ""https://jobs.monstergovt.com/dot/ros/rosDashboard.hms?O=2&J=93043&S=1""]",True,False,2026-10-07
887754000,[],True,True,2026-10-07
887754100,"[""https://apply.usastaffing.gov/ViewQuestionnaire/13073504""]",True,True,2026-10-07
887754300,[],True,True,2026-10-07
887754500,"[""https://apply.usastaffing.gov/ViewQuestionnaire/13080826""]",True,True,2026-10-07
887754600,"[""https://apply.usastaffing.gov/ViewQuestionnaire/13079577""]",True,True,2026-10-07
887755000,[],True,True,2026-10-07
887755100,"[""https://apply.usastaffing.gov/ViewQuestionnaire/13079579""]",True,True,2026-10-07
887755200,"[""https://apply.usastaffing.gov/ViewQuestionnaire/13083814""]",True,True,2026-10-07
887755400,[],True,True,2026-10-07
887755500,"[""https://apply.usastaffing.gov/ViewQuestionnaire/13082329""]",True,True,2026-10-07
887755600,"[""https://apply.usastaffing.gov/ViewQuestionnaire/13080834""]",True,True,2026-10-07
887755900,"[""https://apply.usastaffing.gov/ViewQuestionnaire/13081113""]",True,True,2026-10-07
887756000,"[""https://apply.usastaffing.gov/ViewQuestionnaire/13079045""]",True,True,2026-10-07
887756100,"[""https://apply.usastaffing.gov/ViewQuestionnaire/13072822""]",True,True,2026-10-07
887756200,[],True,True,2026-10-07
887756300,"[""https://apply.usastaffing.gov/ViewQuestionnaire/13064257""]",True,True,2026-10-07
887756400,"[""https://apply.usastaffing.gov/ViewQuestionnaire/13082850""]",True,True,2026-10-07
887756500,"[""https://apply.usastaffing.gov/ViewQuestionnaire/13083124""]",True,True,2026-10-07
887756600,"[""https://apply.usastaffing.gov/ViewQuestionnaire/13084239""]",True,True,2026-10-07
887756800,"[""https://apply.usastaffing.gov/ViewQuestionnaire/13080237""]",True,True,2026-10-07
887757200,"[""https://apply.usastaffing.gov/ViewQuestionnaire/13082921""]",True,True,2026-10-07
887757300,[],True,True,2026-10-07
887757400,"[""https://apply.usastaffing.gov/ViewQuestionnaire/13080238""]",True,True,2026-10-07
887757700,"[""https://apply.usastaffing.gov/ViewQuestionnaire/13083857""]",True,True,2026-10-07
887757800,"[""https://apply.usastaffing.gov/ViewQuestionnaire/13083748""]",True,True,2026-10-07
887757900,[],True,True,2026-10-07
887758000,[],False,False,2026-10-07
887758200,"[""https://apply.usastaffing.gov/ViewQuestionnaire/13080899""]",True,True,2026-10-07
887758300,"[""https://apply.usastaffing.gov/ViewQuestionnaire/13083747""]",True,True,2026-10-07
887758400,"[""https://apply.usastaffing.gov/ViewQuestionnaire/13080645""]",True,True,2026-10-07
887758600,[],True,True,2026-10-07
887758700,"[""https://apply.usastaffing.gov/ViewQuestionnaire/13061610""]",True,True,2026-10-07
887758800,"[""https://apply.usastaffing.gov/ViewQuestionnaire/13080765""]",True,True,2026-10-07
887758900,"[""https://apply.usastaffing.gov/ViewQuestionnaire/13083060""]",True,True,2026-10-07
887759000,"[""https://apply.usastaffing.gov/ViewQuestionnaire/13082808""]",True,True,2026-10-07
887759200,"[""https://apply.usastaffing.gov/ViewQuestionnaire/13084118""]",True,True,2026-10-07
887759700,[],True,True,2026-10-07
887759800,"[""https://apply.usastaffing.gov/ViewQuestionnaire/13080778""]",True,True,2026-10-07
887759900,"[""https://apply.usastaffing.gov/ViewQuestionnaire/13082315""]",True,True,2026-10-07
887760000,[],True,True,2026-10-07
887760200,"[""https://apply.usastaffing.gov/ViewQuestionnaire/13081778""]",True,True,2026-10-07
887761000,[],True,True,2026-10-07
887761100,[],True,True,2026-10-07
887761200,"[""https://apply.usastaffing.gov/ViewQuestionnaire/13077959""]",True,True,2026-10-07
887761300,"[""https://apply.usastaffing.gov/ViewQuestionnaire/13083819""]",True,True,2026-10-07
887761700,"[""https://apply.usastaffing.gov/ViewQuestionnaire/13084230""]",True,True,2026-10-07
887762200,"[""https://apply.usastaffing.gov/ViewQuestionnaire/13083531""]",True,True,2026-10-07
887762800,[],True,True,2026-10-07
887762900,"[""https://apply.usastaffing.gov/ViewQuestionnaire/13069162""]",True,True,2026-10-07
887763100,"[""https://apply.usastaffing.gov/ViewQuestionnaire/13084249""]",True,True,2026-10-07
887763300,"[""https://apply.usastaffing.gov/ViewQuestionnaire/13067000""]",True,True,2026-10-07
887763600,"[""https://apply.usastaffing.gov/ViewQuestionnaire/13083363""]",True,True,2026-10-07
887763700,"[""https://apply.usastaffing.gov/ViewQuestionnaire/13082823""]",True,True,2026-10-07
887763800,"[""https://apply.usastaffing.gov/ViewQuestionnaire/13084340""]",True,True,2026-10-07
887763900,"[""https://apply.usastaffing.gov/ViewQuestionnaire/13075861""]",True,True,2026-10-07
887764000,"[""https://apply.usastaffing.gov/ViewQuestionnaire/13082470""]",True,True,2026-10-07
887764100,[],False,False,2026-10-07
887764200,"[""https://apply.usastaffing.gov/ViewQuestionnaire/13084146""]",True,True,2026-10-07
887764300,"[""https://apply.usastaffing.gov/ViewQuestionnaire/13077336""]",True,True,2026-10-07
887764600,"[""https://apply.usastaffing.gov/ViewQuestionnaire/13084150""]",True,True,2026-10-07
887764700,"[""https://apply.usastaffing.gov/ViewQuestionnaire/13083877""]",True,True,2026-10-07
887764900,"[""https://apply.usastaffing.gov/ViewQuestionnaire/13084315""]",True,True,2026-10-07
887765200,"[""https://apply.usastaffing.gov/ViewQuestionnaire/13078042""]",True,True,2026-10-07
887765300,"[""https://apply.usastaffing.gov/ViewQuestionnaire/13084368""]",True,True,2026-10-07
887765400,"[""https://apply.usastaffing.gov/ViewQuestionnaire/13082298""]",True,True,2026-10-07
887765600,"[""https://apply.usastaffing.gov/ViewQuestionnaire/13082283""]",True,True,2026-10-07
887765700,"[""https://apply.usastaffing.gov/ViewQuestionnaire/13082266""]",True,True,2026-10-07
887765900,"[""https://apply.usastaffing.gov/ViewQuestionnaire/13082287""]",True,True,2026-10-07
887766000,"[""https://apply.usastaffing.gov/ViewQuestionnaire/13075576""]",True,True,2026-10-07
887766200,"[""https://apply.usastaffing.gov/ViewQuestionnaire/13081529""]",True,True,2026-10-07
887766300,"[""https://apply.usastaffing.gov/ViewQuestionnaire/13084107""]",True,True,2026-10-07
887766500,"[""https://apply.usastaffing.gov/ViewQuestionnaire/13072937""]",True,True,2026-10-07
887766900,"[""https://apply.usastaffing.gov/ViewQuestionnaire/13084042""]",True,True,2026-10-07
887767000,"[""https://apply.usastaffing.gov/ViewQuestionnaire/13080016""]",True,True,2026-10-07
887767400,[],True,True,2026-10-07
887767500,"[""https://apply.usastaffing.gov/ViewQuestionnaire/13083507""]",True,True,2026-10-07
887767700,"[""https://apply.usastaffing.gov/ViewQuestionnaire/13084390""]",True,True,2026-10-07
887767900,"[""https://apply.usastaffing.gov/ViewQuestionnaire/13082440""]",True,True,2026-10-07
887768100,"[""https://apply.usastaffing.gov/ViewQuestionnaire/13084260""]",True,True,2026-10-07
887768300,"[""https://apply.usastaffing.gov/ViewQuestionnaire/13078175""]",True,True,2026-10-07
887768400,"[""https://apply.usastaffing.gov/ViewQuestionnaire/13083750""]",True,True,2026-10-07
887768600,[],True,True,2026-10-07
887768800,"[""https://apply.usastaffing.gov/ViewQuestionnaire/12971116""]",True,True,2026-10-07
887769100,"[""https://apply.usastaffing.gov/ViewQuestionnaire/13080971""]",True,True,2026-10-07
887769200,"[""https://apply.usastaffing.gov/ViewQuestionnaire/13082377""]",True,True,2026-10-07
887769300,"[""https://apply.usastaffing.gov/ViewQuestionnaire/13082378""]",True,True,2026-10-07
887770100,"[""https://apply.usastaffing.gov/ViewQuestionnaire/13083716""]",True,True,2026-10-07
887770200,"[""https://apply.usastaffing.gov/ViewQuestionnaire/13082289""]",True,True,2026-10-07
887770300,"[""https://apply.usastaffing.gov/ViewQuestionnaire/13081797""]",True,True,2026-10-07
887770400,"[""https://apply.usastaffing.gov/ViewQuestionnaire/13082352""]",True,True,2026-10-07
887770500,"[""https://apply.usastaffing.gov/ViewQuestionnaire/13082745""]",True,True,2026-10-07
887770600,"[""https://apply.usastaffing.gov/ViewQuestionnaire/13080886""]",True,True,2026-10-07
887770800,"[""https://apply.usastaffing.gov/ViewQuestionnaire/13083272""]",True,True,2026-10-07
887771000,"[""https://apply.usastaffing.gov/ViewQuestionnaire/13084420""]",True,True,2026-10-07
887771100,"[""https://apply.usastaffing.gov/ViewQuestionnaire/13084384""]",True,True,2026-10-07
887771300,[],True,True,2026-10-07
887771800,"[""https://apply.usastaffing.gov/ViewQuestionnaire/13082876""]",True,True,2026-10-07
887772100,"[""https://apply.usastaffing.gov/ViewQuestionnaire/13083229""]",True,True,2026-10-07
887772700,"[""https://apply.usastaffing.gov/ViewQuestionnaire/13084274""]",True,True,2026-10-07
887772800,"[""https://apply.usastaffing.gov/ViewQuestionnaire/13082351""]",True,True,2026-10-07
887773000,"[""https://apply.usastaffing.gov/ViewQuestionnaire/13083759""]",True,True,2026-10-07
887773100,[],True,True,2026-10-07
887773300,"[""https://apply.usastaffing.gov/ViewQuestionnaire/13083386""]",True,True,2026-10-07
887773700,"[""https://apply.usastaffing.gov/ViewQuestionnaire/13083387""]",True,True,2026-10-07
887773800,"[""https://apply.usastaffing.gov/ViewQuestionnaire/13071788""]",True,True,2026-10-07
887774400,"[""https://apply.usastaffing.gov/ViewQuestionnaire/13073129""]",True,True,2026-10-07
887774800,[],True,True,2026-10-07
887775000,"[""https://apply.usastaffing.gov/ViewQuestionnaire/13084209""]",True,True,2026-10-07
887775200,"[""https://apply.usastaffing.gov/ViewQuestionnaire/13082084""]",True,True,2026-10-07
887775400,"[""https://apply.usastaffing.gov/ViewQuestionnaire/13082574""]",True,True,2026-10-07
887775700,"[""https://apply.usastaffing.gov/ViewQuestionnaire/13077197""]",True,True,2026-10-07
887776000,"[""https://apply.usastaffing.gov/ViewQuestionnaire/13084379""]",True,True,2026-10-07
887776300,"[""https://apply.usastaffing.gov/ViewQuestionnaire/13080420""]",True,True,2026-10-07
887776400,"[""https://apply.usastaffing.gov/ViewQuestionnaire/13083375""]",True,True,2026-10-07
887776500,"[""https://apply.usastaffing.gov/ViewQuestionnaire/13083771""]",True,True,2026-10-07
887776700,"[""https://apply.usastaffing.gov/ViewQuestionnaire/13083374""]",True,True,2026-10-07
887776900,"[""https://apply.usastaffing.gov/ViewQuestionnaire/13081129""]",True,True,2026-10-07
887777000,"[""https://apply.usastaffing.gov/ViewQuestionnaire/13084449""]",True,True,2026-10-07
887777200,"[""https://apply.usastaffing.gov/ViewQuestionnaire/13082341""]",True,True,2026-10-07
887777600,"[""https://apply.usastaffing.gov/ViewQuestionnaire/13083401""]",True,True,2026-10-07
887777700,"[""https://apply.usastaffing.gov/ViewQuestionnaire/13084453""]",True,True,2026-10-07
887777800,"[""https://apply.usastaffing.gov/ViewQuestionnaire/13084273""]",True,True,2026-10-07
887778100,"[""https://apply.usastaffing.gov/ViewQuestionnaire/13081307""]",True,True,2026-10-07
887778500,[],True,True,2026-10-07
887778700,"[""https://apply.usastaffing.gov/ViewQuestionnaire/13076494""]",True,True,2026-10-07
887778900,[],False,False,2026-10-07
887779000,"[""https://apply.usastaffing.gov/ViewQuestionnaire/13083424""]",True,True,2026-10-07
887779100,"[""https://apply.usastaffing.gov/ViewQuestionnaire/13081198""]",True,True,2026-10-07
887779500,[],True,True,2026-10-07
887779800,"[""https://apply.usastaffing.gov/ViewQuestionnaire/13084515""]",True,True,2026-10-07
887780000,"[""https://apply.usastaffing.gov/ViewQuestionnaire/13083036""]",True,True,2026-10-07
887780100,"[""https://apply.usastaffing.gov/ViewQuestionnaire/13082446""]",True,True,2026-10-07
887780200,"[""https://apply.usastaffing.gov/ViewQuestionnaire/13081462""]",True,True,2026-10-07
887780300,"[""https://apply.usastaffing.gov/ViewQuestionnaire/13071555""]",True,True,2026-10-07
887780600,"[""https://apply.usastaffing.gov/ViewQuestionnaire/13071556""]",True,True,2026-10-07
887781200,"[""https://apply.usastaffing.gov/ViewQuestionnaire/13084053""]",True,True,2026-10-07
887781300,[],True,True,2026-10-07
887782200,"[""https://apply.usastaffing.gov/ViewQuestionnaire/13081334""]",True,True,2026-10-07
887782500,"[""https://apply.usastaffing.gov/ViewQuestionnaire/13083497""]",True,True,2026-10-07
887782600,"[""https://apply.usastaffing.gov/ViewQuestionnaire/13084495""]",True,True,2026-10-07
887783000,"[""https://jobs.monstergovt.com/hment/ros/rosDashboard.hms?O=1&J=55068"", ""https://jobs.monstergovt.com/hment/ros/rosDashboard.hms?O=1&J=55068&S=1""]",True,False,2026-10-07
887783100,"[""https://apply.usastaffing.gov/ViewQuestionnaire/13081195""]",True,True,2026-10-07
887783300,"[""https://jobs.monstergovt.com/hment/ros/rosDashboard.hms?O=1&J=55066"", ""https://jobs.monstergovt.com/hment/ros/rosDashboard.hms?O=1&J=55066&S=1""]",True,False,2026-10-07
887783600,"[""https://apply.usastaffing.gov/ViewQuestionnaire/13082313""]",True,True,2026-10-07
887783800,"[""https://apply.usastaffing.gov/ViewQuestionnaire/13083245""]",True,True,2026-10-07
887783900,"[""https://apply.usastaffing.gov/ViewQuestionnaire/13084531""]",True,True,2026-10-07
887784000,[],True,True,2026-10-07
887784200,"[""https://apply.usastaffing.gov/ViewQuestionnaire/13075702""]",True,True,2026-10-07
887784400,"[""https://apply.usastaffing.gov/ViewQuestionnaire/13076695""]",True,True,2026-10-07
887784600,[],True,True,2026-10-07
887784700,[],True,True,2026-10-07
887784900,[],True,True,2026-10-07
887785400,"[""https://apply.usastaffing.gov/ViewQuestionnaire/13081300""]",True,True,2026-10-07
887785600,[],True,True,2026-10-07
887785700,"[""https://apply.usastaffing.gov/ViewQuestionnaire/13083981""]",True,True,2026-10-07
887786000,[],True,True,2026-10-07
887786100,[],True,True,2026-10-07
887786500,"[""https://apply.usastaffing.gov/ViewQuestionnaire/13083980""]",True,True,2026-10-07
887786600,"[""https://apply.usastaffing.gov/ViewQuestionnaire/13084508""]",True,True,2026-10-07
887786700,"[""https://apply.usastaffing.gov/ViewQuestionnaire/13082278""]",True,True,2026-10-07
887786900,"[""https://apply.usastaffing.gov/ViewQuestionnaire/13082684""]",True,True,2026-10-07
887787700,"[""https://apply.usastaffing.gov/ViewQuestionnaire/13082642""]",True,True,2026-10-07
887787900,[],True,True,2026-10-07
887788100,"[""https://apply.usastaffing.gov/ViewQuestionnaire/13084498""]",True,True,2026-10-07
887788200,"[""https://apply.usastaffing.gov/ViewQuestionnaire/13037702""]",True,True,2026-10-07
887788300,[],True,True,2026-10-07
887788600,"[""https://apply.usastaffing.gov/ViewQuestionnaire/13081246""]",True,True,2026-10-07
887788700,"[""https://apply.usastaffing.gov/ViewQuestionnaire/13077086""]",True,True,2026-10-07
887788800,"[""https://apply.usastaffing.gov/ViewQuestionnaire/13083872""]",True,True,2026-10-07
887789000,"[""https://apply.usastaffing.gov/ViewQuestionnaire/13082641""]",True,True,2026-10-07
887789100,"[""https://apply.usastaffing.gov/ViewQuestionnaire/13080344""]",True,True,2026-10-07
887789200,"[""https://apply.usastaffing.gov/ViewQuestionnaire/13080502""]",True,True,2026-10-07
887789300,"[""https://apply.usastaffing.gov/ViewQuestionnaire/13084480""]",True,True,2026-10-07
887789400,"[""https://apply.usastaffing.gov/ViewQuestionnaire/13084538""]",True,True,2026-10-07
887789800,"[""https://apply.usastaffing.gov/ViewQuestionnaire/13084445""]",True,True,2026-10-07
887789900,"[""https://apply.usastaffing.gov/ViewQuestionnaire/13084265""]",True,True,2026-10-07
887790000,"[""https://apply.usastaffing.gov/ViewQuestionnaire/13084575""]",True,True,2026-10-07
887790100,"[""https://apply.usastaffing.gov/ViewQuestionnaire/13084582""]",True,True,2026-10-07
887790200,[],True,True,2026-10-07
887790500,"[""https://apply.usastaffing.gov/ViewQuestionnaire/13084441""]",True,True,2026-10-07
887790600,"[""https://apply.usastaffing.gov/ViewQuestionnaire/13079702""]",True,True,2026-10-07
887791300,"[""https://apply.usastaffing.gov/ViewQuestionnaire/13077819""]",True,True,2026-10-07
887791600,"[""https://apply.usastaffing.gov/ViewQuestionnaire/13083523""]",True,True,2026-10-07
887791700,"[""https://apply.usastaffing.gov/ViewQuestionnaire/13084484""]",True,True,2026-10-07
887791800,[],False,False,2026-10-07
887791900,"[""https://apply.usastaffing.gov/ViewQuestionnaire/13080771""]",True,True,2026-10-07
887792100,"[""https://apply.usastaffing.gov/ViewQuestionnaire/13084001""]",True,True,2026-10-07
887792500,"[""https://apply.usastaffing.gov/ViewQuestionnaire/13082270""]",True,True,2026-10-07
887792600,"[""https://apply.usastaffing.gov/ViewQuestionnaire/13070600""]",True,True,2026-10-07
887792900,"[""https://apply.usastaffing.gov/ViewQuestionnaire/13084272""]",True,True,2026-10-07
887793000,"[""https://apply.usastaffing.gov/ViewQuestionnaire/13084000""]",True,True,2026-10-07
887793400,"[""https://apply.usastaffing.gov/ViewQuestionnaire/13077391""]",True,True,2026-10-07
887793700,"[""https://apply.usastaffing.gov/ViewQuestionnaire/13084415""]",True,True,2026-10-07
887793900,[],True,True,2026-10-07
887794000,[],True,True,2026-10-07
887794100,[],True,True,2026-10-07
887794200,"[""https://apply.usastaffing.gov/ViewQuestionnaire/13084522""]",True,True,2026-10-07
887794300,[],True,True,2026-10-07
887794400,"[""https://apply.usastaffing.gov/ViewQuestionnaire/13084564""]",True,True,2026-10-07
887794500,"[""https://apply.usastaffing.gov/ViewQuestionnaire/13077145""]",True,True,2026-10-07
887794700,[],True,True,2026-10-07
887795000,[],True,True,2026-10-07
887795200,"[""https://apply.usastaffing.gov/ViewQuestionnaire/13062546""]",True,True,2026-10-07
887795500,"[""https://apply.usastaffing.gov/ViewQuestionnaire/13083161""]",True,True,2026-10-07
887795700,[],True,True,2026-10-07
887795800,"[""https://apply.usastaffing.gov/ViewQuestionnaire/13080700""]",True,True,2026-10-07
887796000,"[""https://apply.usastaffing.gov/ViewQuestionnaire/13082594""]",True,True,2026-10-07
887796300,"[""https://apply.usastaffing.gov/ViewQuestionnaire/13083719""]",True,True,2026-10-07
887796700,"[""https://apply.usastaffing.gov/ViewQuestionnaire/13080026""]",True,True,2026-10-07
887796800,"[""https://apply.usastaffing.gov/ViewQuestionnaire/13070285""]",True,True,2026-10-07
887797000,[],True,True,2026-10-07
887797100,"[""https://apply.usastaffing.gov/ViewQuestionnaire/13083087""]",True,True,2026-10-07
887797200,"[""https://apply.usastaffing.gov/ViewQuestionnaire/13084534""]",True,True,2026-10-07
887797300,[],True,True,2026-10-07
887797400,"[""https://apply.usastaffing.gov/ViewQuestionnaire/13084541""]",True,True,2026-10-07
887797600,"[""https://apply.usastaffing.gov/ViewQuestionnaire/13084395""]",True,True,2026-10-07
887797700,"[""https://apply.usastaffing.gov/ViewQuestionnaire/13082529""]",True,True,2026-10-07
887797900,"[""https://apply.usastaffing.gov/ViewQuestionnaire/13068126""]",True,True,2026-10-07
887798100,"[""https://apply.usastaffing.gov/ViewQuestionnaire/13084477""]",True,True,2026-10-07
887798200,"[""https://apply.usastaffing.gov/ViewQuestionnaire/13084642""]",True,True,2026-10-07
887798300,[],True,True,2026-10-07
887798400,"[""https://apply.usastaffing.gov/ViewQuestionnaire/13080500""]",True,True,2026-10-07
887798500,"[""https://apply.usastaffing.gov/ViewQuestionnaire/13084565""]",True,True,2026-10-07
887798600,"[""https://apply.usastaffing.gov/ViewQuestionnaire/13083718""]",True,True,2026-10-07
887798700,[],True,True,2026-10-07
887798800,[],True,True,2026-10-07
887799100,[],True,True,2026-10-07
887799200,[],True,True,2026-10-07
887799300,"[""https://apply.usastaffing.gov/ViewQuestionnaire/13084311""]",True,True,2026-10-07
887799500,"[""https://apply.usastaffing.gov/ViewQuestionnaire/13084170""]",True,True,2026-10-07
887799900,"[""https://apply.usastaffing.gov/ViewQuestionnaire/13083817""]",True,True,2026-10-07
887800100,"[""https://apply.usastaffing.gov/ViewQuestionnaire/13084320""]",True,True,2026-10-07
887800200,"[""https://apply.usastaffing.gov/ViewQuestionnaire/13076927""]",True,True,2026-10-07
887800300,"[""https://apply.usastaffing.gov/ViewQuestionnaire/13082090""]",True,True,2026-10-07
887800400,"[""https://apply.usastaffing.gov/ViewQuestionnaire/13081303""]",True,True,2026-10-07
887800500,"[""https://apply.usastaffing.gov/ViewQuestionnaire/13084550""]",True,True,2026-10-07
887800900,"[""https://apply.usastaffing.gov/ViewQuestionnaire/13082000""]",True,True,2026-10-07
887801200,"[""https://apply.usastaffing.gov/ViewQuestionnaire/13084443""]",True,True,2026-10-07
887801400,"[""https://apply.usastaffing.gov/ViewQuestionnaire/13084631""]",True,True,2026-10-07
887801500,"[""https://apply.usastaffing.gov/ViewQuestionnaire/13078011""]",True,True,2026-10-07
887801600,"[""https://apply.usastaffing.gov/ViewQuestionnaire/13084636""]",True,True,2026-10-07
887801900,"[""https://jobs.monstergovt.com/dot/ros/rosDashboard.hms?O=2&J=93076"", ""https://jobs.monstergovt.com/dot/ros/rosDashboard.hms?O=2&J=93076&S=1""]",True,False,2026-10-07
887802100,"[""https://apply.usastaffing.gov/ViewQuestionnaire/13080974""]",True,True,2026-10-07
887802300,"[""https://apply.usastaffing.gov/ViewQuestionnaire/13084168""]",True,True,2026-10-07
887802800,"[""https://apply.usastaffing.gov/ViewQuestionnaire/13076639""]",True,True,2026-10-07
887803000,"[""https://apply.usastaffing.gov/ViewQuestionnaire/13084574""]",True,True,2026-10-07
887803100,"[""https://apply.usastaffing.gov/ViewQuestionnaire/13080465""]",True,True,2026-10-07
887803200,"[""https://apply.usastaffing.gov/ViewQuestionnaire/13070810""]",True,True,2026-10-07
887803300,"[""https://apply.usastaffing.gov/ViewQuestionnaire/13083250""]",True,True,2026-10-07
887803400,"[""https://apply.usastaffing.gov/ViewQuestionnaire/13084668""]",True,True,2026-10-07
887803500,"[""https://apply.usastaffing.gov/ViewQuestionnaire/13084525""]",True,True,2026-10-07
887803600,"[""https://apply.usastaffing.gov/ViewQuestionnaire/13084205""]",True,True,2026-10-07
887804000,[],True,False,2026-10-07
887804200,"[""https://apply.usastaffing.gov/ViewQuestionnaire/13082510""]",True,True,2026-10-07
887804400,"[""https://apply.usastaffing.gov/ViewQuestionnaire/13081941""]",True,True,2026-10-07
887805000,[],True,True,2026-10-07
887805600,"[""https://apply.usastaffing.gov/ViewQuestionnaire/13082093""]",True,True,2026-10-07
887806100,[],False,True,2026-10-07
887806200,"[""https://apply.usastaffing.gov/ViewQuestionnaire/13083307""]",True,True,2026-10-07
887806400,"[""https://apply.usastaffing.gov/ViewQuestionnaire/13084337""]",True,True,2026-10-07
887806600,"[""https://apply.usastaffing.gov/ViewQuestionnaire/13082985""]",True,True,2026-10-07
887806700,"[""https://apply.usastaffing.gov/ViewQuestionnaire/13084563""]",True,True,2026-10-07
887806800,"[""https://apply.usastaffing.gov/ViewQuestionnaire/13068373""]",True,True,2026-10-07
887807000,[],True,True,2026-10-07
887807100,[],True,True,2026-10-07
887807300,"[""https://apply.usastaffing.gov/ViewQuestionnaire/13081910""]",True,True,2026-10-07
887807500,"[""https://apply.usastaffing.gov/ViewQuestionnaire/13083068""]",True,True,2026-10-07
887807600,"[""https://apply.usastaffing.gov/ViewQuestionnaire/13084590""]",True,True,2026-10-07
887807700,"[""https://apply.usastaffing.gov/ViewQuestionnaire/13084407""]",True,True,2026-10-07
887808000,"[""https://apply.usastaffing.gov/ViewQuestionnaire/13084330""]",True,True,2026-10-07
887808100,[],True,True,2026-10-07
887808200,"[""https://apply.usastaffing.gov/ViewQuestionnaire/13083397""]",True,True,2026-10-07
887808400,"[""https://apply.usastaffing.gov/ViewQuestionnaire/13084214""]",True,True,2026-10-07
887808500,"[""https://apply.usastaffing.gov/ViewQuestionnaire/13084673""]",True,True,2026-10-07
887808900,"[""https://apply.usastaffing.gov/ViewQuestionnaire/13079972""]",True,True,2026-10-07
887809000,"[""https://apply.usastaffing.gov/ViewQuestionnaire/13083465""]",True,True,2026-10-07
887809100,[],True,True,2026-10-07
887809200,[],True,True,2026-10-07
887809300,"[""https://apply.usastaffing.gov/ViewQuestionnaire/13084055""]",True,True,2026-10-07
887809500,"[""https://apply.usastaffing.gov/ViewQuestionnaire/13081667""]",True,True,2026-10-07
887809600,"[""https://apply.usastaffing.gov/ViewQuestionnaire/13081668""]",True,True,2026-10-07
887809700,[],False,False,2026-10-07
887810000,"[""https://apply.usastaffing.gov/ViewQuestionnaire/13077194""]",True,True,2026-10-07
887810300,"[""https://apply.usastaffing.gov/ViewQuestionnaire/13083181""]",True,True,2026-10-07
887810400,"[""https://jobs.monstergovt.com/hment/ros/rosDashboard.hms?O=1&J=55013"", ""https://jobs.monstergovt.com/hment/ros/rosDashboard.hms?O=1&J=55013&S=1""]",True,False,2026-10-07
887810500,"[""https://apply.usastaffing.gov/ViewQuestionnaire/13084031""]",True,True,2026-10-07
887810600,"[""https://apply.usastaffing.gov/ViewQuestionnaire/13083973""]",True,True,2026-10-07
887810700,"[""https://apply.usastaffing.gov/ViewQuestionnaire/13084149""]",True,True,2026-10-07
887810800,"[""https://apply.usastaffing.gov/ViewQuestionnaire/13081248""]",True,True,2026-10-07
887811000,"[""https://apply.usastaffing.gov/ViewQuestionnaire/13084709""]",True,True,2026-10-07
887811100,[],False,False,2026-10-07
887811400,"[""https://apply.usastaffing.gov/ViewQuestionnaire/13081510""]",True,True,2026-10-07
887811500,"[""https://apply.usastaffing.gov/ViewQuestionnaire/13079249""]",True,True,2026-10-07
887812200,"[""https://apply.usastaffing.gov/ViewQuestionnaire/13066547""]",True,True,2026-10-07
887812400,"[""https://apply.usastaffing.gov/ViewQuestionnaire/13074302""]",True,True,2026-10-07
887812500,"[""https://apply.usastaffing.gov/ViewQuestionnaire/13081488""]",True,True,2026-10-07
887812600,"[""https://apply.usastaffing.gov/ViewQuestionnaire/13084603""]",True,True,2026-10-07
887812900,"[""https://apply.usastaffing.gov/ViewQuestionnaire/13083735""]",True,True,2026-10-07
887813100,"[""https://apply.usastaffing.gov/ViewQuestionnaire/13080545""]",True,True,2026-10-07
887813200,"[""https://apply.usastaffing.gov/ViewQuestionnaire/13066385""]",True,True,2026-10-07
887813300,[],True,True,2026-10-07
887813500,"[""https://apply.usastaffing.gov/ViewQuestionnaire/13083332""]",True,True,2026-10-07
887813900,"[""https://apply.usastaffing.gov/ViewQuestionnaire/13083602""]",True,True,2026-10-07
887814000,"[""https://apply.usastaffing.gov/ViewQuestionnaire/13049872""]",True,True,2026-10-07
887814100,[],True,False,2026-10-07
887814200,"[""https://apply.usastaffing.gov/ViewQuestionnaire/13082999""]",True,True,2026-10-07
887814500,"[""https://apply.usastaffing.gov/ViewQuestionnaire/13081523""]",True,True,2026-10-07
887814600,"[""https://apply.usastaffing.gov/ViewQuestionnaire/13049871""]",True,True,2026-10-07
887814700,[],True,True,2026-10-07
887815000,"[""https://apply.usastaffing.gov/ViewQuestionnaire/13081552""]",True,True,2026-10-07
887815100,"[""https://apply.usastaffing.gov/ViewQuestionnaire/13056297""]",True,True,2026-10-07
887815200,"[""https://apply.usastaffing.gov/ViewQuestionnaire/13056298""]",True,True,2026-10-07
887815300,"[""https://apply.usastaffing.gov/ViewQuestionnaire/13084596""]",True,True,2026-10-07
887815400,"[""https://apply.usastaffing.gov/ViewQuestionnaire/13083444""]",True,True,2026-10-07
887815500,[],True,False,2026-10-07
887815700,"[""https://apply.usastaffing.gov/ViewQuestionnaire/13084266""]",True,True,2026-10-07
887816000,"[""https://apply.usastaffing.gov/ViewQuestionnaire/13083231""]",True,True,2026-10-07
887816100,"[""https://apply.usastaffing.gov/ViewQuestionnaire/13067585""]",True,True,2026-10-07
887816200,"[""https://apply.usastaffing.gov/ViewQuestionnaire/13080481""]",True,True,2026-10-07
887816400,"[""https://apply.usastaffing.gov/ViewQuestionnaire/13083987""]",True,True,2026-10-07
887816700,"[""https://jobs.monstergovt.com/dot/ros/rosDashboard.hms?O=2&J=93079"", ""https://jobs.monstergovt.com/dot/ros/rosDashboard.hms?O=2&J=93079&S=1""]",True,False,2026-10-07
887816900,"[""https://apply.usastaffing.gov/ViewQuestionnaire/13072721""]",True,True,2026-10-07
887817100,"[""https://apply.usastaffing.gov/ViewQuestionnaire/13082295""]",True,True,2026-10-07
887817400,[],True,False,2026-10-07
887817500,"[""https://apply.usastaffing.gov/ViewQuestionnaire/13084281""]",True,True,2026-10-07
887817700,"[""https://apply.usastaffing.gov/ViewQuestionnaire/13084341""]",True,True,2026-10-07
887817900,"[""https://apply.usastaffing.gov/ViewQuestionnaire/13083797""]",True,True,2026-10-07
887818100,[],True,True,2026-10-07
887818200,"[""https://jobs.monstergovt.com/aoc/ros/rosDashboard.hms?O=1749&J=148617"", ""https://jobs.monstergovt.com/aoc/ros/rosDashboard.hms?O=1749&J=148617&S=1""]",True,False,2026-10-07
887818400,"[""https://apply.usastaffing.gov/ViewQuestionnaire/13051000""]",True,True,2026-10-07
887818700,"[""https://apply.usastaffing.gov/ViewQuestionnaire/13084585""]",True,True,2026-10-07
887819000,"[""https://apply.usastaffing.gov/ViewQuestionnaire/13082963""]",True,True,2026-10-07
887819400,"[""https://jobs.monstergovt.com/dot/ros/rosDashboard.hms?O=2&J=93044"", ""https://jobs.monstergovt.com/dot/ros/rosDashboard.hms?O=2&J=93044&S=1""]",True,False,2026-10-07
887819800,"[""https://apply.usastaffing.gov/ViewQuestionnaire/13080113""]",True,True,2026-10-07
887820000,"[""https://apply.usastaffing.gov/ViewQuestionnaire/13064408""]",True,True,2026-10-07
887820100,"[""https://apply.usastaffing.gov/ViewQuestionnaire/13080560""]",True,True,2026-10-07
887820300,[],True,True,2026-10-07
887820800,[],True,True,2026-10-07
887821000,"[""https://apply.usastaffing.gov/ViewQuestionnaire/13084253""]",True,True,2026-10-07
887821100,"[""https://apply.usastaffing.gov/ViewQuestionnaire/13073331""]",True,True,2026-10-07
887821300,"[""https://apply.usastaffing.gov/ViewQuestionnaire/13081828""]",True,True,2026-10-07
887821600,[],True,True,2026-10-07
887821700,"[""https://apply.usastaffing.gov/ViewQuestionnaire/13083193""]",True,True,2026-10-07
887821900,"[""https://jobs.monstergovt.com/dos/ros/rosDashboard.hms?O=6&J=119487"", ""https://jobs.monstergovt.com/dos/ros/rosDashboard.hms?O=6&J=119487&S=1""]",True,False,2026-10-07
887822300,"[""https://apply.usastaffing.gov/ViewQuestionnaire/13081906""]",True,True,2026-10-07
887822400,"[""https://apply.usastaffing.gov/ViewQuestionnaire/13084696""]",True,True,2026-10-07
887822500,[],False,False,2026-10-07
887822700,"[""https://jobs.monstergovt.com/dot/ros/rosDashboard.hms?O=2&J=93070"", ""https://jobs.monstergovt.com/dot/ros/rosDashboard.hms?O=2&J=93070&S=1""]",True,False,2026-10-07
887822800,[],True,True,2026-10-07
887823000,"[""https://apply.usastaffing.gov/ViewQuestionnaire/13081684""]",True,True,2026-10-07
887823200,"[""https://apply.usastaffing.gov/ViewQuestionnaire/13082857""]",True,True,2026-10-07
887823500,"[""https://apply.usastaffing.gov/ViewQuestionnaire/13083551""]",True,True,2026-10-07
887823600,"[""https://apply.usastaffing.gov/ViewQuestionnaire/13081683""]",True,True,2026-10-07
887824100,"[""https://apply.usastaffing.gov/ViewQuestionnaire/13064985""]",True,True,2026-10-07
887824300,"[""https://apply.usastaffing.gov/ViewQuestionnaire/13084409""]",True,True,2026-10-07
887825000,"[""https://apply.usastaffing.gov/ViewQuestionnaire/13084576""]",True,True,2026-10-07
887825100,[],True,True,2026-10-07
887825300,"[""https://apply.usastaffing.gov/ViewQuestionnaire/13084530""]",True,True,2026-10-07
887825400,"[""https://apply.usastaffing.gov/ViewQuestionnaire/13084741""]",True,True,2026-10-07
887826100,"[""https://apply.usastaffing.gov/ViewQuestionnaire/13084516""]",True,True,2026-10-07
887826200,"[""https://apply.usastaffing.gov/ViewQuestionnaire/13084509""]",True,True,2026-10-07
887826300,"[""https://apply.usastaffing.gov/ViewQuestionnaire/13076036""]",True,True,2026-10-07
887826500,"[""https://apply.usastaffing.gov/ViewQuestionnaire/13084353""]",True,True,2026-10-07
887826900,"[""https://apply.usastaffing.gov/ViewQuestionnaire/13083158""]",True,True,2026-10-07
887827400,"[""https://apply.usastaffing.gov/ViewQuestionnaire/13080796""]",True,True,2026-10-07
887827500,[],True,False,2026-10-07
887827700,"[""https://apply.usastaffing.gov/ViewQuestionnaire/13084799""]",True,True,2026-10-07
887827800,"[""https://apply.usastaffing.gov/ViewQuestionnaire/13084625""]",True,True,2026-10-07
887828300,"[""https://apply.usastaffing.gov/ViewQuestionnaire/13083121""]",True,True,2026-10-07
887828400,[],True,False,2026-10-07
887828800,"[""https://apply.usastaffing.gov/ViewQuestionnaire/13083301""]",True,True,2026-10-07
887829000,"[""https://apply.usastaffing.gov/ViewQuestionnaire/13083761""]",True,True,2026-10-07
887829300,"[""https://apply.usastaffing.gov/ViewQuestionnaire/13078492""]",True,True,2026-10-07
887829400,"[""https://apply.usastaffing.gov/ViewQuestionnaire/13080448""]",True,True,2026-10-07
887829600,"[""https://jobs.monstergovt.com/dos/ros/rosDashboard.hms?O=6&J=119315"", ""https://jobs.monstergovt.com/dos/ros/rosDashboard.hms?O=6&J=119315&S=1""]",True,False,2026-10-07
887830100,"[""https://apply.usastaffing.gov/ViewQuestionnaire/13061859""]",True,True,2026-10-07
887830200,"[""https://apply.usastaffing.gov/ViewQuestionnaire/13078078""]",True,True,2026-10-07
887830400,"[""https://apply.usastaffing.gov/ViewQuestionnaire/13084785""]",True,True,2026-10-07
887830500,[],True,True,2026-10-07
887830700,"[""https://jobs.monstergovt.com/aoc/ros/rosDashboard.hms?O=1749&J=148664"", ""https://jobs.monstergovt.com/aoc/ros/rosDashboard.hms?O=1749&J=148664&S=1""]",True,False,2026-10-07
887830900,"[""https://apply.usastaffing.gov/ViewQuestionnaire/13082734""]",True,True,2026-10-07
887831100,"[""https://apply.usastaffing.gov/ViewQuestionnaire/13072058""]",True,True,2026-10-07
887831200,"[""https://apply.usastaffing.gov/ViewQuestionnaire/13084810""]",True,True,2026-10-07
887831600,"[""https://apply.usastaffing.gov/ViewQuestionnaire/13080997""]",True,True,2026-10-07
887831800,"[""https://apply.usastaffing.gov/ViewQuestionnaire/13080812""]",True,True,2026-10-07
887832000,"[""https://apply.usastaffing.gov/ViewQuestionnaire/13083678""]",True,True,2026-10-07
887832300,"[""https://apply.usastaffing.gov/ViewQuestionnaire/13082858""]",True,True,2026-10-07
887832500,"[""https://apply.usastaffing.gov/ViewQuestionnaire/13072057""]",True,True,2026-10-07
887832900,"[""https://apply.usastaffing.gov/ViewQuestionnaire/13084019""]",True,True,2026-10-07
887833100,"[""https://apply.usastaffing.gov/ViewQuestionnaire/13084780""]",True,True,2026-10-07
887833300,"[""https://apply.usastaffing.gov/ViewQuestionnaire/13084721""]",True,True,2026-10-07
887833400,"[""https://apply.usastaffing.gov/ViewQuestionnaire/13083340""]",True,True,2026-10-07
887833500,[],True,True,2026-10-07
887833600,"[""https://apply.usastaffing.gov/ViewQuestionnaire/13084421""]",True,True,2026-10-07
887833800,"[""https://apply.usastaffing.gov/ViewQuestionnaire/13084832""]",True,True,2026-10-07
887833900,"[""https://apply.usastaffing.gov/ViewQuestionnaire/13083801""]",True,True,2026-10-07
887834500,"[""https://apply.usastaffing.gov/ViewQuestionnaire/13084772""]",True,True,2026-10-07
887834700,"[""https://apply.usastaffing.gov/ViewQuestionnaire/13084817""]",True,True,2026-10-07
887834900,[],True,True,2026-10-07
887835400,"[""https://apply.usastaffing.gov/ViewQuestionnaire/13083412""]",True,True,2026-10-07
887835700,"[""https://apply.usastaffing.gov/ViewQuestionnaire/13081630""]",True,True,2026-10-07
887835800,[],False,False,2026-10-07
887836000,"[""https://apply.usastaffing.gov/ViewQuestionnaire/13082515""]",True,True,2026-10-07
887836300,"[""https://apply.usastaffing.gov/ViewQuestionnaire/13084174""]",True,True,2026-10-07
887836600,"[""https://apply.usastaffing.gov/ViewQuestionnaire/13084708""]",True,True,2026-10-07
887836700,[],True,False,2026-10-07
887836900,"[""https://apply.usastaffing.gov/ViewQuestionnaire/13080453""]",True,True,2026-10-07
887837200,[],True,False,2026-10-07
887837300,"[""https://apply.usastaffing.gov/ViewQuestionnaire/13084095""]",True,True,2026-10-07
887837500,"[""https://apply.usastaffing.gov/ViewQuestionnaire/13082388""]",True,True,2026-10-07
887837600,"[""https://apply.usastaffing.gov/ViewQuestionnaire/13083699""]",True,True,2026-10-07
887837700,"[""https://apply.usastaffing.gov/ViewQuestionnaire/13084513""]",True,True,2026-10-07
887837800,"[""https://apply.usastaffing.gov/ViewQuestionnaire/13076763""]",True,True,2026-10-07
887838200,"[""https://apply.usastaffing.gov/ViewQuestionnaire/13083521""]",True,True,2026-10-07
887838300,"[""https://apply.usastaffing.gov/ViewQuestionnaire/13081194""]",True,True,2026-10-07
887838400,"[""https://apply.usastaffing.gov/ViewQuestionnaire/13080313""]",True,True,2026-10-07
887838500,"[""https://apply.usastaffing.gov/ViewQuestionnaire/13083599""]",True,True,2026-10-07
887838600,"[""https://apply.usastaffing.gov/ViewQuestionnaire/13084777""]",True,True,2026-10-07
887838800,"[""https://apply.usastaffing.gov/ViewQuestionnaire/13080522""]",True,True,2026-10-07
887838900,"[""https://apply.usastaffing.gov/ViewQuestionnaire/13083573""]",True,True,2026-10-07
887839100,"[""https://apply.usastaffing.gov/ViewQuestionnaire/13065737""]",True,True,2026-10-07
887839600,"[""https://apply.usastaffing.gov/ViewQuestionnaire/13084016""]",True,True,2026-10-07
887839700,"[""https://apply.usastaffing.gov/ViewQuestionnaire/13082572""]",True,True,2026-10-07
887839900,"[""https://apply.usastaffing.gov/ViewQuestionnaire/13081859""]",True,True,2026-10-07
887840000,"[""https://apply.usastaffing.gov/ViewQuestionnaire/13081513""]",True,True,2026-10-07
887840100,"[""https://apply.usastaffing.gov/ViewQuestionnaire/13081084""]",True,True,2026-10-07
887840200,"[""https://apply.usastaffing.gov/ViewQuestionnaire/13082591""]",True,True,2026-10-07
887840300,"[""https://apply.usastaffing.gov/ViewQuestionnaire/13084833""]",True,True,2026-10-07
887841000,"[""https://apply.usastaffing.gov/ViewQuestionnaire/13079843""]",True,True,2026-10-07
887841300,"[""https://apply.usastaffing.gov/ViewQuestionnaire/13079572""]",True,True,2026-10-07
887841500,"[""https://apply.usastaffing.gov/ViewQuestionnaire/13084100""]",True,True,2026-10-07
887841600,"[""https://apply.usastaffing.gov/ViewQuestionnaire/13084837""]",True,True,2026-10-07
887841900,[],True,False,2026-10-07
887842100,[],False,False,2026-10-07
887842200,"[""https://apply.usastaffing.gov/ViewQuestionnaire/13083591""]",True,True,2026-10-07
887842400,"[""https://apply.usastaffing.gov/ViewQuestionnaire/13083839""]",True,True,2026-10-07
887842500,[],True,False,2026-10-07
887842600,"[""https://apply.usastaffing.gov/ViewQuestionnaire/13081399""]",True,True,2026-10-07
887842700,"[""https://apply.usastaffing.gov/ViewQuestionnaire/13083754""]",True,True,2026-10-07
887843000,"[""https://apply.usastaffing.gov/ViewQuestionnaire/13076312""]",True,True,2026-10-07
887843300,"[""https://apply.usastaffing.gov/ViewQuestionnaire/13084497""]",True,True,2026-10-07
887843500,"[""https://jobs.monstergovt.com/gsa/ros/rosDashboard.hms?O=1&J=112885"", ""https://jobs.monstergovt.com/gsa/ros/rosDashboard.hms?O=1&J=112885&S=1""]",True,False,2026-10-07
887843600,"[""https://apply.usastaffing.gov/ViewQuestionnaire/13083569""]",True,True,2026-10-07
887843700,"[""https://apply.usastaffing.gov/ViewQuestionnaire/13081316""]",True,True,2026-10-07
887843800,"[""https://apply.usastaffing.gov/ViewQuestionnaire/13084555""]",True,True,2026-10-07
887843900,"[""https://apply.usastaffing.gov/ViewQuestionnaire/13081317""]",True,True,2026-10-07
887844000,"[""https://apply.usastaffing.gov/ViewQuestionnaire/13083410""]",True,True,2026-10-07
887844500,"[""https://apply.usastaffing.gov/ViewQuestionnaire/13076625""]",True,True,2026-10-07
887844600,"[""https://jobs.monstergovt.com/cftc/rospost/?O=3&J=5519"", ""https://jobs.monstergovt.com/cftc/rospost/?O=3&J=5519&S=1""]",True,False,2026-10-07
887844700,"[""https://apply.usastaffing.gov/ViewQuestionnaire/13084873""]",True,True,2026-10-07
887845300,"[""https://apply.usastaffing.gov/ViewQuestionnaire/13083690""]",True,True,2026-10-07
887845800,"[""https://apply.usastaffing.gov/ViewQuestionnaire/13072183""]",True,True,2026-10-07
887846200,"[""https://apply.usastaffing.gov/ViewQuestionnaire/13084661""]",True,True,2026-10-07
887846600,[],True,True,2026-10-07
887846700,[],True,True,2026-10-07
887846800,"[""https://jobs.monstergovt.com/dos/ros/rosDashboard.hms?O=6&J=119498"", ""https://jobs.monstergovt.com/dos/ros/rosDashboard.hms?O=6&J=119498&S=1""]",True,False,2026-10-07
887847100,"[""https://apply.usastaffing.gov/ViewQuestionnaire/13082007""]",True,True,2026-10-07
887847300,"[""https://apply.usastaffing.gov/ViewQuestionnaire/13084916""]",True,True,2026-10-07
887847400,"[""https://apply.usastaffing.gov/ViewQuestionnaire/13068059""]",True,True,2026-10-07
887847600,[],True,False,2026-10-07
887847700,"[""https://apply.usastaffing.gov/ViewQuestionnaire/13083462""]",True,True,2026-10-07
887848900,"[""https://apply.usastaffing.gov/ViewQuestionnaire/13082355""]",True,True,2026-10-07
887849400,"[""https://apply.usastaffing.gov/ViewQuestionnaire/13083854""]",True,True,2026-10-07
887849600,"[""https://apply.usastaffing.gov/ViewQuestionnaire/13084922""]",True,True,2026-10-07
887849700,"[""https://apply.usastaffing.gov/ViewQuestionnaire/13084958""]",True,True,2026-10-07
887849800,[],True,True,2026-10-07
887850100,"[""https://apply.usastaffing.gov/ViewQuestionnaire/13084271""]",True,True,2026-10-07
887850600,[],True,True,2026-10-07
887850900,[],True,True,2026-10-07
887851400,"[""https://apply.usastaffing.gov/ViewQuestionnaire/13068545""]",True,True,2026-10-07
887851500,"[""https://apply.usastaffing.gov/ViewQuestionnaire/13084919""]",True,True,2026-10-07
887851700,"[""https://apply.usastaffing.gov/ViewQuestionnaire/13080949""]",True,True,2026-10-07
887852000,"[""https://apply.usastaffing.gov/ViewQuestionnaire/13065907""]",True,True,2026-10-07
887852200,[],False,True,2026-10-07
887852600,"[""https://apply.usastaffing.gov/ViewQuestionnaire/13079026""]",True,True,2026-10-07
887852900,"[""https://apply.usastaffing.gov/ViewQuestionnaire/13080874""]",True,True,2026-10-07
887853300,"[""https://apply.usastaffing.gov/ViewQuestionnaire/13080492""]",True,True,2026-10-07
887853500,"[""https://apply.usastaffing.gov/ViewQuestionnaire/13080493""]",True,True,2026-10-07
887854400,"[""https://apply.usastaffing.gov/ViewQuestionnaire/13084928""]",True,True,2026-10-07
887854900,"[""https://apply.usastaffing.gov/ViewQuestionnaire/13078188""]",True,True,2026-10-07
887855000,"[""https://apply.usastaffing.gov/ViewQuestionnaire/13084995""]",True,True,2026-10-07
887855200,"[""https://apply.usastaffing.gov/ViewQuestionnaire/13084417""]",True,True,2026-10-07
887855300,[],False,False,2026-10-07
887855400,"[""https://apply.usastaffing.gov/ViewQuestionnaire/13084885""]",True,True,2026-10-07
887855500,"[""https://apply.usastaffing.gov/ViewQuestionnaire/13084957""]",True,True,2026-10-07
887855600,"[""https://apply.usastaffing.gov/ViewQuestionnaire/13084903""]",True,True,2026-10-07
887855700,"[""https://apply.usastaffing.gov/ViewQuestionnaire/13081157""]",True,True,2026-10-07
887855800,"[""https://apply.usastaffing.gov/ViewQuestionnaire/13058664""]",True,True,2026-10-07
887855900,"[""https://apply.usastaffing.gov/ViewQuestionnaire/13081158""]",True,True,2026-10-07
887856000,"[""https://jobs.monstergovt.com/hment/ros/rosDashboard.hms?O=1&J=55037"", ""https://jobs.monstergovt.com/hment/ros/rosDashboard.hms?O=1&J=55037&S=1""]",True,False,2026-10-07
887856300,"[""https://apply.usastaffing.gov/ViewQuestionnaire/13083290""]",True,True,2026-10-07
887857000,[],False,True,2026-10-07
887857100,"[""https://apply.usastaffing.gov/ViewQuestionnaire/13080664""]",True,True,2026-10-07
887857200,[],True,True,2026-10-07
887857400,"[""https://apply.usastaffing.gov/ViewQuestionnaire/13076664""]",True,True,2026-10-07
887857500,"[""https://apply.usastaffing.gov/ViewQuestionnaire/13082693""]",True,True,2026-10-07
887857600,"[""https://apply.usastaffing.gov/ViewQuestionnaire/13076665""]",True,True,2026-10-07
887858100,[],True,False,2026-10-07
887858400,[],False,False,2026-10-07
887858700,"[""https://apply.usastaffing.gov/ViewQuestionnaire/13085005""]",True,True,2026-10-07
887858900,"[""https://apply.usastaffing.gov/ViewQuestionnaire/13072675""]",True,True,2026-10-07
887859000,[],True,True,2026-10-07
887859200,"[""https://apply.usastaffing.gov/ViewQuestionnaire/13058937""]",True,True,2026-10-07
887859300,[],True,False,2026-10-07
887859700,"[""https://apply.usastaffing.gov/ViewQuestionnaire/13084966""]",True,True,2026-10-07
887859800,[],True,True,2026-10-07
887859900,"[""https://jobs.monstergovt.com/aoc/ros/rosDashboard.hms?O=1749&J=148667"", ""https://jobs.monstergovt.com/aoc/ros/rosDashboard.hms?O=1749&J=148667&S=1""]",True,False,2026-10-07
887860400,"[""https://jobs.monstergovt.com/aoc/ros/rosDashboard.hms?O=1749&J=148666"", ""https://jobs.monstergovt.com/aoc/ros/rosDashboard.hms?O=1749&J=148666&S=1""]",True,False,2026-10-07
887860500,[],True,False,2026-10-07
887860600,[],True,False,2026-10-07
887860700,[],False,True,2026-10-07
887860800,"[""https://apply.usastaffing.gov/ViewQuestionnaire/13066737""]",True,True,2026-10-07
887861200,[],True,True,2026-10-07
887861300,"[""https://apply.usastaffing.gov/ViewQuestionnaire/13085007""]",True,True,2026-10-07
887861400,[],True,True,2026-10-07
887861600,"[""https://jobs.monstergovt.com/hment/ros/rosDashboard.hms?O=1&J=55058"", ""https://jobs.monstergovt.com/hment/ros/rosDashboard.hms?O=1&J=55058&S=1""]",True,False,2026-10-07
887861800,"[""https://apply.usastaffing.gov/ViewQuestionnaire/13081571""]",True,True,2026-10-07
887861900,"[""https://jobs.monstergovt.com/hment/ros/rosDashboard.hms?O=1&J=54913"", ""https://jobs.monstergovt.com/hment/ros/rosDashboard.hms?O=1&J=54913&S=1""]",True,False,2026-10-07
887862100,[],True,False,2026-10-07
887862500,"[""https://apply.usastaffing.gov/ViewQuestionnaire/13084999""]",True,True,2026-10-07
887862700,"[""https://apply.usastaffing.gov/ViewQuestionnaire/13080241""]",True,True,2026-10-07
887863000,"[""https://apply.usastaffing.gov/ViewQuestionnaire/13081036""]",True,True,2026-10-07
887863100,"[""https://apply.usastaffing.gov/ViewQuestionnaire/13072168""]",True,True,2026-10-07
887863200,"[""https://apply.usastaffing.gov/ViewQuestionnaire/13081911""]",True,True,2026-10-07
887863500,"[""https://apply.usastaffing.gov/ViewQuestionnaire/13083427""]",True,True,2026-10-07
887864100,"[""https://apply.usastaffing.gov/ViewQuestionnaire/13082698""]",True,True,2026-10-07
887864200,"[""https://apply.usastaffing.gov/ViewQuestionnaire/13079911""]",True,True,2026-10-07
887864400,"[""https://apply.usastaffing.gov/ViewQuestionnaire/13076239""]",True,True,2026-10-07
887864600,"[""https://apply.usastaffing.gov/ViewQuestionnaire/13076242""]",True,True,2026-10-07
887865100,[],True,True,2026-10-07
887865200,[],True,True,2026-10-07
887865300,[],True,False,2026-10-07
887865700,"[""https://apply.usastaffing.gov/ViewQuestionnaire/13080325""]",True,True,2026-10-07
887866200,[],False,False,2026-10-07
887866300,"[""https://apply.usastaffing.gov/ViewQuestionnaire/13085075""]",True,True,2026-10-07
887866700,"[""https://apply.usastaffing.gov/ViewQuestionnaire/13085079""]",True,True,2026-10-07
887867000,"[""https://apply.usastaffing.gov/ViewQuestionnaire/13082768""]",True,True,2026-10-07
887867300,"[""https://apply.usastaffing.gov/ViewQuestionnaire/13085084""]",True,True,2026-10-07
887867400,[],False,False,2026-10-07
887867500,[],True,False,2026-10-07
887867600,"[""https://apply.usastaffing.gov/ViewQuestionnaire/13083862""]",True,True,2026-10-07
