date,usajobs_control_number,change,questionnaire_url,position_close_date
2026-10-06,887049200,link_removed,https://apply.usastaffing.gov/ViewQuestionnaire/13079828,2026-10-11
2026-10-06,863228900,link_added,https://jobs.monstergovt.com/aoc/ros/rosDashboard.hms?O=1749&J=148311&S=1,2026-12-31
2026-10-06,873003300,link_added,https://jobs.monstergovt.com/aoc/ros/rosDashboard.hms?O=1749&J=148359&S=1,2026-12-31
2026-10-06,885332000,link_added,https://jobs.monstergovt.com/dos/ros/rosDashboard.hms?O=6&J=119243,2026-10-09
2026-10-06,885332000,link_added,https://jobs.monstergovt.com/dos/ros/rosDashboard.hms?O=6&J=119243&S=1,2026-10-09
2026-10-06,885732800,link_added,https://apply.usastaffing.gov/ViewQuestionnaire/11663648,2026-10-26
2026-10-06,886301100,link_added,https://jobs.monstergovt.com/hment/ros/rosDashboard.hms?O=1&J=54954,2026-10-09
2026-10-06,886301100,link_added,https://jobs.monstergovt.com/hment/ros/rosDashboard.hms?O=1&J=54954&S=1,2026-10-09
2026-10-06,886301700,link_added,https://jobs.monstergovt.com/hment/ros/rosDashboard.hms?O=1&J=54958,2026-10-09
2026-10-06,886301700,link_added,https://jobs.monstergovt.com/hment/ros/rosDashboard.hms?O=1&J=54958&S=1,2026-10-09
2026-10-06,886306200,link_added,https://jobs.monstergovt.com/dos/ros/rosDashboard.hms?O=6&J=119419,2026-10-13
2026-10-06,886306200,link_added,https://jobs.monstergovt.com/dos/ros/rosDashboard.hms?O=6&J=119419&S=1,2026-10-13
2026-10-06,886344300,link_added,https://jobs.monstergovt.com/dot/ros/rosDashboard.hms?O=2&J=92957,2026-10-09
2026-10-06,886344300,link_added,https://jobs.monstergovt.com/dot/ros/rosDashboard.hms?O=2&J=92957&S=1,2026-10-09
2026-10-06,886347500,link_added,https://jobs.monstergovt.com/dos/ros/rosDashboard.hms?O=6&J=119393,2026-10-09
2026-10-06,886347500,link_added,https://jobs.monstergovt.com/dos/ros/rosDashboard.hms?O=6&J=119393&S=1,2026-10-09
2026-10-06,886353200,link_added,https://jobs.monstergovt.com/dot/ros/rosDashboard.hms?O=2&J=93015,2026-10-26
2026-10-06,886353200,link_added,https://jobs.monstergovt.com/dot/ros/rosDashboard.hms?O=2&J=93015&S=1,2026-10-26
2026-10-06,886396000,link_added,https://jobs.monstergovt.com/aoc/ros/rosDashboard.hms?O=1749&J=148646,2026-10-16
2026-10-06,886396000,link_added,https://jobs.monstergovt.com/aoc/ros/rosDashboard.hms?O=1749&J=148646&S=1,2026-10-16
2026-10-06,886401000,link_added,https://jobs.monstergovt.com/dot/ros/rosDashboard.hms?O=2&J=92980,2026-10-09
2026-10-06,886401000,link_added,https://jobs.monstergovt.com/dot/ros/rosDashboard.hms?O=2&J=92980&S=1,2026-10-09
2026-10-06,886424400,link_added,https://jobs.monstergovt.com/loc/ros/rosDashboard.hms?O=1&J=27865,2026-10-09
2026-10-06,886424400,link_added,https://jobs.monstergovt.com/loc/ros/rosDashboard.hms?O=1&J=27865&S=1,2026-10-09
2026-10-06,886464800,link_added,https://jobs.monstergovt.com/cftc/rospost/?O=3&J=5508,2026-10-09
2026-10-06,886464800,link_added,https://jobs.monstergovt.com/cftc/rospost/?O=3&J=5508&S=1,2026-10-09
2026-10-06,886465700,link_added,https://jobs.monstergovt.com/cftc/rospost/?O=3&J=5501,2026-10-09
2026-10-06,886465700,link_added,https://jobs.monstergovt.com/cftc/rospost/?O=3&J=5501&S=1,2026-10-09
2026-10-06,886487200,link_added,https://jobs.monstergovt.com/aoc/ros/rosDashboard.hms?O=1749&J=148633,2026-10-13
2026-10-06,886487200,link_added,https://jobs.monstergovt.com/aoc/ros/rosDashboard.hms?O=1749&J=148633&S=1,2026-10-13
2026-10-06,886493800,link_added,https://jobs.monstergovt.com/dos/ros/rosDashboard.hms?O=6&J=119412,2026-10-13
2026-10-06,886493800,link_added,https://jobs.monstergovt.com/dos/ros/rosDashboard.hms?O=6&J=119412&S=1,2026-10-13
2026-10-06,886504000,link_added,https://jobs.monstergovt.com/dos/ros/rosDashboard.hms?O=6&J=119404,2026-10-08
2026-10-06,886504000,link_added,https://jobs.monstergovt.com/dos/ros/rosDashboard.hms?O=6&J=119404&S=1,2026-10-08
2026-10-06,886507400,link_added,https://jobs.monstergovt.com/aoc/ros/rosDashboard.hms?O=1749&J=148531,2026-10-13
2026-10-06,886507400,link_added,https://jobs.monstergovt.com/aoc/ros/rosDashboard.hms?O=1749&J=148531&S=1,2026-10-13
2026-10-06,886527100,link_added,https://jobs.monstergovt.com/aoc/ros/rosDashboard.hms?O=1749&J=148647,2026-10-13
2026-10-06,886527100,link_added,https://jobs.monstergovt.com/aoc/ros/rosDashboard.hms?O=1749&J=148647&S=1,2026-10-13
2026-10-06,886558000,link_added,https://jobs.monstergovt.com/dos/ros/rosDashboard.hms?O=6&J=119424,2026-10-07
2026-10-06,886558000,link_added,https://jobs.monstergovt.com/dos/ros/rosDashboard.hms?O=6&J=119424&S=1,2026-10-07
2026-10-06,886560100,link_added,https://jobs.monstergovt.com/gsa/ros/rosDashboard.hms?O=1&J=112866,2026-10-13
2026-10-06,886560100,link_added,https://jobs.monstergovt.com/gsa/ros/rosDashboard.hms?O=1&J=112866&S=1,2026-10-13
2026-10-06,886590000,link_added,https://jobs.monstergovt.com/dot/ros/rosDashboard.hms?O=2&J=93039,2026-10-13
2026-10-06,886590000,link_added,https://jobs.monstergovt.com/dot/ros/rosDashboard.hms?O=2&J=93039&S=1,2026-10-13
2026-10-06,886590200,link_added,https://jobs.monstergovt.com/dos/ros/rosDashboard.hms?O=6&J=119401,2026-10-12
2026-10-06,886590200,link_added,https://jobs.monstergovt.com/dos/ros/rosDashboard.hms?O=6&J=119401&S=1,2026-10-12
2026-10-06,886601400,link_added,https://jobs.monstergovt.com/dos/ros/rosDashboard.hms?O=6&J=119323,2026-10-08
2026-10-06,886601400,link_added,https://jobs.monstergovt.com/dos/ros/rosDashboard.hms?O=6&J=119323&S=1,2026-10-08
2026-10-06,886626600,link_added,https://jobs.monstergovt.com/fdic/ros/rosDashboard.hms?O=1&J=74648,2026-10-13
2026-10-06,886626600,link_added,https://jobs.monstergovt.com/fdic/ros/rosDashboard.hms?O=1&J=74648&S=1,2026-10-13
2026-10-06,886647900,link_added,https://jobs.monstergovt.com/gsa/ros/rosDashboard.hms?O=1&J=112875,2026-10-12
2026-10-06,886647900,link_added,https://jobs.monstergovt.com/gsa/ros/rosDashboard.hms?O=1&J=112875&S=1,2026-10-12
2026-10-06,886651400,link_added,https://jobs.monstergovt.com/ushmm/ros/rosDashboard.hms?O=1&J=10045,2026-10-30
2026-10-06,886651400,link_added,https://jobs.monstergovt.com/ushmm/ros/rosDashboard.hms?O=1&J=10045&S=1,2026-10-30
2026-10-06,886677900,link_added,https://jobs.monstergovt.com/dot/ros/rosDashboard.hms?O=2&J=93040,2026-10-13
2026-10-06,886677900,link_added,https://jobs.monstergovt.com/dot/ros/rosDashboard.hms?O=2&J=93040&S=1,2026-10-13
2026-10-06,886680000,link_added,https://jobs.monstergovt.com/dot/ros/rosDashboard.hms?O=2&J=92960,2026-10-08
2026-10-06,886680000,link_added,https://jobs.monstergovt.com/dot/ros/rosDashboard.hms?O=2&J=92960&S=1,2026-10-08
2026-10-06,886684700,link_added,https://jobs.monstergovt.com/fdic/ros/rosDashboard.hms?O=1&J=74643,2026-10-09
2026-10-06,886684700,link_added,https://jobs.monstergovt.com/fdic/ros/rosDashboard.hms?O=1&J=74643&S=1,2026-10-09
2026-10-06,886685200,link_added,https://jobs.monstergovt.com/fdic/ros/rosDashboard.hms?O=1&J=74647,2026-10-09
2026-10-06,886685200,link_added,https://jobs.monstergovt.com/fdic/ros/rosDashboard.hms?O=1&J=74647&S=1,2026-10-09
2026-10-06,886691500,link_added,https://jobs.monstergovt.com/loc/ros/rosDashboard.hms?O=1&J=27868,2026-10-28
2026-10-06,886691500,link_added,https://jobs.monstergovt.com/loc/ros/rosDashboard.hms?O=1&J=27868&S=1,2026-10-28
2026-10-06,886692000,link_added,https://jobs.monstergovt.com/dot/ros/rosDashboard.hms?O=2&J=93045,2026-10-14
2026-10-06,886692000,link_added,https://jobs.monstergovt.com/dot/ros/rosDashboard.hms?O=2&J=93045&S=1,2026-10-14
2026-10-06,886698700,link_added,https://jobs.monstergovt.com/dos/ros/rosDashboard.hms?O=6&J=119427,2026-10-20
2026-10-06,886698700,link_added,https://jobs.monstergovt.com/dos/ros/rosDashboard.hms?O=6&J=119427&S=1,2026-10-20
2026-10-06,886717400,link_added,https://jobs.monstergovt.com/dos/ros/rosDashboard.hms?O=6&J=119325,2026-10-06
2026-10-06,886717400,link_added,https://jobs.monstergovt.com/dos/ros/rosDashboard.hms?O=6&J=119325&S=1,2026-10-06
2026-10-06,886717700,link_added,https://jobs.monstergovt.com/dos/ros/rosDashboard.hms?O=6&J=119287,2026-10-14
2026-10-06,886717700,link_added,https://jobs.monstergovt.com/dos/ros/rosDashboard.hms?O=6&J=119287&S=1,2026-10-14
2026-10-06,886724200,link_added,https://jobs.monstergovt.com/dot/ros/rosDashboard.hms?O=2&J=92975,2026-10-12
2026-10-06,886724200,link_added,https://jobs.monstergovt.com/dot/ros/rosDashboard.hms?O=2&J=92975&S=1,2026-10-12
2026-10-06,886752100,link_added,https://jobs.monstergovt.com/dos/ros/rosDashboard.hms?O=6&J=119367,2026-10-09
2026-10-06,886752100,link_added,https://jobs.monstergovt.com/dos/ros/rosDashboard.hms?O=6&J=119367&S=1,2026-10-09
2026-10-06,886757600,link_added,https://jobs.monstergovt.com/fdic/ros/rosDashboard.hms?O=1&J=74639,2026-10-12
2026-10-06,886757600,link_added,https://jobs.monstergovt.com/fdic/ros/rosDashboard.hms?O=1&J=74639&S=1,2026-10-12
2026-10-06,886759200,link_added,https://jobs.monstergovt.com/fdic/ros/rosDashboard.hms?O=1&J=74645,2026-10-12
2026-10-06,886759200,link_added,https://jobs.monstergovt.com/fdic/ros/rosDashboard.hms?O=1&J=74645&S=1,2026-10-12
2026-10-06,886796500,link_added,https://jobs.monstergovt.com/dos/ros/rosDashboard.hms?O=6&J=119411,2026-10-14
2026-10-06,886796500,link_added,https://jobs.monstergovt.com/dos/ros/rosDashboard.hms?O=6&J=119411&S=1,2026-10-14
2026-10-06,886806300,link_added,https://jobs.monstergovt.com/dos/ros/rosDashboard.hms?O=6&J=119379,2026-10-08
2026-10-06,886806300,link_added,https://jobs.monstergovt.com/dos/ros/rosDashboard.hms?O=6&J=119379&S=1,2026-10-08
2026-10-06,886819400,link_added,https://jobs.monstergovt.com/dos/ros/rosDashboard.hms?O=6&J=119331,2026-10-15
2026-10-06,886819400,link_added,https://jobs.monstergovt.com/dos/ros/rosDashboard.hms?O=6&J=119331&S=1,2026-10-15
2026-10-06,886819800,link_added,https://jobs.monstergovt.com/dos/ros/rosDashboard.hms?O=6&J=119251,2026-10-06
2026-10-06,886819800,link_added,https://jobs.monstergovt.com/dos/ros/rosDashboard.hms?O=6&J=119251&S=1,2026-10-06
2026-10-06,886830800,link_added,https://jobs.monstergovt.com/dos/ros/rosDashboard.hms?O=6&J=119356,2026-10-14
2026-10-06,886830800,link_added,https://jobs.monstergovt.com/dos/ros/rosDashboard.hms?O=6&J=119356&S=1,2026-10-14
2026-10-06,886838400,link_added,https://jobs.monstergovt.com/fdic/ros/rosDashboard.hms?O=1&J=74654,2026-10-07
2026-10-06,886838400,link_added,https://jobs.monstergovt.com/fdic/ros/rosDashboard.hms?O=1&J=74654&S=1,2026-10-07
2026-10-06,886849300,link_added,https://jobs.monstergovt.com/dos/ros/rosDashboard.hms?O=6&J=119416,2026-10-13
2026-10-06,886849300,link_added,https://jobs.monstergovt.com/dos/ros/rosDashboard.hms?O=6&J=119416&S=1,2026-10-13
2026-10-06,886853200,link_added,https://jobs.monstergovt.com/dos/ros/rosDashboard.hms?O=6&J=119405,2026-10-06
2026-10-06,886853200,link_added,https://jobs.monstergovt.com/dos/ros/rosDashboard.hms?O=6&J=119405&S=1,2026-10-06
2026-10-06,886864000,link_added,https://jobs.monstergovt.com/loc/ros/rosDashboard.hms?O=1&J=27880,2026-10-14
2026-10-06,886864000,link_added,https://jobs.monstergovt.com/loc/ros/rosDashboard.hms?O=1&J=27880&S=1,2026-10-14
2026-10-06,886864600,link_added,https://jobs.monstergovt.com/loc/ros/rosDashboard.hms?O=1&J=27879,2026-10-14
2026-10-06,886864600,link_added,https://jobs.monstergovt.com/loc/ros/rosDashboard.hms?O=1&J=27879&S=1,2026-10-14
2026-10-06,886868100,link_added,https://jobs.monstergovt.com/dot/ros/rosDashboard.hms?O=2&J=93046,2026-10-14
2026-10-06,886868100,link_added,https://jobs.monstergovt.com/dot/ros/rosDashboard.hms?O=2&J=93046&S=1,2026-10-14
2026-10-06,886869400,link_added,https://jobs.monstergovt.com/loc/ros/rosDashboard.hms?O=1&J=27873,2026-11-02
2026-10-06,886869400,link_added,https://jobs.monstergovt.com/loc/ros/rosDashboard.hms?O=1&J=27873&S=1,2026-11-02
2026-10-06,886873800,link_added,https://jobs.monstergovt.com/fcc/ros/rosDashboard.hms?O=1751&J=218673,2026-10-14
2026-10-06,886873800,link_added,https://jobs.monstergovt.com/fcc/ros/rosDashboard.hms?O=1751&J=218673&S=1,2026-10-14
2026-10-06,886878000,link_added,https://jobs.monstergovt.com/fdic/ros/rosDashboard.hms?O=1&J=74657,2026-10-07
2026-10-06,886878000,link_added,https://jobs.monstergovt.com/fdic/ros/rosDashboard.hms?O=1&J=74657&S=1,2026-10-07
2026-10-06,886879200,link_added,https://jobs.monstergovt.com/aoc/ros/rosDashboard.hms?O=1749&J=148652,2026-10-16
2026-10-06,886879200,link_added,https://jobs.monstergovt.com/aoc/ros/rosDashboard.hms?O=1749&J=148652&S=1,2026-10-16
2026-10-06,886885300,link_added,https://jobs.monstergovt.com/dos/ros/rosDashboard.hms?O=6&J=119398,2026-10-21
2026-10-06,886885300,link_added,https://jobs.monstergovt.com/dos/ros/rosDashboard.hms?O=6&J=119398&S=1,2026-10-21
2026-10-06,886887300,link_added,https://jobs.monstergovt.com/gsa/ros/rosDashboard.hms?O=1&J=112860,2026-10-06
2026-10-06,886887300,link_added,https://jobs.monstergovt.com/gsa/ros/rosDashboard.hms?O=1&J=112860&S=1,2026-10-06
2026-10-06,886888100,link_added,https://jobs.monstergovt.com/fdic/ros/rosDashboard.hms?O=1&J=74650,2026-10-14
2026-10-06,886888100,link_added,https://jobs.monstergovt.com/fdic/ros/rosDashboard.hms?O=1&J=74650&S=1,2026-10-14
2026-10-06,886888600,link_added,https://jobs.monstergovt.com/fdic/ros/rosDashboard.hms?O=1&J=74649,2026-10-14
2026-10-06,886888600,link_added,https://jobs.monstergovt.com/fdic/ros/rosDashboard.hms?O=1&J=74649&S=1,2026-10-14
2026-10-06,886889900,link_added,https://jobs.monstergovt.com/fdic/ros/rosDashboard.hms?O=1&J=74646,2026-10-06
2026-10-06,886889900,link_added,https://jobs.monstergovt.com/fdic/ros/rosDashboard.hms?O=1&J=74646&S=1,2026-10-06
2026-10-06,886890600,link_added,https://jobs.monstergovt.com/hment/ros/rosDashboard.hms?O=1&J=54953,2026-10-13
2026-10-06,886890600,link_added,https://jobs.monstergovt.com/hment/ros/rosDashboard.hms?O=1&J=54953&S=1,2026-10-13
2026-10-06,886896300,link_added,https://jobs.monstergovt.com/hment/ros/rosDashboard.hms?O=1&J=54948,2026-11-02
2026-10-06,886896300,link_added,https://jobs.monstergovt.com/hment/ros/rosDashboard.hms?O=1&J=54948&S=1,2026-11-02
2026-10-06,886897900,link_added,https://jobs.monstergovt.com/hment/ros/rosDashboard.hms?O=1&J=54980,2026-11-02
2026-10-06,886897900,link_added,https://jobs.monstergovt.com/hment/ros/rosDashboard.hms?O=1&J=54980&S=1,2026-11-02
2026-10-06,886927000,link_added,https://jobs.monstergovt.com/dos/ros/rosDashboard.hms?O=6&J=119366,2026-10-06
2026-10-06,886927000,link_added,https://jobs.monstergovt.com/dos/ros/rosDashboard.hms?O=6&J=119366&S=1,2026-10-06
2026-10-06,886933100,link_added,https://jobs.monstergovt.com/gsa/ros/rosDashboard.hms?O=1&J=112870,2026-10-13
2026-10-06,886933100,link_added,https://jobs.monstergovt.com/gsa/ros/rosDashboard.hms?O=1&J=112870&S=1,2026-10-13
2026-10-06,886937600,link_added,https://jobs.monstergovt.com/dos/ros/rosDashboard.hms?O=6&J=119455,2026-10-07
2026-10-06,886937600,link_added,https://jobs.monstergovt.com/dos/ros/rosDashboard.hms?O=6&J=119455&S=1,2026-10-07
2026-10-06,886953900,link_added,https://jobs.monstergovt.com/fdic/ros/rosDashboard.hms?O=1&J=74658,2026-10-13
2026-10-06,886953900,link_added,https://jobs.monstergovt.com/fdic/ros/rosDashboard.hms?O=1&J=74658&S=1,2026-10-13
2026-10-06,886965800,link_added,https://jobs.monstergovt.com/gsa/ros/rosDashboard.hms?O=1&J=112871,2026-10-06
2026-10-06,886965800,link_added,https://jobs.monstergovt.com/gsa/ros/rosDashboard.hms?O=1&J=112871&S=1,2026-10-06
2026-10-06,886966400,link_added,https://jobs.monstergovt.com/hment/ros/rosDashboard.hms?O=1&J=55007,2026-10-15
2026-10-06,886966400,link_added,https://jobs.monstergovt.com/hment/ros/rosDashboard.hms?O=1&J=55007&S=1,2026-10-15
2026-10-06,886967400,link_added,https://jobs.monstergovt.com/fdic/ros/rosDashboard.hms?O=1&J=74653,2026-10-07
2026-10-06,886967400,link_added,https://jobs.monstergovt.com/fdic/ros/rosDashboard.hms?O=1&J=74653&S=1,2026-10-07
2026-10-06,886985000,link_added,https://jobs.monstergovt.com/gsa/ros/rosDashboard.hms?O=1&J=112779,2026-10-07
2026-10-06,886985000,link_added,https://jobs.monstergovt.com/gsa/ros/rosDashboard.hms?O=1&J=112779&S=1,2026-10-07
2026-10-06,886993900,link_added,https://jobs.monstergovt.com/fcc/ros/rosDashboard.hms?O=1751&J=218675,2026-11-13
2026-10-06,886993900,link_added,https://jobs.monstergovt.com/fcc/ros/rosDashboard.hms?O=1751&J=218675&S=1,2026-11-13
2026-10-06,886995800,link_added,https://jobs.monstergovt.com/fdic/ros/rosDashboard.hms?O=1&J=74638,2026-10-14
2026-10-06,886995800,link_added,https://jobs.monstergovt.com/fdic/ros/rosDashboard.hms?O=1&J=74638&S=1,2026-10-14
2026-10-06,886997700,link_added,https://jobs.monstergovt.com/hment/ros/rosDashboard.hms?O=1&J=55043,2026-10-16
2026-10-06,886997700,link_added,https://jobs.monstergovt.com/hment/ros/rosDashboard.hms?O=1&J=55043&S=1,2026-10-16
2026-10-06,886997900,link_added,https://jobs.monstergovt.com/hment/ros/rosDashboard.hms?O=1&J=55029,2026-10-16
2026-10-06,886997900,link_added,https://jobs.monstergovt.com/hment/ros/rosDashboard.hms?O=1&J=55029&S=1,2026-10-16
2026-10-06,887000600,link_added,https://jobs.monstergovt.com/loc/ros/rosDashboard.hms?O=1&J=27876,2026-10-15
2026-10-06,887000600,link_added,https://jobs.monstergovt.com/loc/ros/rosDashboard.hms?O=1&J=27876&S=1,2026-10-15
2026-10-06,887004500,link_added,https://jobs.monstergovt.com/loc/ros/rosDashboard.hms?O=1&J=27875,2026-10-13
2026-10-06,887004500,link_added,https://jobs.monstergovt.com/loc/ros/rosDashboard.hms?O=1&J=27875&S=1,2026-10-13
2026-10-06,887029000,link_added,https://jobs.monstergovt.com/dos/ros/rosDashboard.hms?O=6&J=119457,2026-10-07
2026-10-06,887029000,link_added,https://jobs.monstergovt.com/dos/ros/rosDashboard.hms?O=6&J=119457&S=1,2026-10-07
2026-10-06,887036400,link_added,https://jobs.monstergovt.com/dot/ros/rosDashboard.hms?O=2&J=93047,2026-10-08
2026-10-06,887036400,link_added,https://jobs.monstergovt.com/dot/ros/rosDashboard.hms?O=2&J=93047&S=1,2026-10-08
2026-10-06,887047100,link_added,https://jobs.monstergovt.com/dos/ros/rosDashboard.hms?O=6&J=119421,2026-10-15
2026-10-06,887047100,link_added,https://jobs.monstergovt.com/dos/ros/rosDashboard.hms?O=6&J=119421&S=1,2026-10-15
2026-10-06,887047800,link_added,https://jobs.monstergovt.com/hment/ros/rosDashboard.hms?O=1&J=55015,2026-10-14
2026-10-06,887047800,link_added,https://jobs.monstergovt.com/hment/ros/rosDashboard.hms?O=1&J=55015&S=1,2026-10-14
2026-10-06,887048100,link_added,https://jobs.monstergovt.com/hment/ros/rosDashboard.hms?O=1&J=55017,2026-10-14
2026-10-06,887048100,link_added,https://jobs.monstergovt.com/hment/ros/rosDashboard.hms?O=1&J=55017&S=1,2026-10-14
2026-10-06,887049300,link_added,https://jobs.monstergovt.com/gsa/ros/rosDashboard.hms?O=1&J=112880,2026-10-13
2026-10-06,887049300,link_added,https://jobs.monstergovt.com/gsa/ros/rosDashboard.hms?O=1&J=112880&S=1,2026-10-13
2026-10-06,887065500,link_added,https://jobs.monstergovt.com/fdic/ros/rosDashboard.hms?O=1&J=74662,2026-10-14
2026-10-06,887065500,link_added,https://jobs.monstergovt.com/fdic/ros/rosDashboard.hms?O=1&J=74662&S=1,2026-10-14
2026-10-06,887067600,link_added,https://jobs.monstergovt.com/fdic/ros/rosDashboard.hms?O=1&J=74661,2026-10-14
2026-10-06,887067600,link_added,https://jobs.monstergovt.com/fdic/ros/rosDashboard.hms?O=1&J=74661&S=1,2026-10-14
2026-10-06,887068100,link_added,https://jobs.monstergovt.com/fdic/ros/rosDashboard.hms?O=1&J=74660,2026-10-14
2026-10-06,887068100,link_added,https://jobs.monstergovt.com/fdic/ros/rosDashboard.hms?O=1&J=74660&S=1,2026-10-14
2026-10-06,887090500,link_added,https://jobs.monstergovt.com/fdic/ros/rosDashboard.hms?O=1&J=74663,2026-10-07
2026-10-06,887090500,link_added,https://jobs.monstergovt.com/fdic/ros/rosDashboard.hms?O=1&J=74663&S=1,2026-10-07
2026-10-06,887090700,link_added,https://jobs.monstergovt.com/fdic/ros/rosDashboard.hms?O=1&J=74664,2026-10-07
2026-10-06,887090700,link_added,https://jobs.monstergovt.com/fdic/ros/rosDashboard.hms?O=1&J=74664&S=1,2026-10-07
2026-10-06,887092300,link_added,https://jobs.monstergovt.com/fdic/ros/rosDashboard.hms?O=1&J=74666,2026-10-13
2026-10-06,887092300,link_added,https://jobs.monstergovt.com/fdic/ros/rosDashboard.hms?O=1&J=74666&S=1,2026-10-13
2026-10-06,887093300,link_added,https://jobs.monstergovt.com/fdic/ros/rosDashboard.hms?O=1&J=74665,2026-10-13
2026-10-06,887093300,link_added,https://jobs.monstergovt.com/fdic/ros/rosDashboard.hms?O=1&J=74665&S=1,2026-10-13
2026-10-06,887095100,link_added,https://jobs.monstergovt.com/fdic/ros/rosDashboard.hms?O=1&J=74651,2026-10-14
2026-10-06,887095100,link_added,https://jobs.monstergovt.com/fdic/ros/rosDashboard.hms?O=1&J=74651&S=1,2026-10-14
2026-10-06,887095300,link_added,https://jobs.monstergovt.com/fdic/ros/rosDashboard.hms?O=1&J=74652,2026-10-14
2026-10-06,887095300,link_added,https://jobs.monstergovt.com/fdic/ros/rosDashboard.hms?O=1&J=74652&S=1,2026-10-14
2026-10-06,887102100,link_added,https://jobs.monstergovt.com/dos/ros/rosDashboard.hms?O=6&J=119465,2026-10-07
2026-10-06,887102100,link_added,https://jobs.monstergovt.com/dos/ros/rosDashboard.hms?O=6&J=119465&S=1,2026-10-07
2026-10-06,887108200,link_added,https://jobs.monstergovt.com/dos/ros/rosDashboard.hms?O=6&J=119378,2026-10-21
2026-10-06,887108200,link_added,https://jobs.monstergovt.com/dos/ros/rosDashboard.hms?O=6&J=119378&S=1,2026-10-21
2026-10-06,887110100,link_added,https://jobs.monstergovt.com/hment/ros/rosDashboard.hms?O=1&J=55038,2026-10-15
2026-10-06,887110100,link_added,https://jobs.monstergovt.com/hment/ros/rosDashboard.hms?O=1&J=55038&S=1,2026-10-15
2026-10-06,887112300,link_added,https://jobs.monstergovt.com/dot/ros/rosDashboard.hms?O=2&J=93055,2026-10-14
2026-10-06,887112300,link_added,https://jobs.monstergovt.com/dot/ros/rosDashboard.hms?O=2&J=93055&S=1,2026-10-14
2026-10-06,887122700,link_added,https://jobs.monstergovt.com/dot/ros/rosDashboard.hms?O=2&J=92849,2026-10-14
2026-10-06,887122700,link_added,https://jobs.monstergovt.com/dot/ros/rosDashboard.hms?O=2&J=92849&S=1,2026-10-14
2026-10-06,887133000,link_added,https://jobs.monstergovt.com/dos/ros/rosDashboard.hms?O=1&J=119470&S=1,2027-09-30
2026-10-06,887136000,link_added,https://jobs.monstergovt.com/dos/ros/rosDashboard.hms?O=1&J=119472&S=1,2027-09-30
2026-10-06,887144300,link_added,https://jobs.monstergovt.com/dos/ros/rosDashboard.hms?O=1&J=119473&S=1,2027-03-31
2026-10-06,887144900,link_added,https://jobs.monstergovt.com/hment/ros/rosDashboard.hms?O=1&J=55049,2026-10-16
2026-10-06,887144900,link_added,https://jobs.monstergovt.com/hment/ros/rosDashboard.hms?O=1&J=55049&S=1,2026-10-16
2026-10-06,887146400,link_added,https://jobs.monstergovt.com/hment/ros/rosDashboard.hms?O=1&J=55050,2026-10-16
2026-10-06,887146400,link_added,https://jobs.monstergovt.com/hment/ros/rosDashboard.hms?O=1&J=55050&S=1,2026-10-16
2026-10-06,887155500,link_added,https://jobs.monstergovt.com/aoc/ros/rosDashboard.hms?O=1749&J=148653,2026-10-19
2026-10-06,887155500,link_added,https://jobs.monstergovt.com/aoc/ros/rosDashboard.hms?O=1749&J=148653&S=1,2026-10-19
2026-10-06,887156100,link_added,https://jobs.monstergovt.com/aoc/ros/rosDashboard.hms?O=1749&J=148630,2026-10-19
2026-10-06,887156100,link_added,https://jobs.monstergovt.com/aoc/ros/rosDashboard.hms?O=1749&J=148630&S=1,2026-10-19
2026-10-06,887157800,link_added,https://jobs.monstergovt.com/dos/ros/rosDashboard.hms?O=6&J=119467,2026-10-16
2026-10-06,887157800,link_added,https://jobs.monstergovt.com/dos/ros/rosDashboard.hms?O=6&J=119467&S=1,2026-10-16
2026-10-06,887162100,link_added,https://jobs.monstergovt.com/dos/ros/rosDashboard.hms?O=6&J=119437,2026-10-08
2026-10-06,887162100,link_added,https://jobs.monstergovt.com/dos/ros/rosDashboard.hms?O=6&J=119437&S=1,2026-10-08
2026-10-06,887175000,link_added,https://jobs.monstergovt.com/aoc/ros/rosDashboard.hms?O=1749&J=148610,2026-10-19
2026-10-06,887175000,link_added,https://jobs.monstergovt.com/aoc/ros/rosDashboard.hms?O=1749&J=148610&S=1,2026-10-19
2026-10-06,887216800,link_added,https://jobs.monstergovt.com/dot/ros/rosDashboard.hms?O=2&J=92968,2026-10-14
2026-10-06,887216800,link_added,https://jobs.monstergovt.com/dot/ros/rosDashboard.hms?O=2&J=92968&S=1,2026-10-14
2026-10-06,887220300,link_added,https://jobs.monstergovt.com/aoc/ros/rosDashboard.hms?O=1749&J=148654,2026-10-19
2026-10-06,887220300,link_added,https://jobs.monstergovt.com/aoc/ros/rosDashboard.hms?O=1749&J=148654&S=1,2026-10-19
2026-10-06,887222800,link_added,https://jobs.monstergovt.com/cftc/rospost/?O=3&J=5500,2026-10-15
2026-10-06,887222800,link_added,https://jobs.monstergovt.com/cftc/rospost/?O=3&J=5500&S=1,2026-10-15
2026-10-06,887227000,link_added,https://jobs.monstergovt.com/loc/ros/rosDashboard.hms?O=1&J=27863,2026-10-30
2026-10-06,887227000,link_added,https://jobs.monstergovt.com/loc/ros/rosDashboard.hms?O=1&J=27863&S=1,2026-10-30
2026-10-06,887233300,link_added,https://jobs.monstergovt.com/dot/ros/rosDashboard.hms?O=2&J=93024,2026-10-12
2026-10-06,887233300,link_added,https://jobs.monstergovt.com/dot/ros/rosDashboard.hms?O=2&J=93024&S=1,2026-10-12
2026-10-06,887236100,link_added,https://jobs.monstergovt.com/dot/ros/rosDashboard.hms?O=2&J=92841,2026-10-31
2026-10-06,887236100,link_added,https://jobs.monstergovt.com/dot/ros/rosDashboard.hms?O=2&J=92841&S=1,2026-10-31
2026-10-06,887247800,link_added,https://jobs.monstergovt.com/gsa/ros/rosDashboard.hms?O=1&J=112859,2026-10-09
2026-10-06,887247800,link_added,https://jobs.monstergovt.com/gsa/ros/rosDashboard.hms?O=1&J=112859&S=1,2026-10-09
2026-10-06,887274200,link_added,https://jobs.monstergovt.com/dos/ros/rosDashboard.hms?O=6&J=119439,2026-10-15
2026-10-06,887274200,link_added,https://jobs.monstergovt.com/dos/ros/rosDashboard.hms?O=6&J=119439&S=1,2026-10-15
2026-10-06,887287900,link_added,https://jobs.monstergovt.com/loc/ros/rosDashboard.hms?O=1&J=27862,2026-10-15
2026-10-06,887287900,link_added,https://jobs.monstergovt.com/loc/ros/rosDashboard.hms?O=1&J=27862&S=1,2026-10-15
2026-10-06,887290600,link_added,https://jobs.monstergovt.com/hment/ros/rosDashboard.hms?O=1&J=55033,2026-10-19
2026-10-06,887290600,link_added,https://jobs.monstergovt.com/hment/ros/rosDashboard.hms?O=1&J=55033&S=1,2026-10-19
2026-10-06,887292500,link_added,https://jobs.monstergovt.com/hment/ros/rosDashboard.hms?O=1&J=55069,2026-10-19
2026-10-06,887292500,link_added,https://jobs.monstergovt.com/hment/ros/rosDashboard.hms?O=1&J=55069&S=1,2026-10-19
2026-10-06,887300600,link_added,https://jobs.monstergovt.com/aoc/ros/rosDashboard.hms?O=1749&J=148655,2026-10-19
2026-10-06,887300600,link_added,https://jobs.monstergovt.com/aoc/ros/rosDashboard.hms?O=1749&J=148655&S=1,2026-10-19
2026-10-06,887312500,link_added,https://jobs.monstergovt.com/loc/ros/rosDashboard.hms?O=1&J=27883,2026-10-16
2026-10-06,887312500,link_added,https://jobs.monstergovt.com/loc/ros/rosDashboard.hms?O=1&J=27883&S=1,2026-10-16
2026-10-06,887316200,link_added,https://jobs.monstergovt.com/dos/ros/rosDashboard.hms?O=6&J=119464,2026-10-16
2026-10-06,887316200,link_added,https://jobs.monstergovt.com/dos/ros/rosDashboard.hms?O=6&J=119464&S=1,2026-10-16
2026-10-06,887337500,link_added,https://jobs.monstergovt.com/aoc/ros/rosDashboard.hms?O=1749&J=148611,2026-10-20
2026-10-06,887337500,link_added,https://jobs.monstergovt.com/aoc/ros/rosDashboard.hms?O=1749&J=148611&S=1,2026-10-20
2026-10-06,887346300,link_added,https://jobs.monstergovt.com/dos/ros/rosDashboard.hms?O=6&J=119359,2026-10-09
2026-10-06,887346300,link_added,https://jobs.monstergovt.com/dos/ros/rosDashboard.hms?O=6&J=119359&S=1,2026-10-09
2026-10-06,887346600,link_added,https://jobs.monstergovt.com/cftc/rospost/?O=3&J=5398,2026-10-06
2026-10-06,887346600,link_added,https://jobs.monstergovt.com/cftc/rospost/?O=3&J=5398&S=1,2026-10-06
2026-10-06,887349100,link_added,https://jobs.monstergovt.com/hment/ros/rosDashboard.hms?O=1&J=55022,2026-10-16
2026-10-06,887349100,link_added,https://jobs.monstergovt.com/hment/ros/rosDashboard.hms?O=1&J=55022&S=1,2026-10-16
2026-10-06,887350300,link_added,https://jobs.monstergovt.com/hment/ros/rosDashboard.hms?O=1&J=55003,2026-10-16
2026-10-06,887350300,link_added,https://jobs.monstergovt.com/hment/ros/rosDashboard.hms?O=1&J=55003&S=1,2026-10-16
2026-10-06,887408800,link_added,https://jobs.monstergovt.com/loc/ros/rosDashboard.hms?O=1&J=27884,2026-10-20
2026-10-06,887408800,link_added,https://jobs.monstergovt.com/loc/ros/rosDashboard.hms?O=1&J=27884&S=1,2026-10-20
2026-10-06,887414500,link_added,https://jobs.monstergovt.com/loc/ros/rosDashboard.hms?O=1&J=27861,2026-11-02
2026-10-06,887414500,link_added,https://jobs.monstergovt.com/loc/ros/rosDashboard.hms?O=1&J=27861&S=1,2026-11-02
2026-10-06,887417000,link_added,https://jobs.monstergovt.com/dos/ros/rosDashboard.hms?O=6&J=119489,2026-10-09
2026-10-06,887417000,link_added,https://jobs.monstergovt.com/dos/ros/rosDashboard.hms?O=6&J=119489&S=1,2026-10-09
2026-10-06,887417400,link_added,https://apply.usastaffing.gov/ViewQuestionnaire/13078679,2026-10-15
2026-10-06,887422800,link_added,https://jobs.monstergovt.com/aoc/ros/rosDashboard.hms?O=1749&J=148625,2026-10-20
2026-10-06,887422800,link_added,https://jobs.monstergovt.com/aoc/ros/rosDashboard.hms?O=1749&J=148625&S=1,2026-10-20
2026-10-06,887427700,link_added,https://jobs.monstergovt.com/hment/ros/rosDashboard.hms?O=1&J=55053,2026-10-20
2026-10-06,887427700,link_added,https://jobs.monstergovt.com/hment/ros/rosDashboard.hms?O=1&J=55053&S=1,2026-10-20
2026-10-06,887434900,link_added,https://jobs.monstergovt.com/dos/ros/rosDashboard.hms?O=6&J=119479,2026-10-14
2026-10-06,887434900,link_added,https://jobs.monstergovt.com/dos/ros/rosDashboard.hms?O=6&J=119479&S=1,2026-10-14
2026-10-06,887440000,link_added,https://jobs.monstergovt.com/hment/ros/rosDashboard.hms?O=1&J=55073,2026-10-20
2026-10-06,887440000,link_added,https://jobs.monstergovt.com/hment/ros/rosDashboard.hms?O=1&J=55073&S=1,2026-10-20
2026-10-06,887448000,link_added,https://jobs.monstergovt.com/aoc/ros/rosDashboard.hms?O=1749&J=148657,2026-10-20
2026-10-06,887448000,link_added,https://jobs.monstergovt.com/aoc/ros/rosDashboard.hms?O=1749&J=148657&S=1,2026-10-20
2026-10-06,887467900,link_added,https://jobs.monstergovt.com/cftc/rospost/?O=3&J=5496,2026-10-16
2026-10-06,887467900,link_added,https://jobs.monstergovt.com/cftc/rospost/?O=3&J=5496&S=1,2026-10-16
2026-10-06,887471400,link_added,https://jobs.monstergovt.com/dot/ros/rosDashboard.hms?O=2&J=93069,2026-10-13
2026-10-06,887471400,link_added,https://jobs.monstergovt.com/dot/ros/rosDashboard.hms?O=2&J=93069&S=1,2026-10-13
2026-10-06,887505700,link_added,https://jobs.monstergovt.com/dos/ros/rosDashboard.hms?O=6&J=119468,2026-10-14
2026-10-06,887505700,link_added,https://jobs.monstergovt.com/dos/ros/rosDashboard.hms?O=6&J=119468&S=1,2026-10-14
2026-10-06,887507200,link_added,https://jobs.monstergovt.com/dot/ros/rosDashboard.hms?O=2&J=93059,2026-10-18
2026-10-06,887507200,link_added,https://jobs.monstergovt.com/dot/ros/rosDashboard.hms?O=2&J=93059&S=1,2026-10-18
2026-10-06,887516800,link_added,https://apply.usastaffing.gov/ViewQuestionnaire/13082526,2026-10-09
2026-10-06,887531400,link_added,https://apply.usastaffing.gov/ViewQuestionnaire/12838828,2026-10-12
2026-10-06,887536500,link_added,https://jobs.monstergovt.com/gsa/ros/rosDashboard.hms?O=1&J=112845,2026-10-09
2026-10-06,887536500,link_added,https://jobs.monstergovt.com/gsa/ros/rosDashboard.hms?O=1&J=112845&S=1,2026-10-09
2026-10-06,887543100,link_added,https://jobs.monstergovt.com/gsa/ros/rosDashboard.hms?O=1&J=112841,2026-10-19
2026-10-06,887543100,link_added,https://jobs.monstergovt.com/gsa/ros/rosDashboard.hms?O=1&J=112841&S=1,2026-10-19
2026-10-06,887555500,link_added,https://jobs.monstergovt.com/dos/ros/rosDashboard.hms?O=6&J=119475,2026-10-09
2026-10-06,887555500,link_added,https://jobs.monstergovt.com/dos/ros/rosDashboard.hms?O=6&J=119475&S=1,2026-10-09
2026-10-06,887578200,link_added,https://jobs.monstergovt.com/dos/ros/rosDashboard.hms?O=6&J=119490,2026-10-20
2026-10-06,887578200,link_added,https://jobs.monstergovt.com/dos/ros/rosDashboard.hms?O=6&J=119490&S=1,2026-10-20
2026-10-06,887581400,link_added,https://jobs.monstergovt.com/hment/ros/rosDashboard.hms?O=1&J=55062,2026-10-21
2026-10-06,887581400,link_added,https://jobs.monstergovt.com/hment/ros/rosDashboard.hms?O=1&J=55062&S=1,2026-10-21
2026-10-06,887581800,link_added,https://jobs.monstergovt.com/hment/ros/rosDashboard.hms?O=1&J=55063,2026-10-21
2026-10-06,887581800,link_added,https://jobs.monstergovt.com/hment/ros/rosDashboard.hms?O=1&J=55063&S=1,2026-10-21
2026-10-06,887599900,link_added,https://jobs.monstergovt.com/dos/ros/rosDashboard.hms?O=6&J=119373,2026-10-15
2026-10-06,887599900,link_added,https://jobs.monstergovt.com/dos/ros/rosDashboard.hms?O=6&J=119373&S=1,2026-10-15
2026-10-06,887609600,link_added,https://jobs.monstergovt.com/gsa/ros/rosDashboard.hms?O=1&J=112882,2026-10-19
2026-10-06,887609600,link_added,https://jobs.monstergovt.com/gsa/ros/rosDashboard.hms?O=1&J=112882&S=1,2026-10-19
2026-10-06,887610600,link_added,https://jobs.monstergovt.com/dos/ros/rosDashboard.hms?O=6&J=119463,2026-10-20
2026-10-06,887610600,link_added,https://jobs.monstergovt.com/dos/ros/rosDashboard.hms?O=6&J=119463&S=1,2026-10-20
2026-10-06,887611500,link_added,https://jobs.monstergovt.com/dot/ros/rosDashboard.hms?O=2&J=93060,2026-10-19
2026-10-06,887611500,link_added,https://jobs.monstergovt.com/dot/ros/rosDashboard.hms?O=2&J=93060&S=1,2026-10-19
2026-10-06,887623500,link_added,https://jobs.monstergovt.com/dos/ros/rosDashboard.hms?O=6&J=119474,2026-10-12
2026-10-06,887623500,link_added,https://jobs.monstergovt.com/dos/ros/rosDashboard.hms?O=6&J=119474&S=1,2026-10-12
2026-10-06,887640600,link_added,https://jobs.monstergovt.com/dot/ros/rosDashboard.hms?O=5&J=93020,2026-10-16
2026-10-06,887640600,link_added,https://jobs.monstergovt.com/dot/ros/rosDashboard.hms?O=5&J=93020&S=1,2026-10-16
2026-10-06,887651900,link_added,https://jobs.monstergovt.com/dot/ros/rosDashboard.hms?O=2&J=92972,2026-10-20
2026-10-06,887651900,link_added,https://jobs.monstergovt.com/dot/ros/rosDashboard.hms?O=2&J=92972&S=1,2026-10-20
2026-10-06,887652600,link_added,https://jobs.monstergovt.com/hment/ros/rosDashboard.hms?O=1&J=55059,2026-10-16
2026-10-06,887652600,link_added,https://jobs.monstergovt.com/hment/ros/rosDashboard.hms?O=1&J=55059&S=1,2026-10-16
2026-10-06,887664700,link_added,https://jobs.monstergovt.com/loc/ros/rosDashboard.hms?O=1&J=27860,2026-11-05
2026-10-06,887664700,link_added,https://jobs.monstergovt.com/loc/ros/rosDashboard.hms?O=1&J=27860&S=1,2026-11-05
2026-10-06,887670100,link_added,https://apply.usastaffing.gov/ViewQuestionnaire/13083654,2026-10-12
2026-10-06,833381100,no_longer_listed,,2026-12-30
2026-10-06,845425200,no_longer_listed,,2026-11-30
2026-10-06,847025000,no_longer_listed,,2026-10-06
2026-10-06,847202000,no_longer_listed,,2026-10-06
2026-10-06,847213100,no_longer_listed,,2026-10-08
2026-10-06,847712900,no_longer_listed,,2026-10-06
2026-10-06,847713700,no_longer_listed,,2026-10-07
2026-10-06,847713800,no_longer_listed,,2026-10-07
2026-10-06,847717800,no_longer_listed,,2026-10-07
2026-10-06,847718300,no_longer_listed,,2026-10-07
2026-10-06,847735900,no_longer_listed,,2026-10-07
2026-10-06,847792600,no_longer_listed,,2026-10-07
2026-10-06,847826400,no_longer_listed,,2026-10-08
2026-10-06,847857100,no_longer_listed,,2026-10-08
2026-10-06,847897900,no_longer_listed,,2026-10-08
2026-10-06,847901100,no_longer_listed,,2026-10-08
2026-10-06,847910400,no_longer_listed,,2026-10-08
2026-10-06,847955600,no_longer_listed,,2026-10-09
2026-10-06,847970200,no_longer_listed,,2026-10-09
2026-10-06,847974700,no_longer_listed,,2026-10-09
2026-10-06,847978500,no_longer_listed,,2026-10-09
2026-10-06,847980000,no_longer_listed,,2026-10-09
2026-10-06,847981900,no_longer_listed,,2026-10-09
2026-10-06,847984400,no_longer_listed,,2026-10-09
2026-10-06,847985600,no_longer_listed,,2026-10-09
2026-10-06,847987400,no_longer_listed,,2026-10-09
2026-10-06,847989800,no_longer_listed,,2026-10-09
2026-10-06,847996100,no_longer_listed,,2026-10-09
2026-10-06,848048500,no_longer_listed,,2026-10-13
2026-10-06,848087100,no_longer_listed,,2026-10-12
2026-10-06,848168200,no_longer_listed,,2026-10-14
2026-10-06,848180200,no_longer_listed,,2026-10-14
2026-10-06,848230800,no_longer_listed,,2026-10-15
2026-10-06,848242000,no_longer_listed,,2026-10-14
2026-10-06,848346900,no_longer_listed,,2026-10-16
2026-10-06,848367400,no_longer_listed,,2026-10-16
2026-10-06,848373100,no_longer_listed,,2026-10-16
2026-10-06,848425900,no_longer_listed,,2026-10-07
2026-10-06,848432100,no_longer_listed,,2026-10-06
2026-10-06,848465900,no_longer_listed,,2026-10-19
2026-10-06,848489500,no_longer_listed,,2026-10-19
2026-10-06,848515500,no_longer_listed,,2026-10-20
2026-10-06,848515600,no_longer_listed,,2026-10-20
2026-10-06,848515700,no_longer_listed,,2026-10-19
2026-10-06,848537500,no_longer_listed,,2026-10-19
2026-10-06,848572400,no_longer_listed,,2026-10-26
2026-10-06,848688800,no_longer_listed,,2026-10-21
2026-10-06,848694900,no_longer_listed,,2026-10-21
2026-10-06,848721200,no_longer_listed,,2026-10-28
2026-10-06,848787700,no_longer_listed,,2026-10-22
2026-10-06,848805800,no_longer_listed,,2026-10-26
2026-10-06,848805900,no_longer_listed,,2026-10-26
2026-10-06,848811200,no_longer_listed,,2026-10-23
2026-10-06,848870200,no_longer_listed,,2026-10-23
2026-10-06,848906600,no_longer_listed,,2026-10-26
2026-10-06,848918300,no_longer_listed,,2026-10-26
2026-10-06,848967600,no_longer_listed,,2026-10-26
2026-10-06,849020500,no_longer_listed,,2026-10-27
2026-10-06,849084200,no_longer_listed,,2026-10-28
2026-10-06,849090400,no_longer_listed,,2026-10-28
2026-10-06,849094400,no_longer_listed,,2026-10-26
2026-10-06,849135700,no_longer_listed,,2026-10-29
2026-10-06,849139400,no_longer_listed,,2026-10-29
2026-10-06,849163800,no_longer_listed,,2026-10-29
2026-10-06,849270200,no_longer_listed,,2026-11-03
2026-10-06,849285200,no_longer_listed,,2026-10-30
2026-10-06,849340100,no_longer_listed,,2026-10-08
2026-10-06,849359500,no_longer_listed,,2026-10-23
2026-10-06,849359700,no_longer_listed,,2026-10-23
2026-10-06,849376000,no_longer_listed,,2026-11-02
2026-10-06,849412000,no_longer_listed,,2026-11-02
2026-10-06,849413700,no_longer_listed,,2026-11-02
2026-10-06,849441800,no_longer_listed,,2026-11-03
2026-10-06,849442300,no_longer_listed,,2026-11-02
2026-10-06,849442800,no_longer_listed,,2026-10-26
2026-10-06,849463500,no_longer_listed,,2026-11-03
2026-10-06,849567500,no_longer_listed,,2026-11-04
2026-10-06,849591900,no_longer_listed,,2026-11-11
2026-10-06,849803400,no_longer_listed,,2026-11-05
2026-10-06,849868200,no_longer_listed,,2026-11-09
2026-10-06,849900400,no_longer_listed,,2026-10-30
2026-10-06,849916500,no_longer_listed,,2026-11-11
2026-10-06,849918200,no_longer_listed,,2026-11-10
2026-10-06,849918900,no_longer_listed,,2026-11-10
2026-10-06,849919200,no_longer_listed,,2026-11-10
2026-10-06,849919500,no_longer_listed,,2026-11-10
2026-10-06,849919700,no_longer_listed,,2026-11-10
2026-10-06,849919800,no_longer_listed,,2026-11-10
2026-10-06,849953700,no_longer_listed,,2026-11-11
2026-10-06,849954700,no_longer_listed,,2026-11-11
2026-10-06,849970300,no_longer_listed,,2026-11-10
2026-10-06,850053700,no_longer_listed,,2026-11-12
2026-10-06,850054000,no_longer_listed,,2026-11-12
2026-10-06,850059800,no_longer_listed,,2026-11-12
2026-10-06,850060800,no_longer_listed,,2026-11-12
2026-10-06,850134400,no_longer_listed,,2026-11-13
2026-10-06,850135700,no_longer_listed,,2026-11-13
2026-10-06,850136800,no_longer_listed,,2026-11-13
2026-10-06,850138400,no_longer_listed,,2026-11-13
2026-10-06,850139400,no_longer_listed,,2026-11-13
2026-10-06,850140700,no_longer_listed,,2026-11-13
2026-10-06,850220800,no_longer_listed,,2026-11-16
2026-10-06,850238300,no_longer_listed,,2026-11-16
2026-10-06,850262000,no_longer_listed,,2026-11-13
2026-10-06,850343700,no_longer_listed,,2026-11-17
2026-10-06,850461900,no_longer_listed,,2026-12-03
2026-10-06,850462400,no_longer_listed,,2026-12-02
2026-10-06,850527300,no_longer_listed,,2026-12-03
2026-10-06,850556200,no_longer_listed,,2026-11-13
2026-10-06,850556700,no_longer_listed,,2026-11-13
2026-10-06,850606900,no_longer_listed,,2026-11-19
2026-10-06,850607600,no_longer_listed,,2026-11-19
2026-10-06,850608100,no_longer_listed,,2026-11-19
2026-10-06,850680300,no_longer_listed,,2026-11-20
2026-10-06,850734500,no_longer_listed,,2026-11-20
2026-10-06,850734600,no_longer_listed,,2026-11-20
2026-10-06,850735100,no_longer_listed,,2026-11-20
2026-10-06,850749100,no_longer_listed,,2026-11-20
2026-10-06,850752800,no_longer_listed,,2026-11-20
2026-10-06,850758000,no_longer_listed,,2026-11-23
2026-10-06,850759800,no_longer_listed,,2026-11-24
2026-10-06,850760700,no_longer_listed,,2026-11-24
2026-10-06,850761400,no_longer_listed,,2026-11-24
2026-10-06,850762200,no_longer_listed,,2026-11-20
2026-10-06,850788500,no_longer_listed,,2026-11-20
2026-10-06,850821100,no_longer_listed,,2026-11-23
2026-10-06,850827000,no_longer_listed,,2026-11-23
2026-10-06,850829600,no_longer_listed,,2026-11-23
2026-10-06,850842900,no_longer_listed,,2026-11-24
2026-10-06,850850100,no_longer_listed,,2026-11-20
2026-10-06,850859200,no_longer_listed,,2026-11-23
2026-10-06,850859800,no_longer_listed,,2026-11-23
2026-10-06,850865200,no_longer_listed,,2026-11-20
2026-10-06,850879200,no_longer_listed,,2026-11-23
2026-10-06,850879900,no_longer_listed,,2026-11-23
2026-10-06,850881800,no_longer_listed,,2026-11-23
2026-10-06,850898900,no_longer_listed,,2026-11-23
2026-10-06,850901000,no_longer_listed,,2026-11-25
2026-10-06,850976300,no_longer_listed,,2026-11-25
2026-10-06,850977200,no_longer_listed,,2026-11-25
2026-10-06,851004500,no_longer_listed,,2026-11-24
2026-10-06,851023000,no_longer_listed,,2026-11-24
2026-10-06,851025100,no_longer_listed,,2026-11-24
2026-10-06,851037700,no_longer_listed,,2026-11-24
2026-10-06,851174600,no_longer_listed,,2026-11-27
2026-10-06,851204700,no_longer_listed,,2026-12-01
2026-10-06,851218900,no_longer_listed,,2026-11-30
2026-10-06,851219900,no_longer_listed,,2026-11-30
2026-10-06,851221000,no_longer_listed,,2026-12-01
2026-10-06,851266500,no_longer_listed,,2026-11-30
2026-10-06,851302500,no_longer_listed,,2026-11-30
2026-10-06,851302900,no_longer_listed,,2026-12-01
2026-10-06,851334600,no_longer_listed,,2026-12-07
2026-10-06,851359100,no_longer_listed,,2026-12-01
2026-10-06,851382500,no_longer_listed,,2026-12-01
2026-10-06,851499700,no_longer_listed,,2026-12-02
2026-10-06,851505200,no_longer_listed,,2026-12-03
2026-10-06,851506400,no_longer_listed,,2026-12-02
2026-10-06,851509200,no_longer_listed,,2026-12-02
2026-10-06,851532000,no_longer_listed,,2026-12-02
2026-10-06,851590600,no_longer_listed,,2026-12-08
2026-10-06,851607600,no_longer_listed,,2026-12-04
2026-10-06,851615200,no_longer_listed,,2026-12-03
2026-10-06,851708500,no_longer_listed,,2026-12-09
2026-10-06,851718700,no_longer_listed,,2026-12-04
2026-10-06,851724300,no_longer_listed,,2026-12-04
2026-10-06,851756800,no_longer_listed,,2026-12-04
2026-10-06,851765100,no_longer_listed,,2026-12-04
2026-10-06,851769100,no_longer_listed,,2026-12-04
2026-10-06,851775200,no_longer_listed,,2026-12-09
2026-10-06,851776800,no_longer_listed,,2026-12-04
2026-10-06,851779500,no_longer_listed,,2026-12-07
2026-10-06,851784200,no_longer_listed,,2026-12-04
2026-10-06,851836300,no_longer_listed,,2026-12-07
2026-10-06,851889500,no_longer_listed,,2026-12-07
2026-10-06,851927900,no_longer_listed,,2026-12-08
2026-10-06,851928500,no_longer_listed,,2026-12-08
2026-10-06,851948500,no_longer_listed,,2026-12-08
2026-10-06,851989700,no_longer_listed,,2026-12-30
2026-10-06,851989900,no_longer_listed,,2026-12-30
2026-10-06,851990100,no_longer_listed,,2026-12-30
2026-10-06,851990200,no_longer_listed,,2026-12-30
2026-10-06,851990300,no_longer_listed,,2026-12-30
2026-10-06,851990600,no_longer_listed,,2026-12-30
2026-10-06,851990800,no_longer_listed,,2026-12-30
2026-10-06,851991000,no_longer_listed,,2026-12-30
2026-10-06,851991100,no_longer_listed,,2026-12-30
2026-10-06,851991300,no_longer_listed,,2026-12-30
2026-10-06,851991400,no_longer_listed,,2026-12-30
2026-10-06,851991500,no_longer_listed,,2026-12-30
2026-10-06,851991600,no_longer_listed,,2026-12-30
2026-10-06,851991700,no_longer_listed,,2026-12-30
2026-10-06,851991800,no_longer_listed,,2026-12-30
2026-10-06,851992000,no_longer_listed,,2026-12-30
2026-10-06,851992300,no_longer_listed,,2026-12-30
2026-10-06,851993300,no_longer_listed,,2026-12-08
2026-10-06,851994000,no_longer_listed,,2026-12-08
2026-10-06,851994900,no_longer_listed,,2026-12-08
2026-10-06,852002400,no_longer_listed,,2026-12-08
2026-10-06,852005300,no_longer_listed,,2026-12-08
2026-10-06,852085200,no_longer_listed,,2026-12-11
2026-10-06,852095900,no_longer_listed,,2026-12-09
2026-10-06,852127700,no_longer_listed,,2026-12-10
2026-10-06,852138900,no_longer_listed,,2026-12-10
2026-10-06,852139000,no_longer_listed,,2026-12-10
2026-10-06,852142200,no_longer_listed,,2026-12-07
2026-10-06,852184600,no_longer_listed,,2026-12-16
2026-10-06,852192900,no_longer_listed,,2026-12-16
2026-10-06,852210600,no_longer_listed,,2026-12-10
2026-10-06,852246100,no_longer_listed,,2026-11-24
2026-10-06,852253900,no_longer_listed,,2026-12-11
2026-10-06,852265600,no_longer_listed,,2026-12-14
2026-10-06,852329900,no_longer_listed,,2026-12-22
2026-10-06,852330000,no_longer_listed,,2026-12-22
2026-10-06,852337500,no_longer_listed,,2026-12-11
2026-10-06,852384700,no_longer_listed,,2026-12-11
2026-10-06,852452100,no_longer_listed,,2026-12-14
2026-10-06,852456000,no_longer_listed,,2026-12-01
2026-10-06,852471900,no_longer_listed,,2026-12-14
2026-10-06,852476300,no_longer_listed,,2026-12-14
2026-10-06,852499100,no_longer_listed,,2026-12-14
2026-10-06,852509300,no_longer_listed,,2026-12-14
2026-10-06,852523000,no_longer_listed,,2026-12-15
2026-10-06,852620000,no_longer_listed,,2026-12-03
2026-10-06,852636400,no_longer_listed,,2026-12-15
2026-10-06,852699800,no_longer_listed,,2026-12-16
2026-10-06,852760500,no_longer_listed,,2026-12-16
2026-10-06,852790200,no_longer_listed,,2026-12-17
2026-10-06,852812500,no_longer_listed,,2026-12-18
2026-10-06,852825300,no_longer_listed,,2026-12-17
2026-10-06,852845700,no_longer_listed,,2026-12-15
2026-10-06,852858100,no_longer_listed,,2026-12-17
2026-10-06,852865400,no_longer_listed,,2026-12-18
2026-10-06,852892700,no_longer_listed,,2026-12-18
2026-10-06,852920400,no_longer_listed,,2026-12-18
2026-10-06,852966900,no_longer_listed,,2026-12-23
2026-10-06,853011400,no_longer_listed,,2026-12-01
2026-10-06,853075200,no_longer_listed,,2026-11-30
2026-10-06,853075700,no_longer_listed,,2026-12-21
2026-10-06,853076700,no_longer_listed,,2026-12-21
2026-10-06,853100000,no_longer_listed,,2026-12-31
2026-10-06,853100300,no_longer_listed,,2026-12-31
2026-10-06,853100900,no_longer_listed,,2026-12-31
2026-10-06,853101100,no_longer_listed,,2026-12-31
2026-10-06,853129800,no_longer_listed,,2026-12-22
2026-10-06,853133200,no_longer_listed,,2026-12-22
2026-10-06,853133300,no_longer_listed,,2026-12-22
2026-10-06,853141100,no_longer_listed,,2026-12-22
2026-10-06,853141400,no_longer_listed,,2026-12-22
2026-10-06,853164100,no_longer_listed,,2026-12-22
2026-10-06,853173000,no_longer_listed,,2026-12-22
2026-10-06,853210800,no_longer_listed,,2026-12-31
2026-10-06,853263900,no_longer_listed,,2026-12-28
2026-10-06,853316000,no_longer_listed,,2026-12-29
2026-10-06,853317300,no_longer_listed,,2026-12-29
2026-10-06,853369800,no_longer_listed,,2026-12-29
2026-10-06,853380700,no_longer_listed,,2026-12-29
2026-10-06,853417900,no_longer_listed,,2026-12-29
2026-10-06,853432400,no_longer_listed,,2026-12-29
2026-10-06,853432600,no_longer_listed,,2026-12-29
2026-10-06,853432700,no_longer_listed,,2026-12-29
2026-10-06,853432900,no_longer_listed,,2026-12-29
2026-10-06,853433000,no_longer_listed,,2026-12-29
2026-10-06,853433200,no_longer_listed,,2026-12-29
2026-10-06,853433400,no_longer_listed,,2026-12-29
2026-10-06,853433500,no_longer_listed,,2026-12-29
2026-10-06,853433600,no_longer_listed,,2026-12-29
2026-10-06,853433800,no_longer_listed,,2026-12-29
2026-10-06,853464500,no_longer_listed,,2026-12-31
2026-10-06,853464800,no_longer_listed,,2026-12-31
2026-10-06,853465100,no_longer_listed,,2026-12-31
2026-10-06,853482100,no_longer_listed,,2026-10-13
2026-10-06,853483300,no_longer_listed,,2026-10-13
2026-10-06,853487300,no_longer_listed,,2026-12-31
2026-10-06,853550200,no_longer_listed,,2027-01-08
2026-10-06,853550600,no_longer_listed,,2027-01-08
2026-10-06,853555300,no_longer_listed,,2027-01-06
2026-10-06,853564400,no_longer_listed,,2026-12-31
2026-10-06,853575200,no_longer_listed,,2026-12-07
2026-10-06,853584200,no_longer_listed,,2027-01-06
2026-10-06,853596500,no_longer_listed,,2026-12-31
2026-10-06,853603200,no_longer_listed,,2027-01-13
2026-10-06,853618100,no_longer_listed,,2026-12-31
2026-10-06,853637600,no_longer_listed,,2027-01-06
2026-10-06,853654000,no_longer_listed,,2026-12-30
2026-10-06,853665100,no_longer_listed,,2027-01-05
2026-10-06,853703100,no_longer_listed,,2027-01-05
2026-10-06,853716400,no_longer_listed,,2027-01-13
2026-10-06,853723300,no_longer_listed,,2027-01-13
2026-10-06,853729200,no_longer_listed,,2026-12-31
2026-10-06,853743900,no_longer_listed,,2027-01-07
2026-10-06,853754400,no_longer_listed,,2027-01-06
2026-10-06,853754800,no_longer_listed,,2027-01-06
2026-10-06,853812100,no_longer_listed,,2027-01-06
2026-10-06,853815800,no_longer_listed,,2027-01-06
2026-10-06,853858300,no_longer_listed,,2027-01-06
2026-10-06,853858800,no_longer_listed,,2027-01-06
2026-10-06,853933200,no_longer_listed,,2027-01-07
2026-10-06,853935100,no_longer_listed,,2027-01-07
2026-10-06,853938000,no_longer_listed,,2026-12-31
2026-10-06,853951000,no_longer_listed,,2027-01-08
2026-10-06,853958000,no_longer_listed,,2027-01-12
2026-10-06,853963900,no_longer_listed,,2027-01-07
2026-10-06,853977400,no_longer_listed,,2027-01-13
2026-10-06,853983400,no_longer_listed,,2026-12-30
2026-10-06,853983800,no_longer_listed,,2027-01-08
2026-10-06,853985700,no_longer_listed,,2026-12-31
2026-10-06,854019300,no_longer_listed,,2027-01-13
2026-10-06,854039000,no_longer_listed,,2027-01-08
2026-10-06,854058000,no_longer_listed,,2027-01-13
2026-10-06,854093400,no_longer_listed,,2027-01-08
2026-10-06,854181400,no_longer_listed,,2027-01-13
2026-10-06,854184200,no_longer_listed,,2027-01-15
2026-10-06,854185200,no_longer_listed,,2027-01-13
2026-10-06,854201400,no_longer_listed,,2026-12-31
2026-10-06,854207700,no_longer_listed,,2027-01-15
2026-10-06,854216000,no_longer_listed,,2027-01-15
2026-10-06,854222500,no_longer_listed,,2026-12-31
2026-10-06,854246900,no_longer_listed,,2026-12-31
2026-10-06,854247800,no_longer_listed,,2026-12-31
2026-10-06,854271200,no_longer_listed,,2026-12-31
2026-10-06,854287300,no_longer_listed,,2026-12-31
2026-10-06,854288900,no_longer_listed,,2026-12-31
2026-10-06,854290700,no_longer_listed,,2026-12-31
2026-10-06,854298800,no_longer_listed,,2027-01-12
2026-10-06,854317500,no_longer_listed,,2026-12-31
2026-10-06,854363800,no_longer_listed,,2027-01-12
2026-10-06,854385300,no_longer_listed,,2027-01-15
2026-10-06,854395300,no_longer_listed,,2026-12-31
2026-10-06,854395700,no_longer_listed,,2026-12-31
2026-10-06,854396000,no_longer_listed,,2026-12-31
2026-10-06,854396300,no_longer_listed,,2026-12-31
2026-10-06,854396600,no_longer_listed,,2026-12-31
2026-10-06,854397000,no_longer_listed,,2026-12-31
2026-10-06,854397200,no_longer_listed,,2026-12-31
2026-10-06,854397300,no_longer_listed,,2026-12-31
2026-10-06,854397400,no_longer_listed,,2026-12-31
2026-10-06,854397600,no_longer_listed,,2026-12-31
2026-10-06,854398200,no_longer_listed,,2026-12-31
2026-10-06,854398300,no_longer_listed,,2026-12-31
2026-10-06,854398600,no_longer_listed,,2026-12-31
2026-10-06,854398700,no_longer_listed,,2026-12-31
2026-10-06,854398800,no_longer_listed,,2026-12-31
2026-10-06,854399100,no_longer_listed,,2026-12-31
2026-10-06,854399200,no_longer_listed,,2026-12-31
2026-10-06,854399300,no_longer_listed,,2026-12-31
2026-10-06,854399500,no_longer_listed,,2026-12-31
2026-10-06,854399900,no_longer_listed,,2026-12-31
2026-10-06,854400300,no_longer_listed,,2026-12-31
2026-10-06,854400400,no_longer_listed,,2026-12-31
2026-10-06,854400600,no_longer_listed,,2026-12-31
2026-10-06,854400800,no_longer_listed,,2026-12-31
2026-10-06,854401000,no_longer_listed,,2026-12-31
2026-10-06,854401100,no_longer_listed,,2026-12-31
2026-10-06,854401200,no_longer_listed,,2026-12-31
2026-10-06,854401300,no_longer_listed,,2026-12-31
2026-10-06,854401500,no_longer_listed,,2026-12-31
2026-10-06,854401600,no_longer_listed,,2026-12-31
2026-10-06,854401700,no_longer_listed,,2026-12-31
2026-10-06,854401900,no_longer_listed,,2026-12-31
2026-10-06,854402000,no_longer_listed,,2026-12-31
2026-10-06,854402100,no_longer_listed,,2026-12-31
2026-10-06,854402200,no_longer_listed,,2026-12-31
2026-10-06,854402400,no_longer_listed,,2026-12-31
2026-10-06,854402500,no_longer_listed,,2026-12-31
2026-10-06,854402700,no_longer_listed,,2026-12-31
2026-10-06,854402900,no_longer_listed,,2026-12-31
2026-10-06,854403000,no_longer_listed,,2026-12-31
2026-10-06,854403100,no_longer_listed,,2026-12-31
2026-10-06,854403200,no_longer_listed,,2026-12-31
2026-10-06,854403300,no_longer_listed,,2026-12-31
2026-10-06,854403400,no_longer_listed,,2026-12-31
2026-10-06,854403600,no_longer_listed,,2026-12-31
2026-10-06,854403700,no_longer_listed,,2026-12-31
2026-10-06,854403800,no_longer_listed,,2026-12-31
2026-10-06,854403900,no_longer_listed,,2026-12-31
2026-10-06,854404000,no_longer_listed,,2026-12-31
2026-10-06,854404100,no_longer_listed,,2026-12-31
2026-10-06,854404200,no_longer_listed,,2026-12-31
2026-10-06,854404300,no_longer_listed,,2026-12-31
2026-10-06,854404400,no_longer_listed,,2026-12-31
2026-10-06,854404600,no_longer_listed,,2026-12-31
2026-10-06,854404800,no_longer_listed,,2026-12-31
2026-10-06,854404900,no_longer_listed,,2026-12-31
2026-10-06,854405100,no_longer_listed,,2026-12-31
2026-10-06,854405200,no_longer_listed,,2026-12-31
2026-10-06,854405500,no_longer_listed,,2026-12-31
2026-10-06,854405600,no_longer_listed,,2026-12-31
2026-10-06,854405700,no_longer_listed,,2026-12-31
2026-10-06,854405900,no_longer_listed,,2026-12-31
2026-10-06,854406000,no_longer_listed,,2026-12-31
2026-10-06,854406300,no_longer_listed,,2026-12-31
2026-10-06,854406700,no_longer_listed,,2026-12-31
2026-10-06,854406800,no_longer_listed,,2026-12-31
2026-10-06,854407000,no_longer_listed,,2026-12-31
2026-10-06,854407100,no_longer_listed,,2026-12-31
2026-10-06,854407200,no_longer_listed,,2026-12-31
2026-10-06,854407400,no_longer_listed,,2026-12-31
2026-10-06,854407500,no_longer_listed,,2026-12-31
2026-10-06,854407600,no_longer_listed,,2026-12-31
2026-10-06,854407800,no_longer_listed,,2026-12-31
2026-10-06,854407900,no_longer_listed,,2026-12-31
2026-10-06,854408300,no_longer_listed,,2026-12-31
2026-10-06,854408500,no_longer_listed,,2026-12-31
2026-10-06,854408700,no_longer_listed,,2026-12-31
2026-10-06,854409000,no_longer_listed,,2026-12-31
2026-10-06,854409200,no_longer_listed,,2026-12-31
2026-10-06,854409500,no_longer_listed,,2026-12-31
2026-10-06,854409800,no_longer_listed,,2026-12-31
2026-10-06,854410000,no_longer_listed,,2026-12-31
2026-10-06,854410200,no_longer_listed,,2026-12-31
2026-10-06,854410400,no_longer_listed,,2026-12-31
2026-10-06,854410500,no_longer_listed,,2026-12-31
2026-10-06,854410700,no_longer_listed,,2026-12-31
2026-10-06,854410900,no_longer_listed,,2026-12-31
2026-10-06,854455900,no_longer_listed,,2026-12-31
2026-10-06,854472400,no_longer_listed,,2027-01-13
2026-10-06,854520400,no_longer_listed,,2026-12-31
2026-10-06,854523700,no_longer_listed,,2026-12-31
2026-10-06,854524400,no_longer_listed,,2027-01-13
2026-10-06,854548000,no_longer_listed,,2027-01-13
2026-10-06,854558800,no_longer_listed,,2027-01-13
2026-10-06,854561000,no_longer_listed,,2026-12-31
2026-10-06,854573100,no_longer_listed,,2027-01-14
2026-10-06,854573200,no_longer_listed,,2027-01-14
2026-10-06,854620400,no_longer_listed,,2027-01-15
2026-10-06,854660500,no_longer_listed,,2027-01-15
2026-10-06,854664700,no_longer_listed,,2027-01-14
2026-10-06,854670900,no_longer_listed,,2026-12-31
2026-10-06,854673800,no_longer_listed,,2027-01-14
2026-10-06,854688100,no_longer_listed,,2027-01-15
2026-10-06,854697200,no_longer_listed,,2027-01-01
2026-10-06,854704800,no_longer_listed,,2026-12-31
2026-10-06,854706300,no_longer_listed,,2026-12-31
2026-10-06,854747700,no_longer_listed,,2027-01-11
2026-10-06,854760400,no_longer_listed,,2026-12-31
2026-10-06,854792800,no_longer_listed,,2027-01-15
2026-10-06,854803000,no_longer_listed,,2026-11-30
2026-10-06,854834400,no_longer_listed,,2026-12-31
2026-10-06,854837800,no_longer_listed,,2026-12-31
2026-10-06,854838600,no_longer_listed,,2026-12-31
2026-10-06,854840400,no_longer_listed,,2027-01-20
2026-10-06,854864900,no_longer_listed,,2026-12-31
2026-10-06,854865300,no_longer_listed,,2026-12-31
2026-10-06,854865700,no_longer_listed,,2026-12-31
2026-10-06,854895600,no_longer_listed,,2026-12-31
2026-10-06,854912600,no_longer_listed,,2027-01-19
2026-10-06,854921100,no_longer_listed,,2026-12-31
2026-10-06,854926800,no_longer_listed,,2026-12-31
2026-10-06,854931600,no_longer_listed,,2026-12-31
2026-10-06,854949500,no_longer_listed,,2026-12-31
2026-10-06,854970200,no_longer_listed,,2026-12-31
2026-10-06,854997600,no_longer_listed,,2027-01-20
2026-10-06,855041500,no_longer_listed,,2026-12-31
2026-10-06,855046200,no_longer_listed,,2026-12-31
2026-10-06,855049800,no_longer_listed,,2026-12-31
2026-10-06,855051100,no_longer_listed,,2027-01-20
2026-10-06,855054100,no_longer_listed,,2026-12-31
2026-10-06,855055300,no_longer_listed,,2026-12-31
2026-10-06,855057700,no_longer_listed,,2027-01-20
2026-10-06,855060100,no_longer_listed,,2026-12-31
2026-10-06,855060900,no_longer_listed,,2027-01-20
2026-10-06,855103400,no_longer_listed,,2026-12-31
2026-10-06,855145200,no_longer_listed,,2027-01-15
2026-10-06,855153700,no_longer_listed,,2026-12-31
2026-10-06,855159900,no_longer_listed,,2027-01-25
2026-10-06,855192900,no_longer_listed,,2026-12-30
2026-10-06,855202900,no_longer_listed,,2026-12-30
2026-10-06,855208300,no_longer_listed,,2026-12-30
2026-10-06,855278200,no_longer_listed,,2027-01-22
2026-10-06,855296300,no_longer_listed,,2027-01-22
2026-10-06,855301300,no_longer_listed,,2026-12-29
2026-10-06,855339900,no_longer_listed,,2026-12-29
2026-10-06,855340000,no_longer_listed,,2026-12-29
2026-10-06,855362600,no_longer_listed,,2027-01-25
2026-10-06,855364000,no_longer_listed,,2026-12-31
2026-10-06,855382300,no_longer_listed,,2026-12-29
2026-10-06,855431200,no_longer_listed,,2026-12-31
2026-10-06,855432200,no_longer_listed,,2027-01-25
2026-10-06,855452100,no_longer_listed,,2027-01-25
2026-10-06,855453500,no_longer_listed,,2027-01-29
2026-10-06,855466300,no_longer_listed,,2027-01-29
2026-10-06,855489600,no_longer_listed,,2027-01-25
2026-10-06,855526300,no_longer_listed,,2026-12-31
2026-10-06,855526400,no_longer_listed,,2026-12-31
2026-10-06,855526500,no_longer_listed,,2026-12-31
2026-10-06,855526600,no_longer_listed,,2026-12-31
2026-10-06,855526700,no_longer_listed,,2026-12-31
2026-10-06,855526800,no_longer_listed,,2026-12-31
2026-10-06,855526900,no_longer_listed,,2026-12-31
2026-10-06,855527000,no_longer_listed,,2026-12-31
2026-10-06,855604500,no_longer_listed,,2027-01-26
2026-10-06,855613700,no_longer_listed,,2027-01-26
2026-10-06,855629200,no_longer_listed,,2027-01-29
2026-10-06,855637600,no_longer_listed,,2027-01-29
2026-10-06,855658400,no_longer_listed,,2027-07-28
2026-10-06,855682000,no_longer_listed,,2027-01-26
2026-10-06,855684500,no_longer_listed,,2026-12-31
2026-10-06,855687100,no_longer_listed,,2026-12-31
2026-10-06,855692900,no_longer_listed,,2027-01-22
2026-10-06,855704600,no_longer_listed,,2027-01-29
2026-10-06,855717500,no_longer_listed,,2027-01-28
2026-10-06,855718700,no_longer_listed,,2026-12-31
2026-10-06,855719900,no_longer_listed,,2027-01-28
2026-10-06,855721000,no_longer_listed,,2027-01-28
2026-10-06,855723700,no_longer_listed,,2027-02-08
2026-10-06,855725700,no_longer_listed,,2026-12-31
2026-10-06,855729900,no_longer_listed,,2027-01-27
2026-10-06,855735800,no_longer_listed,,2027-01-27
2026-10-06,855745000,no_longer_listed,,2026-12-31
2026-10-06,855749400,no_longer_listed,,2026-12-31
2026-10-06,855805300,no_longer_listed,,2027-01-27
2026-10-06,855829700,no_longer_listed,,2027-01-27
2026-10-06,855833000,no_longer_listed,,2027-01-27
2026-10-06,855852200,no_longer_listed,,2026-12-30
2026-10-06,855919400,no_longer_listed,,2027-01-28
2026-10-06,855937800,no_longer_listed,,2027-01-28
2026-10-06,855997700,no_longer_listed,,2027-01-27
2026-10-06,856000500,no_longer_listed,,2026-12-31
2026-10-06,856000700,no_longer_listed,,2026-12-31
2026-10-06,856035500,no_longer_listed,,2026-12-31
2026-10-06,856043200,no_longer_listed,,2027-01-29
2026-10-06,856046200,no_longer_listed,,2027-01-29
2026-10-06,856066100,no_longer_listed,,2027-01-29
2026-10-06,856075400,no_longer_listed,,2026-12-31
2026-10-06,856087300,no_longer_listed,,2026-12-31
2026-10-06,856100500,no_longer_listed,,2026-12-22
2026-10-06,856113200,no_longer_listed,,2027-02-01
2026-10-06,856121400,no_longer_listed,,2027-01-29
2026-10-06,856137000,no_longer_listed,,2027-02-03
2026-10-06,856170800,no_longer_listed,,2026-12-31
2026-10-06,856171200,no_longer_listed,,2026-12-31
2026-10-06,856179600,no_longer_listed,,2026-12-31
2026-10-06,856199600,no_longer_listed,,2027-02-01
2026-10-06,856234800,no_longer_listed,,2026-12-31
2026-10-06,856237800,no_longer_listed,,2026-12-31
2026-10-06,856240200,no_longer_listed,,2026-12-31
2026-10-06,856297100,no_longer_listed,,2026-12-31
2026-10-06,856543200,no_longer_listed,,2026-12-31
2026-10-06,856543700,no_longer_listed,,2026-12-31
2026-10-06,856550000,no_longer_listed,,2026-12-31
2026-10-06,856552700,no_longer_listed,,2026-12-31
2026-10-06,856561800,no_longer_listed,,2026-12-31
2026-10-06,856562800,no_longer_listed,,2026-12-31
2026-10-06,856591400,no_longer_listed,,2027-02-03
2026-10-06,856607900,no_longer_listed,,2026-12-31
2026-10-06,856661100,no_longer_listed,,2027-02-04
2026-10-06,856698800,no_longer_listed,,2027-02-04
2026-10-06,856701700,no_longer_listed,,2027-02-02
2026-10-06,856725700,no_longer_listed,,2026-12-31
2026-10-06,856806100,no_longer_listed,,2027-02-05
2026-10-06,856825900,no_longer_listed,,2026-12-31
2026-10-06,856832100,no_longer_listed,,2026-12-30
2026-10-06,856836200,no_longer_listed,,2027-02-05
2026-10-06,856839800,no_longer_listed,,2026-12-31
2026-10-06,856882100,no_longer_listed,,2026-12-31
2026-10-06,856903000,no_longer_listed,,2027-02-05
2026-10-06,856903400,no_longer_listed,,2026-12-31
2026-10-06,856915400,no_longer_listed,,2026-12-31
2026-10-06,857028700,no_longer_listed,,2027-02-08
2026-10-06,857029400,no_longer_listed,,2027-02-08
2026-10-06,857074000,no_longer_listed,,2026-12-31
2026-10-06,857074600,no_longer_listed,,2027-02-08
2026-10-06,857081900,no_longer_listed,,2027-01-15
2026-10-06,857120700,no_longer_listed,,2026-12-31
2026-10-06,857122700,no_longer_listed,,2027-02-12
2026-10-06,857123900,no_longer_listed,,2027-02-12
2026-10-06,857147300,no_longer_listed,,2027-01-29
2026-10-06,857182000,no_longer_listed,,2027-02-08
2026-10-06,857183400,no_longer_listed,,2027-02-09
2026-10-06,857196200,no_longer_listed,,2027-02-09
2026-10-06,857201300,no_longer_listed,,2027-02-09
2026-10-06,857217400,no_longer_listed,,2027-02-10
2026-10-06,857233600,no_longer_listed,,2027-02-09
2026-10-06,857267000,no_longer_listed,,2027-02-09
2026-10-06,857308500,no_longer_listed,,2027-02-10
2026-10-06,857331700,no_longer_listed,,2027-02-10
2026-10-06,857346200,no_longer_listed,,2027-02-10
2026-10-06,857359100,no_longer_listed,,2027-02-10
2026-10-06,857396500,no_longer_listed,,2027-02-10
2026-10-06,857407000,no_longer_listed,,2026-12-31
2026-10-06,857412300,no_longer_listed,,2027-02-10
2026-10-06,857419800,no_longer_listed,,2027-02-10
2026-10-06,857479600,no_longer_listed,,2027-02-11
2026-10-06,857485400,no_longer_listed,,2027-02-11
2026-10-06,857511500,no_longer_listed,,2027-02-11
2026-10-06,857518700,no_longer_listed,,2027-01-01
2026-10-06,857563800,no_longer_listed,,2027-02-11
2026-10-06,857565000,no_longer_listed,,2027-02-11
2026-10-06,857567700,no_longer_listed,,2027-02-11
2026-10-06,857632400,no_longer_listed,,2027-02-12
2026-10-06,857633100,no_longer_listed,,2027-02-12
2026-10-06,857641900,no_longer_listed,,2027-02-12
2026-10-06,857647900,no_longer_listed,,2027-01-15
2026-10-06,857649200,no_longer_listed,,2027-02-12
2026-10-06,857652100,no_longer_listed,,2027-02-12
2026-10-06,857653900,no_longer_listed,,2026-12-31
2026-10-06,857680400,no_longer_listed,,2027-02-12
2026-10-06,857681500,no_longer_listed,,2027-02-12
2026-10-06,857682500,no_longer_listed,,2027-02-12
2026-10-06,857693800,no_longer_listed,,2027-02-08
2026-10-06,857709700,no_longer_listed,,2027-02-12
2026-10-06,857711200,no_longer_listed,,2027-02-12
2026-10-06,857738600,no_longer_listed,,2027-02-11
2026-10-06,857751000,no_longer_listed,,2027-02-12
2026-10-06,857751900,no_longer_listed,,2027-02-12
2026-10-06,857759700,no_longer_listed,,2027-02-12
2026-10-06,857775400,no_longer_listed,,2027-02-12
2026-10-06,857779000,no_longer_listed,,2027-02-12
2026-10-06,857792600,no_longer_listed,,2026-12-31
2026-10-06,857797000,no_longer_listed,,2026-12-31
2026-10-06,857797900,no_longer_listed,,2026-12-31
2026-10-06,857847900,no_longer_listed,,2027-02-12
2026-10-06,857859400,no_longer_listed,,2026-12-30
2026-10-06,857864600,no_longer_listed,,2027-02-16
2026-10-06,857865300,no_longer_listed,,2027-02-16
2026-10-06,857866700,no_longer_listed,,2027-02-16
2026-10-06,857868600,no_longer_listed,,2027-02-16
2026-10-06,857886400,no_longer_listed,,2027-02-16
2026-10-06,857892400,no_longer_listed,,2027-02-16
2026-10-06,857940400,no_longer_listed,,2027-02-16
2026-10-06,857965900,no_longer_listed,,2027-02-16
2026-10-06,857981500,no_longer_listed,,2026-12-31
2026-10-06,858006400,no_longer_listed,,2027-02-16
2026-10-06,858084400,no_longer_listed,,2027-02-17
2026-10-06,858090800,no_longer_listed,,2026-12-31
2026-10-06,858120500,no_longer_listed,,2027-02-17
2026-10-06,858121300,no_longer_listed,,2026-12-31
2026-10-06,858129600,no_longer_listed,,2026-12-31
2026-10-06,858167400,no_longer_listed,,2027-02-18
2026-10-06,858203600,no_longer_listed,,2027-02-19
2026-10-06,858216900,no_longer_listed,,2027-02-18
2026-10-06,858223500,no_longer_listed,,2027-02-18
2026-10-06,858234500,no_longer_listed,,2026-12-31
2026-10-06,858247400,no_longer_listed,,2027-02-16
2026-10-06,858267300,no_longer_listed,,2027-02-24
2026-10-06,858306600,no_longer_listed,,2027-02-18
2026-10-06,858382300,no_longer_listed,,2027-02-19
2026-10-06,858383800,no_longer_listed,,2027-02-19
2026-10-06,858384900,no_longer_listed,,2027-02-19
2026-10-06,858396700,no_longer_listed,,2027-02-19
2026-10-06,858398400,no_longer_listed,,2027-02-22
2026-10-06,858402500,no_longer_listed,,2026-12-31
2026-10-06,858409900,no_longer_listed,,2026-12-31
2026-10-06,858417200,no_longer_listed,,2026-12-31
2026-10-06,858427600,no_longer_listed,,2027-02-19
2026-10-06,858442000,no_longer_listed,,2026-12-31
2026-10-06,858457600,no_longer_listed,,2027-02-19
2026-10-06,858457700,no_longer_listed,,2027-02-19
2026-10-06,858458400,no_longer_listed,,2026-12-31
2026-10-06,858459900,no_longer_listed,,2026-10-31
2026-10-06,858461200,no_longer_listed,,2026-12-31
2026-10-06,858472200,no_longer_listed,,2027-02-19
2026-10-06,858493700,no_longer_listed,,2026-12-30
2026-10-06,858530800,no_longer_listed,,2027-02-23
2026-10-06,858537900,no_longer_listed,,2027-02-19
2026-10-06,858540300,no_longer_listed,,2027-02-22
2026-10-06,858540500,no_longer_listed,,2026-12-31
2026-10-06,858555200,no_longer_listed,,2027-02-22
2026-10-06,858561200,no_longer_listed,,2026-12-31
2026-10-06,858647600,no_longer_listed,,2027-01-29
2026-10-06,858647700,no_longer_listed,,2027-01-29
2026-10-06,858684100,no_longer_listed,,2026-12-31
2026-10-06,858685000,no_longer_listed,,2026-12-31
2026-10-06,858686100,no_longer_listed,,2026-12-31
2026-10-06,858693400,no_longer_listed,,2027-02-25
2026-10-06,858741900,no_longer_listed,,2026-12-31
2026-10-06,858743500,no_longer_listed,,2027-02-24
2026-10-06,858744400,no_longer_listed,,2027-02-24
2026-10-06,858754500,no_longer_listed,,2027-02-23
2026-10-06,858757700,no_longer_listed,,2027-02-23
2026-10-06,858759700,no_longer_listed,,2027-02-19
2026-10-06,858770800,no_longer_listed,,2027-02-26
2026-10-06,858772700,no_longer_listed,,2027-02-26
2026-10-06,858903400,no_longer_listed,,2027-02-26
2026-10-06,858905600,no_longer_listed,,2027-02-26
2026-10-06,858922100,no_longer_listed,,2027-02-24
2026-10-06,858929100,no_longer_listed,,2027-03-02
2026-10-06,858969300,no_longer_listed,,2027-02-23
2026-10-06,858989700,no_longer_listed,,2026-12-31
2026-10-06,859075400,no_longer_listed,,2027-02-26
2026-10-06,859131600,no_longer_listed,,2026-12-31
2026-10-06,859152200,no_longer_listed,,2027-03-01
2026-10-06,859243000,no_longer_listed,,2027-02-17
2026-10-06,859338400,no_longer_listed,,2026-12-31
2026-10-06,859341900,no_longer_listed,,2026-12-31
2026-10-06,859354800,no_longer_listed,,2027-02-26
2026-10-06,859395100,no_longer_listed,,2027-03-01
2026-10-06,859423600,no_longer_listed,,2027-03-01
2026-10-06,859472800,no_longer_listed,,2027-03-01
2026-10-06,859474300,no_longer_listed,,2027-03-01
2026-10-06,859580900,no_longer_listed,,2026-12-31
2026-10-06,859598300,no_longer_listed,,2027-02-26
2026-10-06,859616400,no_longer_listed,,2027-03-02
2026-10-06,859732200,no_longer_listed,,2027-03-02
2026-10-06,859732800,no_longer_listed,,2027-03-02
2026-10-06,859748900,no_longer_listed,,2026-12-31
2026-10-06,859781400,no_longer_listed,,2026-12-30
2026-10-06,859905000,no_longer_listed,,2026-12-31
2026-10-06,859962400,no_longer_listed,,2026-12-30
2026-10-06,860061400,no_longer_listed,,2027-03-04
2026-10-06,860068500,no_longer_listed,,2027-03-04
2026-10-06,860084100,no_longer_listed,,2027-03-05
2026-10-06,860125700,no_longer_listed,,2026-12-31
2026-10-06,860142600,no_longer_listed,,2026-12-31
2026-10-06,860144700,no_longer_listed,,2027-03-05
2026-10-06,860144900,no_longer_listed,,2027-03-05
2026-10-06,860216000,no_longer_listed,,2026-12-31
2026-10-06,860269200,no_longer_listed,,2026-12-31
2026-10-06,860284900,no_longer_listed,,2027-03-05
2026-10-06,860289600,no_longer_listed,,2027-03-05
2026-10-06,860302100,no_longer_listed,,2026-12-30
2026-10-06,860323500,no_longer_listed,,2027-03-08
2026-10-06,860338500,no_longer_listed,,2027-03-08
2026-10-06,860489500,no_longer_listed,,2027-03-09
2026-10-06,860530100,no_longer_listed,,2027-03-12
2026-10-06,860539100,no_longer_listed,,2027-03-09
2026-10-06,860550300,no_longer_listed,,2027-03-09
2026-10-06,860572900,no_longer_listed,,2027-03-12
2026-10-06,860578900,no_longer_listed,,2026-12-30
2026-10-06,860626100,no_longer_listed,,2027-03-09
2026-10-06,860633600,no_longer_listed,,2027-03-09
2026-10-06,860637800,no_longer_listed,,2027-03-10
2026-10-06,860673400,no_longer_listed,,2027-03-10
2026-10-06,860689200,no_longer_listed,,2026-12-11
2026-10-06,860711300,no_longer_listed,,2026-12-31
2026-10-06,860746100,no_longer_listed,,2027-03-10
2026-10-06,860837200,no_longer_listed,,2027-03-10
2026-10-06,860850600,no_longer_listed,,2026-12-31
2026-10-06,860875100,no_longer_listed,,2027-03-11
2026-10-06,860914000,no_longer_listed,,2026-12-31
2026-10-06,860922800,no_longer_listed,,2026-12-31
2026-10-06,860923200,no_longer_listed,,2027-03-11
2026-10-06,860986600,no_longer_listed,,2026-12-31
2026-10-06,861034800,no_longer_listed,,2026-12-31
2026-10-06,861063100,no_longer_listed,,2026-12-31
2026-10-06,861124900,no_longer_listed,,2027-03-12
2026-10-06,861184400,no_longer_listed,,2027-03-12
2026-10-06,861194500,no_longer_listed,,2027-03-12
2026-10-06,861197600,no_longer_listed,,2027-03-12
2026-10-06,861198400,no_longer_listed,,2026-12-31
2026-10-06,861403300,no_longer_listed,,2026-12-31
2026-10-06,861415300,no_longer_listed,,2027-03-16
2026-10-06,861417300,no_longer_listed,,2027-03-16
2026-10-06,861444200,no_longer_listed,,2027-03-16
2026-10-06,861484100,no_longer_listed,,2027-03-16
2026-10-06,861506400,no_longer_listed,,2026-12-31
2026-10-06,861531500,no_longer_listed,,2026-12-31
2026-10-06,861532700,no_longer_listed,,2026-12-31
2026-10-06,861543700,no_longer_listed,,2026-12-31
2026-10-06,861570400,no_longer_listed,,2026-12-31
2026-10-06,861655100,no_longer_listed,,2027-03-15
2026-10-06,861658100,no_longer_listed,,2026-12-31
2026-10-06,861671700,no_longer_listed,,2027-03-18
2026-10-06,861682400,no_longer_listed,,2026-12-31
2026-10-06,861705300,no_longer_listed,,2027-03-17
2026-10-06,861738900,no_longer_listed,,2027-03-23
2026-10-06,861822600,no_longer_listed,,2027-03-18
2026-10-06,861858100,no_longer_listed,,2027-03-17
2026-10-06,861889300,no_longer_listed,,2027-03-23
2026-10-06,861927400,no_longer_listed,,2027-03-19
2026-10-06,861927600,no_longer_listed,,2027-03-19
2026-10-06,861936300,no_longer_listed,,2027-03-23
2026-10-06,861944000,no_longer_listed,,2027-03-24
2026-10-06,861977700,no_longer_listed,,2027-03-23
2026-10-06,861998700,no_longer_listed,,2027-03-19
2026-10-06,862040200,no_longer_listed,,2027-03-24
2026-10-06,862048200,no_longer_listed,,2027-03-19
2026-10-06,862070200,no_longer_listed,,2027-03-19
2026-10-06,862070400,no_longer_listed,,2027-03-19
2026-10-06,862100500,no_longer_listed,,2027-03-22
2026-10-06,862102000,no_longer_listed,,2027-03-22
2026-10-06,862185300,no_longer_listed,,2027-03-22
2026-10-06,862186900,no_longer_listed,,2026-12-31
2026-10-06,862225400,no_longer_listed,,2027-03-26
2026-10-06,862226800,no_longer_listed,,2027-03-22
2026-10-06,862236800,no_longer_listed,,2026-12-30
2026-10-06,862237500,no_longer_listed,,2026-12-30
2026-10-06,862266200,no_longer_listed,,2027-03-26
2026-10-06,862287700,no_longer_listed,,2027-03-19
2026-10-06,862311200,no_longer_listed,,2027-03-23
2026-10-06,862343100,no_longer_listed,,2026-12-29
2026-10-06,862357800,no_longer_listed,,2026-12-31
2026-10-06,862369300,no_longer_listed,,2027-03-23
2026-10-06,862469900,no_longer_listed,,2027-03-19
2026-10-06,862473400,no_longer_listed,,2027-02-26
2026-10-06,862560800,no_longer_listed,,2027-01-09
2026-10-06,862585400,no_longer_listed,,2026-12-31
2026-10-06,862606800,no_longer_listed,,2027-03-29
2026-10-06,862613400,no_longer_listed,,2027-03-24
2026-10-06,862662700,no_longer_listed,,2026-12-31
2026-10-06,862670400,no_longer_listed,,2027-03-29
2026-10-06,862749200,no_longer_listed,,2027-03-22
2026-10-06,862887300,no_longer_listed,,2026-12-31
2026-10-06,862962400,no_longer_listed,,2027-03-31
2026-10-06,863031900,no_longer_listed,,2026-12-11
2026-10-06,863080700,no_longer_listed,,2027-03-29
2026-10-06,863085200,no_longer_listed,,2027-03-29
2026-10-06,863088600,no_longer_listed,,2026-12-31
2026-10-06,863184800,no_longer_listed,,2027-03-31
2026-10-06,863231200,no_longer_listed,,2027-03-29
2026-10-06,863354000,no_longer_listed,,2027-03-31
2026-10-06,863367700,no_longer_listed,,2027-03-30
2026-10-06,863390100,no_longer_listed,,2027-03-30
2026-10-06,863397700,no_longer_listed,,2026-12-31
2026-10-06,863458500,no_longer_listed,,2027-03-31
2026-10-06,863623200,no_longer_listed,,2026-12-31
2026-10-06,863652500,no_longer_listed,,2027-03-03
2026-10-06,863677500,no_longer_listed,,2027-03-19
2026-10-06,863889300,no_longer_listed,,2027-04-02
2026-10-06,863936800,no_longer_listed,,2026-12-31
2026-10-06,863937100,no_longer_listed,,2026-12-31
2026-10-06,863986000,no_longer_listed,,2026-12-31
2026-10-06,863998800,no_longer_listed,,2027-04-05
2026-10-06,864004100,no_longer_listed,,2027-04-02
2026-10-06,864005900,no_longer_listed,,2027-04-02
2026-10-06,864055400,no_longer_listed,,2027-04-02
2026-10-06,864082600,no_longer_listed,,2026-12-29
2026-10-06,864093700,no_longer_listed,,2027-04-09
2026-10-06,864099500,no_longer_listed,,2027-04-02
2026-10-06,864099900,no_longer_listed,,2027-04-06
2026-10-06,864122500,no_longer_listed,,2027-04-09
2026-10-06,864226400,no_longer_listed,,2026-10-07
2026-10-06,864246100,no_longer_listed,,2026-10-07
2026-10-06,864246200,no_longer_listed,,2026-10-07
2026-10-06,864270100,no_longer_listed,,2026-12-31
2026-10-06,864279200,no_longer_listed,,2027-04-09
2026-10-06,864338500,no_longer_listed,,2026-12-31
2026-10-06,864344800,no_longer_listed,,2027-04-09
2026-10-06,864351000,no_longer_listed,,2026-10-06
2026-10-06,864372000,no_longer_listed,,2027-04-07
2026-10-06,864372600,no_longer_listed,,2027-04-07
2026-10-06,864373100,no_longer_listed,,2027-04-07
2026-10-06,864444100,no_longer_listed,,2026-10-08
2026-10-06,864502400,no_longer_listed,,2026-10-09
2026-10-06,864512100,no_longer_listed,,2027-04-09
2026-10-06,864512700,no_longer_listed,,2027-04-09
2026-10-06,864540500,no_longer_listed,,2027-04-08
2026-10-06,864595500,no_longer_listed,,2027-04-08
2026-10-06,864598600,no_longer_listed,,2027-04-08
2026-10-06,864639200,no_longer_listed,,2026-12-31
2026-10-06,864675100,no_longer_listed,,2027-04-08
2026-10-06,864801400,no_longer_listed,,2026-12-31
2026-10-06,864811500,no_longer_listed,,2027-04-09
2026-10-06,864822100,no_longer_listed,,2027-04-08
2026-10-06,864826500,no_longer_listed,,2026-10-09
2026-10-06,864848800,no_longer_listed,,2027-04-09
2026-10-06,864916900,no_longer_listed,,2026-10-12
2026-10-06,864968900,no_longer_listed,,2026-12-30
2026-10-06,864992900,no_longer_listed,,2027-04-14
2026-10-06,865042900,no_longer_listed,,2027-03-22
2026-10-06,865071000,no_longer_listed,,2027-04-06
2026-10-06,865094700,no_longer_listed,,2026-10-13
2026-10-06,865113200,no_longer_listed,,2027-01-04
2026-10-06,865146300,no_longer_listed,,2026-12-31
2026-10-06,865159500,no_longer_listed,,2026-12-04
2026-10-06,865188100,no_longer_listed,,2027-04-13
2026-10-06,865272100,no_longer_listed,,2027-04-14
2026-10-06,865286300,no_longer_listed,,2027-04-14
2026-10-06,865374700,no_longer_listed,,2027-04-15
2026-10-06,865404900,no_longer_listed,,2026-10-30
2026-10-06,865405000,no_longer_listed,,2026-10-30
2026-10-06,865424600,no_longer_listed,,2027-04-15
2026-10-06,865457200,no_longer_listed,,2026-10-16
2026-10-06,865473900,no_longer_listed,,2027-04-13
2026-10-06,865493800,no_longer_listed,,2026-12-31
2026-10-06,865521700,no_longer_listed,,2027-04-15
2026-10-06,865641800,no_longer_listed,,2027-04-20
2026-10-06,865686600,no_longer_listed,,2027-04-16
2026-10-06,865728800,no_longer_listed,,2026-12-31
2026-10-06,865962600,no_longer_listed,,2027-04-20
2026-10-06,865963900,no_longer_listed,,2027-04-20
2026-10-06,866025200,no_longer_listed,,2027-04-20
2026-10-06,866032400,no_longer_listed,,2026-10-20
2026-10-06,866032500,no_longer_listed,,2026-10-20
2026-10-06,866104100,no_longer_listed,,2027-04-23
2026-10-06,866105100,no_longer_listed,,2027-04-21
2026-10-06,866105200,no_longer_listed,,2027-04-21
2026-10-06,866109800,no_longer_listed,,2027-04-20
2026-10-06,866120600,no_longer_listed,,2026-12-31
2026-10-06,866124100,no_longer_listed,,2026-12-31
2026-10-06,866141400,no_longer_listed,,2026-10-21
2026-10-06,866182700,no_longer_listed,,2026-10-23
2026-10-06,866206000,no_longer_listed,,2026-12-10
2026-10-06,866232500,no_longer_listed,,2027-04-23
2026-10-06,866312300,no_longer_listed,,2026-12-31
2026-10-06,866330300,no_longer_listed,,2027-04-16
2026-10-06,866333000,no_longer_listed,,2026-10-22
2026-10-06,866343700,no_longer_listed,,2027-04-22
2026-10-06,866358000,no_longer_listed,,2026-10-23
2026-10-06,866367300,no_longer_listed,,2026-12-31
2026-10-06,866375800,no_longer_listed,,2026-12-31
2026-10-06,866376400,no_longer_listed,,2026-12-31
2026-10-06,866376700,no_longer_listed,,2026-12-31
2026-10-06,866381100,no_longer_listed,,2026-12-31
2026-10-06,866381800,no_longer_listed,,2026-12-31
2026-10-06,866382100,no_longer_listed,,2026-12-31
2026-10-06,866399500,no_longer_listed,,2027-04-22
2026-10-06,866428800,no_longer_listed,,2027-04-01
2026-10-06,866428900,no_longer_listed,,2027-04-01
2026-10-06,866430400,no_longer_listed,,2026-12-31
2026-10-06,866468600,no_longer_listed,,2027-04-23
2026-10-06,866482200,no_longer_listed,,2026-12-29
2026-10-06,866483000,no_longer_listed,,2027-04-22
2026-10-06,866487900,no_longer_listed,,2027-04-22
2026-10-06,866546200,no_longer_listed,,2026-12-31
2026-10-06,866561500,no_longer_listed,,2027-04-16
2026-10-06,866588900,no_longer_listed,,2026-10-23
2026-10-06,866636100,no_longer_listed,,2027-04-23
2026-10-06,866639400,no_longer_listed,,2027-04-19
2026-10-06,866664700,no_longer_listed,,2027-04-26
2026-10-06,866671700,no_longer_listed,,2026-12-31
2026-10-06,866690000,no_longer_listed,,2027-04-23
2026-10-06,866691700,no_longer_listed,,2026-10-06
2026-10-06,866705700,no_longer_listed,,2027-04-19
2026-10-06,866705900,no_longer_listed,,2027-04-19
2026-10-06,866759100,no_longer_listed,,2027-04-29
2026-10-06,866772100,no_longer_listed,,2026-12-31
2026-10-06,866776000,no_longer_listed,,2027-04-29
2026-10-06,866836000,no_longer_listed,,2027-04-26
2026-10-06,866845300,no_longer_listed,,2026-12-31
2026-10-06,866892600,no_longer_listed,,2026-12-31
2026-10-06,866914100,no_longer_listed,,2027-04-25
2026-10-06,866917000,no_longer_listed,,2027-04-26
2026-10-06,866944100,no_longer_listed,,2027-04-27
2026-10-06,866993200,no_longer_listed,,2026-12-31
2026-10-06,867006700,no_longer_listed,,2026-12-31
2026-10-06,867019900,no_longer_listed,,2026-10-28
2026-10-06,867084800,no_longer_listed,,2026-12-29
2026-10-06,867085200,no_longer_listed,,2026-12-29
2026-10-06,867088500,no_longer_listed,,2027-04-27
2026-10-06,867088900,no_longer_listed,,2027-04-27
2026-10-06,867093200,no_longer_listed,,2026-10-26
2026-10-06,867124100,no_longer_listed,,2027-04-28
2026-10-06,867199500,no_longer_listed,,2027-04-28
2026-10-06,867200800,no_longer_listed,,2027-04-26
2026-10-06,867206900,no_longer_listed,,2027-04-28
2026-10-06,867214000,no_longer_listed,,2027-04-28
2026-10-06,867217000,no_longer_listed,,2026-10-29
2026-10-06,867230700,no_longer_listed,,2027-04-28
2026-10-06,867278300,no_longer_listed,,2026-12-31
2026-10-06,867278400,no_longer_listed,,2027-04-28
2026-10-06,867279400,no_longer_listed,,2026-12-31
2026-10-06,867301300,no_longer_listed,,2026-12-31
2026-10-06,867302400,no_longer_listed,,2026-12-31
2026-10-06,867303700,no_longer_listed,,2027-04-28
2026-10-06,867324100,no_longer_listed,,2027-04-28
2026-10-06,867327400,no_longer_listed,,2027-04-30
2026-10-06,867329300,no_longer_listed,,2027-04-30
2026-10-06,867331300,no_longer_listed,,2027-04-30
2026-10-06,867348500,no_longer_listed,,2027-04-30
2026-10-06,867352800,no_longer_listed,,2027-04-30
2026-10-06,867379200,no_longer_listed,,2027-04-20
2026-10-06,867382500,no_longer_listed,,2027-04-30
2026-10-06,867383400,no_longer_listed,,2027-04-29
2026-10-06,867386900,no_longer_listed,,2027-04-30
2026-10-06,867388000,no_longer_listed,,2027-04-29
2026-10-06,867462300,no_longer_listed,,2027-05-03
2026-10-06,867500400,no_longer_listed,,2026-12-31
2026-10-06,867504400,no_longer_listed,,2026-12-31
2026-10-06,867541900,no_longer_listed,,2027-04-23
2026-10-06,867593500,no_longer_listed,,2026-11-04
2026-10-06,867614700,no_longer_listed,,2027-05-05
2026-10-06,867635200,no_longer_listed,,2027-04-30
2026-10-06,867635600,no_longer_listed,,2027-04-30
2026-10-06,867641600,no_longer_listed,,2026-11-30
2026-10-06,867645600,no_longer_listed,,2026-12-31
2026-10-06,867649700,no_longer_listed,,2027-04-30
2026-10-06,867654700,no_longer_listed,,2027-05-05
2026-10-06,867662100,no_longer_listed,,2026-12-31
2026-10-06,867701600,no_longer_listed,,2027-04-30
2026-10-06,867781700,no_longer_listed,,2027-04-30
2026-10-06,867798600,no_longer_listed,,2027-05-06
2026-10-06,867858700,no_longer_listed,,2026-12-31
2026-10-06,867945800,no_longer_listed,,2026-12-31
2026-10-06,867948300,no_longer_listed,,2027-05-05
2026-10-06,867974200,no_longer_listed,,2026-12-31
2026-10-06,867977300,no_longer_listed,,2026-10-30
2026-10-06,867991600,no_longer_listed,,2026-10-31
2026-10-06,867997900,no_longer_listed,,2027-05-04
2026-10-06,868001500,no_longer_listed,,2027-05-05
2026-10-06,868006000,no_longer_listed,,2027-05-04
2026-10-06,868007700,no_longer_listed,,2027-05-04
2026-10-06,868012300,no_longer_listed,,2026-10-31
2026-10-06,868020500,no_longer_listed,,2026-12-31
2026-10-06,868029700,no_longer_listed,,2027-05-04
2026-10-06,868041200,no_longer_listed,,2026-11-01
2026-10-06,868105500,no_longer_listed,,2027-05-05
2026-10-06,868116500,no_longer_listed,,2026-12-30
2026-10-06,868143400,no_longer_listed,,2026-12-31
2026-10-06,868177600,no_longer_listed,,2027-05-05
2026-10-06,868185400,no_longer_listed,,2027-05-05
2026-10-06,868254800,no_longer_listed,,2026-12-10
2026-10-06,868290900,no_longer_listed,,2026-10-07
2026-10-06,868328600,no_longer_listed,,2026-12-31
2026-10-06,868347300,no_longer_listed,,2026-12-10
2026-10-06,868369600,no_longer_listed,,2026-11-30
2026-10-06,868372500,no_longer_listed,,2027-05-17
2026-10-06,868376300,no_longer_listed,,2026-12-10
2026-10-06,868417500,no_longer_listed,,2027-05-06
2026-10-06,868421100,no_longer_listed,,2027-05-06
2026-10-06,868514300,no_longer_listed,,2027-05-07
2026-10-06,868516900,no_longer_listed,,2027-05-12
2026-10-06,868573900,no_longer_listed,,2027-05-10
2026-10-06,868591500,no_longer_listed,,2026-11-04
2026-10-06,868597300,no_longer_listed,,2026-10-23
2026-10-06,868599800,no_longer_listed,,2027-05-12
2026-10-06,868604400,no_longer_listed,,2027-05-07
2026-10-06,868606500,no_longer_listed,,2027-05-07
2026-10-06,868615900,no_longer_listed,,2027-05-07
2026-10-06,868617400,no_longer_listed,,2026-11-08
2026-10-06,868633800,no_longer_listed,,2027-05-13
2026-10-06,868633900,no_longer_listed,,2026-11-04
2026-10-06,868639500,no_longer_listed,,2027-05-07
2026-10-06,868640200,no_longer_listed,,2027-05-07
2026-10-06,868767300,no_longer_listed,,2026-11-30
2026-10-06,868771000,no_longer_listed,,2026-11-07
2026-10-06,868847300,no_longer_listed,,2027-05-11
2026-10-06,868855900,no_longer_listed,,2026-12-31
2026-10-06,868884400,no_longer_listed,,2027-05-11
2026-10-06,868891600,no_longer_listed,,2027-05-11
2026-10-06,868898000,no_longer_listed,,2026-11-12
2026-10-06,868915700,no_longer_listed,,2027-05-11
2026-10-06,868938900,no_longer_listed,,2026-10-12
2026-10-06,868973400,no_longer_listed,,2026-11-08
2026-10-06,868975800,no_longer_listed,,2026-11-14
2026-10-06,868991800,no_longer_listed,,2026-11-12
2026-10-06,869092900,no_longer_listed,,2027-05-12
2026-10-06,869111300,no_longer_listed,,2026-10-13
2026-10-06,869112100,no_longer_listed,,2026-10-12
2026-10-06,869117700,no_longer_listed,,2027-05-12
2026-10-06,869119900,no_longer_listed,,2027-05-10
2026-10-06,869158000,no_longer_listed,,2027-04-30
2026-10-06,869226800,no_longer_listed,,2026-11-13
2026-10-06,869241500,no_longer_listed,,2027-05-17
2026-10-06,869277800,no_longer_listed,,2027-04-20
2026-10-06,869280600,no_longer_listed,,2026-12-31
2026-10-06,869283900,no_longer_listed,,2027-05-13
2026-10-06,869287500,no_longer_listed,,2026-11-16
2026-10-06,869326900,no_longer_listed,,2027-05-13
2026-10-06,869336600,no_longer_listed,,2027-05-13
2026-10-06,869358300,no_longer_listed,,2027-05-13
2026-10-06,869370600,no_longer_listed,,2027-05-13
2026-10-06,869371000,no_longer_listed,,2026-12-31
2026-10-06,869388000,no_longer_listed,,2027-05-13
2026-10-06,869404100,no_longer_listed,,2027-04-14
2026-10-06,869422800,no_longer_listed,,2027-05-13
2026-10-06,869447600,no_longer_listed,,2026-11-16
2026-10-06,869494900,no_longer_listed,,2027-05-12
2026-10-06,869540800,no_longer_listed,,2026-10-22
2026-10-06,869547900,no_longer_listed,,2026-12-31
2026-10-06,869551500,no_longer_listed,,2027-05-19
2026-10-06,869563600,no_longer_listed,,2026-12-31
2026-10-06,869579500,no_longer_listed,,2027-05-14
2026-10-06,869615600,no_longer_listed,,2027-05-14
2026-10-06,869633100,no_longer_listed,,2026-12-31
2026-10-06,869659700,no_longer_listed,,2026-11-15
2026-10-06,869699200,no_longer_listed,,2026-11-18
2026-10-06,869715100,no_longer_listed,,2026-12-31
2026-10-06,869825700,no_longer_listed,,2027-05-14
2026-10-06,869827200,no_longer_listed,,2027-05-17
2026-10-06,869832000,no_longer_listed,,2027-05-17
2026-10-06,869856300,no_longer_listed,,2026-10-30
2026-10-06,869893700,no_longer_listed,,2026-12-31
2026-10-06,869918000,no_longer_listed,,2026-12-31
2026-10-06,869936100,no_longer_listed,,2027-07-28
2026-10-06,869978100,no_longer_listed,,2027-05-20
2026-10-06,870025600,no_longer_listed,,2026-12-31
2026-10-06,870043700,no_longer_listed,,2027-05-19
2026-10-06,870055800,no_longer_listed,,2027-05-19
2026-10-06,870059800,no_longer_listed,,2027-05-19
2026-10-06,870070300,no_longer_listed,,2026-10-22
2026-10-06,870137300,no_longer_listed,,2027-05-18
2026-10-06,870169100,no_longer_listed,,2026-10-19
2026-10-06,870197100,no_longer_listed,,2027-05-20
2026-10-06,870223000,no_longer_listed,,2026-12-31
2026-10-06,870223200,no_longer_listed,,2026-12-31
2026-10-06,870258800,no_longer_listed,,2026-11-20
2026-10-06,870295300,no_longer_listed,,2027-05-27
2026-10-06,870331100,no_longer_listed,,2026-12-31
2026-10-06,870356900,no_longer_listed,,2027-05-20
2026-10-06,870376400,no_longer_listed,,2027-05-20
2026-10-06,870398500,no_longer_listed,,2026-10-09
2026-10-06,870399300,no_longer_listed,,2026-10-09
2026-10-06,870405800,no_longer_listed,,2027-05-21
2026-10-06,870406400,no_longer_listed,,2027-05-21
2026-10-06,870413300,no_longer_listed,,2027-05-21
2026-10-06,870421400,no_longer_listed,,2026-12-31
2026-10-06,870421800,no_longer_listed,,2027-02-21
2026-10-06,870422700,no_longer_listed,,2027-05-21
2026-10-06,870436400,no_longer_listed,,2027-05-21
2026-10-06,870479400,no_longer_listed,,2026-12-22
2026-10-06,870507400,no_longer_listed,,2027-04-30
2026-10-06,870568100,no_longer_listed,,2027-05-25
2026-10-06,870573100,no_longer_listed,,2026-12-31
2026-10-06,870595300,no_longer_listed,,2027-05-25
2026-10-06,870607900,no_longer_listed,,2027-05-25
2026-10-06,870615600,no_longer_listed,,2027-05-25
2026-10-06,870617000,no_longer_listed,,2027-05-25
2026-10-06,870618000,no_longer_listed,,2027-05-25
2026-10-06,870659600,no_longer_listed,,2027-06-14
2026-10-06,870709900,no_longer_listed,,2026-12-30
2026-10-06,870787500,no_longer_listed,,2027-05-26
2026-10-06,870812200,no_longer_listed,,2026-11-30
2026-10-06,870886200,no_longer_listed,,2027-05-28
2026-10-06,870891100,no_longer_listed,,2026-11-27
2026-10-06,870895600,no_longer_listed,,2026-11-15
2026-10-06,870944800,no_longer_listed,,2027-06-02
2026-10-06,870981200,no_longer_listed,,2027-04-21
2026-10-06,870982200,no_longer_listed,,2026-12-31
2026-10-06,871099300,no_longer_listed,,2027-05-31
2026-10-06,871117300,no_longer_listed,,2027-05-28
2026-10-06,871135100,no_longer_listed,,2027-05-27
2026-10-06,871145600,no_longer_listed,,2027-05-28
2026-10-06,871332200,no_longer_listed,,2027-05-14
2026-10-06,871379300,no_longer_listed,,2026-12-31
2026-10-06,871379800,no_longer_listed,,2026-12-31
2026-10-06,871381200,no_longer_listed,,2026-12-31
2026-10-06,871395500,no_longer_listed,,2026-12-31
2026-10-06,871395700,no_longer_listed,,2026-12-31
2026-10-06,871396800,no_longer_listed,,2026-12-31
2026-10-06,871397400,no_longer_listed,,2026-12-31
2026-10-06,871398200,no_longer_listed,,2026-12-31
2026-10-06,871398600,no_longer_listed,,2026-12-31
2026-10-06,871401800,no_longer_listed,,2027-06-01
2026-10-06,871418800,no_longer_listed,,2027-06-02
2026-10-06,871472400,no_longer_listed,,2027-06-04
2026-10-06,871569100,no_longer_listed,,2027-06-02
2026-10-06,871723600,no_longer_listed,,2026-12-31
2026-10-06,871784300,no_longer_listed,,2026-12-03
2026-10-06,871805900,no_longer_listed,,2026-12-31
2026-10-06,871812200,no_longer_listed,,2026-12-31
2026-10-06,871816800,no_longer_listed,,2027-06-03
2026-10-06,871890900,no_longer_listed,,2026-12-31
2026-10-06,871898500,no_longer_listed,,2027-06-04
2026-10-06,871898800,no_longer_listed,,2026-12-30
2026-10-06,871903300,no_longer_listed,,2026-12-31
2026-10-06,871951300,no_longer_listed,,2027-06-10
2026-10-06,871972900,no_longer_listed,,2026-12-31
2026-10-06,872271500,no_longer_listed,,2026-12-10
2026-10-06,872301400,no_longer_listed,,2026-12-06
2026-10-06,872319600,no_longer_listed,,2026-12-31
2026-10-06,872443400,no_longer_listed,,2027-06-08
2026-10-06,872486800,no_longer_listed,,2027-01-29
2026-10-06,872590400,no_longer_listed,,2026-12-31
2026-10-06,872590500,no_longer_listed,,2026-12-31
2026-10-06,872615400,no_longer_listed,,2026-12-07
2026-10-06,872640900,no_longer_listed,,2026-12-31
2026-10-06,872668900,no_longer_listed,,2027-06-10
2026-10-06,872677300,no_longer_listed,,2026-10-10
2026-10-06,872679700,no_longer_listed,,2027-06-11
2026-10-06,872691600,no_longer_listed,,2027-02-28
2026-10-06,872691800,no_longer_listed,,2027-06-10
2026-10-06,872712700,no_longer_listed,,2026-12-31
2026-10-06,872744200,no_longer_listed,,2026-12-31
2026-10-06,872749100,no_longer_listed,,2026-10-12
2026-10-06,872755600,no_longer_listed,,2027-06-10
2026-10-06,872825800,no_longer_listed,,2026-12-11
2026-10-06,872901900,no_longer_listed,,2027-06-11
2026-10-06,872912700,no_longer_listed,,2027-03-29
2026-10-06,872917300,no_longer_listed,,2026-12-14
2026-10-06,872923300,no_longer_listed,,2026-12-01
2026-10-06,872935200,no_longer_listed,,2026-12-11
2026-10-06,872937400,no_longer_listed,,2026-12-11
2026-10-06,872947800,no_longer_listed,,2026-12-31
2026-10-06,872980000,no_longer_listed,,2027-06-15
2026-10-06,873007400,no_longer_listed,,2026-12-31
2026-10-06,873030200,no_longer_listed,,2027-06-14
2026-10-06,873155600,no_longer_listed,,2026-12-11
2026-10-06,873155700,no_longer_listed,,2026-12-11
2026-10-06,873194100,no_longer_listed,,2026-12-31
2026-10-06,873197100,no_longer_listed,,2026-12-31
2026-10-06,873241900,no_longer_listed,,2026-10-30
2026-10-06,873285500,no_longer_listed,,2026-12-31
2026-10-06,873365100,no_longer_listed,,2027-06-15
2026-10-06,873403100,no_longer_listed,,2027-06-16
2026-10-06,873426900,no_longer_listed,,2026-12-17
2026-10-06,873454500,no_longer_listed,,2027-06-16
2026-10-06,873470400,no_longer_listed,,2027-06-16
2026-10-06,873475900,no_longer_listed,,2026-12-30
2026-10-06,873478700,no_longer_listed,,2027-06-11
2026-10-06,873508500,no_longer_listed,,2027-06-21
2026-10-06,873611300,no_longer_listed,,2026-12-31
2026-10-06,873620900,no_longer_listed,,2026-11-16
2026-10-06,873632200,no_longer_listed,,2027-06-17
2026-10-06,873663100,no_longer_listed,,2027-06-17
2026-10-06,873665100,no_longer_listed,,2027-06-17
2026-10-06,873669100,no_longer_listed,,2026-12-15
2026-10-06,873675900,no_longer_listed,,2026-10-15
2026-10-06,873756300,no_longer_listed,,2027-05-28
2026-10-06,873857800,no_longer_listed,,2027-06-25
2026-10-06,873918200,no_longer_listed,,2027-06-21
2026-10-06,873921900,no_longer_listed,,2027-06-22
2026-10-06,873972700,no_longer_listed,,2027-06-09
2026-10-06,873974900,no_longer_listed,,2026-12-31
2026-10-06,873985300,no_longer_listed,,2026-12-31
2026-10-06,874027800,no_longer_listed,,2027-06-22
2026-10-06,874048500,no_longer_listed,,2026-10-23
2026-10-06,874077500,no_longer_listed,,2026-12-10
2026-10-06,874092200,no_longer_listed,,2026-12-29
2026-10-06,874135100,no_longer_listed,,2027-06-23
2026-10-06,874170400,no_longer_listed,,2027-06-28
2026-10-06,874199400,no_longer_listed,,2027-06-28
2026-10-06,874209100,no_longer_listed,,2027-06-28
2026-10-06,874215000,no_longer_listed,,2027-06-28
2026-10-06,874220300,no_longer_listed,,2027-06-23
2026-10-06,874228500,no_longer_listed,,2027-06-28
2026-10-06,874232600,no_longer_listed,,2026-12-18
2026-10-06,874246900,no_longer_listed,,2027-06-23
2026-10-06,874290900,no_longer_listed,,2026-12-31
2026-10-06,874310100,no_longer_listed,,2026-10-22
2026-10-06,874319800,no_longer_listed,,2027-06-24
2026-10-06,874427800,no_longer_listed,,2026-12-01
2026-10-06,874478400,no_longer_listed,,2027-06-25
2026-10-06,874550500,no_longer_listed,,2026-12-15
2026-10-06,874592100,no_longer_listed,,2027-06-21
2026-10-06,874592900,no_longer_listed,,2027-06-21
2026-10-06,874611800,no_longer_listed,,2027-06-25
2026-10-06,874612300,no_longer_listed,,2027-06-25
2026-10-06,874650000,no_longer_listed,,2027-06-28
2026-10-06,874734400,no_longer_listed,,2026-12-31
2026-10-06,874734800,no_longer_listed,,2026-12-31
2026-10-06,874742800,no_longer_listed,,2026-12-31
2026-10-06,874810300,no_longer_listed,,2027-06-21
2026-10-06,874817200,no_longer_listed,,2026-12-31
2026-10-06,874817600,no_longer_listed,,2026-12-31
2026-10-06,874818100,no_longer_listed,,2027-06-21
2026-10-06,874824700,no_longer_listed,,2026-12-31
2026-10-06,874835900,no_longer_listed,,2026-12-31
2026-10-06,874836000,no_longer_listed,,2026-12-31
2026-10-06,874836300,no_longer_listed,,2026-12-31
2026-10-06,874846400,no_longer_listed,,2027-06-29
2026-10-06,874850300,no_longer_listed,,2027-06-29
2026-10-06,874873100,no_longer_listed,,2026-12-31
2026-10-06,874873300,no_longer_listed,,2026-12-31
2026-10-06,874873400,no_longer_listed,,2026-12-31
2026-10-06,874873500,no_longer_listed,,2026-12-31
2026-10-06,874905300,no_longer_listed,,2027-06-29
2026-10-06,874912700,no_longer_listed,,2026-12-25
2026-10-06,874926200,no_longer_listed,,2026-11-27
2026-10-06,874955200,no_longer_listed,,2026-12-31
2026-10-06,874989800,no_longer_listed,,2027-01-04
2026-10-06,875020900,no_longer_listed,,2027-06-30
2026-10-06,875021900,no_longer_listed,,2026-12-31
2026-10-06,875045900,no_longer_listed,,2027-06-30
2026-10-06,875053700,no_longer_listed,,2027-06-30
2026-10-06,875222900,no_longer_listed,,2027-01-11
2026-10-06,875245400,no_longer_listed,,2027-07-01
2026-10-06,875246500,no_longer_listed,,2026-10-06
2026-10-06,875270100,no_longer_listed,,2026-12-31
2026-10-06,875319200,no_longer_listed,,2027-07-01
2026-10-06,875332400,no_longer_listed,,2027-07-01
2026-10-06,875361700,no_longer_listed,,2027-07-06
2026-10-06,875383900,no_longer_listed,,2027-07-06
2026-10-06,875450000,no_longer_listed,,2026-12-31
2026-10-06,875472000,no_longer_listed,,2026-11-09
2026-10-06,875472300,no_longer_listed,,2026-12-07
2026-10-06,875489700,no_longer_listed,,2027-07-06
2026-10-06,875506800,no_longer_listed,,2026-10-30
2026-10-06,875516400,no_longer_listed,,2026-10-07
2026-10-06,875536800,no_longer_listed,,2027-01-03
2026-10-06,875564300,no_longer_listed,,2027-07-06
2026-10-06,875566700,no_longer_listed,,2027-07-06
2026-10-06,875580600,no_longer_listed,,2027-07-13
2026-10-06,875602100,no_longer_listed,,2027-07-13
2026-10-06,875612400,no_longer_listed,,2027-07-06
2026-10-06,875615000,no_longer_listed,,2026-10-07
2026-10-06,875622100,no_longer_listed,,2027-01-03
2026-10-06,875643400,no_longer_listed,,2026-12-30
2026-10-06,875645400,no_longer_listed,,2027-07-04
2026-10-06,875690400,no_longer_listed,,2027-07-06
2026-10-06,875716200,no_longer_listed,,2026-10-06
2026-10-06,875719900,no_longer_listed,,2026-10-08
2026-10-06,875842100,no_longer_listed,,2026-12-31
2026-10-06,875850000,no_longer_listed,,2026-11-05
2026-10-06,875882200,no_longer_listed,,2027-07-08
2026-10-06,875932300,no_longer_listed,,2026-10-09
2026-10-06,875949100,no_longer_listed,,2026-12-31
2026-10-06,876068900,no_longer_listed,,2026-10-13
2026-10-06,876069000,no_longer_listed,,2026-10-13
2026-10-06,876146800,no_longer_listed,,2026-11-10
2026-10-06,876238600,no_longer_listed,,2026-10-12
2026-10-06,876285900,no_longer_listed,,2026-10-23
2026-10-06,876344700,no_longer_listed,,2027-01-10
2026-10-06,876407500,no_longer_listed,,2026-10-13
2026-10-06,876412700,no_longer_listed,,2026-12-31
2026-10-06,876477700,no_longer_listed,,2026-10-13
2026-10-06,876503400,no_longer_listed,,2026-12-31
2026-10-06,876508600,no_longer_listed,,2026-12-31
2026-10-06,876594900,no_longer_listed,,2027-07-14
2026-10-06,876605600,no_longer_listed,,2026-12-31
2026-10-06,876636500,no_longer_listed,,2027-07-14
2026-10-06,876659700,no_longer_listed,,2026-10-18
2026-10-06,876693200,no_longer_listed,,2027-07-14
2026-10-06,876695000,no_longer_listed,,2027-07-14
2026-10-06,876733200,no_longer_listed,,2026-10-15
2026-10-06,876754300,no_longer_listed,,2027-07-01
2026-10-06,876756000,no_longer_listed,,2026-11-13
2026-10-06,876788200,no_longer_listed,,2026-12-31
2026-10-06,876902900,no_longer_listed,,2027-07-22
2026-10-06,876909700,no_longer_listed,,2026-10-15
2026-10-06,876935500,no_longer_listed,,2026-10-16
2026-10-06,877043000,no_longer_listed,,2027-07-16
2026-10-06,877197400,no_longer_listed,,2026-10-19
2026-10-06,877222600,no_longer_listed,,2027-01-18
2026-10-06,877248000,no_longer_listed,,2026-12-21
2026-10-06,877279100,no_longer_listed,,2026-10-20
2026-10-06,877303600,no_longer_listed,,2027-07-20
2026-10-06,877321800,no_longer_listed,,2027-07-16
2026-10-06,877359600,no_longer_listed,,2026-10-21
2026-10-06,877361600,no_longer_listed,,2026-12-21
2026-10-06,877375500,no_longer_listed,,2026-10-21
2026-10-06,877376200,no_longer_listed,,2026-10-21
2026-10-06,877384800,no_longer_listed,,2026-10-21
2026-10-06,877400500,no_longer_listed,,2026-12-31
2026-10-06,877405100,no_longer_listed,,2026-10-20
2026-10-06,877407500,no_longer_listed,,2026-10-20
2026-10-06,877412600,no_longer_listed,,2026-12-29
2026-10-06,877444600,no_longer_listed,,2027-07-22
2026-10-06,877488900,no_longer_listed,,2026-10-30
2026-10-06,877525300,no_longer_listed,,2026-10-29
2026-10-06,877547300,no_longer_listed,,2027-07-16
2026-10-06,877569300,no_longer_listed,,2027-07-16
2026-10-06,877615000,no_longer_listed,,2027-07-22
2026-10-06,877681400,no_longer_listed,,2026-10-21
2026-10-06,877718300,no_longer_listed,,2026-12-31
2026-10-06,877727900,no_longer_listed,,2027-06-23
2026-10-06,877738700,no_longer_listed,,2026-12-31
2026-10-06,877761800,no_longer_listed,,2026-12-31
2026-10-06,877769600,no_longer_listed,,2027-07-22
2026-10-06,877900300,no_longer_listed,,2026-11-23
2026-10-06,877945100,no_longer_listed,,2027-07-23
2026-10-06,877949800,no_longer_listed,,2026-10-22
2026-10-06,878000100,no_longer_listed,,2027-07-23
2026-10-06,878013200,no_longer_listed,,2026-10-23
2026-10-06,878048500,no_longer_listed,,2026-10-27
2026-10-06,878056000,no_longer_listed,,2026-11-02
2026-10-06,878075900,no_longer_listed,,2027-07-21
2026-10-06,878082500,no_longer_listed,,2027-07-23
2026-10-06,878112700,no_longer_listed,,2026-10-31
2026-10-06,878132900,no_longer_listed,,2026-11-02
2026-10-06,878160500,no_longer_listed,,2026-10-27
2026-10-06,878164700,no_longer_listed,,2026-10-26
2026-10-06,878181300,no_longer_listed,,2027-07-26
2026-10-06,878184700,no_longer_listed,,2026-10-30
2026-10-06,878186400,no_longer_listed,,2026-10-30
2026-10-06,878218100,no_longer_listed,,2026-10-26
2026-10-06,878234200,no_longer_listed,,2026-11-30
2026-10-06,878251600,no_longer_listed,,2027-07-27
2026-10-06,878262000,no_longer_listed,,2026-10-26
2026-10-06,878265100,no_longer_listed,,2027-07-27
2026-10-06,878274900,no_longer_listed,,2027-07-27
2026-10-06,878277200,no_longer_listed,,2026-11-02
2026-10-06,878298900,no_longer_listed,,2026-12-04
2026-10-06,878303700,no_longer_listed,,2026-10-26
2026-10-06,878321700,no_longer_listed,,2027-07-27
2026-10-06,878399300,no_longer_listed,,2026-10-29
2026-10-06,878400700,no_longer_listed,,2027-07-28
2026-10-06,878435300,no_longer_listed,,2027-07-28
2026-10-06,878441500,no_longer_listed,,2027-07-26
2026-10-06,878451400,no_longer_listed,,2027-07-27
2026-10-06,878503800,no_longer_listed,,2027-07-30
2026-10-06,878579000,no_longer_listed,,2026-11-02
2026-10-06,878594300,no_longer_listed,,2026-11-02
2026-10-06,878619500,no_longer_listed,,2026-11-02
2026-10-06,878648800,no_longer_listed,,2026-10-08
2026-10-06,878657400,no_longer_listed,,2026-11-02
2026-10-06,878705700,no_longer_listed,,2026-12-11
2026-10-06,878731100,no_longer_listed,,2027-07-06
2026-10-06,878792600,no_longer_listed,,2027-07-30
2026-10-06,878798900,no_longer_listed,,2026-11-02
2026-10-06,878809800,no_longer_listed,,2026-11-02
2026-10-06,878877100,no_longer_listed,,2026-10-29
2026-10-06,878883500,no_longer_listed,,2027-05-03
2026-10-06,878899800,no_longer_listed,,2027-07-30
2026-10-06,878904800,no_longer_listed,,2026-10-31
2026-10-06,878908900,no_longer_listed,,2026-10-29
2026-10-06,878913000,no_longer_listed,,2027-08-05
2026-10-06,878980900,no_longer_listed,,2027-08-05
2026-10-06,878999400,no_longer_listed,,2026-12-31
2026-10-06,879021100,no_longer_listed,,2026-12-14
2026-10-06,879032700,no_longer_listed,,2026-11-04
2026-10-06,879078100,no_longer_listed,,2027-01-30
2026-10-06,879119600,no_longer_listed,,2027-02-04
2026-10-06,879128900,no_longer_listed,,2026-11-02
2026-10-06,879152600,no_longer_listed,,2027-08-03
2026-10-06,879156300,no_longer_listed,,2026-11-02
2026-10-06,879160000,no_longer_listed,,2026-12-31
2026-10-06,879212300,no_longer_listed,,2026-11-04
2026-10-06,879233600,no_longer_listed,,2026-11-02
2026-10-06,879263200,no_longer_listed,,2026-11-04
2026-10-06,879267900,no_longer_listed,,2026-11-09
2026-10-06,879367500,no_longer_listed,,2026-10-30
2026-10-06,879555400,no_longer_listed,,2027-08-05
2026-10-06,879576500,no_longer_listed,,2027-01-05
2026-10-06,879687900,no_longer_listed,,2027-08-05
2026-10-06,879744100,no_longer_listed,,2026-11-06
2026-10-06,879750000,no_longer_listed,,2027-08-13
2026-10-06,879755100,no_longer_listed,,2026-11-05
2026-10-06,879778700,no_longer_listed,,2027-08-06
2026-10-06,879830600,no_longer_listed,,2026-10-09
2026-10-06,879857900,no_longer_listed,,2026-10-07
2026-10-06,879895800,no_longer_listed,,2027-02-16
2026-10-06,879910000,no_longer_listed,,2027-08-13
2026-10-06,879942400,no_longer_listed,,2026-10-31
2026-10-06,879959800,no_longer_listed,,2027-08-09
2026-10-06,879960300,no_longer_listed,,2026-12-11
2026-10-06,879984800,no_longer_listed,,2026-12-31
2026-10-06,880008300,no_longer_listed,,2027-08-13
2026-10-06,880050200,no_longer_listed,,2026-11-30
2026-10-06,880101000,no_longer_listed,,2027-08-05
2026-10-06,880120000,no_longer_listed,,2027-08-10
2026-10-06,880143000,no_longer_listed,,2026-10-07
2026-10-06,880147800,no_longer_listed,,2026-10-07
2026-10-06,880194000,no_longer_listed,,2027-08-11
2026-10-06,880226000,no_longer_listed,,2026-11-12
2026-10-06,880232400,no_longer_listed,,2027-08-11
2026-10-06,880289700,no_longer_listed,,2027-08-11
2026-10-06,880295900,no_longer_listed,,2026-11-10
2026-10-06,880322300,no_longer_listed,,2026-11-10
2026-10-06,880326000,no_longer_listed,,2026-12-31
2026-10-06,880341300,no_longer_listed,,2027-08-05
2026-10-06,880355400,no_longer_listed,,2027-08-16
2026-10-06,880384100,no_longer_listed,,2027-08-11
2026-10-06,880424000,no_longer_listed,,2027-08-12
2026-10-06,880424300,no_longer_listed,,2027-08-12
2026-10-06,880474200,no_longer_listed,,2026-10-09
2026-10-06,880544300,no_longer_listed,,2027-08-12
2026-10-06,880575000,no_longer_listed,,2027-02-09
2026-10-06,880601800,no_longer_listed,,2026-10-26
2026-10-06,880638900,no_longer_listed,,2026-11-13
2026-10-06,880639900,no_longer_listed,,2026-11-13
2026-10-06,880653100,no_longer_listed,,2026-10-14
2026-10-06,880660300,no_longer_listed,,2026-10-13
2026-10-06,880689200,no_longer_listed,,2027-08-19
2026-10-06,880691300,no_longer_listed,,2027-08-19
2026-10-06,880738500,no_longer_listed,,2027-02-12
2026-10-06,880750700,no_longer_listed,,2027-02-12
2026-10-06,880756000,no_longer_listed,,2026-10-13
2026-10-06,880821500,no_longer_listed,,2026-10-16
2026-10-06,880847100,no_longer_listed,,2026-10-31
2026-10-06,880960100,no_longer_listed,,2027-02-15
2026-10-06,880988300,no_longer_listed,,2027-08-23
2026-10-06,881065500,no_longer_listed,,2027-08-24
2026-10-06,881133200,no_longer_listed,,2026-10-13
2026-10-06,881205500,no_longer_listed,,2026-12-31
2026-10-06,881308100,no_longer_listed,,2027-02-22
2026-10-06,881309500,no_longer_listed,,2027-02-22
2026-10-06,881375200,no_longer_listed,,2026-11-18
2026-10-06,881380000,no_longer_listed,,2026-11-18
2026-10-06,881386800,no_longer_listed,,2026-12-30
2026-10-06,881392100,no_longer_listed,,2026-11-18
2026-10-06,881479300,no_longer_listed,,2027-08-19
2026-10-06,881524200,no_longer_listed,,2026-11-19
2026-10-06,881574900,no_longer_listed,,2026-12-31
2026-10-06,881656900,no_longer_listed,,2026-10-06
2026-10-06,881725300,no_longer_listed,,2027-02-24
2026-10-06,881745600,no_longer_listed,,2026-10-07
2026-10-06,881789800,no_longer_listed,,2026-11-20
2026-10-06,881792000,no_longer_listed,,2026-11-30
2026-10-06,881836300,no_longer_listed,,2026-11-20
2026-10-06,881870500,no_longer_listed,,2027-08-23
2026-10-06,881875600,no_longer_listed,,2027-02-26
2026-10-06,881878800,no_longer_listed,,2027-08-23
2026-10-06,881898000,no_longer_listed,,2026-12-31
2026-10-06,881944700,no_longer_listed,,2027-02-20
2026-10-06,881963000,no_longer_listed,,2027-08-24
2026-10-06,881985800,no_longer_listed,,2026-12-15
2026-10-06,882002700,no_longer_listed,,2026-10-30
2026-10-06,882002800,no_longer_listed,,2026-10-30
2026-10-06,882023600,no_longer_listed,,2026-10-08
2026-10-06,882091700,no_longer_listed,,2027-08-27
2026-10-06,882097500,no_longer_listed,,2027-08-25
2026-10-06,882102400,no_longer_listed,,2027-08-24
2026-10-06,882190900,no_longer_listed,,2026-10-07
2026-10-06,882247700,no_longer_listed,,2026-11-27
2026-10-06,882249000,no_longer_listed,,2026-11-27
2026-10-06,882286800,no_longer_listed,,2026-12-31
2026-10-06,882305000,no_longer_listed,,2027-08-25
2026-10-06,882324200,no_longer_listed,,2027-02-26
2026-10-06,882425000,no_longer_listed,,2027-01-30
2026-10-06,882425100,no_longer_listed,,2027-01-30
2026-10-06,882461200,no_longer_listed,,2026-12-31
2026-10-06,882739700,no_longer_listed,,2027-04-30
2026-10-06,882741500,no_longer_listed,,2026-12-31
2026-10-06,882776700,no_longer_listed,,2026-12-01
2026-10-06,882778200,no_longer_listed,,2026-10-12
2026-10-06,882788600,no_longer_listed,,2027-03-01
2026-10-06,882790200,no_longer_listed,,2027-03-01
2026-10-06,882850900,no_longer_listed,,2026-11-30
2026-10-06,882924200,no_longer_listed,,2026-10-30
2026-10-06,882945200,no_longer_listed,,2027-03-01
2026-10-06,882950300,no_longer_listed,,2026-10-15
2026-10-06,882969200,no_longer_listed,,2026-10-15
2026-10-06,883000500,no_longer_listed,,2027-08-31
2026-10-06,883010000,no_longer_listed,,2026-12-04
2026-10-06,883011400,no_longer_listed,,2026-12-04
2026-10-06,883013100,no_longer_listed,,2026-12-04
2026-10-06,883047500,no_longer_listed,,2026-10-30
2026-10-06,883072200,no_longer_listed,,2026-11-30
2026-10-06,883122100,no_longer_listed,,2027-08-31
2026-10-06,883146300,no_longer_listed,,2027-09-30
2026-10-06,883248000,no_longer_listed,,2026-11-02
2026-10-06,883325500,no_longer_listed,,2027-09-01
2026-10-06,883357200,no_longer_listed,,2026-10-15
2026-10-06,883374600,no_longer_listed,,2026-10-15
2026-10-06,883406000,no_longer_listed,,2026-11-16
2026-10-06,883420700,no_longer_listed,,2026-10-15
2026-10-06,883430700,no_longer_listed,,2026-12-31
2026-10-06,883496400,no_longer_listed,,2027-09-03
2026-10-06,883527100,no_longer_listed,,2026-12-04
2026-10-06,883662100,no_longer_listed,,2027-04-30
2026-10-06,883670600,no_longer_listed,,2026-12-09
2026-10-06,883744300,no_longer_listed,,2026-10-08
2026-10-06,883819800,no_longer_listed,,2026-10-08
2026-10-06,883965500,no_longer_listed,,2026-10-09
2026-10-06,883975600,no_longer_listed,,2026-12-31
2026-10-06,884009100,no_longer_listed,,2026-10-23
2026-10-06,884020600,no_longer_listed,,2027-02-13
2026-10-06,884032100,no_longer_listed,,2026-10-25
2026-10-06,884045500,no_longer_listed,,2027-03-10
2026-10-06,884133700,no_longer_listed,,2026-10-30
2026-10-06,884311600,no_longer_listed,,2026-12-31
2026-10-06,884375800,no_longer_listed,,2027-01-04
2026-10-06,884379600,no_longer_listed,,2026-10-12
2026-10-06,884392200,no_longer_listed,,2026-11-10
2026-10-06,884394900,no_longer_listed,,2026-10-12
2026-10-06,884438100,no_longer_listed,,2026-10-08
2026-10-06,884450700,no_longer_listed,,2026-12-11
2026-10-06,884505900,no_longer_listed,,2027-01-04
2026-10-06,884557300,no_longer_listed,,2026-10-08
2026-10-06,884622100,no_longer_listed,,2026-11-23
2026-10-06,884624000,no_longer_listed,,2027-01-12
2026-10-06,884714400,no_longer_listed,,2026-10-15
2026-10-06,884741700,no_longer_listed,,2027-02-05
2026-10-06,884774700,no_longer_listed,,2027-09-14
2026-10-06,884775800,no_longer_listed,,2027-09-14
2026-10-06,884777500,no_longer_listed,,2027-09-14
2026-10-06,884803000,no_longer_listed,,2027-01-14
2026-10-06,884804300,no_longer_listed,,2027-01-14
2026-10-06,884809600,no_longer_listed,,2026-10-15
2026-10-06,884817600,no_longer_listed,,2026-10-07
2026-10-06,884821900,no_longer_listed,,2026-12-31
2026-10-06,884850500,no_longer_listed,,2026-10-15
2026-10-06,884927000,no_longer_listed,,2026-10-14
2026-10-06,884960500,no_longer_listed,,2026-10-06
2026-10-06,884984100,no_longer_listed,,2026-10-16
2026-10-06,884990000,no_longer_listed,,2026-10-16
2026-10-06,885028300,no_longer_listed,,2026-10-16
2026-10-06,885059000,no_longer_listed,,2027-01-04
2026-10-06,885059500,no_longer_listed,,2026-10-16
2026-10-06,885065900,no_longer_listed,,2026-10-17
2026-10-06,885069900,no_longer_listed,,2026-10-16
2026-10-06,885075300,no_longer_listed,,2027-03-15
2026-10-06,885077200,no_longer_listed,,2026-10-07
2026-10-06,885079700,no_longer_listed,,2026-10-07
2026-10-06,885120000,no_longer_listed,,2026-10-16
2026-10-06,885169200,no_longer_listed,,2026-10-19
2026-10-06,885184300,no_longer_listed,,2026-10-16
2026-10-06,885212500,no_longer_listed,,2027-09-16
2026-10-06,885229500,no_longer_listed,,2026-12-17
2026-10-06,885234300,no_longer_listed,,2026-10-15
2026-10-06,885247900,no_longer_listed,,2026-10-16
2026-10-06,885350600,no_longer_listed,,2026-10-06
2026-10-06,885366800,no_longer_listed,,2027-09-17
2026-10-06,885404900,no_longer_listed,,2027-09-17
2026-10-06,885447600,no_longer_listed,,2026-10-14
2026-10-06,885468800,no_longer_listed,,2026-10-12
2026-10-06,885512200,no_longer_listed,,2026-10-06
2026-10-06,885545500,no_longer_listed,,2026-10-09
2026-10-06,885561200,no_longer_listed,,2026-12-18
2026-10-06,885595300,no_longer_listed,,2026-10-06
2026-10-06,885610600,no_longer_listed,,2026-10-06
2026-10-06,885657800,no_longer_listed,,2026-10-06
2026-10-06,885702300,no_longer_listed,,2026-10-06
2026-10-06,885714600,no_longer_listed,,2026-10-07
2026-10-06,885715100,no_longer_listed,,2026-10-07
2026-10-06,885727400,no_longer_listed,,2026-10-06
2026-10-06,885736000,no_longer_listed,,2026-10-06
2026-10-06,885745200,no_longer_listed,,2026-10-07
2026-10-06,885747200,no_longer_listed,,2026-10-07
2026-10-06,885757300,no_longer_listed,,2026-10-20
2026-10-06,885765200,no_longer_listed,,2026-10-09
2026-10-06,885769600,no_longer_listed,,2026-10-22
2026-10-06,885770200,no_longer_listed,,2026-10-06
2026-10-06,885771300,no_longer_listed,,2026-10-07
2026-10-06,885776800,no_longer_listed,,2026-11-23
2026-10-06,885792000,no_longer_listed,,2026-10-21
2026-10-06,885792200,no_longer_listed,,2026-10-06
2026-10-06,885808200,no_longer_listed,,2026-10-06
2026-10-06,885819000,no_longer_listed,,2026-10-06
2026-10-06,885824500,no_longer_listed,,2026-10-30
2026-10-06,885843200,no_longer_listed,,2026-10-09
2026-10-06,885855200,no_longer_listed,,2026-12-31
2026-10-06,885855800,no_longer_listed,,2026-12-31
2026-10-06,885855900,no_longer_listed,,2026-12-31
2026-10-06,885856100,no_longer_listed,,2026-12-31
2026-10-06,885859800,no_longer_listed,,2026-10-07
2026-10-06,885869800,no_longer_listed,,2026-10-08
2026-10-06,885870500,no_longer_listed,,2026-10-08
2026-10-06,885874700,no_longer_listed,,2026-10-07
2026-10-06,885878400,no_longer_listed,,2026-10-08
2026-10-06,885881500,no_longer_listed,,2026-10-06
2026-10-06,885886900,no_longer_listed,,2026-10-06
2026-10-06,885922600,no_longer_listed,,2026-10-12
2026-10-06,885931500,no_longer_listed,,2027-09-30
2026-10-06,885933500,no_longer_listed,,2026-10-08
2026-10-06,885935700,no_longer_listed,,2026-10-07
2026-10-06,885935800,no_longer_listed,,2026-10-07
2026-10-06,885939200,no_longer_listed,,2026-10-09
2026-10-06,885939300,no_longer_listed,,2026-10-09
2026-10-06,885939400,no_longer_listed,,2026-10-09
2026-10-06,885939500,no_longer_listed,,2026-10-09
2026-10-06,885942000,no_longer_listed,,2026-10-07
2026-10-06,885959900,no_longer_listed,,2026-10-07
2026-10-06,885973600,no_longer_listed,,2027-09-30
2026-10-06,885979900,no_longer_listed,,2026-10-07
2026-10-06,885987300,no_longer_listed,,2026-12-31
2026-10-06,885988400,no_longer_listed,,2026-12-31
2026-10-06,885998700,no_longer_listed,,2026-10-07
2026-10-06,886003100,no_longer_listed,,2026-10-07
2026-10-06,886006600,no_longer_listed,,2026-12-17
2026-10-06,886009700,no_longer_listed,,2026-10-13
2026-10-06,886010100,no_longer_listed,,2026-10-07
2026-10-06,886027200,no_longer_listed,,2026-10-07
2026-10-06,886045700,no_longer_listed,,2026-10-07
2026-10-06,886049300,no_longer_listed,,2026-10-07
2026-10-06,886055600,no_longer_listed,,2026-10-16
2026-10-06,886055700,no_longer_listed,,2026-10-16
2026-10-06,886061300,no_longer_listed,,2026-10-16
2026-10-06,886071300,no_longer_listed,,2026-10-15
2026-10-06,886092600,no_longer_listed,,2026-10-09
2026-10-06,886132300,no_longer_listed,,2026-10-08
2026-10-06,886132900,no_longer_listed,,2027-09-23
2026-10-06,886133600,no_longer_listed,,2026-10-10
2026-10-06,886147800,no_longer_listed,,2026-10-09
2026-10-06,886149900,no_longer_listed,,2026-10-09
2026-10-06,886150000,no_longer_listed,,2026-10-09
2026-10-06,886150100,no_longer_listed,,2026-10-09
2026-10-06,886151100,no_longer_listed,,2026-10-08
2026-10-06,886156200,no_longer_listed,,2026-10-14
2026-10-06,886179600,no_longer_listed,,2026-10-06
2026-10-06,886180100,no_longer_listed,,2026-10-12
2026-10-06,886183200,no_longer_listed,,2026-10-07
2026-10-06,886203100,no_longer_listed,,2026-10-06
2026-10-06,886228700,no_longer_listed,,2026-10-09
2026-10-06,886229700,no_longer_listed,,2026-10-07
2026-10-06,886232400,no_longer_listed,,2026-10-07
2026-10-06,886234500,no_longer_listed,,2026-10-08
2026-10-06,886235300,no_longer_listed,,2026-10-08
2026-10-06,886242800,no_longer_listed,,2026-10-08
2026-10-06,886252200,no_longer_listed,,2026-10-08
2026-10-06,886253900,no_longer_listed,,2026-10-09
2026-10-06,886260200,no_longer_listed,,2026-10-16
2026-10-06,886268100,no_longer_listed,,2026-10-13
2026-10-06,886275000,no_longer_listed,,2026-10-09
2026-10-06,886278700,no_longer_listed,,2026-10-09
2026-10-06,886285600,no_longer_listed,,2026-10-09
2026-10-06,886286900,no_longer_listed,,2026-10-09
2026-10-06,886292900,no_longer_listed,,2026-10-07
2026-10-06,886293100,no_longer_listed,,2026-10-07
2026-10-06,886314100,no_longer_listed,,2026-12-02
2026-10-06,886318500,no_longer_listed,,2026-10-06
2026-10-06,886332100,no_longer_listed,,2026-10-08
2026-10-06,886337100,no_longer_listed,,2026-10-16
2026-10-06,886344900,no_longer_listed,,2026-12-30
2026-10-06,886348500,no_longer_listed,,2026-10-09
2026-10-06,886349800,no_longer_listed,,2026-10-16
2026-10-06,886354600,no_longer_listed,,2026-10-06
2026-10-06,886359100,no_longer_listed,,2026-10-30
2026-10-06,886376100,no_longer_listed,,2026-10-06
2026-10-06,886378800,no_longer_listed,,2026-10-07
2026-10-06,886381600,no_longer_listed,,2026-10-13
2026-10-06,886383700,no_longer_listed,,2026-10-09
2026-10-06,886384100,no_longer_listed,,2026-10-12
2026-10-06,886391400,no_longer_listed,,2026-10-11
2026-10-06,886391800,no_longer_listed,,2026-10-08
2026-10-06,886395000,no_longer_listed,,2026-10-11
2026-10-06,886402800,no_longer_listed,,2026-10-12
2026-10-06,886402900,no_longer_listed,,2026-10-12
2026-10-06,886408700,no_longer_listed,,2026-10-06
2026-10-06,886420100,no_longer_listed,,2026-10-09
2026-10-06,886428700,no_longer_listed,,2026-10-09
2026-10-06,886443600,no_longer_listed,,2026-10-09
2026-10-06,886444100,no_longer_listed,,2026-10-06
2026-10-06,886444300,no_longer_listed,,2026-10-06
2026-10-06,886449500,no_longer_listed,,2026-10-06
2026-10-06,886452300,no_longer_listed,,2026-10-12
2026-10-06,886459700,no_longer_listed,,2026-10-13
2026-10-06,886475400,no_longer_listed,,2026-10-09
2026-10-06,886482700,no_longer_listed,,2026-10-06
2026-10-06,886501900,no_longer_listed,,2027-09-24
2026-10-06,886505300,no_longer_listed,,2026-10-08
2026-10-06,886514900,no_longer_listed,,2026-10-08
2026-10-06,886515000,no_longer_listed,,2026-10-07
2026-10-06,886524300,no_longer_listed,,2026-10-13
2026-10-06,886527200,no_longer_listed,,2026-10-06
2026-10-06,886529600,no_longer_listed,,2026-10-08
2026-10-06,886530500,no_longer_listed,,2026-10-07
2026-10-06,886533600,no_longer_listed,,2026-10-06
2026-10-06,886537800,no_longer_listed,,2026-10-06
2026-10-06,886538400,no_longer_listed,,2026-10-13
2026-10-06,886543200,no_longer_listed,,2026-10-06
2026-10-06,886544700,no_longer_listed,,2026-10-12
2026-10-06,886544800,no_longer_listed,,2026-10-06
2026-10-06,886547900,no_longer_listed,,2026-10-13
2026-10-06,886548800,no_longer_listed,,2026-10-13
2026-10-06,886557600,no_longer_listed,,2026-10-07
2026-10-06,886558700,no_longer_listed,,2026-10-06
2026-10-06,886560000,no_longer_listed,,2026-10-12
2026-10-06,886568600,no_longer_listed,,2026-10-07
2026-10-06,886575400,no_longer_listed,,2026-10-06
2026-10-06,886576700,no_longer_listed,,2026-10-07
2026-10-06,886578100,no_longer_listed,,2026-10-09
2026-10-06,886579100,no_longer_listed,,2026-10-08
2026-10-06,886587200,no_longer_listed,,2026-10-09
2026-10-06,886597100,no_longer_listed,,2026-10-08
2026-10-06,886600800,no_longer_listed,,2026-10-07
2026-10-06,886603200,no_longer_listed,,2026-10-13
2026-10-06,886608200,no_longer_listed,,2026-10-08
2026-10-06,886610200,no_longer_listed,,2026-10-09
2026-10-06,886611400,no_longer_listed,,2026-10-12
2026-10-06,886618300,no_longer_listed,,2026-10-08
2026-10-06,886619900,no_longer_listed,,2026-12-02
2026-10-06,886633600,no_longer_listed,,2026-10-08
2026-10-06,886640900,no_longer_listed,,2026-12-11
2026-10-06,886642200,no_longer_listed,,2026-10-06
2026-10-06,886643100,no_longer_listed,,2026-10-07
2026-10-06,886643200,no_longer_listed,,2026-10-07
2026-10-06,886643300,no_longer_listed,,2026-12-11
2026-10-06,886643400,no_longer_listed,,2026-10-07
2026-10-06,886645100,no_longer_listed,,2026-10-08
2026-10-06,886648300,no_longer_listed,,2026-10-09
2026-10-06,886649900,no_longer_listed,,2026-12-11
2026-10-06,886656500,no_longer_listed,,2026-10-12
2026-10-06,886657700,no_longer_listed,,2026-10-10
2026-10-06,886659300,no_longer_listed,,2026-10-06
2026-10-06,886660200,no_longer_listed,,2026-10-12
2026-10-06,886661000,no_longer_listed,,2026-10-12
2026-10-06,886671200,no_longer_listed,,2026-10-07
2026-10-06,886672200,no_longer_listed,,2026-10-06
2026-10-06,886673700,no_longer_listed,,2026-10-09
2026-10-06,886675400,no_longer_listed,,2026-10-08
2026-10-06,886681100,no_longer_listed,,2026-10-08
2026-10-06,886682000,no_longer_listed,,2026-10-06
2026-10-06,886684200,no_longer_listed,,2026-10-07
2026-10-06,886684500,no_longer_listed,,2026-10-12
2026-10-06,886692800,no_longer_listed,,2026-10-13
2026-10-06,886693800,no_longer_listed,,2026-10-09
2026-10-06,886703900,no_longer_listed,,2026-10-09
2026-10-06,886707400,no_longer_listed,,2026-10-09
2026-10-06,886712000,no_longer_listed,,2026-10-09
2026-10-06,886712300,no_longer_listed,,2026-10-06
2026-10-06,886714600,no_longer_listed,,2026-10-09
2026-10-06,886714700,no_longer_listed,,2026-10-07
2026-10-06,886716400,no_longer_listed,,2026-10-14
2026-10-06,886721400,no_longer_listed,,2026-10-07
2026-10-06,886721800,no_longer_listed,,2026-10-06
2026-10-06,886726500,no_longer_listed,,2026-10-07
2026-10-06,886727200,no_longer_listed,,2026-10-07
2026-10-06,886733600,no_longer_listed,,2026-10-28
2026-10-06,886736800,no_longer_listed,,2026-10-06
2026-10-06,886739300,no_longer_listed,,2026-10-14
2026-10-06,886741400,no_longer_listed,,2026-10-06
2026-10-06,886746800,no_longer_listed,,2026-10-13
2026-10-06,886748900,no_longer_listed,,2026-10-06
2026-10-06,886751500,no_longer_listed,,2026-10-06
2026-10-06,886752900,no_longer_listed,,2026-10-07
2026-10-06,886754000,no_longer_listed,,2026-10-14
2026-10-06,886755200,no_longer_listed,,2026-10-14
2026-10-06,886762600,no_longer_listed,,2026-10-09
2026-10-06,886766400,no_longer_listed,,2026-10-08
2026-10-06,886774800,no_longer_listed,,2026-10-09
2026-10-06,886778600,no_longer_listed,,2026-10-12
2026-10-06,886779800,no_longer_listed,,2026-10-06
2026-10-06,886792300,no_longer_listed,,2026-12-02
2026-10-06,886794700,no_longer_listed,,2026-10-06
2026-10-06,886798900,no_longer_listed,,2026-10-15
2026-10-06,886799500,no_longer_listed,,2026-10-07
2026-10-06,886803900,no_longer_listed,,2026-10-07
2026-10-06,886804400,no_longer_listed,,2026-10-06
2026-10-06,886807400,no_longer_listed,,2026-10-09
2026-10-06,886813600,no_longer_listed,,2026-10-09
2026-10-06,886817900,no_longer_listed,,2026-10-07
2026-10-06,886819300,no_longer_listed,,2026-10-14
2026-10-06,886826500,no_longer_listed,,2026-10-06
2026-10-06,886835000,no_longer_listed,,2026-10-09
2026-10-06,886839500,no_longer_listed,,2026-10-09
2026-10-06,886842600,no_longer_listed,,2026-10-06
2026-10-06,886843900,no_longer_listed,,2026-10-06
2026-10-06,886844100,no_longer_listed,,2026-10-07
2026-10-06,886844800,no_longer_listed,,2026-10-06
2026-10-06,886845200,no_longer_listed,,2026-10-07
2026-10-06,886850400,no_longer_listed,,2026-10-06
2026-10-06,886856100,no_longer_listed,,2026-10-09
2026-10-06,886859600,no_longer_listed,,2026-10-13
2026-10-06,886861500,no_longer_listed,,2026-10-09
2026-10-06,886863800,no_longer_listed,,2026-10-13
2026-10-06,886869000,no_longer_listed,,2026-10-09
2026-10-06,886869300,no_longer_listed,,2026-10-09
2026-10-06,886869500,no_longer_listed,,2026-10-09
2026-10-06,886871000,no_longer_listed,,2026-10-13
2026-10-06,886873200,no_longer_listed,,2026-10-09
2026-10-06,886874700,no_longer_listed,,2027-09-29
2026-10-06,886879500,no_longer_listed,,2026-10-07
2026-10-06,886883600,no_longer_listed,,2026-10-07
2026-10-06,886887200,no_longer_listed,,2026-10-08
2026-10-06,886890300,no_longer_listed,,2026-10-09
2026-10-06,886896700,no_longer_listed,,2026-10-08
2026-10-06,886899800,no_longer_listed,,2026-10-12
2026-10-06,886901000,no_longer_listed,,2026-10-07
2026-10-06,886901100,no_longer_listed,,2026-10-07
2026-10-06,886903100,no_longer_listed,,2026-10-09
2026-10-06,886911700,no_longer_listed,,2026-10-06
2026-10-06,886914200,no_longer_listed,,2026-10-07
2026-10-06,886918000,no_longer_listed,,2026-10-14
2026-10-06,886919600,no_longer_listed,,2026-10-09
2026-10-06,886932500,no_longer_listed,,2026-11-30
2026-10-06,886933600,no_longer_listed,,2027-03-02
2026-10-06,886936100,no_longer_listed,,2026-10-16
2026-10-06,886937000,no_longer_listed,,2026-10-07
2026-10-06,886937300,no_longer_listed,,2026-10-07
2026-10-06,886937900,no_longer_listed,,2026-10-07
2026-10-06,886938500,no_longer_listed,,2026-10-06
2026-10-06,886940200,no_longer_listed,,2026-10-09
2026-10-06,886945500,no_longer_listed,,2026-10-15
2026-10-06,886951100,no_longer_listed,,2026-10-09
2026-10-06,886955300,no_longer_listed,,2026-10-12
2026-10-06,886957100,no_longer_listed,,2026-10-06
2026-10-06,886961100,no_longer_listed,,2026-10-19
2026-10-06,886966500,no_longer_listed,,2026-10-07
2026-10-06,886969900,no_longer_listed,,2026-10-06
2026-10-06,886978600,no_longer_listed,,2026-10-06
2026-10-06,886979600,no_longer_listed,,2026-10-09
2026-10-06,886994800,no_longer_listed,,2026-10-20
2026-10-06,886996900,no_longer_listed,,2026-10-12
2026-10-06,887001300,no_longer_listed,,2026-10-29
2026-10-06,887001900,no_longer_listed,,2026-10-08
2026-10-06,887002800,no_longer_listed,,2027-10-04
2026-10-06,887003700,no_longer_listed,,2026-10-30
2026-10-06,887005100,no_longer_listed,,2026-10-30
2026-10-06,887005600,no_longer_listed,,2026-10-08
2026-10-06,887007300,no_longer_listed,,2026-10-30
2026-10-06,887009900,no_longer_listed,,2026-10-13
2026-10-06,887015300,no_longer_listed,,2026-10-07
2026-10-06,887015500,no_longer_listed,,2026-10-16
2026-10-06,887019000,no_longer_listed,,2026-10-14
2026-10-06,887019300,no_longer_listed,,2026-10-08
2026-10-06,887020300,no_longer_listed,,2026-10-10
2026-10-06,887027800,no_longer_listed,,2026-10-06
2026-10-06,887041700,no_longer_listed,,2026-10-08
2026-10-06,887048200,no_longer_listed,,2026-10-07
2026-10-06,887053400,no_longer_listed,,2026-10-07
2026-10-06,887053500,no_longer_listed,,2026-10-08
2026-10-06,887057300,no_longer_listed,,2026-12-31
2026-10-06,887057700,no_longer_listed,,2026-10-14
2026-10-06,887058800,no_longer_listed,,2026-12-31
2026-10-06,887060800,no_longer_listed,,2026-12-31
2026-10-06,887062400,no_longer_listed,,2026-10-08
2026-10-06,887066600,no_longer_listed,,2026-10-14
2026-10-06,887067900,no_longer_listed,,2026-10-08
2026-10-06,887075700,no_longer_listed,,2026-10-07
2026-10-06,887075800,no_longer_listed,,2026-10-07
2026-10-06,887076500,no_longer_listed,,2026-10-30
2026-10-06,887092600,no_longer_listed,,2026-10-07
2026-10-06,887096500,no_longer_listed,,2026-10-06
2026-10-06,887102300,no_longer_listed,,2026-10-23
2026-10-06,887102900,no_longer_listed,,2026-10-07
2026-10-06,887110000,no_longer_listed,,2026-11-15
2026-10-06,887111900,no_longer_listed,,2026-10-08
2026-10-06,887113100,no_longer_listed,,2026-10-08
2026-10-06,887114500,no_longer_listed,,2026-10-09
2026-10-06,887114700,no_longer_listed,,2026-10-09
2026-10-06,887115100,no_longer_listed,,2026-10-15
2026-10-06,887116600,no_longer_listed,,2026-10-14
2026-10-06,887117200,no_longer_listed,,2026-10-16
2026-10-06,887117700,no_longer_listed,,2026-10-13
2026-10-06,887118000,no_longer_listed,,2026-10-16
2026-10-06,887118500,no_longer_listed,,2026-10-13
2026-10-06,887131400,no_longer_listed,,2026-11-02
2026-10-06,887133800,no_longer_listed,,2026-11-15
2026-10-06,887140000,no_longer_listed,,2026-10-12
2026-10-06,887140500,no_longer_listed,,2026-10-14
2026-10-06,887140900,no_longer_listed,,2026-10-09
2026-10-06,887141300,no_longer_listed,,2026-12-31
2026-10-06,887146100,no_longer_listed,,2026-10-12
2026-10-06,887148600,no_longer_listed,,2026-10-09
2026-10-06,887155400,no_longer_listed,,2026-10-06
2026-10-06,887156000,no_longer_listed,,2026-10-07
2026-10-06,887157300,no_longer_listed,,2026-10-08
2026-10-06,887158500,no_longer_listed,,2026-10-13
2026-10-06,887159800,no_longer_listed,,2026-10-13
2026-10-06,887160000,no_longer_listed,,2026-10-09
2026-10-06,887161600,no_longer_listed,,2026-10-30
2026-10-06,887163900,no_longer_listed,,2026-10-13
2026-10-06,887169600,no_longer_listed,,2026-10-09
2026-10-06,887171500,no_longer_listed,,2026-10-12
2026-10-06,887171600,no_longer_listed,,2026-10-10
2026-10-06,887171700,no_longer_listed,,2026-10-06
2026-10-06,887183000,no_longer_listed,,2026-10-13
2026-10-06,887188700,no_longer_listed,,2026-10-06
2026-10-06,887192500,no_longer_listed,,2026-10-16
2026-10-06,887193300,no_longer_listed,,2026-10-09
2026-10-06,887196200,no_longer_listed,,2026-10-08
2026-10-06,887199900,no_longer_listed,,2026-10-13
2026-10-06,887201000,no_longer_listed,,2026-10-09
2026-10-06,887201500,no_longer_listed,,2026-10-15
2026-10-06,887201600,no_longer_listed,,2026-10-13
2026-10-06,887217500,no_longer_listed,,2026-10-15
2026-10-06,887217900,no_longer_listed,,2026-11-01
2026-10-06,887218900,no_longer_listed,,2026-10-07
2026-10-06,887224800,no_longer_listed,,2026-10-13
2026-10-06,887229800,no_longer_listed,,2026-10-08
2026-10-06,887238400,no_longer_listed,,2026-10-08
2026-10-06,887243400,no_longer_listed,,2026-10-09
2026-10-06,887249000,no_longer_listed,,2026-10-09
2026-10-06,887255400,no_longer_listed,,2026-11-05
2026-10-06,887255900,no_longer_listed,,2026-11-05
2026-10-06,887256700,no_longer_listed,,2026-11-05
2026-10-06,887257000,no_longer_listed,,2026-10-13
2026-10-06,887259100,no_longer_listed,,2026-10-09
2026-10-06,887263000,no_longer_listed,,2026-10-08
2026-10-06,887267200,no_longer_listed,,2026-10-09
2026-10-06,887267600,no_longer_listed,,2026-12-31
2026-10-06,887274100,no_longer_listed,,2026-10-07
2026-10-06,887274300,no_longer_listed,,2026-10-13
2026-10-06,887275800,no_longer_listed,,2026-10-09
2026-10-06,887284400,no_longer_listed,,2026-10-15
2026-10-06,887284700,no_longer_listed,,2026-10-09
2026-10-06,887288500,no_longer_listed,,2026-10-09
2026-10-06,887289600,no_longer_listed,,2026-10-08
2026-10-06,887312700,no_longer_listed,,2026-10-06
2026-10-06,887315100,no_longer_listed,,2026-10-13
2026-10-06,887316500,no_longer_listed,,2026-10-12
2026-10-06,887319600,no_longer_listed,,2026-10-08
2026-10-06,887323000,no_longer_listed,,2026-10-19
2026-10-06,887324300,no_longer_listed,,2026-10-13
2026-10-06,887325100,no_longer_listed,,2026-10-15
2026-10-06,887332400,no_longer_listed,,2026-10-19
2026-10-06,887333100,no_longer_listed,,2026-10-19
2026-10-06,887338300,no_longer_listed,,2026-10-09
2026-10-06,887339700,no_longer_listed,,2026-10-09
2026-10-06,887340100,no_longer_listed,,2026-10-09
2026-10-06,887341900,no_longer_listed,,2026-11-05
2026-10-06,887344100,no_longer_listed,,2026-10-09
2026-10-06,887344900,no_longer_listed,,2026-10-20
2026-10-06,887345400,no_longer_listed,,2026-10-15
2026-10-06,887351300,no_longer_listed,,2026-10-12
2026-10-06,887373200,no_longer_listed,,2027-10-04
2026-10-06,887387800,no_longer_listed,,2026-10-12
2026-10-06,887394200,no_longer_listed,,2026-10-09
2026-10-06,887396000,no_longer_listed,,2026-10-08
2026-10-06,887399700,no_longer_listed,,2026-10-13
2026-10-06,887399900,no_longer_listed,,2026-10-14
2026-10-06,887405200,no_longer_listed,,2026-10-14
2026-10-06,887406200,no_longer_listed,,2026-10-06
2026-10-06,887406300,no_longer_listed,,2026-10-06
2026-10-06,887407000,no_longer_listed,,2026-10-12
2026-10-06,887411300,no_longer_listed,,2026-10-13
2026-10-06,887418800,no_longer_listed,,2026-12-31
2026-10-06,887422100,no_longer_listed,,2026-10-12
2026-10-06,887423400,no_longer_listed,,2026-10-16
2026-10-06,887426000,no_longer_listed,,2026-10-12
2026-10-06,887427100,no_longer_listed,,2026-10-09
2026-10-06,887429100,no_longer_listed,,2026-10-09
2026-10-06,887432700,no_longer_listed,,2026-10-12
2026-10-06,887434100,no_longer_listed,,2026-10-14
2026-10-06,887434200,no_longer_listed,,2026-10-12
2026-10-06,887437700,no_longer_listed,,2026-10-08
2026-10-06,887441600,no_longer_listed,,2026-10-12
2026-10-06,887445700,no_longer_listed,,2026-10-16
2026-10-06,887447200,no_longer_listed,,2026-10-07
2026-10-06,887448400,no_longer_listed,,2026-10-12
2026-10-06,887453900,no_longer_listed,,2026-10-12
2026-10-06,887454500,no_longer_listed,,2026-10-07
2026-10-06,887455200,no_longer_listed,,2026-10-12
2026-10-06,887458900,no_longer_listed,,2026-10-13
2026-10-06,887459200,no_longer_listed,,2026-10-09
2026-10-06,887463200,no_longer_listed,,2026-10-12
2026-10-06,887464200,no_longer_listed,,2026-10-19
2026-10-06,887465500,no_longer_listed,,2026-10-09
2026-10-06,887482300,no_longer_listed,,2026-10-09
2026-10-06,887507500,no_longer_listed,,2026-10-14
2026-10-06,887514300,no_longer_listed,,2026-10-15
2026-10-06,887514400,no_longer_listed,,2026-10-10
2026-10-06,887514600,no_longer_listed,,2026-10-19
2026-10-06,887514700,no_longer_listed,,2026-10-12
2026-10-06,887515600,no_longer_listed,,2026-10-19
2026-10-06,887517300,no_longer_listed,,2026-10-14
2026-10-06,887517800,no_longer_listed,,2026-10-13
2026-10-06,887520200,no_longer_listed,,2026-10-07
2026-10-06,887527800,no_longer_listed,,2026-10-12
2026-10-06,887532800,no_longer_listed,,2026-10-15
2026-10-06,887534100,no_longer_listed,,2026-10-21
2026-10-06,887534600,no_longer_listed,,2026-10-21
2026-10-06,887537700,no_longer_listed,,2026-10-09
2026-10-06,887541300,no_longer_listed,,2026-10-21
2026-10-06,887541400,no_longer_listed,,2026-10-13
2026-10-06,887543600,no_longer_listed,,2026-10-12
2026-10-06,887553500,no_longer_listed,,2027-09-30
2026-10-06,887555000,no_longer_listed,,2026-10-13
2026-10-06,887555900,no_longer_listed,,2026-10-13
2026-10-06,887557800,no_longer_listed,,2026-10-13
2026-10-06,887559500,no_longer_listed,,2026-10-20
2026-10-06,887559700,no_longer_listed,,2026-10-20
2026-10-06,887566100,no_longer_listed,,2026-12-31
2026-10-06,887580700,no_longer_listed,,2026-11-03
2026-10-06,887587400,no_longer_listed,,2026-10-13
2026-10-06,887591400,no_longer_listed,,2026-11-30
2026-10-06,887604400,no_longer_listed,,2026-10-19
2026-10-06,887615300,no_longer_listed,,2026-10-13
2026-10-06,887617200,no_longer_listed,,2026-10-13
2026-10-06,887630200,no_longer_listed,,2026-12-21
2026-10-06,887646600,no_longer_listed,,2026-10-15
2026-10-06,887649400,no_longer_listed,,2026-10-11
2026-10-06,887652200,no_longer_listed,,2026-10-19
2026-10-06,887673000,no_longer_listed,,2026-10-12
2026-10-06,887675500,no_longer_listed,,2026-10-20
2026-10-07,874961300,no_longer_listed,,2026-11-02
2026-10-07,877230900,no_longer_listed,,2027-07-20
2026-10-07,877273300,no_longer_listed,,2027-01-01
2026-10-07,877398700,no_longer_listed,,2027-07-20
2026-10-07,881817000,no_longer_listed,,2027-08-19
2026-10-07,886360800,no_longer_listed,,2026-10-12
2026-10-07,886376800,no_longer_listed,,2026-10-13
2026-10-07,886525100,no_longer_listed,,2026-10-07
2026-10-07,886541400,no_longer_listed,,2026-10-07
2026-10-07,886691400,no_longer_listed,,2026-10-30
2026-10-07,886744700,no_longer_listed,,2026-10-07
2026-10-07,886786000,no_longer_listed,,2026-10-13
2026-10-07,886837800,no_longer_listed,,2026-10-12
2026-10-07,886954100,no_longer_listed,,2026-10-13
2026-10-07,887006000,no_longer_listed,,2026-10-09
2026-10-07,887006200,no_longer_listed,,2026-10-09
2026-10-07,887040000,no_longer_listed,,2026-10-14
2026-10-07,887052000,no_longer_listed,,2026-10-07
2026-10-07,887061600,no_longer_listed,,2026-10-13
2026-10-07,887136100,no_longer_listed,,2026-10-13
2026-10-07,887168000,no_longer_listed,,2026-10-13
2026-10-07,887186600,no_longer_listed,,2026-10-08
2026-10-07,887298800,no_longer_listed,,2026-10-08
2026-10-07,887347500,no_longer_listed,,2026-10-16
2026-10-07,887387900,no_longer_listed,,2026-10-15
2026-10-07,887390200,no_longer_listed,,2026-10-09
2026-10-07,887421600,no_longer_listed,,2026-10-12
2026-10-07,887428600,no_longer_listed,,2026-10-13
2026-10-07,887508000,no_longer_listed,,2026-10-13
2026-10-07,887508200,no_longer_listed,,2026-10-13
2026-10-07,887546500,no_longer_listed,,2026-10-13
2026-10-07,887549400,no_longer_listed,,2026-10-13
2026-10-07,887550200,no_longer_listed,,2026-10-13
2026-10-07,887551300,no_longer_listed,,2026-10-13
2026-10-07,887557200,no_longer_listed,,2026-10-13
2026-10-07,887603500,no_longer_listed,,2026-10-09
2026-10-07,887627300,no_longer_listed,,2026-10-10
2026-10-07,887630700,no_longer_listed,,2026-10-13
2026-10-07,887637400,no_longer_listed,,2026-10-13
2026-10-07,887649200,no_longer_listed,,2026-10-19
2026-10-07,887654500,no_longer_listed,,2026-10-13
2026-10-07,887659100,no_longer_listed,,2026-10-20
2026-10-07,887666400,no_longer_listed,,2026-10-13
2026-10-07,887695800,no_longer_listed,,2026-10-12
2026-10-07,887697700,no_longer_listed,,2026-10-14
2026-10-07,887705700,no_longer_listed,,2026-10-13
2026-10-07,883908300,link_removed,https://apply.usastaffing.gov/ViewQuestionnaire/13031986,2026-11-09
2026-10-07,887513000,link_added,https://apply.usastaffing.gov/ViewQuestionnaire/13071372,2026-10-14
2026-10-07,887310100,no_longer_listed,,2026-10-12
2026-10-07,887392200,no_longer_listed,,2026-10-13
2026-10-07,887538700,no_longer_listed,,2026-10-19
2026-10-07,887752400,no_longer_listed,,2026-10-21
