checked_date,usajobs_control_number,questionnaire_url,method,result,recheck_file
2026-09-28,885370700,https://apply.usastaffing.gov/ViewQuestionnaire/13067155,browser,switched to new wording,2026-09-28/usastaffing_13067155.txt
2026-09-28,885426800,https://apply.usastaffing.gov/ViewQuestionnaire/13066911,browser,switched to new wording,2026-09-28/usastaffing_13066911.txt
2026-09-28,885408100,https://apply.usastaffing.gov/ViewQuestionnaire/13049698,browser,still old wording,2026-09-28/usastaffing_13049698.txt
2026-09-28,885407900,https://apply.usastaffing.gov/ViewQuestionnaire/13067671,browser,still old wording,2026-09-28/usastaffing_13067671.txt
2026-09-28,885476400,https://apply.usastaffing.gov/ViewQuestionnaire/13001628,browser,switched to new wording,2026-09-28/usastaffing_13001628.txt
2026-09-28,885466200,https://apply.usastaffing.gov/ViewQuestionnaire/13066204,browser,switched to new wording,2026-09-28/usastaffing_13066204.txt
2026-09-28,885470100,https://apply.usastaffing.gov/ViewQuestionnaire/13066781,browser,still old wording,2026-09-28/usastaffing_13066781.txt
2026-09-28,885344200,https://apply.usastaffing.gov/ViewQuestionnaire/13030230,browser,still old wording,2026-09-28/usastaffing_13030230.txt
2026-09-28,885438800,https://apply.usastaffing.gov/ViewQuestionnaire/13069525,browser,switched to new wording,2026-09-28/usastaffing_13069525.txt
2026-09-28,885371500,https://apply.usastaffing.gov/ViewQuestionnaire/13061592,browser,still old wording,2026-09-28/usastaffing_13061592.txt
2026-09-28,885406400,https://apply.usastaffing.gov/ViewQuestionnaire/13068299,browser,still old wording,2026-09-28/usastaffing_13068299.txt
2026-09-28,885406600,https://apply.usastaffing.gov/ViewQuestionnaire/13067643,browser,still old wording,2026-09-28/usastaffing_13067643.txt
2026-09-28,885376600,https://apply.usastaffing.gov/ViewQuestionnaire/13043586,browser,still old wording,2026-09-28/usastaffing_13043586.txt
2026-09-28,885423600,https://apply.usastaffing.gov/ViewQuestionnaire/13057562,browser,switched to new wording,2026-09-28/usastaffing_13057562.txt
2026-09-28,885409700,https://apply.usastaffing.gov/ViewQuestionnaire/13065830,browser,still old wording,2026-09-28/usastaffing_13065830.txt
2026-09-28,885401300,https://apply.usastaffing.gov/ViewQuestionnaire/13052899,browser,still old wording,2026-09-28/usastaffing_13052899.txt
2026-09-28,885445900,https://apply.usastaffing.gov/ViewQuestionnaire/13066503,browser,still old wording,2026-09-28/usastaffing_13066503.txt
2026-09-28,885389400,https://apply.usastaffing.gov/ViewQuestionnaire/13068708,browser,still old wording,2026-09-28/usastaffing_13068708.txt
2026-09-28,885392200,https://apply.usastaffing.gov/ViewQuestionnaire/13068514,browser,still old wording,2026-09-28/usastaffing_13068514.txt
2026-09-28,885416800,https://apply.usastaffing.gov/ViewQuestionnaire/13060862,browser,still old wording,2026-09-28/usastaffing_13060862.txt
2026-09-28,885444900,https://apply.usastaffing.gov/ViewQuestionnaire/13069352,browser,still old wording,2026-09-28/usastaffing_13069352.txt
2026-09-28,885394600,https://apply.usastaffing.gov/ViewQuestionnaire/13052760,browser,still old wording,2026-09-28/usastaffing_13052760.txt
2026-09-28,885380300,https://apply.usastaffing.gov/ViewQuestionnaire/13067996,browser,still old wording,2026-09-28/usastaffing_13067996.txt
2026-09-28,885398300,https://apply.usastaffing.gov/ViewQuestionnaire/13066752,browser,switched to new wording,2026-09-28/usastaffing_13066752.txt
2026-09-28,885425700,https://apply.usastaffing.gov/ViewQuestionnaire/13067932,browser,still old wording,2026-09-28/usastaffing_13067932.txt
2026-09-28,885427000,https://apply.usastaffing.gov/ViewQuestionnaire/13067241,browser,still old wording,2026-09-28/usastaffing_13067241.txt
2026-09-28,885289900,https://jobs.monstergovt.com/dot/ros/rosDashboard.hms?O=2&J=93022,browser,still old wording,2026-09-28/monster_93022.txt
2026-09-28,885478400,https://apply.usastaffing.gov/ViewQuestionnaire/13069755,browser,switched to new wording,2026-09-28/usastaffing_13069755.txt
2026-09-28,885426700,https://apply.usastaffing.gov/ViewQuestionnaire/13064817,browser,still old wording,2026-09-28/usastaffing_13064817.txt
2026-09-28,885425200,https://apply.usastaffing.gov/ViewQuestionnaire/13069111,browser,still old wording,2026-09-28/usastaffing_13069111.txt
2026-09-28,885413900,https://apply.usastaffing.gov/ViewQuestionnaire/13069438,browser,switched to new wording,2026-09-28/usastaffing_13069438.txt
2026-09-28,885361100,https://apply.usastaffing.gov/ViewQuestionnaire/13066279,browser,switched to new wording,2026-09-28/usastaffing_13066279.txt
2026-09-28,885390500,https://apply.usastaffing.gov/ViewQuestionnaire/13068796,browser,switched to new wording,2026-09-28/usastaffing_13068796.txt
2026-09-28,885443100,https://apply.usastaffing.gov/ViewQuestionnaire/13060366,browser,switched to new wording,2026-09-28/usastaffing_13060366.txt
2026-09-28,885522000,https://apply.usastaffing.gov/ViewQuestionnaire/13066338,browser,switched to new wording,2026-09-28/usastaffing_13066338.txt
2026-09-28,885434400,https://apply.usastaffing.gov/ViewQuestionnaire/13066244,browser,still old wording,2026-09-28/usastaffing_13066244.txt
2026-09-28,885375700,https://apply.usastaffing.gov/ViewQuestionnaire/13068862,browser,switched to new wording,2026-09-28/usastaffing_13068862.txt
2026-09-28,885638600,https://apply.usastaffing.gov/ViewQuestionnaire/13066610,browser,still old wording,2026-09-28/usastaffing_13066610.txt
2026-09-28,885547600,https://apply.usastaffing.gov/ViewQuestionnaire/13066073,browser,still old wording,2026-09-28/usastaffing_13066073.txt
2026-09-28,885604300,https://apply.usastaffing.gov/ViewQuestionnaire/13053734,browser,switched to new wording,2026-09-28/usastaffing_13053734.txt
2026-09-28,885618500,https://apply.usastaffing.gov/ViewQuestionnaire/13068043,browser,still old wording,2026-09-28/usastaffing_13068043.txt
2026-09-28,885623200,https://apply.usastaffing.gov/ViewQuestionnaire/13068038,browser,still old wording,2026-09-28/usastaffing_13068038.txt
2026-09-28,885373500,https://apply.usastaffing.gov/ViewQuestionnaire/13069144,browser,switched to new wording,2026-09-28/usastaffing_13069144.txt
2026-09-28,885514300,https://apply.usastaffing.gov/ViewQuestionnaire/13055703,browser,switched to new wording,2026-09-28/usastaffing_13055703.txt
2026-09-28,885556800,https://apply.usastaffing.gov/ViewQuestionnaire/12973090,browser,switched to new wording,2026-09-28/usastaffing_12973090.txt
2026-09-28,885568500,https://apply.usastaffing.gov/ViewQuestionnaire/13065888,browser,switched to new wording,2026-09-28/usastaffing_13065888.txt
2026-09-28,885203500,https://apply.usastaffing.gov/ViewQuestionnaire/13065042,browser,switched to new wording,2026-09-28/usastaffing_13065042.txt
2026-09-28,885410200,https://apply.usastaffing.gov/ViewQuestionnaire/13069243,browser,still old wording,2026-09-28/usastaffing_13069243.txt
2026-09-28,885558500,https://apply.usastaffing.gov/ViewQuestionnaire/13060592,browser,still old wording,2026-09-28/usastaffing_13060592.txt
2026-09-28,885574900,https://apply.usastaffing.gov/ViewQuestionnaire/13068576,browser,switched to new wording,2026-09-28/usastaffing_13068576.txt
2026-09-28,885575500,https://apply.usastaffing.gov/ViewQuestionnaire/13068577,browser,switched to new wording,2026-09-28/usastaffing_13068577.txt
2026-09-28,885598100,https://apply.usastaffing.gov/ViewQuestionnaire/13067563,browser,still old wording,2026-09-28/usastaffing_13067563.txt
2026-09-28,885584300,https://apply.usastaffing.gov/ViewQuestionnaire/13032660,browser,still old wording,2026-09-28/usastaffing_13032660.txt
2026-09-28,885431900,https://apply.usastaffing.gov/ViewQuestionnaire/13054670,browser,switched to new wording,2026-09-28/usastaffing_13054670.txt
2026-09-28,885435100,https://apply.usastaffing.gov/ViewQuestionnaire/13054672,browser,switched to new wording,2026-09-28/usastaffing_13054672.txt
2026-09-28,885624000,https://apply.usastaffing.gov/ViewQuestionnaire/13068936,browser,still old wording,2026-09-28/usastaffing_13068936.txt
2026-09-28,885651000,https://apply.usastaffing.gov/ViewQuestionnaire/13057540,browser,still old wording,2026-09-28/usastaffing_13057540.txt
2026-09-28,885559600,https://apply.usastaffing.gov/ViewQuestionnaire/13027300,browser,switched to new wording,2026-09-28/usastaffing_13027300.txt
2026-09-28,885582400,https://apply.usastaffing.gov/ViewQuestionnaire/13068269,browser,switched to new wording,2026-09-28/usastaffing_13068269.txt
2026-09-28,885497900,https://apply.usastaffing.gov/ViewQuestionnaire/13045309,browser,switched to new wording,2026-09-28/usastaffing_13045309.txt
2026-09-28,885597700,https://apply.usastaffing.gov/ViewQuestionnaire/13061119,browser,switched to new wording,2026-09-28/usastaffing_13061119.txt
2026-09-28,885370100,https://apply.usastaffing.gov/ViewQuestionnaire/13069088,browser,still old wording,2026-09-28/usastaffing_13069088.txt
2026-09-28,885441200,https://apply.usastaffing.gov/ViewQuestionnaire/13069546,browser,still old wording,2026-09-28/usastaffing_13069546.txt
2026-09-28,885563000,https://apply.usastaffing.gov/ViewQuestionnaire/13068318,browser,switched to new wording,2026-09-28/usastaffing_13068318.txt
2026-09-28,885403100,https://apply.usastaffing.gov/ViewQuestionnaire/13069222,browser,still old wording,2026-09-28/usastaffing_13069222.txt
2026-09-28,885422600,https://apply.usastaffing.gov/ViewQuestionnaire/13069254,browser,still old wording,2026-09-28/usastaffing_13069254.txt
2026-09-28,885492700,https://apply.usastaffing.gov/ViewQuestionnaire/13045606,browser,switched to new wording,2026-09-28/usastaffing_13045606.txt
2026-09-28,885638900,https://apply.usastaffing.gov/ViewQuestionnaire/13064602,browser,still old wording,2026-09-28/usastaffing_13064602.txt
2026-09-28,885441400,https://apply.usastaffing.gov/ViewQuestionnaire/13069545,browser,still old wording,2026-09-28/usastaffing_13069545.txt
2026-09-28,885427100,https://apply.usastaffing.gov/ViewQuestionnaire/13069176,browser,still old wording,2026-09-28/usastaffing_13069176.txt
2026-09-28,885560900,https://apply.usastaffing.gov/ViewQuestionnaire/13069782,browser,still old wording,2026-09-28/usastaffing_13069782.txt
2026-09-28,885399900,https://apply.usastaffing.gov/ViewQuestionnaire/13067880,browser,still old wording,2026-09-28/usastaffing_13067880.txt
2026-09-28,885388800,https://apply.usastaffing.gov/ViewQuestionnaire/13069047,browser,switched to new wording,2026-09-28/usastaffing_13069047.txt
2026-09-28,885369100,https://apply.usastaffing.gov/ViewQuestionnaire/13068749,browser,still old wording,2026-09-28/usastaffing_13068749.txt
2026-09-28,885544500,https://apply.usastaffing.gov/ViewQuestionnaire/13058202,browser,switched to new wording,2026-09-28/usastaffing_13058202.txt
2026-09-28,885516500,https://apply.usastaffing.gov/ViewQuestionnaire/13066700,browser,switched to new wording,2026-09-28/usastaffing_13066700.txt
2026-09-28,885534800,https://apply.usastaffing.gov/ViewQuestionnaire/13067993,browser,switched to new wording,2026-09-28/usastaffing_13067993.txt
2026-09-28,885540200,https://apply.usastaffing.gov/ViewQuestionnaire/13064552,browser,switched to new wording,2026-09-28/usastaffing_13064552.txt
2026-09-28,885597500,https://apply.usastaffing.gov/ViewQuestionnaire/13058990,browser,switched to new wording,2026-09-28/usastaffing_13058990.txt
2026-09-28,885600100,https://apply.usastaffing.gov/ViewQuestionnaire/13058991,browser,switched to new wording,2026-09-28/usastaffing_13058991.txt
2026-09-28,885502100,https://apply.usastaffing.gov/ViewQuestionnaire/13051224,browser,still old wording,2026-09-28/usastaffing_13051224.txt
2026-09-28,885503700,https://apply.usastaffing.gov/ViewQuestionnaire/12964988,browser,still old wording,2026-09-28/usastaffing_12964988.txt
2026-09-28,885511800,https://apply.usastaffing.gov/ViewQuestionnaire/13062419,browser,switched to new wording,2026-09-28/usastaffing_13062419.txt
2026-09-28,885515400,https://apply.usastaffing.gov/ViewQuestionnaire/13062420,browser,switched to new wording,2026-09-28/usastaffing_13062420.txt
2026-09-28,885629800,https://apply.usastaffing.gov/ViewQuestionnaire/13068082,browser,still old wording,2026-09-28/usastaffing_13068082.txt
2026-09-28,885631700,https://apply.usastaffing.gov/ViewQuestionnaire/13049050,browser,still old wording,2026-09-28/usastaffing_13049050.txt
2026-09-28,885486500,https://jobs.monstergovt.com/fdic/ros/rosDashboard.hms?O=1&J=74617,browser,still old wording,2026-09-28/monster_74617.txt
2026-09-28,885486700,https://jobs.monstergovt.com/fdic/ros/rosDashboard.hms?O=1&J=74622,browser,still old wording,2026-09-28/monster_74622.txt
2026-09-28,885576600,https://apply.usastaffing.gov/ViewQuestionnaire/13050418,browser,switched to new wording,2026-09-28/usastaffing_13050418.txt
2026-09-28,885578200,https://apply.usastaffing.gov/ViewQuestionnaire/13050419,browser,switched to new wording,2026-09-28/usastaffing_13050419.txt
2026-09-28,885635200,https://apply.usastaffing.gov/ViewQuestionnaire/13068998,browser,still old wording,2026-09-28/usastaffing_13068998.txt
2026-09-28,885493200,https://apply.usastaffing.gov/ViewQuestionnaire/13068863,browser,still old wording,2026-09-28/usastaffing_13068863.txt
2026-09-28,885498500,https://apply.usastaffing.gov/ViewQuestionnaire/13069803,browser,switched to new wording,2026-09-28/usastaffing_13069803.txt
2026-09-28,885500300,https://apply.usastaffing.gov/ViewQuestionnaire/13066946,browser,still old wording,2026-09-28/usastaffing_13066946.txt
2026-09-28,885587700,https://apply.usastaffing.gov/ViewQuestionnaire/13067942,browser,still old wording,2026-09-28/usastaffing_13067942.txt
2026-09-28,885424100,https://apply.usastaffing.gov/ViewQuestionnaire/13069520,browser,still old wording,2026-09-28/usastaffing_13069520.txt
2026-09-28,885535600,https://apply.usastaffing.gov/ViewQuestionnaire/13065549,browser,switched to new wording,2026-09-28/usastaffing_13065549.txt
2026-09-28,885494700,https://apply.usastaffing.gov/ViewQuestionnaire/13069133,browser,switched to new wording,2026-09-28/usastaffing_13069133.txt
2026-09-28,885496300,https://apply.usastaffing.gov/ViewQuestionnaire/13060040,browser,switched to new wording,2026-09-28/usastaffing_13060040.txt
2026-09-28,885496500,https://apply.usastaffing.gov/ViewQuestionnaire/13060041,browser,switched to new wording,2026-09-28/usastaffing_13060041.txt
2026-09-28,885563600,https://apply.usastaffing.gov/ViewQuestionnaire/13061019,browser,switched to new wording,2026-09-28/usastaffing_13061019.txt
2026-09-28,885641500,https://apply.usastaffing.gov/ViewQuestionnaire/13069657,browser,still old wording,2026-09-28/usastaffing_13069657.txt
2026-09-28,885429000,https://apply.usastaffing.gov/ViewQuestionnaire/13057721,browser,switched to new wording,2026-09-28/usastaffing_13057721.txt
2026-09-28,885444800,https://apply.usastaffing.gov/ViewQuestionnaire/13066422,browser,still old wording,2026-09-28/usastaffing_13066422.txt
2026-09-28,885403700,https://apply.usastaffing.gov/ViewQuestionnaire/13064497,browser,still old wording,2026-09-28/usastaffing_13064497.txt
2026-09-28,885667800,https://apply.usastaffing.gov/ViewQuestionnaire/13067609,browser,still old wording,2026-09-28/usastaffing_13067609.txt
2026-09-28,885387500,https://jobs.monstergovt.com/gsa/ros/rosDashboard.hms?O=1&J=112814,browser,still old wording,2026-09-28/monster_112814.txt
2026-09-28,884110700,https://apply.usastaffing.gov/ViewQuestionnaire/13051084,browser,still old wording,2026-09-28/usastaffing_13051084.txt
2026-09-28,885663600,https://apply.usastaffing.gov/ViewQuestionnaire/13062536,browser,still old wording,2026-09-28/usastaffing_13062536.txt
2026-09-28,885770200,https://jobs.monstergovt.com/cftc/rospost/?O=3&J=5398,browser,still old wording,2026-09-28/monster_5398.txt
2026-09-28,885679800,https://apply.usastaffing.gov/ViewQuestionnaire/13064956,browser,still old wording,2026-09-28/usastaffing_13064956.txt
2026-09-28,885910800,https://apply.usastaffing.gov/ViewQuestionnaire/13072386,browser,still old wording,2026-09-28/usastaffing_13072386.txt
2026-09-28,885234000,https://apply.usastaffing.gov/ViewQuestionnaire/13066643,browser,still old wording,2026-09-28/usastaffing_13066643.txt
2026-09-28,886093400,https://apply.usastaffing.gov/ViewQuestionnaire/13069471,browser,still old wording,2026-09-28/usastaffing_13069471.txt
2026-09-28,886181300,https://apply.usastaffing.gov/ViewQuestionnaire/13059473,browser,still old wording,2026-09-28/usastaffing_13059473.txt
2026-09-28,886183900,https://apply.usastaffing.gov/ViewQuestionnaire/13073694,browser,still old wording,2026-09-28/usastaffing_13073694.txt
2026-09-28,886318800,https://apply.usastaffing.gov/ViewQuestionnaire/13075859,browser,still old wording,2026-09-28/usastaffing_13075859.txt
2026-09-28,846782000,https://apply.usastaffing.gov/ViewQuestionnaire/12797337,usastaffing_api,switched to new wording,2026-09-28/usastaffing_12797337.txt
2026-09-28,846782100,https://apply.usastaffing.gov/ViewQuestionnaire/12796700,usastaffing_api,switched to new wording,2026-09-28/usastaffing_12796700.txt
2026-09-28,846774400,https://apply.usastaffing.gov/ViewQuestionnaire/12806875,usastaffing_api,switched to new wording,2026-09-28/usastaffing_12806875.txt
2026-09-28,846781200,https://apply.usastaffing.gov/ViewQuestionnaire/12805726,usastaffing_api,switched to new wording,2026-09-28/usastaffing_12805726.txt
2026-09-28,846780900,https://apply.usastaffing.gov/ViewQuestionnaire/12794943,usastaffing_api,switched to new wording,2026-09-28/usastaffing_12794943.txt
2026-09-28,846781000,https://apply.usastaffing.gov/ViewQuestionnaire/12794994,usastaffing_api,switched to new wording,2026-09-28/usastaffing_12794994.txt
2026-09-28,846781700,https://apply.usastaffing.gov/ViewQuestionnaire/12797234,usastaffing_api,switched to new wording,2026-09-28/usastaffing_12797234.txt
2026-09-28,846782200,https://apply.usastaffing.gov/ViewQuestionnaire/12805764,usastaffing_api,switched to new wording,2026-09-28/usastaffing_12805764.txt
2026-09-28,846780300,https://apply.usastaffing.gov/ViewQuestionnaire/12805679,usastaffing_api,switched to new wording,2026-09-28/usastaffing_12805679.txt
2026-09-28,846780400,https://apply.usastaffing.gov/ViewQuestionnaire/12803415,usastaffing_api,switched to new wording,2026-09-28/usastaffing_12803415.txt
2026-09-28,846780500,https://apply.usastaffing.gov/ViewQuestionnaire/12803646,usastaffing_api,switched to new wording,2026-09-28/usastaffing_12803646.txt
2026-09-28,846780600,https://apply.usastaffing.gov/ViewQuestionnaire/12792640,usastaffing_api,switched to new wording,2026-09-28/usastaffing_12792640.txt
2026-09-28,846780700,https://apply.usastaffing.gov/ViewQuestionnaire/12792786,usastaffing_api,switched to new wording,2026-09-28/usastaffing_12792786.txt
2026-09-28,846780800,https://apply.usastaffing.gov/ViewQuestionnaire/12792876,usastaffing_api,switched to new wording,2026-09-28/usastaffing_12792876.txt
2026-09-28,846774300,https://apply.usastaffing.gov/ViewQuestionnaire/12807107,usastaffing_api,switched to new wording,2026-09-28/usastaffing_12807107.txt
2026-09-28,846773600,https://apply.usastaffing.gov/ViewQuestionnaire/12806014,usastaffing_api,switched to new wording,2026-09-28/usastaffing_12806014.txt
2026-09-28,846773700,https://apply.usastaffing.gov/ViewQuestionnaire/12806322,usastaffing_api,switched to new wording,2026-09-28/usastaffing_12806322.txt
2026-09-28,846709200,https://apply.usastaffing.gov/ViewQuestionnaire/12804781,usastaffing_api,switched to new wording,2026-09-28/usastaffing_12804781.txt
2026-09-28,846774500,https://apply.usastaffing.gov/ViewQuestionnaire/12807275,usastaffing_api,switched to new wording,2026-09-28/usastaffing_12807275.txt
2026-09-28,846730500,https://apply.usastaffing.gov/ViewQuestionnaire/12806437,usastaffing_api,switched to new wording,2026-09-28/usastaffing_12806437.txt
2026-09-28,846734800,https://apply.usastaffing.gov/ViewQuestionnaire/12806468,usastaffing_api,switched to new wording,2026-09-28/usastaffing_12806468.txt
2026-09-28,846709100,https://apply.usastaffing.gov/ViewQuestionnaire/12804734,usastaffing_api,switched to new wording,2026-09-28/usastaffing_12804734.txt
2026-09-28,846731400,https://apply.usastaffing.gov/ViewQuestionnaire/12806825,usastaffing_api,switched to new wording,2026-09-28/usastaffing_12806825.txt
2026-09-28,846773800,https://apply.usastaffing.gov/ViewQuestionnaire/12806378,usastaffing_api,switched to new wording,2026-09-28/usastaffing_12806378.txt
2026-09-28,846709300,https://apply.usastaffing.gov/ViewQuestionnaire/12804858,usastaffing_api,switched to new wording,2026-09-28/usastaffing_12804858.txt
2026-09-28,846781100,https://apply.usastaffing.gov/ViewQuestionnaire/12797070,usastaffing_api,switched to new wording,2026-09-28/usastaffing_12797070.txt
2026-09-28,846781300,https://apply.usastaffing.gov/ViewQuestionnaire/12796423,usastaffing_api,switched to new wording,2026-09-28/usastaffing_12796423.txt
2026-09-28,846781500,https://apply.usastaffing.gov/ViewQuestionnaire/12796017,usastaffing_api,switched to new wording,2026-09-28/usastaffing_12796017.txt
2026-09-28,846781600,https://apply.usastaffing.gov/ViewQuestionnaire/12796477,usastaffing_api,switched to new wording,2026-09-28/usastaffing_12796477.txt
2026-09-28,846781800,https://apply.usastaffing.gov/ViewQuestionnaire/12797137,usastaffing_api,switched to new wording,2026-09-28/usastaffing_12797137.txt
2026-09-28,846780100,https://apply.usastaffing.gov/ViewQuestionnaire/12792178,usastaffing_api,switched to new wording,2026-09-28/usastaffing_12792178.txt
2026-09-28,846780200,https://apply.usastaffing.gov/ViewQuestionnaire/12803954,usastaffing_api,switched to new wording,2026-09-28/usastaffing_12803954.txt
2026-09-28,846713900,https://jobs.faa.gov/Preview/96016,browser,rescrape failed,
2026-09-28,846951800,https://apply.usastaffing.gov/ViewQuestionnaire/12807561,usastaffing_api,still old wording,2026-09-28/usastaffing_12807561.txt
2026-09-28,846952600,https://apply.usastaffing.gov/ViewQuestionnaire/12806906,usastaffing_api,still old wording,2026-09-28/usastaffing_12806906.txt
2026-09-28,847080100,https://apply.usastaffing.gov/ViewQuestionnaire/12800683,usastaffing_api,switched to new wording,2026-09-28/usastaffing_12800683.txt
2026-09-28,847097100,https://apply.usastaffing.gov/ViewQuestionnaire/12808179,usastaffing_api,switched to new wording,2026-09-28/usastaffing_12808179.txt
2026-09-28,846856600,https://apply.usastaffing.gov/ViewQuestionnaire/12794874,usastaffing_api,switched to new wording,2026-09-28/usastaffing_12794874.txt
2026-09-28,847080300,https://apply.usastaffing.gov/ViewQuestionnaire/12800542,usastaffing_api,still old wording,2026-09-28/usastaffing_12800542.txt
2026-09-28,847096900,https://apply.usastaffing.gov/ViewQuestionnaire/12800560,usastaffing_api,switched to new wording,2026-09-28/usastaffing_12800560.txt
2026-09-28,847129100,https://jobs.monstergovt.com/bopmp/ros/rosDashboard.hms?O=2&J=178720,monster_requests,still old wording,2026-09-28/monster_178720.txt
2026-09-28,847144200,https://jobs.monstergovt.com/bopmp/ros/rosDashboard.hms?O=2&J=177755,monster_requests,still old wording,2026-09-28/monster_177755.txt
2026-09-28,847131400,https://jobs.monstergovt.com/bopmp/ros/rosDashboard.hms?O=2&J=177537,monster_requests,still old wording,2026-09-28/monster_177537.txt
2026-09-28,847139100,https://jobs.monstergovt.com/bopmp/ros/rosDashboard.hms?O=2&J=177691,monster_requests,still old wording,2026-09-28/monster_177691.txt
2026-09-28,847135600,https://jobs.monstergovt.com/bopmp/ros/rosDashboard.hms?O=2&J=177566,monster_requests,still old wording,2026-09-28/monster_177566.txt
2026-09-28,847136100,https://jobs.monstergovt.com/bopmp/ros/rosDashboard.hms?O=2&J=177638,monster_requests,still old wording,2026-09-28/monster_177638.txt
2026-09-28,847136400,https://jobs.monstergovt.com/bopmp/ros/rosDashboard.hms?O=2&J=177654,monster_requests,still old wording,2026-09-28/monster_177654.txt
2026-09-28,847137300,https://jobs.monstergovt.com/bopmp/ros/rosDashboard.hms?O=2&J=177673,monster_requests,still old wording,2026-09-28/monster_177673.txt
2026-09-28,847130700,https://jobs.monstergovt.com/bopmp/ros/rosDashboard.hms?O=2&J=176949,monster_requests,still old wording,2026-09-28/monster_176949.txt
2026-09-28,847134500,https://jobs.monstergovt.com/bopmp/ros/rosDashboard.hms?O=2&J=177553,monster_requests,still old wording,2026-09-28/monster_177553.txt
2026-09-28,847138700,https://jobs.monstergovt.com/bopmp/ros/rosDashboard.hms?O=2&J=177689,monster_requests,still old wording,2026-09-28/monster_177689.txt
2026-09-28,847133500,https://jobs.monstergovt.com/bopmp/ros/rosDashboard.hms?O=2&J=177542,monster_requests,still old wording,2026-09-28/monster_177542.txt
2026-09-28,847246700,https://apply.usastaffing.gov/ViewQuestionnaire/12810362,usastaffing_api,still old wording,2026-09-28/usastaffing_12810362.txt
2026-09-28,847297900,https://apply.usastaffing.gov/ViewQuestionnaire/12810141,usastaffing_api,switched to new wording,2026-09-28/usastaffing_12810141.txt
2026-09-28,850129500,https://apply.usastaffing.gov/ViewQuestionnaire/12789616,usastaffing_api,switched to new wording,2026-09-28/usastaffing_12789616.txt
2026-09-28,850128400,https://apply.usastaffing.gov/ViewQuestionnaire/12791075,usastaffing_api,switched to new wording,2026-09-28/usastaffing_12791075.txt
2026-09-28,850127300,https://apply.usastaffing.gov/ViewQuestionnaire/12801344,usastaffing_api,switched to new wording,2026-09-28/usastaffing_12801344.txt
2026-09-28,850122900,https://apply.usastaffing.gov/ViewQuestionnaire/12807194,usastaffing_api,switched to new wording,2026-09-28/usastaffing_12807194.txt
2026-09-28,850124600,https://apply.usastaffing.gov/ViewQuestionnaire/12807320,usastaffing_api,switched to new wording,2026-09-28/usastaffing_12807320.txt
2026-09-28,850125600,https://apply.usastaffing.gov/ViewQuestionnaire/12807537,usastaffing_api,switched to new wording,2026-09-28/usastaffing_12807537.txt
2026-09-28,850122800,https://apply.usastaffing.gov/ViewQuestionnaire/12788468,usastaffing_api,switched to new wording,2026-09-28/usastaffing_12788468.txt
2026-09-28,850124900,https://apply.usastaffing.gov/ViewQuestionnaire/12807756,usastaffing_api,switched to new wording,2026-09-28/usastaffing_12807756.txt
2026-09-28,850129000,https://apply.usastaffing.gov/ViewQuestionnaire/12788899,usastaffing_api,switched to new wording,2026-09-28/usastaffing_12788899.txt
2026-09-28,850129300,https://apply.usastaffing.gov/ViewQuestionnaire/12789213,usastaffing_api,switched to new wording,2026-09-28/usastaffing_12789213.txt
2026-09-28,850080700,https://apply.usastaffing.gov/ViewQuestionnaire/12807068,usastaffing_api,switched to new wording,2026-09-28/usastaffing_12807068.txt
2026-09-28,850130100,https://apply.usastaffing.gov/ViewQuestionnaire/12796255,usastaffing_api,still old wording,2026-09-28/usastaffing_12796255.txt
2026-09-28,850125300,https://apply.usastaffing.gov/ViewQuestionnaire/12807821,usastaffing_api,switched to new wording,2026-09-28/usastaffing_12807821.txt
2026-09-28,851804200,https://apply.usastaffing.gov/ViewQuestionnaire/12800818,usastaffing_api,switched to new wording,2026-09-28/usastaffing_12800818.txt
2026-09-28,852682400,https://apply.usastaffing.gov/ViewQuestionnaire/12835852,usastaffing_api,switched to new wording,2026-09-28/usastaffing_12835852.txt
2026-09-28,847404200,https://apply.usastaffing.gov/ViewQuestionnaire/12811132,usastaffing_api,still old wording,2026-09-28/usastaffing_12811132.txt
2026-09-28,847666800,https://apply.usastaffing.gov/ViewQuestionnaire/12811519,usastaffing_api,still old wording,2026-09-28/usastaffing_12811519.txt
2026-09-28,847677900,https://apply.usastaffing.gov/ViewQuestionnaire/12811305,usastaffing_api,switched to new wording,2026-09-28/usastaffing_12811305.txt
2026-09-28,847717800,https://apply.usastaffing.gov/ViewQuestionnaire/12812521,usastaffing_api,still old wording,2026-09-28/usastaffing_12812521.txt
2026-09-28,847718300,https://apply.usastaffing.gov/ViewQuestionnaire/12812364,usastaffing_api,still old wording,2026-09-28/usastaffing_12812364.txt
2026-09-28,847724800,https://apply.usastaffing.gov/ViewQuestionnaire/12811581,usastaffing_api,still old wording,2026-09-28/usastaffing_12811581.txt
2026-09-28,847902800,https://apply.usastaffing.gov/ViewQuestionnaire/12814647,usastaffing_api,still old wording,2026-09-28/usastaffing_12814647.txt
2026-09-28,847901100,https://apply.usastaffing.gov/ViewQuestionnaire/12814435,usastaffing_api,still old wording,2026-09-28/usastaffing_12814435.txt
2026-09-28,848650400,https://apply.usastaffing.gov/ViewQuestionnaire/12821220,usastaffing_api,still old wording,2026-09-28/usastaffing_12821220.txt
2026-09-28,848966200,https://apply.usastaffing.gov/ViewQuestionnaire/12825626,usastaffing_api,still old wording,2026-09-28/usastaffing_12825626.txt
2026-09-28,849122200,https://apply.usastaffing.gov/ViewQuestionnaire/12816673,usastaffing_api,still old wording,2026-09-28/usastaffing_12816673.txt
2026-09-28,849122400,https://apply.usastaffing.gov/ViewQuestionnaire/12816669,usastaffing_api,still old wording,2026-09-28/usastaffing_12816669.txt
2026-09-28,849203000,https://apply.usastaffing.gov/ViewQuestionnaire/12828073,usastaffing_api,still old wording,2026-09-28/usastaffing_12828073.txt
2026-09-28,849162500,https://apply.usastaffing.gov/ViewQuestionnaire/12827011,usastaffing_api,still old wording,2026-09-28/usastaffing_12827011.txt
2026-09-28,849163800,https://apply.usastaffing.gov/ViewQuestionnaire/12827408,usastaffing_api,still old wording,2026-09-28/usastaffing_12827408.txt
2026-09-28,849363100,https://apply.usastaffing.gov/ViewQuestionnaire/12827057,usastaffing_api,still old wording,2026-09-28/usastaffing_12827057.txt
2026-09-28,849364600,https://apply.usastaffing.gov/ViewQuestionnaire/12826991,usastaffing_api,still old wording,2026-09-28/usastaffing_12826991.txt
2026-09-28,849365300,https://apply.usastaffing.gov/ViewQuestionnaire/12825984,usastaffing_api,still old wording,2026-09-28/usastaffing_12825984.txt
2026-09-28,849365700,https://apply.usastaffing.gov/ViewQuestionnaire/12827041,usastaffing_api,still old wording,2026-09-28/usastaffing_12827041.txt
2026-09-28,849366300,https://apply.usastaffing.gov/ViewQuestionnaire/12826962,usastaffing_api,still old wording,2026-09-28/usastaffing_12826962.txt
2026-09-28,849366800,https://apply.usastaffing.gov/ViewQuestionnaire/12826044,usastaffing_api,still old wording,2026-09-28/usastaffing_12826044.txt
2026-09-28,849366900,https://apply.usastaffing.gov/ViewQuestionnaire/12825946,usastaffing_api,still old wording,2026-09-28/usastaffing_12825946.txt
2026-09-28,849367800,https://apply.usastaffing.gov/ViewQuestionnaire/12826972,usastaffing_api,still old wording,2026-09-28/usastaffing_12826972.txt
2026-09-28,849368000,https://apply.usastaffing.gov/ViewQuestionnaire/12826999,usastaffing_api,still old wording,2026-09-28/usastaffing_12826999.txt
2026-09-28,849369700,https://apply.usastaffing.gov/ViewQuestionnaire/12827029,usastaffing_api,still old wording,2026-09-28/usastaffing_12827029.txt
2026-09-28,849604100,https://apply.usastaffing.gov/ViewQuestionnaire/12830384,usastaffing_api,still old wording,2026-09-28/usastaffing_12830384.txt
2026-09-28,849606100,https://apply.usastaffing.gov/ViewQuestionnaire/12830391,usastaffing_api,still old wording,2026-09-28/usastaffing_12830391.txt
2026-09-28,850081600,https://apply.usastaffing.gov/ViewQuestionnaire/12802341,usastaffing_api,switched to new wording,2026-09-28/usastaffing_12802341.txt
2026-09-28,850081500,https://apply.usastaffing.gov/ViewQuestionnaire/12801669,usastaffing_api,switched to new wording,2026-09-28/usastaffing_12801669.txt
2026-09-28,850081200,https://apply.usastaffing.gov/ViewQuestionnaire/12800575,usastaffing_api,switched to new wording,2026-09-28/usastaffing_12800575.txt
2026-09-28,850080900,https://apply.usastaffing.gov/ViewQuestionnaire/12806566,usastaffing_api,switched to new wording,2026-09-28/usastaffing_12806566.txt
2026-09-28,850081700,https://apply.usastaffing.gov/ViewQuestionnaire/12804017,usastaffing_api,switched to new wording,2026-09-28/usastaffing_12804017.txt
2026-09-28,850081900,https://apply.usastaffing.gov/ViewQuestionnaire/12805703,usastaffing_api,switched to new wording,2026-09-28/usastaffing_12805703.txt
2026-09-28,850082000,https://apply.usastaffing.gov/ViewQuestionnaire/12806356,usastaffing_api,switched to new wording,2026-09-28/usastaffing_12806356.txt
2026-09-28,850420700,https://apply.usastaffing.gov/ViewQuestionnaire/12835874,usastaffing_api,still old wording,2026-09-28/usastaffing_12835874.txt
2026-09-28,850421900,https://apply.usastaffing.gov/ViewQuestionnaire/12836040,usastaffing_api,still old wording,2026-09-28/usastaffing_12836040.txt
2026-09-28,850429500,https://apply.usastaffing.gov/ViewQuestionnaire/12836351,usastaffing_api,still old wording,2026-09-28/usastaffing_12836351.txt
2026-09-28,850437600,https://apply.usastaffing.gov/ViewQuestionnaire/12834816,usastaffing_api,still old wording,2026-09-28/usastaffing_12834816.txt
2026-09-28,850739400,https://apply.usastaffing.gov/ViewQuestionnaire/12839574,usastaffing_api,still old wording,2026-09-28/usastaffing_12839574.txt
2026-09-28,851016800,https://apply.usastaffing.gov/ViewQuestionnaire/12822229,usastaffing_api,still old wording,2026-09-28/usastaffing_12822229.txt
2026-09-28,851192400,https://apply.usastaffing.gov/ViewQuestionnaire/12831218,usastaffing_api,still old wording,2026-09-28/usastaffing_12831218.txt
2026-09-28,851191800,https://apply.usastaffing.gov/ViewQuestionnaire/12824786,usastaffing_api,still old wording,2026-09-28/usastaffing_12824786.txt
2026-09-28,851191400,https://apply.usastaffing.gov/ViewQuestionnaire/12831040,usastaffing_api,still old wording,2026-09-28/usastaffing_12831040.txt
2026-09-28,851192900,https://apply.usastaffing.gov/ViewQuestionnaire/12831379,usastaffing_api,still old wording,2026-09-28/usastaffing_12831379.txt
2026-09-28,851192000,https://apply.usastaffing.gov/ViewQuestionnaire/12831448,usastaffing_api,still old wording,2026-09-28/usastaffing_12831448.txt
2026-09-28,851192200,https://apply.usastaffing.gov/ViewQuestionnaire/12831578,usastaffing_api,still old wording,2026-09-28/usastaffing_12831578.txt
2026-09-28,851192600,https://apply.usastaffing.gov/ViewQuestionnaire/12831646,usastaffing_api,still old wording,2026-09-28/usastaffing_12831646.txt
2026-09-28,851762600,https://apply.usastaffing.gov/ViewQuestionnaire/12846084,usastaffing_api,still old wording,2026-09-28/usastaffing_12846084.txt
2026-09-28,851700900,https://apply.usastaffing.gov/ViewQuestionnaire/12844525,usastaffing_api,switched to new wording,2026-09-28/usastaffing_12844525.txt
2026-09-28,851939900,https://apply.usastaffing.gov/ViewQuestionnaire/12833205,usastaffing_api,switched to new wording,2026-09-28/usastaffing_12833205.txt
2026-09-28,851993300,https://apply.usastaffing.gov/ViewQuestionnaire/12847980,usastaffing_api,still old wording,2026-09-28/usastaffing_12847980.txt
2026-09-28,851994900,https://apply.usastaffing.gov/ViewQuestionnaire/12848125,usastaffing_api,still old wording,2026-09-28/usastaffing_12848125.txt
2026-09-28,851994000,https://apply.usastaffing.gov/ViewQuestionnaire/12848072,usastaffing_api,still old wording,2026-09-28/usastaffing_12848072.txt
2026-09-28,852080100,https://apply.usastaffing.gov/ViewQuestionnaire/12848644,usastaffing_api,still old wording,2026-09-28/usastaffing_12848644.txt
2026-09-28,852270000,https://jobs.faa.gov/Preview/96467,browser,rescrape failed,
2026-09-28,852270300,https://jobs.faa.gov/Preview/96468,browser,rescrape failed,
2026-09-28,852272900,https://jobs.faa.gov/Preview/96672,browser,rescrape failed,
2026-09-28,852274600,https://jobs.faa.gov/Preview/96673,browser,rescrape failed,
2026-09-28,852287400,https://apply.usastaffing.gov/ViewQuestionnaire/12848761,usastaffing_api,still old wording,2026-09-28/usastaffing_12848761.txt
2026-09-28,852353600,https://apply.usastaffing.gov/ViewQuestionnaire/12846375,usastaffing_api,switched to new wording,2026-09-28/usastaffing_12846375.txt
2026-09-28,852405900,https://apply.usastaffing.gov/ViewQuestionnaire/12851821,usastaffing_api,switched to new wording,2026-09-28/usastaffing_12851821.txt
2026-09-28,852698900,https://apply.usastaffing.gov/ViewQuestionnaire/12853424,usastaffing_api,still old wording,2026-09-28/usastaffing_12853424.txt
2026-09-28,852814800,https://apply.usastaffing.gov/ViewQuestionnaire/12856120,usastaffing_api,switched to new wording,2026-09-28/usastaffing_12856120.txt
2026-09-28,852814700,https://apply.usastaffing.gov/ViewQuestionnaire/12855055,usastaffing_api,switched to new wording,2026-09-28/usastaffing_12855055.txt
2026-09-28,852892800,https://apply.usastaffing.gov/ViewQuestionnaire/12856595,usastaffing_api,switched to new wording,2026-09-28/usastaffing_12856595.txt
2026-09-28,852969100,https://apply.usastaffing.gov/ViewQuestionnaire/12856198,usastaffing_api,switched to new wording,2026-09-28/usastaffing_12856198.txt
2026-09-28,852980600,https://apply.usastaffing.gov/ViewQuestionnaire/12856874,usastaffing_api,switched to new wording,2026-09-28/usastaffing_12856874.txt
2026-09-28,852985200,https://apply.usastaffing.gov/ViewQuestionnaire/12857039,usastaffing_api,switched to new wording,2026-09-28/usastaffing_12857039.txt
2026-09-28,852987000,https://apply.usastaffing.gov/ViewQuestionnaire/12857056,usastaffing_api,switched to new wording,2026-09-28/usastaffing_12857056.txt
2026-09-28,852868300,https://apply.usastaffing.gov/ViewQuestionnaire/12856491,usastaffing_api,switched to new wording,2026-09-28/usastaffing_12856491.txt
2026-09-28,852876400,https://apply.usastaffing.gov/ViewQuestionnaire/12856511,usastaffing_api,switched to new wording,2026-09-28/usastaffing_12856511.txt
2026-09-28,852879600,https://apply.usastaffing.gov/ViewQuestionnaire/12856557,usastaffing_api,switched to new wording,2026-09-28/usastaffing_12856557.txt
2026-09-28,852882500,https://apply.usastaffing.gov/ViewQuestionnaire/12856574,usastaffing_api,switched to new wording,2026-09-28/usastaffing_12856574.txt
2026-09-28,852981200,https://apply.usastaffing.gov/ViewQuestionnaire/12857027,usastaffing_api,switched to new wording,2026-09-28/usastaffing_12857027.txt
2026-09-28,853032300,https://apply.usastaffing.gov/ViewQuestionnaire/12857061,usastaffing_api,switched to new wording,2026-09-28/usastaffing_12857061.txt
2026-09-28,853042900,https://apply.usastaffing.gov/ViewQuestionnaire/12857343,usastaffing_api,switched to new wording,2026-09-28/usastaffing_12857343.txt
2026-09-28,853095800,https://apply.usastaffing.gov/ViewQuestionnaire/12841537,usastaffing_api,switched to new wording,2026-09-28/usastaffing_12841537.txt
2026-09-28,853050700,https://apply.usastaffing.gov/ViewQuestionnaire/12857410,usastaffing_api,still old wording,2026-09-28/usastaffing_12857410.txt
2026-09-28,853061700,https://apply.usastaffing.gov/ViewQuestionnaire/12857453,usastaffing_api,switched to new wording,2026-09-28/usastaffing_12857453.txt
2026-09-28,853073100,https://apply.usastaffing.gov/ViewQuestionnaire/12857563,usastaffing_api,switched to new wording,2026-09-28/usastaffing_12857563.txt
2026-09-28,853082300,https://apply.usastaffing.gov/ViewQuestionnaire/12857595,usastaffing_api,switched to new wording,2026-09-28/usastaffing_12857595.txt
2026-09-28,852966900,https://apply.usastaffing.gov/ViewQuestionnaire/12854190,usastaffing_api,still old wording,2026-09-28/usastaffing_12854190.txt
2026-09-28,853129800,https://apply.usastaffing.gov/ViewQuestionnaire/12856078,usastaffing_api,still old wording,2026-09-28/usastaffing_12856078.txt
2026-09-28,853133200,https://apply.usastaffing.gov/ViewQuestionnaire/12857518,usastaffing_api,still old wording,2026-09-28/usastaffing_12857518.txt
2026-09-28,853133300,https://apply.usastaffing.gov/ViewQuestionnaire/12857519,usastaffing_api,still old wording,2026-09-28/usastaffing_12857519.txt
2026-09-28,853141100,https://apply.usastaffing.gov/ViewQuestionnaire/12857572,usastaffing_api,still old wording,2026-09-28/usastaffing_12857572.txt
2026-09-28,853141400,https://apply.usastaffing.gov/ViewQuestionnaire/12857573,usastaffing_api,still old wording,2026-09-28/usastaffing_12857573.txt
2026-09-28,853118900,https://apply.usastaffing.gov/ViewQuestionnaire/12857811,usastaffing_api,switched to new wording,2026-09-28/usastaffing_12857811.txt
2026-09-28,853124700,https://apply.usastaffing.gov/ViewQuestionnaire/12857845,usastaffing_api,switched to new wording,2026-09-28/usastaffing_12857845.txt
2026-09-28,853263900,https://apply.usastaffing.gov/ViewQuestionnaire/12857257,usastaffing_api,still old wording,2026-09-28/usastaffing_12857257.txt
2026-09-28,853481700,https://apply.usastaffing.gov/ViewQuestionnaire/12858455,usastaffing_api,switched to new wording,2026-09-28/usastaffing_12858455.txt
2026-09-28,853482100,https://apply.usastaffing.gov/ViewQuestionnaire/12858951,usastaffing_api,still old wording,2026-09-28/usastaffing_12858951.txt
2026-09-28,853483300,https://apply.usastaffing.gov/ViewQuestionnaire/12859028,usastaffing_api,still old wording,2026-09-28/usastaffing_12859028.txt
2026-09-28,853470300,https://apply.usastaffing.gov/ViewQuestionnaire/12859500,usastaffing_api,still old wording,2026-09-28/usastaffing_12859500.txt
2026-09-28,853575200,https://apply.usastaffing.gov/ViewQuestionnaire/12860382,usastaffing_api,still old wording,2026-09-28/usastaffing_12860382.txt
2026-09-28,853858800,https://apply.usastaffing.gov/ViewQuestionnaire/12857761,usastaffing_api,still old wording,2026-09-28/usastaffing_12857761.txt
2026-09-28,853812100,https://apply.usastaffing.gov/ViewQuestionnaire/12857784,usastaffing_api,still old wording,2026-09-28/usastaffing_12857784.txt
2026-09-28,853858300,https://apply.usastaffing.gov/ViewQuestionnaire/12855861,usastaffing_api,still old wording,2026-09-28/usastaffing_12855861.txt
2026-09-28,854039000,https://apply.usastaffing.gov/ViewQuestionnaire/12861653,usastaffing_api,switched to new wording,2026-09-28/usastaffing_12861653.txt
2026-09-28,854747700,https://apply.usastaffing.gov/ViewQuestionnaire/12811712,usastaffing_api,still old wording,2026-09-28/usastaffing_12811712.txt
2026-09-28,854458300,https://apply.usastaffing.gov/ViewQuestionnaire/12865759,usastaffing_api,switched to new wording,2026-09-28/usastaffing_12865759.txt
2026-09-28,854457500,https://apply.usastaffing.gov/ViewQuestionnaire/12862606,usastaffing_api,still old wording,2026-09-28/usastaffing_12862606.txt
2026-09-28,854258800,https://apply.usastaffing.gov/ViewQuestionnaire/12863161,usastaffing_api,switched to new wording,2026-09-28/usastaffing_12863161.txt
2026-09-28,854797400,https://apply.usastaffing.gov/ViewQuestionnaire/12868011,usastaffing_api,switched to new wording,2026-09-28/usastaffing_12868011.txt
2026-09-28,854808100,https://apply.usastaffing.gov/ViewQuestionnaire/12861063,usastaffing_api,still old wording,2026-09-28/usastaffing_12861063.txt
2026-09-28,855997700,https://apply.usastaffing.gov/ViewQuestionnaire/12868953,usastaffing_api,still old wording,2026-09-28/usastaffing_12868953.txt
2026-09-28,855677700,https://apply.usastaffing.gov/ViewQuestionnaire/12874424,usastaffing_api,switched to new wording,2026-09-28/usastaffing_12874424.txt
2026-09-28,855668800,https://apply.usastaffing.gov/ViewQuestionnaire/12861294,usastaffing_api,switched to new wording,2026-09-28/usastaffing_12861294.txt
2026-09-28,856066100,https://apply.usastaffing.gov/ViewQuestionnaire/12874297,usastaffing_api,still old wording,2026-09-28/usastaffing_12874297.txt
2026-09-28,856270700,https://apply.usastaffing.gov/ViewQuestionnaire/12873971,usastaffing_api,switched to new wording,2026-09-28/usastaffing_12873971.txt
2026-09-28,856925000,https://jobs.faa.gov/Preview/97128,browser,rescrape failed,
2026-09-28,856291200,https://apply.usastaffing.gov/ViewQuestionnaire/12878192,usastaffing_api,switched to new wording,2026-09-28/usastaffing_12878192.txt
2026-09-28,856472200,https://apply.usastaffing.gov/ViewQuestionnaire/12876824,usastaffing_api,switched to new wording,2026-09-28/usastaffing_12876824.txt
2026-09-28,856856200,https://apply.usastaffing.gov/ViewQuestionnaire/12877015,usastaffing_api,still old wording,2026-09-28/usastaffing_12877015.txt
2026-09-28,856857200,https://apply.usastaffing.gov/ViewQuestionnaire/12878213,usastaffing_api,switched to new wording,2026-09-28/usastaffing_12878213.txt
2026-09-28,858058400,https://jobs.monstergovt.com/bopmp/ros/rosDashboard.hms?O=2&J=181357,monster_requests,still old wording,2026-09-28/monster_181357.txt
2026-09-28,857802200,https://apply.usastaffing.gov/ViewQuestionnaire/12884585,usastaffing_api,switched to new wording,2026-09-28/usastaffing_12884585.txt
2026-09-28,857792600,https://apply.usastaffing.gov/ViewQuestionnaire/12889551,usastaffing_api,still old wording,2026-09-28/usastaffing_12889551.txt
2026-09-28,857649200,https://apply.usastaffing.gov/ViewQuestionnaire/12882293,usastaffing_api,still old wording,2026-09-28/usastaffing_12882293.txt
2026-09-28,857652100,https://apply.usastaffing.gov/ViewQuestionnaire/12882271,usastaffing_api,still old wording,2026-09-28/usastaffing_12882271.txt
2026-09-28,857758800,https://apply.usastaffing.gov/ViewQuestionnaire/12886298,usastaffing_api,still old wording,2026-09-28/usastaffing_12886298.txt
2026-09-28,857182000,https://apply.usastaffing.gov/ViewQuestionnaire/12879527,usastaffing_api,still old wording,2026-09-28/usastaffing_12879527.txt
2026-09-28,858034600,https://apply.usastaffing.gov/ViewQuestionnaire/12867970,usastaffing_api,switched to new wording,2026-09-28/usastaffing_12867970.txt
2026-09-28,857921000,https://apply.usastaffing.gov/ViewQuestionnaire/12886461,usastaffing_api,switched to new wording,2026-09-28/usastaffing_12886461.txt
2026-09-28,858098300,https://apply.usastaffing.gov/ViewQuestionnaire/12892132,usastaffing_api,switched to new wording,2026-09-28/usastaffing_12892132.txt
2026-09-28,858283000,https://apply.usastaffing.gov/ViewQuestionnaire/12893269,usastaffing_api,switched to new wording,2026-09-28/usastaffing_12893269.txt
2026-09-28,857993900,https://apply.usastaffing.gov/ViewQuestionnaire/12891003,usastaffing_api,still old wording,2026-09-28/usastaffing_12891003.txt
2026-09-28,858195400,https://apply.usastaffing.gov/ViewQuestionnaire/12892630,usastaffing_api,switched to new wording,2026-09-28/usastaffing_12892630.txt
2026-09-28,858079300,https://apply.usastaffing.gov/ViewQuestionnaire/12891874,usastaffing_api,switched to new wording,2026-09-28/usastaffing_12891874.txt
2026-09-28,858561500,https://apply.usastaffing.gov/ViewQuestionnaire/12894830,usastaffing_api,switched to new wording,2026-09-28/usastaffing_12894830.txt
2026-09-28,858552200,https://apply.usastaffing.gov/ViewQuestionnaire/12885915,usastaffing_api,switched to new wording,2026-09-28/usastaffing_12885915.txt
2026-09-28,858530800,https://apply.usastaffing.gov/ViewQuestionnaire/12894629,usastaffing_api,still old wording,2026-09-28/usastaffing_12894629.txt
2026-09-28,858633700,https://jobs.faa.gov/Preview/97372,browser,rescrape failed,
2026-09-28,858635700,https://jobs.faa.gov/Preview/97373,browser,rescrape failed,
2026-09-28,858636600,https://jobs.faa.gov/Preview/97374,browser,rescrape failed,
2026-09-28,858713900,https://jobs.faa.gov/Preview/96073,browser,rescrape failed,
2026-09-28,858672400,https://jobs.faa.gov/Preview/97378,browser,rescrape failed,
2026-09-28,858682400,https://jobs.faa.gov/Preview/97379,browser,rescrape failed,
2026-09-28,859354800,https://apply.usastaffing.gov/ViewQuestionnaire/12899308,usastaffing_api,still old wording,2026-09-28/usastaffing_12899308.txt
2026-09-28,859446300,https://jobs.monstergovt.com/bopmp/ros/rosDashboard.hms?O=2&J=181538,monster_requests,still old wording,2026-09-28/monster_181538.txt
2026-09-28,859446200,https://jobs.monstergovt.com/bopmp/ros/rosDashboard.hms?O=2&J=181549,monster_requests,still old wording,2026-09-28/monster_181549.txt
2026-09-28,859446400,https://jobs.monstergovt.com/bopmp/ros/rosDashboard.hms?O=2&J=181558,monster_requests,still old wording,2026-09-28/monster_181558.txt
2026-09-28,859449200,https://jobs.monstergovt.com/bopmp/ros/rosDashboard.hms?O=2&J=181559,monster_requests,still old wording,2026-09-28/monster_181559.txt
2026-09-28,859726900,https://apply.usastaffing.gov/ViewQuestionnaire/12900851,usastaffing_api,switched to new wording,2026-09-28/usastaffing_12900851.txt
2026-09-28,859568600,https://apply.usastaffing.gov/ViewQuestionnaire/12889044,usastaffing_api,still old wording,2026-09-28/usastaffing_12889044.txt
2026-09-28,859568900,https://apply.usastaffing.gov/ViewQuestionnaire/12892054,usastaffing_api,still old wording,2026-09-28/usastaffing_12892054.txt
2026-09-28,860223900,https://apply.usastaffing.gov/ViewQuestionnaire/12903552,usastaffing_api,switched to new wording,2026-09-28/usastaffing_12903552.txt
2026-09-28,860144700,https://apply.usastaffing.gov/ViewQuestionnaire/12904085,usastaffing_api,switched to new wording,2026-09-28/usastaffing_12904085.txt
2026-09-28,860985600,https://apply.usastaffing.gov/ViewQuestionnaire/12908129,usastaffing_api,switched to new wording,2026-09-28/usastaffing_12908129.txt
2026-09-28,861079800,https://apply.usastaffing.gov/ViewQuestionnaire/12904873,usastaffing_api,switched to new wording,2026-09-28/usastaffing_12904873.txt
2026-09-28,861531500,https://jobs.monstergovt.com/edu/rospost/?O=1&J=68110,monster_requests,still old wording,2026-09-28/monster_68110.txt
2026-09-28,861532700,https://jobs.monstergovt.com/edu/rospost/?O=1&J=68116,monster_requests,still old wording,2026-09-28/monster_68116.txt
2026-09-28,861579700,https://apply.usastaffing.gov/ViewQuestionnaire/12902472,usastaffing_api,still old wording,2026-09-28/usastaffing_12902472.txt
2026-09-28,861714000,https://apply.usastaffing.gov/ViewQuestionnaire/12912913,usastaffing_api,still old wording,2026-09-28/usastaffing_12912913.txt
2026-09-28,861914900,https://jobs.monstergovt.com/bopmp/ros/rosDashboard.hms?O=2&J=182181,monster_requests,still old wording,2026-09-28/monster_182181.txt
2026-09-28,861921300,https://jobs.monstergovt.com/bopmp/ros/rosDashboard.hms?O=2&J=182196,monster_requests,still old wording,2026-09-28/monster_182196.txt
2026-09-28,861925200,https://jobs.monstergovt.com/bopmp/ros/rosDashboard.hms?O=2&J=182180,monster_requests,still old wording,2026-09-28/monster_182180.txt
2026-09-28,861930300,https://jobs.monstergovt.com/bopmp/ros/rosDashboard.hms?O=2&J=182194,monster_requests,still old wording,2026-09-28/monster_182194.txt
2026-09-28,861926900,https://jobs.monstergovt.com/bopmp/ros/rosDashboard.hms?O=2&J=182184,monster_requests,still old wording,2026-09-28/monster_182184.txt
2026-09-28,861928100,https://jobs.monstergovt.com/bopmp/ros/rosDashboard.hms?O=2&J=182185,monster_requests,still old wording,2026-09-28/monster_182185.txt
2026-09-28,861928400,https://jobs.monstergovt.com/bopmp/ros/rosDashboard.hms?O=2&J=182188,monster_requests,still old wording,2026-09-28/monster_182188.txt
2026-09-28,861929300,https://jobs.monstergovt.com/bopmp/ros/rosDashboard.hms?O=2&J=182191,monster_requests,still old wording,2026-09-28/monster_182191.txt
2026-09-28,861916000,https://jobs.monstergovt.com/bopmp/ros/rosDashboard.hms?O=2&J=182183,monster_requests,still old wording,2026-09-28/monster_182183.txt
2026-09-28,861919100,https://jobs.monstergovt.com/bopmp/ros/rosDashboard.hms?O=2&J=182187,monster_requests,still old wording,2026-09-28/monster_182187.txt
2026-09-28,861929900,https://jobs.monstergovt.com/bopmp/ros/rosDashboard.hms?O=2&J=182193,monster_requests,still old wording,2026-09-28/monster_182193.txt
2026-09-28,861919700,https://jobs.monstergovt.com/bopmp/ros/rosDashboard.hms?O=2&J=182189,monster_requests,still old wording,2026-09-28/monster_182189.txt
2026-09-28,861920200,https://jobs.monstergovt.com/bopmp/ros/rosDashboard.hms?O=2&J=182190,monster_requests,still old wording,2026-09-28/monster_182190.txt
2026-09-28,861920700,https://jobs.monstergovt.com/bopmp/ros/rosDashboard.hms?O=2&J=182192,monster_requests,still old wording,2026-09-28/monster_182192.txt
2026-09-28,861925700,https://jobs.monstergovt.com/bopmp/ros/rosDashboard.hms?O=2&J=182182,monster_requests,still old wording,2026-09-28/monster_182182.txt
2026-09-28,862044100,https://apply.usastaffing.gov/ViewQuestionnaire/12917539,usastaffing_api,switched to new wording,2026-09-28/usastaffing_12917539.txt
2026-09-28,861963300,https://apply.usastaffing.gov/ViewQuestionnaire/12916559,usastaffing_api,switched to new wording,2026-09-28/usastaffing_12916559.txt
2026-09-28,870552500,https://jobs.monstergovt.com/bopmp/ros/rosDashboard.hms?O=2&J=182181,monster_requests,still old wording,2026-09-28/monster_182181.txt
2026-09-28,862174700,https://apply.usastaffing.gov/ViewQuestionnaire/12914543,usastaffing_api,switched to new wording,2026-09-28/usastaffing_12914543.txt
2026-09-28,862186900,https://jobs.monstergovt.com/edu/rospost/?O=1&J=68121,monster_requests,still old wording,2026-09-28/monster_68121.txt
2026-09-28,862613400,https://apply.usastaffing.gov/ViewQuestionnaire/12922210,usastaffing_api,still old wording,2026-09-28/usastaffing_12922210.txt
2026-09-28,862957100,https://apply.usastaffing.gov/ViewQuestionnaire/12920592,usastaffing_api,switched to new wording,2026-09-28/usastaffing_12920592.txt
2026-09-28,862873300,https://apply.usastaffing.gov/ViewQuestionnaire/12921810,usastaffing_api,switched to new wording,2026-09-28/usastaffing_12921810.txt
2026-09-28,863269200,https://apply.usastaffing.gov/ViewQuestionnaire/12908297,usastaffing_api,switched to new wording,2026-09-28/usastaffing_12908297.txt
2026-09-28,863311100,https://apply.usastaffing.gov/ViewQuestionnaire/12923954,usastaffing_api,switched to new wording,2026-09-28/usastaffing_12923954.txt
2026-09-28,863312200,https://apply.usastaffing.gov/ViewQuestionnaire/12925661,usastaffing_api,switched to new wording,2026-09-28/usastaffing_12925661.txt
2026-09-28,863348200,https://apply.usastaffing.gov/ViewQuestionnaire/12918587,usastaffing_api,switched to new wording,2026-09-28/usastaffing_12918587.txt
2026-09-28,862553500,https://jobs.faa.gov/Preview/97750,browser,rescrape failed,
2026-09-28,863458500,https://apply.usastaffing.gov/ViewQuestionnaire/12925885,usastaffing_api,still old wording,2026-09-28/usastaffing_12925885.txt
2026-09-28,863711100,https://apply.usastaffing.gov/ViewQuestionnaire/12928492,usastaffing_api,switched to new wording,2026-09-28/usastaffing_12928492.txt
2026-09-28,863721400,https://apply.usastaffing.gov/ViewQuestionnaire/12925789,usastaffing_api,switched to new wording,2026-09-28/usastaffing_12925789.txt
2026-09-28,863616300,https://apply.usastaffing.gov/ViewQuestionnaire/12927888,usastaffing_api,switched to new wording,2026-09-28/usastaffing_12927888.txt
2026-09-28,863963100,https://apply.usastaffing.gov/ViewQuestionnaire/12929456,usastaffing_api,still old wording,2026-09-28/usastaffing_12929456.txt
2026-09-28,864056200,https://jobs.monstergovt.com/dot/ros/rosDashboard.hms?O=2&J=92476,monster_requests,still old wording,2026-09-28/monster_92476.txt
2026-09-28,864351000,https://apply.usastaffing.gov/ViewQuestionnaire/12926050,usastaffing_api,still old wording,2026-09-28/usastaffing_12926050.txt
2026-09-28,864303200,https://jobs.monstergovt.com/dot/ros/rosDashboard.hms?O=2&J=92502,monster_requests,still old wording,2026-09-28/monster_92502.txt
2026-09-28,864341300,https://apply.usastaffing.gov/ViewQuestionnaire/12929971,usastaffing_api,switched to new wording,2026-09-28/usastaffing_12929971.txt
2026-09-28,864439600,https://apply.usastaffing.gov/ViewQuestionnaire/12932665,usastaffing_api,switched to new wording,2026-09-28/usastaffing_12932665.txt
2026-09-28,864463400,https://jobs.faa.gov/Preview/98114,browser,rescrape failed,
2026-09-28,864301400,https://apply.usastaffing.gov/ViewQuestionnaire/12929849,usastaffing_api,switched to new wording,2026-09-28/usastaffing_12929849.txt
2026-09-28,864483900,https://jobs.monstergovt.com/dot/ros/rosDashboard.hms?O=2&J=92489,monster_requests,still old wording,2026-09-28/monster_92489.txt
2026-09-28,864665200,https://jobs.monstergovt.com/dot/ros/rosDashboard.hms?O=2&J=92517,monster_requests,still old wording,2026-09-28/monster_92517.txt
2026-09-28,864603500,https://apply.usastaffing.gov/ViewQuestionnaire/12913890,usastaffing_api,still old wording,2026-09-28/usastaffing_12913890.txt
2026-09-28,864512900,https://apply.usastaffing.gov/ViewQuestionnaire/12933007,usastaffing_api,switched to new wording,2026-09-28/usastaffing_12933007.txt
2026-09-28,864744900,https://apply.usastaffing.gov/ViewQuestionnaire/12933835,usastaffing_api,switched to new wording,2026-09-28/usastaffing_12933835.txt
2026-09-28,864695500,https://apply.usastaffing.gov/ViewQuestionnaire/12932764,usastaffing_api,switched to new wording,2026-09-28/usastaffing_12932764.txt
2026-09-28,864744000,https://apply.usastaffing.gov/ViewQuestionnaire/12934039,usastaffing_api,switched to new wording,2026-09-28/usastaffing_12934039.txt
2026-09-28,864745600,https://apply.usastaffing.gov/ViewQuestionnaire/12934069,usastaffing_api,switched to new wording,2026-09-28/usastaffing_12934069.txt
2026-09-28,864894100,https://jobs.faa.gov/Preview/95740,browser,rescrape failed,
2026-09-28,864890800,https://jobs.faa.gov/Preview/98161,browser,rescrape failed,
2026-09-28,864912000,https://jobs.faa.gov/Preview/98165,browser,rescrape failed,
2026-09-28,864906500,https://jobs.faa.gov/Preview/98164,browser,rescrape failed,
2026-09-28,864914000,https://apply.usastaffing.gov/ViewQuestionnaire/12934960,usastaffing_api,switched to new wording,2026-09-28/usastaffing_12934960.txt
2026-09-28,864914600,https://apply.usastaffing.gov/ViewQuestionnaire/12935002,usastaffing_api,switched to new wording,2026-09-28/usastaffing_12935002.txt
2026-09-28,864915000,https://apply.usastaffing.gov/ViewQuestionnaire/12935004,usastaffing_api,switched to new wording,2026-09-28/usastaffing_12935004.txt
2026-09-28,864915800,https://apply.usastaffing.gov/ViewQuestionnaire/12935006,usastaffing_api,switched to new wording,2026-09-28/usastaffing_12935006.txt
2026-09-28,864975100,https://apply.usastaffing.gov/ViewQuestionnaire/12930910,usastaffing_api,switched to new wording,2026-09-28/usastaffing_12930910.txt
2026-09-28,864992900,https://apply.usastaffing.gov/ViewQuestionnaire/12935613,usastaffing_api,still old wording,2026-09-28/usastaffing_12935613.txt
2026-09-28,865180800,https://apply.usastaffing.gov/ViewQuestionnaire/12936394,usastaffing_api,still old wording,2026-09-28/usastaffing_12936394.txt
2026-09-28,865182600,https://apply.usastaffing.gov/ViewQuestionnaire/12936395,usastaffing_api,still old wording,2026-09-28/usastaffing_12936395.txt
2026-09-28,865142100,https://apply.usastaffing.gov/ViewQuestionnaire/12931880,usastaffing_api,switched to new wording,2026-09-28/usastaffing_12931880.txt
2026-09-28,865155700,https://apply.usastaffing.gov/ViewQuestionnaire/12932184,usastaffing_api,switched to new wording,2026-09-28/usastaffing_12932184.txt
2026-09-28,865188800,https://apply.usastaffing.gov/ViewQuestionnaire/12925792,usastaffing_api,switched to new wording,2026-09-28/usastaffing_12925792.txt
2026-09-28,865272100,https://apply.usastaffing.gov/ViewQuestionnaire/12936962,usastaffing_api,still old wording,2026-09-28/usastaffing_12936962.txt
2026-09-28,865235200,https://apply.usastaffing.gov/ViewQuestionnaire/12934720,usastaffing_api,switched to new wording,2026-09-28/usastaffing_12934720.txt
2026-09-28,865315600,https://apply.usastaffing.gov/ViewQuestionnaire/12929257,usastaffing_api,switched to new wording,2026-09-28/usastaffing_12929257.txt
2026-09-28,865420200,https://apply.usastaffing.gov/ViewQuestionnaire/12916708,usastaffing_api,switched to new wording,2026-09-28/usastaffing_12916708.txt
2026-09-28,864982700,https://apply.usastaffing.gov/ViewQuestionnaire/12935054,usastaffing_api,switched to new wording,2026-09-28/usastaffing_12935054.txt
2026-09-28,865600600,https://apply.usastaffing.gov/ViewQuestionnaire/12940368,usastaffing_api,switched to new wording,2026-09-28/usastaffing_12940368.txt
2026-09-28,865670500,https://apply.usastaffing.gov/ViewQuestionnaire/12938290,usastaffing_api,switched to new wording,2026-09-28/usastaffing_12938290.txt
2026-09-28,865457200,https://apply.usastaffing.gov/ViewQuestionnaire/12938488,usastaffing_api,still old wording,2026-09-28/usastaffing_12938488.txt
2026-09-28,865782900,https://apply.usastaffing.gov/ViewQuestionnaire/12941430,usastaffing_api,switched to new wording,2026-09-28/usastaffing_12941430.txt
2026-09-28,866120600,https://jobs.monstergovt.com/edu/rospost/?O=1&J=68147,monster_requests,still old wording,2026-09-28/monster_68147.txt
2026-09-28,866124100,https://jobs.monstergovt.com/edu/rospost/?O=1&J=68148,monster_requests,still old wording,2026-09-28/monster_68148.txt
2026-09-28,865962600,https://apply.usastaffing.gov/ViewQuestionnaire/12936627,usastaffing_api,switched to new wording,2026-09-28/usastaffing_12936627.txt
2026-09-28,865979200,https://jobs.monstergovt.com/dot/ros/rosDashboard.hms?O=2&J=92527,monster_requests,still old wording,2026-09-28/monster_92527.txt
2026-09-28,866301600,https://apply.usastaffing.gov/ViewQuestionnaire/12944198,usastaffing_api,still old wording,2026-09-28/usastaffing_12944198.txt
2026-09-28,866358000,https://jobs.monstergovt.com/dot/ros/rosDashboard.hms?O=2&J=92551,monster_requests,still old wording,2026-09-28/monster_92551.txt
2026-09-28,866376400,https://apply.usastaffing.gov/ViewQuestionnaire/12943957,usastaffing_api,still old wording,2026-09-28/usastaffing_12943957.txt
2026-09-28,866372700,https://apply.usastaffing.gov/ViewQuestionnaire/12936653,usastaffing_api,still old wording,2026-09-28/usastaffing_12936653.txt
2026-09-28,866588900,https://apply.usastaffing.gov/ViewQuestionnaire/12946149,usastaffing_api,switched to new wording,2026-09-28/usastaffing_12946149.txt
2026-09-28,866703000,https://apply.usastaffing.gov/ViewQuestionnaire/12941711,usastaffing_api,switched to new wording,2026-09-28/usastaffing_12941711.txt
2026-09-28,866579000,https://apply.usastaffing.gov/ViewQuestionnaire/12946152,usastaffing_api,switched to new wording,2026-09-28/usastaffing_12946152.txt
2026-09-28,866808600,https://apply.usastaffing.gov/ViewQuestionnaire/12947571,usastaffing_api,switched to new wording,2026-09-28/usastaffing_12947571.txt
2026-09-28,866944100,https://apply.usastaffing.gov/ViewQuestionnaire/12947941,usastaffing_api,still old wording,2026-09-28/usastaffing_12947941.txt
2026-09-28,867014100,https://apply.usastaffing.gov/ViewQuestionnaire/12944442,usastaffing_api,switched to new wording,2026-09-28/usastaffing_12944442.txt
2026-09-28,867216300,https://apply.usastaffing.gov/ViewQuestionnaire/12945869,usastaffing_api,switched to new wording,2026-09-28/usastaffing_12945869.txt
2026-09-28,867383400,https://apply.usastaffing.gov/ViewQuestionnaire/12950386,usastaffing_api,still old wording,2026-09-28/usastaffing_12950386.txt
2026-09-28,867259300,https://apply.usastaffing.gov/ViewQuestionnaire/12947704,usastaffing_api,switched to new wording,2026-09-28/usastaffing_12947704.txt
2026-09-28,867260400,https://apply.usastaffing.gov/ViewQuestionnaire/12947756,usastaffing_api,still old wording,2026-09-28/usastaffing_12947756.txt
2026-09-28,867260700,https://apply.usastaffing.gov/ViewQuestionnaire/12947773,usastaffing_api,still old wording,2026-09-28/usastaffing_12947773.txt
2026-09-28,867327400,https://apply.usastaffing.gov/ViewQuestionnaire/12946466,usastaffing_api,still old wording,2026-09-28/usastaffing_12946466.txt
2026-09-28,867382500,https://apply.usastaffing.gov/ViewQuestionnaire/12945552,usastaffing_api,still old wording,2026-09-28/usastaffing_12945552.txt
2026-09-28,867386900,https://apply.usastaffing.gov/ViewQuestionnaire/12946029,usastaffing_api,still old wording,2026-09-28/usastaffing_12946029.txt
2026-09-28,867649700,https://apply.usastaffing.gov/ViewQuestionnaire/12952464,usastaffing_api,still old wording,2026-09-28/usastaffing_12952464.txt
2026-09-28,867509500,https://apply.usastaffing.gov/ViewQuestionnaire/12947627,usastaffing_api,still old wording,2026-09-28/usastaffing_12947627.txt
2026-09-28,867524700,https://apply.usastaffing.gov/ViewQuestionnaire/12950454,usastaffing_api,switched to new wording,2026-09-28/usastaffing_12950454.txt
2026-09-28,867593500,https://apply.usastaffing.gov/ViewQuestionnaire/12951968,usastaffing_api,switched to new wording,2026-09-28/usastaffing_12951968.txt
2026-09-28,867662100,https://apply.usastaffing.gov/ViewQuestionnaire/12935286,usastaffing_api,still old wording,2026-09-28/usastaffing_12935286.txt
2026-09-28,867702700,https://apply.usastaffing.gov/ViewQuestionnaire/12944984,usastaffing_api,switched to new wording,2026-09-28/usastaffing_12944984.txt
2026-09-28,868013300,https://apply.usastaffing.gov/ViewQuestionnaire/12954438,usastaffing_api,switched to new wording,2026-09-28/usastaffing_12954438.txt
2026-09-28,868186900,https://apply.usastaffing.gov/ViewQuestionnaire/12947960,usastaffing_api,switched to new wording,2026-09-28/usastaffing_12947960.txt
2026-09-28,867865200,https://apply.usastaffing.gov/ViewQuestionnaire/12953108,usastaffing_api,switched to new wording,2026-09-28/usastaffing_12953108.txt
2026-09-28,868974300,https://apply.usastaffing.gov/ViewQuestionnaire/12955306,usastaffing_api,switched to new wording,2026-09-28/usastaffing_12955306.txt
2026-09-28,868672400,https://apply.usastaffing.gov/ViewQuestionnaire/12941874,usastaffing_api,switched to new wording,2026-09-28/usastaffing_12941874.txt
2026-09-28,868599800,https://apply.usastaffing.gov/ViewQuestionnaire/12958418,usastaffing_api,still old wording,2026-09-28/usastaffing_12958418.txt
2026-09-28,868938900,https://apply.usastaffing.gov/ViewQuestionnaire/12943012,usastaffing_api,switched to new wording,2026-09-28/usastaffing_12943012.txt
2026-09-28,868516900,https://apply.usastaffing.gov/ViewQuestionnaire/12957862,usastaffing_api,still old wording,2026-09-28/usastaffing_12957862.txt
2026-09-28,868975800,https://apply.usastaffing.gov/ViewQuestionnaire/12960489,usastaffing_api,still old wording,2026-09-28/usastaffing_12960489.txt
2026-09-28,869158000,https://apply.usastaffing.gov/ViewQuestionnaire/12961299,usastaffing_api,still old wording,2026-09-28/usastaffing_12961299.txt
2026-09-28,869053900,https://apply.usastaffing.gov/ViewQuestionnaire/12960992,usastaffing_api,switched to new wording,2026-09-28/usastaffing_12960992.txt
2026-09-28,869326900,https://apply.usastaffing.gov/ViewQuestionnaire/12961344,usastaffing_api,still old wording,2026-09-28/usastaffing_12961344.txt
2026-09-28,869435000,https://apply.usastaffing.gov/ViewQuestionnaire/12962488,usastaffing_api,still old wording,2026-09-28/usastaffing_12962488.txt
2026-09-28,869089800,https://apply.usastaffing.gov/ViewQuestionnaire/12960692,usastaffing_api,switched to new wording,2026-09-28/usastaffing_12960692.txt
2026-09-28,869287500,https://apply.usastaffing.gov/ViewQuestionnaire/12961880,usastaffing_api,switched to new wording,2026-09-28/usastaffing_12961880.txt
2026-09-28,869537200,https://apply.usastaffing.gov/ViewQuestionnaire/12960270,usastaffing_api,switched to new wording,2026-09-28/usastaffing_12960270.txt
2026-09-28,869321300,https://apply.usastaffing.gov/ViewQuestionnaire/12955636,usastaffing_api,switched to new wording,2026-09-28/usastaffing_12955636.txt
2026-09-28,869566300,https://apply.usastaffing.gov/ViewQuestionnaire/12964868,usastaffing_api,switched to new wording,2026-09-28/usastaffing_12964868.txt
2026-09-28,869583200,https://jobs.monstergovt.com/dot/ros/rosDashboard.hms?O=2&J=92630,monster_requests,still old wording,2026-09-28/monster_92630.txt
2026-09-28,869336600,https://apply.usastaffing.gov/ViewQuestionnaire/12962212,usastaffing_api,still old wording,2026-09-28/usastaffing_12962212.txt
2026-09-28,869633100,https://apply.usastaffing.gov/ViewQuestionnaire/12951642,usastaffing_api,still old wording,2026-09-28/usastaffing_12951642.txt
2026-09-28,869241500,https://apply.usastaffing.gov/ViewQuestionnaire/12962145,usastaffing_api,still old wording,2026-09-28/usastaffing_12962145.txt
2026-09-28,869616100,https://apply.usastaffing.gov/ViewQuestionnaire/12951404,usastaffing_api,switched to new wording,2026-09-28/usastaffing_12951404.txt
2026-09-28,869296400,https://apply.usastaffing.gov/ViewQuestionnaire/12962432,usastaffing_api,still old wording,2026-09-28/usastaffing_12962432.txt
2026-09-28,869705600,https://apply.usastaffing.gov/ViewQuestionnaire/12961516,usastaffing_api,switched to new wording,2026-09-28/usastaffing_12961516.txt
2026-09-28,869659700,https://apply.usastaffing.gov/ViewQuestionnaire/12964914,usastaffing_api,still old wording,2026-09-28/usastaffing_12964914.txt
2026-09-28,869981100,https://apply.usastaffing.gov/ViewQuestionnaire/12962494,usastaffing_api,switched to new wording,2026-09-28/usastaffing_12962494.txt
2026-09-28,869831700,https://jobs.monstergovt.com/bopmp/ros/rosDashboard.hms?O=2&J=183580,monster_requests,still old wording,2026-09-28/monster_183580.txt
2026-09-28,869969800,https://apply.usastaffing.gov/ViewQuestionnaire/12964634,usastaffing_api,switched to new wording,2026-09-28/usastaffing_12964634.txt
2026-09-28,870050100,https://apply.usastaffing.gov/ViewQuestionnaire/12967254,usastaffing_api,switched to new wording,2026-09-28/usastaffing_12967254.txt
2026-09-28,869993200,https://apply.usastaffing.gov/ViewQuestionnaire/12967295,usastaffing_api,switched to new wording,2026-09-28/usastaffing_12967295.txt
2026-09-28,870055800,https://apply.usastaffing.gov/ViewQuestionnaire/12966649,usastaffing_api,still old wording,2026-09-28/usastaffing_12966649.txt
2026-09-28,870497100,https://apply.usastaffing.gov/ViewQuestionnaire/12970289,usastaffing_api,still old wording,2026-09-28/usastaffing_12970289.txt
2026-09-28,870611300,https://apply.usastaffing.gov/ViewQuestionnaire/12970500,usastaffing_api,switched to new wording,2026-09-28/usastaffing_12970500.txt
2026-09-28,870682400,https://apply.usastaffing.gov/ViewQuestionnaire/12967563,usastaffing_api,switched to new wording,2026-09-28/usastaffing_12967563.txt
2026-09-28,870773600,https://apply.usastaffing.gov/ViewQuestionnaire/12970708,usastaffing_api,switched to new wording,2026-09-28/usastaffing_12970708.txt
2026-09-28,870903200,https://apply.usastaffing.gov/ViewQuestionnaire/12969478,usastaffing_api,switched to new wording,2026-09-28/usastaffing_12969478.txt
2026-09-28,870812200,https://apply.usastaffing.gov/ViewQuestionnaire/12972381,usastaffing_api,still old wording,2026-09-28/usastaffing_12972381.txt
2026-09-28,870916000,https://apply.usastaffing.gov/ViewQuestionnaire/12958646,usastaffing_api,still old wording,2026-09-28/usastaffing_12958646.txt
2026-09-28,870897500,https://apply.usastaffing.gov/ViewQuestionnaire/12970796,usastaffing_api,switched to new wording,2026-09-28/usastaffing_12970796.txt
2026-09-28,870978400,https://apply.usastaffing.gov/ViewQuestionnaire/12973171,usastaffing_api,switched to new wording,2026-09-28/usastaffing_12973171.txt
2026-09-28,871017900,https://apply.usastaffing.gov/ViewQuestionnaire/12972054,usastaffing_api,switched to new wording,2026-09-28/usastaffing_12972054.txt
2026-09-28,871136100,https://apply.usastaffing.gov/ViewQuestionnaire/12969370,usastaffing_api,still old wording,2026-09-28/usastaffing_12969370.txt
2026-09-28,871117300,https://apply.usastaffing.gov/ViewQuestionnaire/12966663,usastaffing_api,still old wording,2026-09-28/usastaffing_12966663.txt
2026-09-28,872625000,https://apply.usastaffing.gov/ViewQuestionnaire/12974359,usastaffing_api,switched to new wording,2026-09-28/usastaffing_12974359.txt
2026-09-28,871122600,https://apply.usastaffing.gov/ViewQuestionnaire/12974002,usastaffing_api,switched to new wording,2026-09-28/usastaffing_12974002.txt
2026-09-28,871141000,https://jobs.monstergovt.com/dot/ros/rosDashboard.hms?O=2&J=92646,monster_requests,still old wording,2026-09-28/monster_92646.txt
2026-09-28,871099300,https://apply.usastaffing.gov/ViewQuestionnaire/12973691,usastaffing_api,still old wording,2026-09-28/usastaffing_12973691.txt
2026-09-28,871269900,https://apply.usastaffing.gov/ViewQuestionnaire/12974703,usastaffing_api,switched to new wording,2026-09-28/usastaffing_12974703.txt
2026-09-28,871186100,https://apply.usastaffing.gov/ViewQuestionnaire/12974501,usastaffing_api,switched to new wording,2026-09-28/usastaffing_12974501.txt
2026-09-28,871234500,https://apply.usastaffing.gov/ViewQuestionnaire/12951696,usastaffing_api,switched to new wording,2026-09-28/usastaffing_12951696.txt
2026-09-28,871226800,https://apply.usastaffing.gov/ViewQuestionnaire/12974508,usastaffing_api,switched to new wording,2026-09-28/usastaffing_12974508.txt
2026-09-28,871229900,https://apply.usastaffing.gov/ViewQuestionnaire/12974747,usastaffing_api,switched to new wording,2026-09-28/usastaffing_12974747.txt
2026-09-28,870944800,https://apply.usastaffing.gov/ViewQuestionnaire/12973160,usastaffing_api,still old wording,2026-09-28/usastaffing_12973160.txt
2026-09-28,871418800,https://apply.usastaffing.gov/ViewQuestionnaire/12975364,usastaffing_api,still old wording,2026-09-28/usastaffing_12975364.txt
2026-09-28,871319000,https://apply.usastaffing.gov/ViewQuestionnaire/12973669,usastaffing_api,switched to new wording,2026-09-28/usastaffing_12973669.txt
2026-09-28,871417500,https://apply.usastaffing.gov/ViewQuestionnaire/12948717,usastaffing_api,switched to new wording,2026-09-28/usastaffing_12948717.txt
2026-09-28,871395700,https://apply.usastaffing.gov/ViewQuestionnaire/12949588,usastaffing_api,switched to new wording,2026-09-28/usastaffing_12949588.txt
2026-09-28,871396800,https://apply.usastaffing.gov/ViewQuestionnaire/12950988,usastaffing_api,still old wording,2026-09-28/usastaffing_12950988.txt
2026-09-28,871397400,https://apply.usastaffing.gov/ViewQuestionnaire/12951232,usastaffing_api,still old wording,2026-09-28/usastaffing_12951232.txt
2026-09-28,871398200,https://apply.usastaffing.gov/ViewQuestionnaire/12952280,usastaffing_api,switched to new wording,2026-09-28/usastaffing_12952280.txt
2026-09-28,871398600,https://apply.usastaffing.gov/ViewQuestionnaire/12953309,usastaffing_api,still old wording,2026-09-28/usastaffing_12953309.txt
2026-09-28,871395500,https://apply.usastaffing.gov/ViewQuestionnaire/12950060,usastaffing_api,switched to new wording,2026-09-28/usastaffing_12950060.txt
2026-09-28,871461800,https://apply.usastaffing.gov/ViewQuestionnaire/12946330,usastaffing_api,switched to new wording,2026-09-28/usastaffing_12946330.txt
2026-09-28,871501700,https://apply.usastaffing.gov/ViewQuestionnaire/12974519,usastaffing_api,switched to new wording,2026-09-28/usastaffing_12974519.txt
2026-09-28,871497900,https://apply.usastaffing.gov/ViewQuestionnaire/12951234,usastaffing_api,still old wording,2026-09-28/usastaffing_12951234.txt
2026-09-28,871526200,https://apply.usastaffing.gov/ViewQuestionnaire/12971971,usastaffing_api,switched to new wording,2026-09-28/usastaffing_12971971.txt
2026-09-28,871528500,https://apply.usastaffing.gov/ViewQuestionnaire/12973210,usastaffing_api,switched to new wording,2026-09-28/usastaffing_12973210.txt
2026-09-28,871532500,https://apply.usastaffing.gov/ViewQuestionnaire/12973853,usastaffing_api,switched to new wording,2026-09-28/usastaffing_12973853.txt
2026-09-28,871529300,https://apply.usastaffing.gov/ViewQuestionnaire/12975376,usastaffing_api,switched to new wording,2026-09-28/usastaffing_12975376.txt
2026-09-28,871545300,https://apply.usastaffing.gov/ViewQuestionnaire/12972192,usastaffing_api,switched to new wording,2026-09-28/usastaffing_12972192.txt
2026-09-28,871606900,https://apply.usastaffing.gov/ViewQuestionnaire/12975102,usastaffing_api,switched to new wording,2026-09-28/usastaffing_12975102.txt
2026-09-28,871844300,https://apply.usastaffing.gov/ViewQuestionnaire/12976311,usastaffing_api,switched to new wording,2026-09-28/usastaffing_12976311.txt
2026-09-28,871449700,https://apply.usastaffing.gov/ViewQuestionnaire/12973221,usastaffing_api,switched to new wording,2026-09-28/usastaffing_12973221.txt
2026-09-28,871784300,https://apply.usastaffing.gov/ViewQuestionnaire/12975632,usastaffing_api,still old wording,2026-09-28/usastaffing_12975632.txt
2026-09-28,871423300,https://apply.usastaffing.gov/ViewQuestionnaire/12972918,usastaffing_api,switched to new wording,2026-09-28/usastaffing_12972918.txt
2026-09-28,871748500,https://apply.usastaffing.gov/ViewQuestionnaire/12977638,usastaffing_api,switched to new wording,2026-09-28/usastaffing_12977638.txt
2026-09-28,871873000,https://apply.usastaffing.gov/ViewQuestionnaire/12978806,usastaffing_api,switched to new wording,2026-09-28/usastaffing_12978806.txt
2026-09-28,871925700,https://apply.usastaffing.gov/ViewQuestionnaire/12979037,usastaffing_api,switched to new wording,2026-09-28/usastaffing_12979037.txt
2026-09-28,871975300,https://jobs.monstergovt.com/bopmp/ros/rosDashboard.hms?O=2&J=183783,monster_requests,still old wording,2026-09-28/monster_183783.txt
2026-09-28,871975500,https://jobs.monstergovt.com/bopmp/ros/rosDashboard.hms?O=2&J=183789,monster_requests,still old wording,2026-09-28/monster_183789.txt
2026-09-28,871975700,https://jobs.monstergovt.com/bopmp/ros/rosDashboard.hms?O=2&J=183790,monster_requests,still old wording,2026-09-28/monster_183790.txt
2026-09-28,871907300,https://apply.usastaffing.gov/ViewQuestionnaire/12967245,usastaffing_api,still old wording,2026-09-28/usastaffing_12967245.txt
2026-09-28,871896900,https://apply.usastaffing.gov/ViewQuestionnaire/12969462,usastaffing_api,switched to new wording,2026-09-28/usastaffing_12969462.txt
2026-09-28,871911600,https://apply.usastaffing.gov/ViewQuestionnaire/12965810,usastaffing_api,switched to new wording,2026-09-28/usastaffing_12965810.txt
2026-09-28,872030000,https://apply.usastaffing.gov/ViewQuestionnaire/12973749,usastaffing_api,switched to new wording,2026-09-28/usastaffing_12973749.txt
2026-09-28,872031400,https://apply.usastaffing.gov/ViewQuestionnaire/12974096,usastaffing_api,switched to new wording,2026-09-28/usastaffing_12974096.txt
2026-09-28,872031000,https://apply.usastaffing.gov/ViewQuestionnaire/12971824,usastaffing_api,still old wording,2026-09-28/usastaffing_12971824.txt
2026-09-28,872029900,https://apply.usastaffing.gov/ViewQuestionnaire/12972172,usastaffing_api,switched to new wording,2026-09-28/usastaffing_12972172.txt
2026-09-28,871916200,https://apply.usastaffing.gov/ViewQuestionnaire/12966833,usastaffing_api,switched to new wording,2026-09-28/usastaffing_12966833.txt
2026-09-28,873111000,https://apply.usastaffing.gov/ViewQuestionnaire/12976207,usastaffing_api,switched to new wording,2026-09-28/usastaffing_12976207.txt
2026-09-28,873083600,https://apply.usastaffing.gov/ViewQuestionnaire/12976044,usastaffing_api,switched to new wording,2026-09-28/usastaffing_12976044.txt
2026-09-28,872100900,https://apply.usastaffing.gov/ViewQuestionnaire/12977969,usastaffing_api,switched to new wording,2026-09-28/usastaffing_12977969.txt
2026-09-28,872195400,https://apply.usastaffing.gov/ViewQuestionnaire/12977954,usastaffing_api,still old wording,2026-09-28/usastaffing_12977954.txt
2026-09-28,872055600,https://apply.usastaffing.gov/ViewQuestionnaire/12979372,usastaffing_api,switched to new wording,2026-09-28/usastaffing_12979372.txt
2026-09-28,872321500,https://apply.usastaffing.gov/ViewQuestionnaire/12981261,usastaffing_api,switched to new wording,2026-09-28/usastaffing_12981261.txt
2026-09-28,872101600,https://apply.usastaffing.gov/ViewQuestionnaire/12960437,usastaffing_api,switched to new wording,2026-09-28/usastaffing_12960437.txt
2026-09-28,872310200,https://apply.usastaffing.gov/ViewQuestionnaire/12978225,usastaffing_api,switched to new wording,2026-09-28/usastaffing_12978225.txt
2026-09-28,872283100,https://apply.usastaffing.gov/ViewQuestionnaire/12979823,usastaffing_api,switched to new wording,2026-09-28/usastaffing_12979823.txt
2026-09-28,872492000,https://apply.usastaffing.gov/ViewQuestionnaire/12982104,usastaffing_api,switched to new wording,2026-09-28/usastaffing_12982104.txt
2026-09-28,872642700,https://apply.usastaffing.gov/ViewQuestionnaire/12982197,usastaffing_api,switched to new wording,2026-09-28/usastaffing_12982197.txt
2026-09-28,872643000,https://apply.usastaffing.gov/ViewQuestionnaire/12982196,usastaffing_api,switched to new wording,2026-09-28/usastaffing_12982196.txt
2026-09-28,872625400,https://apply.usastaffing.gov/ViewQuestionnaire/12974635,usastaffing_api,switched to new wording,2026-09-28/usastaffing_12974635.txt
2026-09-28,872394700,https://apply.usastaffing.gov/ViewQuestionnaire/12981270,usastaffing_api,switched to new wording,2026-09-28/usastaffing_12981270.txt
2026-09-28,872519900,https://apply.usastaffing.gov/ViewQuestionnaire/12974116,usastaffing_api,switched to new wording,2026-09-28/usastaffing_12974116.txt
2026-09-28,872719100,https://apply.usastaffing.gov/ViewQuestionnaire/12983160,usastaffing_api,switched to new wording,2026-09-28/usastaffing_12983160.txt
2026-09-28,872810100,https://apply.usastaffing.gov/ViewQuestionnaire/12982621,usastaffing_api,switched to new wording,2026-09-28/usastaffing_12982621.txt
2026-09-28,872810500,https://apply.usastaffing.gov/ViewQuestionnaire/12982833,usastaffing_api,switched to new wording,2026-09-28/usastaffing_12982833.txt
2026-09-28,872774500,https://apply.usastaffing.gov/ViewQuestionnaire/12981122,usastaffing_api,switched to new wording,2026-09-28/usastaffing_12981122.txt
2026-09-28,872677400,https://apply.usastaffing.gov/ViewQuestionnaire/12982828,usastaffing_api,switched to new wording,2026-09-28/usastaffing_12982828.txt
2026-09-28,872811600,https://apply.usastaffing.gov/ViewQuestionnaire/12983543,usastaffing_api,switched to new wording,2026-09-28/usastaffing_12983543.txt
2026-09-28,872749100,https://apply.usastaffing.gov/ViewQuestionnaire/12983882,usastaffing_api,still old wording,2026-09-28/usastaffing_12983882.txt
2026-09-28,872950100,https://apply.usastaffing.gov/ViewQuestionnaire/12983936,usastaffing_api,switched to new wording,2026-09-28/usastaffing_12983936.txt
2026-09-28,872973200,https://apply.usastaffing.gov/ViewQuestionnaire/12986155,usastaffing_api,switched to new wording,2026-09-28/usastaffing_12986155.txt
2026-09-28,873171200,https://apply.usastaffing.gov/ViewQuestionnaire/12987578,usastaffing_api,switched to new wording,2026-09-28/usastaffing_12987578.txt
2026-09-28,873087600,https://apply.usastaffing.gov/ViewQuestionnaire/12983072,usastaffing_api,switched to new wording,2026-09-28/usastaffing_12983072.txt
2026-09-28,873089200,https://apply.usastaffing.gov/ViewQuestionnaire/12983073,usastaffing_api,switched to new wording,2026-09-28/usastaffing_12983073.txt
2026-09-28,873116200,https://apply.usastaffing.gov/ViewQuestionnaire/12980831,usastaffing_api,switched to new wording,2026-09-28/usastaffing_12980831.txt
2026-09-28,873087200,https://apply.usastaffing.gov/ViewQuestionnaire/12983719,usastaffing_api,switched to new wording,2026-09-28/usastaffing_12983719.txt
2026-09-28,873139000,https://apply.usastaffing.gov/ViewQuestionnaire/12985385,usastaffing_api,switched to new wording,2026-09-28/usastaffing_12985385.txt
2026-09-28,873072700,https://apply.usastaffing.gov/ViewQuestionnaire/12981055,usastaffing_api,switched to new wording,2026-09-28/usastaffing_12981055.txt
2026-09-28,873264700,https://apply.usastaffing.gov/ViewQuestionnaire/12987577,usastaffing_api,switched to new wording,2026-09-28/usastaffing_12987577.txt
2026-09-28,873212600,https://apply.usastaffing.gov/ViewQuestionnaire/12987740,usastaffing_api,switched to new wording,2026-09-28/usastaffing_12987740.txt
2026-09-28,873319000,https://apply.usastaffing.gov/ViewQuestionnaire/12988246,usastaffing_api,switched to new wording,2026-09-28/usastaffing_12988246.txt
2026-09-28,873322400,https://apply.usastaffing.gov/ViewQuestionnaire/12988356,usastaffing_api,switched to new wording,2026-09-28/usastaffing_12988356.txt
2026-09-28,873351300,https://apply.usastaffing.gov/ViewQuestionnaire/12988523,usastaffing_api,switched to new wording,2026-09-28/usastaffing_12988523.txt
2026-09-28,873289500,https://apply.usastaffing.gov/ViewQuestionnaire/12966921,usastaffing_api,switched to new wording,2026-09-28/usastaffing_12966921.txt
2026-09-28,873257700,https://apply.usastaffing.gov/ViewQuestionnaire/12986266,usastaffing_api,switched to new wording,2026-09-28/usastaffing_12986266.txt
2026-09-28,873328900,https://apply.usastaffing.gov/ViewQuestionnaire/12987897,usastaffing_api,switched to new wording,2026-09-28/usastaffing_12987897.txt
2026-09-28,873522500,https://apply.usastaffing.gov/ViewQuestionnaire/12988627,usastaffing_api,switched to new wording,2026-09-28/usastaffing_12988627.txt
2026-09-28,873408200,https://apply.usastaffing.gov/ViewQuestionnaire/12979129,usastaffing_api,still old wording,2026-09-28/usastaffing_12979129.txt
2026-09-28,873402200,https://apply.usastaffing.gov/ViewQuestionnaire/12984003,usastaffing_api,switched to new wording,2026-09-28/usastaffing_12984003.txt
2026-09-28,873475000,https://apply.usastaffing.gov/ViewQuestionnaire/12988988,usastaffing_api,switched to new wording,2026-09-28/usastaffing_12988988.txt
2026-09-28,873686600,https://apply.usastaffing.gov/ViewQuestionnaire/12987054,usastaffing_api,switched to new wording,2026-09-28/usastaffing_12987054.txt
2026-09-28,873670600,https://apply.usastaffing.gov/ViewQuestionnaire/12988052,usastaffing_api,switched to new wording,2026-09-28/usastaffing_12988052.txt
2026-09-28,873630800,https://apply.usastaffing.gov/ViewQuestionnaire/12986566,usastaffing_api,switched to new wording,2026-09-28/usastaffing_12986566.txt
2026-09-28,873655700,https://apply.usastaffing.gov/ViewQuestionnaire/12983998,usastaffing_api,switched to new wording,2026-09-28/usastaffing_12983998.txt
2026-09-28,873723200,https://apply.usastaffing.gov/ViewQuestionnaire/12987512,usastaffing_api,switched to new wording,2026-09-28/usastaffing_12987512.txt
2026-09-28,873724500,https://apply.usastaffing.gov/ViewQuestionnaire/12987548,usastaffing_api,still old wording,2026-09-28/usastaffing_12987548.txt
2026-09-28,873729600,https://apply.usastaffing.gov/ViewQuestionnaire/12987560,usastaffing_api,switched to new wording,2026-09-28/usastaffing_12987560.txt
2026-09-28,873576400,https://apply.usastaffing.gov/ViewQuestionnaire/12987657,usastaffing_api,switched to new wording,2026-09-28/usastaffing_12987657.txt
2026-09-28,873888500,https://apply.usastaffing.gov/ViewQuestionnaire/12991262,usastaffing_api,switched to new wording,2026-09-28/usastaffing_12991262.txt
2026-09-28,874001600,https://apply.usastaffing.gov/ViewQuestionnaire/12991858,usastaffing_api,switched to new wording,2026-09-28/usastaffing_12991858.txt
2026-09-28,873729200,https://apply.usastaffing.gov/ViewQuestionnaire/12990880,usastaffing_api,switched to new wording,2026-09-28/usastaffing_12990880.txt
2026-09-28,874056800,https://apply.usastaffing.gov/ViewQuestionnaire/12989896,usastaffing_api,switched to new wording,2026-09-28/usastaffing_12989896.txt
2026-09-28,873933800,https://apply.usastaffing.gov/ViewQuestionnaire/12988183,usastaffing_api,still old wording,2026-09-28/usastaffing_12988183.txt
2026-09-28,873944100,https://apply.usastaffing.gov/ViewQuestionnaire/12990344,usastaffing_api,switched to new wording,2026-09-28/usastaffing_12990344.txt
2026-09-28,873919600,https://apply.usastaffing.gov/ViewQuestionnaire/12990385,usastaffing_api,switched to new wording,2026-09-28/usastaffing_12990385.txt
2026-09-28,873920800,https://apply.usastaffing.gov/ViewQuestionnaire/12990449,usastaffing_api,switched to new wording,2026-09-28/usastaffing_12990449.txt
2026-09-28,874211100,https://apply.usastaffing.gov/ViewQuestionnaire/12976837,usastaffing_api,switched to new wording,2026-09-28/usastaffing_12976837.txt
2026-09-28,874092200,https://apply.usastaffing.gov/ViewQuestionnaire/12991763,usastaffing_api,still old wording,2026-09-28/usastaffing_12991763.txt
2026-09-28,873991600,https://apply.usastaffing.gov/ViewQuestionnaire/12990473,usastaffing_api,switched to new wording,2026-09-28/usastaffing_12990473.txt
2026-09-28,874270400,https://apply.usastaffing.gov/ViewQuestionnaire/12993609,usastaffing_api,still old wording,2026-09-28/usastaffing_12993609.txt
2026-09-28,874135100,https://apply.usastaffing.gov/ViewQuestionnaire/12990589,usastaffing_api,still old wording,2026-09-28/usastaffing_12990589.txt
2026-09-28,874245100,https://jobs.faa.gov/Preview/96074,browser,rescrape failed,
2026-09-28,874397000,https://apply.usastaffing.gov/ViewQuestionnaire/12993394,usastaffing_api,switched to new wording,2026-09-28/usastaffing_12993394.txt
2026-09-28,874367100,https://apply.usastaffing.gov/ViewQuestionnaire/12994212,usastaffing_api,switched to new wording,2026-09-28/usastaffing_12994212.txt
2026-09-28,874403200,https://apply.usastaffing.gov/ViewQuestionnaire/12993109,usastaffing_api,switched to new wording,2026-09-28/usastaffing_12993109.txt
2026-09-28,874436600,https://apply.usastaffing.gov/ViewQuestionnaire/12993779,usastaffing_api,still old wording,2026-09-28/usastaffing_12993779.txt
2026-09-28,874467500,https://apply.usastaffing.gov/ViewQuestionnaire/12994829,usastaffing_api,switched to new wording,2026-09-28/usastaffing_12994829.txt
2026-09-28,874467600,https://apply.usastaffing.gov/ViewQuestionnaire/12983053,usastaffing_api,switched to new wording,2026-09-28/usastaffing_12983053.txt
2026-09-28,874612300,https://apply.usastaffing.gov/ViewQuestionnaire/12995948,usastaffing_api,still old wording,2026-09-28/usastaffing_12995948.txt
2026-09-28,874610300,https://apply.usastaffing.gov/ViewQuestionnaire/12995933,usastaffing_api,switched to new wording,2026-09-28/usastaffing_12995933.txt
2026-09-28,874515600,https://apply.usastaffing.gov/ViewQuestionnaire/12994370,usastaffing_api,switched to new wording,2026-09-28/usastaffing_12994370.txt
2026-09-28,874622900,https://apply.usastaffing.gov/ViewQuestionnaire/12996068,usastaffing_api,switched to new wording,2026-09-28/usastaffing_12996068.txt
2026-09-28,874912700,https://apply.usastaffing.gov/ViewQuestionnaire/12994425,usastaffing_api,still old wording,2026-09-28/usastaffing_12994425.txt
2026-09-28,874170400,https://apply.usastaffing.gov/ViewQuestionnaire/12993276,usastaffing_api,still old wording,2026-09-28/usastaffing_12993276.txt
2026-09-28,874199400,https://apply.usastaffing.gov/ViewQuestionnaire/12993496,usastaffing_api,still old wording,2026-09-28/usastaffing_12993496.txt
2026-09-28,874215000,https://apply.usastaffing.gov/ViewQuestionnaire/12993738,usastaffing_api,still old wording,2026-09-28/usastaffing_12993738.txt
2026-09-28,874718100,https://apply.usastaffing.gov/ViewQuestionnaire/12994906,usastaffing_api,switched to new wording,2026-09-28/usastaffing_12994906.txt
2026-09-28,874792700,https://apply.usastaffing.gov/ViewQuestionnaire/12996996,usastaffing_api,switched to new wording,2026-09-28/usastaffing_12996996.txt
2026-09-28,874704600,https://apply.usastaffing.gov/ViewQuestionnaire/12995931,usastaffing_api,switched to new wording,2026-09-28/usastaffing_12995931.txt
2026-09-28,874760800,https://apply.usastaffing.gov/ViewQuestionnaire/12996079,usastaffing_api,switched to new wording,2026-09-28/usastaffing_12996079.txt
2026-09-28,874771100,https://apply.usastaffing.gov/ViewQuestionnaire/12996081,usastaffing_api,switched to new wording,2026-09-28/usastaffing_12996081.txt
2026-09-28,874776700,https://apply.usastaffing.gov/ViewQuestionnaire/12996066,usastaffing_api,switched to new wording,2026-09-28/usastaffing_12996066.txt
2026-09-28,874369900,https://apply.usastaffing.gov/ViewQuestionnaire/12994651,usastaffing_api,switched to new wording,2026-09-28/usastaffing_12994651.txt
2026-09-28,874742800,https://apply.usastaffing.gov/ViewQuestionnaire/12996663,usastaffing_api,still old wording,2026-09-28/usastaffing_12996663.txt
2026-09-28,874878000,https://apply.usastaffing.gov/ViewQuestionnaire/12996733,usastaffing_api,switched to new wording,2026-09-28/usastaffing_12996733.txt
2026-09-28,874071600,https://apply.usastaffing.gov/ViewQuestionnaire/12992896,usastaffing_api,switched to new wording,2026-09-28/usastaffing_12992896.txt
2026-09-28,874074700,https://apply.usastaffing.gov/ViewQuestionnaire/12992924,usastaffing_api,switched to new wording,2026-09-28/usastaffing_12992924.txt
2026-09-28,874964200,https://apply.usastaffing.gov/ViewQuestionnaire/12997924,usastaffing_api,switched to new wording,2026-09-28/usastaffing_12997924.txt
2026-09-28,874855600,https://apply.usastaffing.gov/ViewQuestionnaire/12997136,usastaffing_api,switched to new wording,2026-09-28/usastaffing_12997136.txt
2026-09-28,874521300,https://apply.usastaffing.gov/ViewQuestionnaire/12995511,usastaffing_api,switched to new wording,2026-09-28/usastaffing_12995511.txt
2026-09-28,874761400,https://apply.usastaffing.gov/ViewQuestionnaire/12996818,usastaffing_api,switched to new wording,2026-09-28/usastaffing_12996818.txt
2026-09-28,874969600,https://apply.usastaffing.gov/ViewQuestionnaire/12989520,usastaffing_api,switched to new wording,2026-09-28/usastaffing_12989520.txt
2026-09-28,874391700,https://apply.usastaffing.gov/ViewQuestionnaire/12994781,usastaffing_api,switched to new wording,2026-09-28/usastaffing_12994781.txt
2026-09-28,874858100,https://apply.usastaffing.gov/ViewQuestionnaire/12993999,usastaffing_api,switched to new wording,2026-09-28/usastaffing_12993999.txt
2026-09-28,874838700,https://apply.usastaffing.gov/ViewQuestionnaire/12996279,usastaffing_api,switched to new wording,2026-09-28/usastaffing_12996279.txt
2026-09-28,874809600,https://apply.usastaffing.gov/ViewQuestionnaire/12996180,usastaffing_api,switched to new wording,2026-09-28/usastaffing_12996180.txt
2026-09-28,875034300,https://apply.usastaffing.gov/ViewQuestionnaire/12996709,usastaffing_api,switched to new wording,2026-09-28/usastaffing_12996709.txt
2026-09-28,874728300,https://apply.usastaffing.gov/ViewQuestionnaire/12996601,usastaffing_api,switched to new wording,2026-09-28/usastaffing_12996601.txt
2026-09-28,875011300,https://apply.usastaffing.gov/ViewQuestionnaire/12997143,usastaffing_api,switched to new wording,2026-09-28/usastaffing_12997143.txt
2026-09-28,875082300,https://apply.usastaffing.gov/ViewQuestionnaire/12995188,usastaffing_api,switched to new wording,2026-09-28/usastaffing_12995188.txt
2026-09-28,875000800,https://apply.usastaffing.gov/ViewQuestionnaire/12996690,usastaffing_api,switched to new wording,2026-09-28/usastaffing_12996690.txt
2026-09-28,875017200,https://apply.usastaffing.gov/ViewQuestionnaire/12997216,usastaffing_api,switched to new wording,2026-09-28/usastaffing_12997216.txt
2026-09-28,875080100,https://apply.usastaffing.gov/ViewQuestionnaire/12983326,usastaffing_api,switched to new wording,2026-09-28/usastaffing_12983326.txt
2026-09-28,875266900,https://apply.usastaffing.gov/ViewQuestionnaire/12995526,usastaffing_api,switched to new wording,2026-09-28/usastaffing_12995526.txt
2026-09-28,875011000,https://apply.usastaffing.gov/ViewQuestionnaire/12997134,usastaffing_api,switched to new wording,2026-09-28/usastaffing_12997134.txt
2026-09-28,875115100,https://apply.usastaffing.gov/ViewQuestionnaire/12998652,usastaffing_api,switched to new wording,2026-09-28/usastaffing_12998652.txt
2026-09-28,875079000,https://apply.usastaffing.gov/ViewQuestionnaire/12998572,usastaffing_api,switched to new wording,2026-09-28/usastaffing_12998572.txt
2026-09-28,875218200,https://apply.usastaffing.gov/ViewQuestionnaire/12997965,usastaffing_api,switched to new wording,2026-09-28/usastaffing_12997965.txt
2026-09-28,875024500,https://apply.usastaffing.gov/ViewQuestionnaire/12994795,usastaffing_api,switched to new wording,2026-09-28/usastaffing_12994795.txt
2026-09-28,875026200,https://apply.usastaffing.gov/ViewQuestionnaire/12994817,usastaffing_api,switched to new wording,2026-09-28/usastaffing_12994817.txt
2026-09-28,875259500,https://apply.usastaffing.gov/ViewQuestionnaire/12996462,usastaffing_api,switched to new wording,2026-09-28/usastaffing_12996462.txt
2026-09-28,875230700,https://apply.usastaffing.gov/ViewQuestionnaire/12995415,usastaffing_api,switched to new wording,2026-09-28/usastaffing_12995415.txt
2026-09-28,875209100,https://jobs.monstergovt.com/dot/ros/rosDashboard.hms?O=2&J=92759,monster_requests,still old wording,2026-09-28/monster_92759.txt
2026-09-28,874999500,https://apply.usastaffing.gov/ViewQuestionnaire/12993141,usastaffing_api,switched to new wording,2026-09-28/usastaffing_12993141.txt
2026-09-28,874999700,https://apply.usastaffing.gov/ViewQuestionnaire/12993225,usastaffing_api,switched to new wording,2026-09-28/usastaffing_12993225.txt
2026-09-28,875019700,https://apply.usastaffing.gov/ViewQuestionnaire/12992641,usastaffing_api,switched to new wording,2026-09-28/usastaffing_12992641.txt
2026-09-28,875029700,https://apply.usastaffing.gov/ViewQuestionnaire/12992723,usastaffing_api,switched to new wording,2026-09-28/usastaffing_12992723.txt
2026-09-28,875050000,https://apply.usastaffing.gov/ViewQuestionnaire/12995685,usastaffing_api,switched to new wording,2026-09-28/usastaffing_12995685.txt
2026-09-28,875051900,https://apply.usastaffing.gov/ViewQuestionnaire/12995443,usastaffing_api,switched to new wording,2026-09-28/usastaffing_12995443.txt
2026-09-28,875057500,https://apply.usastaffing.gov/ViewQuestionnaire/12998212,usastaffing_api,switched to new wording,2026-09-28/usastaffing_12998212.txt
2026-09-28,876162000,https://apply.usastaffing.gov/ViewQuestionnaire/12997235,usastaffing_api,switched to new wording,2026-09-28/usastaffing_12997235.txt
2026-09-28,874969800,https://apply.usastaffing.gov/ViewQuestionnaire/12997948,usastaffing_api,switched to new wording,2026-09-28/usastaffing_12997948.txt
2026-09-28,875219300,https://apply.usastaffing.gov/ViewQuestionnaire/12999356,usastaffing_api,switched to new wording,2026-09-28/usastaffing_12999356.txt
2026-09-28,875399900,https://apply.usastaffing.gov/ViewQuestionnaire/12998254,usastaffing_api,switched to new wording,2026-09-28/usastaffing_12998254.txt
2026-09-28,875400000,https://apply.usastaffing.gov/ViewQuestionnaire/12998253,usastaffing_api,switched to new wording,2026-09-28/usastaffing_12998253.txt
2026-09-28,875403600,https://apply.usastaffing.gov/ViewQuestionnaire/12999029,usastaffing_api,switched to new wording,2026-09-28/usastaffing_12999029.txt
2026-09-28,875404000,https://apply.usastaffing.gov/ViewQuestionnaire/12999028,usastaffing_api,switched to new wording,2026-09-28/usastaffing_12999028.txt
2026-09-28,875436700,https://apply.usastaffing.gov/ViewQuestionnaire/12999855,usastaffing_api,still old wording,2026-09-28/usastaffing_12999855.txt
2026-09-28,875439500,https://apply.usastaffing.gov/ViewQuestionnaire/12990572,usastaffing_api,still old wording,2026-09-28/usastaffing_12990572.txt
2026-09-28,875397900,https://apply.usastaffing.gov/ViewQuestionnaire/12999436,usastaffing_api,switched to new wording,2026-09-28/usastaffing_12999436.txt
2026-09-28,875403000,https://apply.usastaffing.gov/ViewQuestionnaire/12999146,usastaffing_api,switched to new wording,2026-09-28/usastaffing_12999146.txt
2026-09-28,875461600,https://apply.usastaffing.gov/ViewQuestionnaire/12999738,usastaffing_api,switched to new wording,2026-09-28/usastaffing_12999738.txt
2026-09-28,875504600,https://apply.usastaffing.gov/ViewQuestionnaire/13000862,usastaffing_api,switched to new wording,2026-09-28/usastaffing_13000862.txt
2026-09-28,876085400,https://apply.usastaffing.gov/ViewQuestionnaire/12995764,usastaffing_api,switched to new wording,2026-09-28/usastaffing_12995764.txt
2026-09-28,875908700,https://apply.usastaffing.gov/ViewQuestionnaire/13003509,usastaffing_api,switched to new wording,2026-09-28/usastaffing_13003509.txt
2026-09-28,875918200,https://apply.usastaffing.gov/ViewQuestionnaire/13002734,usastaffing_api,switched to new wording,2026-09-28/usastaffing_13002734.txt
2026-09-28,875658400,https://apply.usastaffing.gov/ViewQuestionnaire/13001926,usastaffing_api,switched to new wording,2026-09-28/usastaffing_13001926.txt
2026-09-28,875916200,https://apply.usastaffing.gov/ViewQuestionnaire/12997283,usastaffing_api,switched to new wording,2026-09-28/usastaffing_12997283.txt
2026-09-28,875680700,https://apply.usastaffing.gov/ViewQuestionnaire/13001095,usastaffing_api,switched to new wording,2026-09-28/usastaffing_13001095.txt
2026-09-28,875766900,https://apply.usastaffing.gov/ViewQuestionnaire/12998666,usastaffing_api,switched to new wording,2026-09-28/usastaffing_12998666.txt
2026-09-28,875609000,https://apply.usastaffing.gov/ViewQuestionnaire/13001497,usastaffing_api,switched to new wording,2026-09-28/usastaffing_13001497.txt
2026-09-28,875547700,https://apply.usastaffing.gov/ViewQuestionnaire/13001159,usastaffing_api,switched to new wording,2026-09-28/usastaffing_13001159.txt
2026-09-28,876146800,https://apply.usastaffing.gov/ViewQuestionnaire/13002689,usastaffing_api,switched to new wording,2026-09-28/usastaffing_13002689.txt
2026-09-28,875624100,https://apply.usastaffing.gov/ViewQuestionnaire/13001658,usastaffing_api,switched to new wording,2026-09-28/usastaffing_13001658.txt
2026-09-28,876152000,https://apply.usastaffing.gov/ViewQuestionnaire/13002611,usastaffing_api,switched to new wording,2026-09-28/usastaffing_13002611.txt
2026-09-28,876174600,https://apply.usastaffing.gov/ViewQuestionnaire/13002615,usastaffing_api,switched to new wording,2026-09-28/usastaffing_13002615.txt
2026-09-28,876197800,https://apply.usastaffing.gov/ViewQuestionnaire/13000720,usastaffing_api,switched to new wording,2026-09-28/usastaffing_13000720.txt
2026-09-28,875817300,https://apply.usastaffing.gov/ViewQuestionnaire/13002990,usastaffing_api,switched to new wording,2026-09-28/usastaffing_13002990.txt
2026-09-28,876021800,https://apply.usastaffing.gov/ViewQuestionnaire/12979646,usastaffing_api,switched to new wording,2026-09-28/usastaffing_12979646.txt
2026-09-28,875507200,https://apply.usastaffing.gov/ViewQuestionnaire/12998036,usastaffing_api,still old wording,2026-09-28/usastaffing_12998036.txt
2026-09-28,875507400,https://apply.usastaffing.gov/ViewQuestionnaire/12997502,usastaffing_api,still old wording,2026-09-28/usastaffing_12997502.txt
2026-09-28,875507900,https://apply.usastaffing.gov/ViewQuestionnaire/12998051,usastaffing_api,still old wording,2026-09-28/usastaffing_12998051.txt
2026-09-28,875508000,https://apply.usastaffing.gov/ViewQuestionnaire/12998050,usastaffing_api,still old wording,2026-09-28/usastaffing_12998050.txt
2026-09-28,875508500,https://apply.usastaffing.gov/ViewQuestionnaire/12998046,usastaffing_api,still old wording,2026-09-28/usastaffing_12998046.txt
2026-09-28,875508900,https://apply.usastaffing.gov/ViewQuestionnaire/12997732,usastaffing_api,still old wording,2026-09-28/usastaffing_12997732.txt
2026-09-28,875853400,https://apply.usastaffing.gov/ViewQuestionnaire/13001359,usastaffing_api,switched to new wording,2026-09-28/usastaffing_13001359.txt
2026-09-28,876006300,https://apply.usastaffing.gov/ViewQuestionnaire/13003383,usastaffing_api,switched to new wording,2026-09-28/usastaffing_13003383.txt
2026-09-28,875490300,https://apply.usastaffing.gov/ViewQuestionnaire/12999284,usastaffing_api,switched to new wording,2026-09-28/usastaffing_12999284.txt
2026-09-28,875650600,https://apply.usastaffing.gov/ViewQuestionnaire/13000124,usastaffing_api,switched to new wording,2026-09-28/usastaffing_13000124.txt
2026-09-28,875612400,https://apply.usastaffing.gov/ViewQuestionnaire/13000336,usastaffing_api,still old wording,2026-09-28/usastaffing_13000336.txt
2026-09-28,875960800,https://apply.usastaffing.gov/ViewQuestionnaire/12995626,usastaffing_api,switched to new wording,2026-09-28/usastaffing_12995626.txt
2026-09-28,876273200,https://apply.usastaffing.gov/ViewQuestionnaire/13003557,usastaffing_api,switched to new wording,2026-09-28/usastaffing_13003557.txt
2026-09-28,876477000,https://apply.usastaffing.gov/ViewQuestionnaire/13000888,usastaffing_api,switched to new wording,2026-09-28/usastaffing_13000888.txt
2026-09-28,875602100,https://apply.usastaffing.gov/ViewQuestionnaire/13001425,usastaffing_api,still old wording,2026-09-28/usastaffing_13001425.txt
2026-09-28,876022200,https://apply.usastaffing.gov/ViewQuestionnaire/13004224,usastaffing_api,switched to new wording,2026-09-28/usastaffing_13004224.txt
2026-09-28,876227100,https://apply.usastaffing.gov/ViewQuestionnaire/13004479,usastaffing_api,switched to new wording,2026-09-28/usastaffing_13004479.txt
2026-09-28,875817700,https://apply.usastaffing.gov/ViewQuestionnaire/13002892,usastaffing_api,switched to new wording,2026-09-28/usastaffing_13002892.txt
2026-09-28,875580900,https://apply.usastaffing.gov/ViewQuestionnaire/13000620,usastaffing_api,still old wording,2026-09-28/usastaffing_13000620.txt
2026-09-28,876780800,https://apply.usastaffing.gov/ViewQuestionnaire/13004959,usastaffing_api,still old wording,2026-09-28/usastaffing_13004959.txt
2026-09-28,876486000,https://apply.usastaffing.gov/ViewQuestionnaire/13004951,usastaffing_api,switched to new wording,2026-09-28/usastaffing_13004951.txt
2026-09-28,876557100,https://apply.usastaffing.gov/ViewQuestionnaire/13006443,usastaffing_api,switched to new wording,2026-09-28/usastaffing_13006443.txt
2026-09-28,876882100,https://apply.usastaffing.gov/ViewQuestionnaire/12848378,usastaffing_api,still old wording,2026-09-28/usastaffing_12848378.txt
2026-09-28,876605600,https://apply.usastaffing.gov/ViewQuestionnaire/13007100,usastaffing_api,still old wording,2026-09-28/usastaffing_13007100.txt
2026-09-28,876469800,https://apply.usastaffing.gov/ViewQuestionnaire/13006814,usastaffing_api,switched to new wording,2026-09-28/usastaffing_13006814.txt
2026-09-28,876473400,https://apply.usastaffing.gov/ViewQuestionnaire/13006910,usastaffing_api,switched to new wording,2026-09-28/usastaffing_13006910.txt
2026-09-28,876502800,https://apply.usastaffing.gov/ViewQuestionnaire/13007075,usastaffing_api,switched to new wording,2026-09-28/usastaffing_13007075.txt
2026-09-28,876504700,https://apply.usastaffing.gov/ViewQuestionnaire/13001237,usastaffing_api,switched to new wording,2026-09-28/usastaffing_13001237.txt
2026-09-28,876530200,https://apply.usastaffing.gov/ViewQuestionnaire/13005161,usastaffing_api,switched to new wording,2026-09-28/usastaffing_13005161.txt
2026-09-28,876577200,https://apply.usastaffing.gov/ViewQuestionnaire/12998217,usastaffing_api,switched to new wording,2026-09-28/usastaffing_12998217.txt
2026-09-28,876503400,https://apply.usastaffing.gov/ViewQuestionnaire/13006989,usastaffing_api,still old wording,2026-09-28/usastaffing_13006989.txt
2026-09-28,876527700,https://apply.usastaffing.gov/ViewQuestionnaire/13007216,usastaffing_api,switched to new wording,2026-09-28/usastaffing_13007216.txt
2026-09-28,876439400,https://apply.usastaffing.gov/ViewQuestionnaire/13006614,usastaffing_api,switched to new wording,2026-09-28/usastaffing_13006614.txt
2026-09-28,876603900,https://apply.usastaffing.gov/ViewQuestionnaire/12997934,usastaffing_api,switched to new wording,2026-09-28/usastaffing_12997934.txt
2026-09-28,876604900,https://apply.usastaffing.gov/ViewQuestionnaire/12992882,usastaffing_api,switched to new wording,2026-09-28/usastaffing_12992882.txt
2026-09-28,876443400,https://apply.usastaffing.gov/ViewQuestionnaire/13005235,usastaffing_api,still old wording,2026-09-28/usastaffing_13005235.txt
2026-09-28,876445300,https://apply.usastaffing.gov/ViewQuestionnaire/13005738,usastaffing_api,still old wording,2026-09-28/usastaffing_13005738.txt
2026-09-28,876445700,https://apply.usastaffing.gov/ViewQuestionnaire/13005234,usastaffing_api,still old wording,2026-09-28/usastaffing_13005234.txt
2026-09-28,876446700,https://apply.usastaffing.gov/ViewQuestionnaire/13005232,usastaffing_api,still old wording,2026-09-28/usastaffing_13005232.txt
2026-09-28,876447300,https://apply.usastaffing.gov/ViewQuestionnaire/13005713,usastaffing_api,still old wording,2026-09-28/usastaffing_13005713.txt
2026-09-28,876447600,https://apply.usastaffing.gov/ViewQuestionnaire/13005207,usastaffing_api,still old wording,2026-09-28/usastaffing_13005207.txt
2026-09-28,876448200,https://apply.usastaffing.gov/ViewQuestionnaire/13005210,usastaffing_api,still old wording,2026-09-28/usastaffing_13005210.txt
2026-09-28,876450200,https://apply.usastaffing.gov/ViewQuestionnaire/13005665,usastaffing_api,still old wording,2026-09-28/usastaffing_13005665.txt
2026-09-28,876450900,https://apply.usastaffing.gov/ViewQuestionnaire/13005438,usastaffing_api,still old wording,2026-09-28/usastaffing_13005438.txt
2026-09-28,876451900,https://apply.usastaffing.gov/ViewQuestionnaire/13005069,usastaffing_api,still old wording,2026-09-28/usastaffing_13005069.txt
2026-09-28,876870700,https://apply.usastaffing.gov/ViewQuestionnaire/13003158,usastaffing_api,switched to new wording,2026-09-28/usastaffing_13003158.txt
2026-09-28,876693500,https://apply.usastaffing.gov/ViewQuestionnaire/13008201,usastaffing_api,switched to new wording,2026-09-28/usastaffing_13008201.txt
2026-09-28,876499100,https://apply.usastaffing.gov/ViewQuestionnaire/12994767,usastaffing_api,switched to new wording,2026-09-28/usastaffing_12994767.txt
2026-09-28,876500300,https://apply.usastaffing.gov/ViewQuestionnaire/12996611,usastaffing_api,switched to new wording,2026-09-28/usastaffing_12996611.txt
2026-09-28,876880700,https://apply.usastaffing.gov/ViewQuestionnaire/13011978,usastaffing_api,switched to new wording,2026-09-28/usastaffing_13011978.txt
2026-09-28,876103500,https://apply.usastaffing.gov/ViewQuestionnaire/13001360,usastaffing_api,still old wording,2026-09-28/usastaffing_13001360.txt
2026-09-28,876312600,https://jobs.faa.gov/Preview/99554,browser,rescrape failed,
2026-09-28,876323500,https://jobs.faa.gov/Preview/99555,browser,rescrape failed,
2026-09-28,876568400,https://jobs.faa.gov/Preview/99579,browser,rescrape failed,
2026-09-28,876570700,https://jobs.faa.gov/Preview/99580,browser,rescrape failed,
2026-09-28,876571200,https://jobs.faa.gov/Preview/99581,browser,rescrape failed,
2026-09-28,876572300,https://jobs.faa.gov/Preview/99582,browser,rescrape failed,
2026-09-28,876576100,https://jobs.faa.gov/Preview/99584,browser,rescrape failed,
2026-09-28,876580100,https://jobs.faa.gov/Preview/99585,browser,rescrape failed,
2026-09-28,876584700,https://jobs.faa.gov/Preview/99592,browser,rescrape failed,
2026-09-28,876585500,https://jobs.faa.gov/Preview/99590,browser,rescrape failed,
2026-09-28,876586000,https://jobs.faa.gov/Preview/99586,browser,rescrape failed,
2026-09-28,877103300,https://apply.usastaffing.gov/ViewQuestionnaire/13013603,usastaffing_api,switched to new wording,2026-09-28/usastaffing_13013603.txt
2026-09-28,877132100,https://apply.usastaffing.gov/ViewQuestionnaire/13014367,usastaffing_api,switched to new wording,2026-09-28/usastaffing_13014367.txt
2026-09-28,877705800,https://apply.usastaffing.gov/ViewQuestionnaire/13007270,usastaffing_api,switched to new wording,2026-09-28/usastaffing_13007270.txt
2026-09-28,877316400,https://apply.usastaffing.gov/ViewQuestionnaire/13013263,usastaffing_api,switched to new wording,2026-09-28/usastaffing_13013263.txt
2026-09-28,877323300,https://apply.usastaffing.gov/ViewQuestionnaire/13015387,usastaffing_api,switched to new wording,2026-09-28/usastaffing_13015387.txt
2026-09-28,877310400,https://apply.usastaffing.gov/ViewQuestionnaire/13011821,usastaffing_api,switched to new wording,2026-09-28/usastaffing_13011821.txt
2026-09-28,877620700,https://apply.usastaffing.gov/ViewQuestionnaire/13004980,usastaffing_api,still old wording,2026-09-28/usastaffing_13004980.txt
2026-09-28,877444400,https://apply.usastaffing.gov/ViewQuestionnaire/13013789,usastaffing_api,switched to new wording,2026-09-28/usastaffing_13013789.txt
2026-09-28,877065300,https://apply.usastaffing.gov/ViewQuestionnaire/13014017,usastaffing_api,switched to new wording,2026-09-28/usastaffing_13014017.txt
2026-09-28,877242200,https://apply.usastaffing.gov/ViewQuestionnaire/13014939,usastaffing_api,switched to new wording,2026-09-28/usastaffing_13014939.txt
2026-09-28,877368500,https://apply.usastaffing.gov/ViewQuestionnaire/13014903,usastaffing_api,switched to new wording,2026-09-28/usastaffing_13014903.txt
2026-09-28,877194100,https://apply.usastaffing.gov/ViewQuestionnaire/13007485,usastaffing_api,switched to new wording,2026-09-28/usastaffing_13007485.txt
2026-09-28,877392000,https://apply.usastaffing.gov/ViewQuestionnaire/13014771,usastaffing_api,switched to new wording,2026-09-28/usastaffing_13014771.txt
2026-09-28,877395300,https://apply.usastaffing.gov/ViewQuestionnaire/13013386,usastaffing_api,switched to new wording,2026-09-28/usastaffing_13013386.txt
2026-09-28,877615000,https://apply.usastaffing.gov/ViewQuestionnaire/13005046,usastaffing_api,still old wording,2026-09-28/usastaffing_13005046.txt
2026-09-28,877444600,https://apply.usastaffing.gov/ViewQuestionnaire/13015660,usastaffing_api,switched to new wording,2026-09-28/usastaffing_13015660.txt
2026-09-28,876942400,https://apply.usastaffing.gov/ViewQuestionnaire/13013487,usastaffing_api,switched to new wording,2026-09-28/usastaffing_13013487.txt
2026-09-28,877207800,https://apply.usastaffing.gov/ViewQuestionnaire/13014606,usastaffing_api,switched to new wording,2026-09-28/usastaffing_13014606.txt
2026-09-28,877458700,https://apply.usastaffing.gov/ViewQuestionnaire/12992883,usastaffing_api,switched to new wording,2026-09-28/usastaffing_12992883.txt
2026-09-28,877085900,https://apply.usastaffing.gov/ViewQuestionnaire/13013834,usastaffing_api,switched to new wording,2026-09-28/usastaffing_13013834.txt
2026-09-28,877178800,https://apply.usastaffing.gov/ViewQuestionnaire/13014107,usastaffing_api,switched to new wording,2026-09-28/usastaffing_13014107.txt
2026-09-28,877652200,https://apply.usastaffing.gov/ViewQuestionnaire/13007234,usastaffing_api,still old wording,2026-09-28/usastaffing_13007234.txt
2026-09-28,877381900,https://apply.usastaffing.gov/ViewQuestionnaire/13014262,usastaffing_api,switched to new wording,2026-09-28/usastaffing_13014262.txt
2026-09-28,876902900,https://apply.usastaffing.gov/ViewQuestionnaire/13004924,usastaffing_api,still old wording,2026-09-28/usastaffing_13004924.txt
2026-09-28,877663700,https://apply.usastaffing.gov/ViewQuestionnaire/13015217,usastaffing_api,still old wording,2026-09-28/usastaffing_13015217.txt
2026-09-28,877664100,https://apply.usastaffing.gov/ViewQuestionnaire/13015243,usastaffing_api,still old wording,2026-09-28/usastaffing_13015243.txt
2026-09-28,877625500,https://apply.usastaffing.gov/ViewQuestionnaire/13016833,usastaffing_api,switched to new wording,2026-09-28/usastaffing_13016833.txt
2026-09-28,877422800,https://apply.usastaffing.gov/ViewQuestionnaire/12997859,usastaffing_api,switched to new wording,2026-09-28/usastaffing_12997859.txt
2026-09-28,877354600,https://apply.usastaffing.gov/ViewQuestionnaire/13014855,usastaffing_api,switched to new wording,2026-09-28/usastaffing_13014855.txt
2026-09-28,877870400,https://apply.usastaffing.gov/ViewQuestionnaire/13019830,usastaffing_api,switched to new wording,2026-09-28/usastaffing_13019830.txt
2026-09-28,877680200,https://apply.usastaffing.gov/ViewQuestionnaire/13016206,usastaffing_api,switched to new wording,2026-09-28/usastaffing_13016206.txt
2026-09-28,877827000,https://apply.usastaffing.gov/ViewQuestionnaire/13016395,usastaffing_api,switched to new wording,2026-09-28/usastaffing_13016395.txt
2026-09-28,877900300,https://apply.usastaffing.gov/ViewQuestionnaire/13015921,usastaffing_api,switched to new wording,2026-09-28/usastaffing_13015921.txt
2026-09-28,877703500,https://apply.usastaffing.gov/ViewQuestionnaire/13017029,usastaffing_api,switched to new wording,2026-09-28/usastaffing_13017029.txt
2026-09-28,877755100,https://apply.usastaffing.gov/ViewQuestionnaire/13013599,usastaffing_api,switched to new wording,2026-09-28/usastaffing_13013599.txt
2026-09-28,877994200,https://apply.usastaffing.gov/ViewQuestionnaire/13020722,usastaffing_api,still old wording,2026-09-28/usastaffing_13020722.txt
2026-09-28,877996000,https://apply.usastaffing.gov/ViewQuestionnaire/13020947,usastaffing_api,still old wording,2026-09-28/usastaffing_13020947.txt
2026-09-28,877749300,https://apply.usastaffing.gov/ViewQuestionnaire/13017023,usastaffing_api,switched to new wording,2026-09-28/usastaffing_13017023.txt
2026-09-28,877753800,https://apply.usastaffing.gov/ViewQuestionnaire/13016585,usastaffing_api,switched to new wording,2026-09-28/usastaffing_13016585.txt
2026-09-28,878250200,https://apply.usastaffing.gov/ViewQuestionnaire/13021002,usastaffing_api,switched to new wording,2026-09-28/usastaffing_13021002.txt
2026-09-28,877728700,https://apply.usastaffing.gov/ViewQuestionnaire/13018132,usastaffing_api,switched to new wording,2026-09-28/usastaffing_13018132.txt
2026-09-28,878187400,https://apply.usastaffing.gov/ViewQuestionnaire/13022223,usastaffing_api,switched to new wording,2026-09-28/usastaffing_13022223.txt
2026-09-28,878255900,https://apply.usastaffing.gov/ViewQuestionnaire/13021305,usastaffing_api,switched to new wording,2026-09-28/usastaffing_13021305.txt
2026-09-28,878158600,https://apply.usastaffing.gov/ViewQuestionnaire/12985279,usastaffing_api,switched to new wording,2026-09-28/usastaffing_12985279.txt
2026-09-28,878160500,https://apply.usastaffing.gov/ViewQuestionnaire/12981834,usastaffing_api,still old wording,2026-09-28/usastaffing_12981834.txt
2026-09-28,878164300,https://apply.usastaffing.gov/ViewQuestionnaire/13006561,usastaffing_api,switched to new wording,2026-09-28/usastaffing_13006561.txt
2026-09-28,878164700,https://apply.usastaffing.gov/ViewQuestionnaire/13006566,usastaffing_api,still old wording,2026-09-28/usastaffing_13006566.txt
2026-09-28,878185000,https://apply.usastaffing.gov/ViewQuestionnaire/13021973,usastaffing_api,switched to new wording,2026-09-28/usastaffing_13021973.txt
2026-09-28,878046100,https://apply.usastaffing.gov/ViewQuestionnaire/13021308,usastaffing_api,switched to new wording,2026-09-28/usastaffing_13021308.txt
2026-09-28,878270000,https://apply.usastaffing.gov/ViewQuestionnaire/13015135,usastaffing_api,switched to new wording,2026-09-28/usastaffing_13015135.txt
2026-09-28,877899900,https://apply.usastaffing.gov/ViewQuestionnaire/13020056,usastaffing_api,switched to new wording,2026-09-28/usastaffing_13020056.txt
2026-09-28,878074100,https://apply.usastaffing.gov/ViewQuestionnaire/13013050,usastaffing_api,switched to new wording,2026-09-28/usastaffing_13013050.txt
2026-09-28,878074500,https://apply.usastaffing.gov/ViewQuestionnaire/13013051,usastaffing_api,switched to new wording,2026-09-28/usastaffing_13013051.txt
2026-09-28,878217100,https://apply.usastaffing.gov/ViewQuestionnaire/13022154,usastaffing_api,switched to new wording,2026-09-28/usastaffing_13022154.txt
2026-09-28,878090300,https://apply.usastaffing.gov/ViewQuestionnaire/13014612,usastaffing_api,switched to new wording,2026-09-28/usastaffing_13014612.txt
2026-09-28,878118000,https://apply.usastaffing.gov/ViewQuestionnaire/13016568,usastaffing_api,switched to new wording,2026-09-28/usastaffing_13016568.txt
2026-09-28,878368800,https://apply.usastaffing.gov/ViewQuestionnaire/13020521,usastaffing_api,switched to new wording,2026-09-28/usastaffing_13020521.txt
2026-09-28,878369000,https://apply.usastaffing.gov/ViewQuestionnaire/13020024,usastaffing_api,switched to new wording,2026-09-28/usastaffing_13020024.txt
2026-09-28,878400700,https://apply.usastaffing.gov/ViewQuestionnaire/13015930,usastaffing_api,switched to new wording,2026-09-28/usastaffing_13015930.txt
2026-09-28,878382600,https://jobs.monstergovt.com/cftc/rospost/?O=3&J=5475,monster_requests,still old wording,2026-09-28/monster_5475.txt
2026-09-28,878399000,https://apply.usastaffing.gov/ViewQuestionnaire/13021696,usastaffing_api,switched to new wording,2026-09-28/usastaffing_13021696.txt
2026-09-28,878319600,https://apply.usastaffing.gov/ViewQuestionnaire/13020870,usastaffing_api,switched to new wording,2026-09-28/usastaffing_13020870.txt
2026-09-28,878330400,https://apply.usastaffing.gov/ViewQuestionnaire/13003606,usastaffing_api,switched to new wording,2026-09-28/usastaffing_13003606.txt
2026-09-28,877884500,https://apply.usastaffing.gov/ViewQuestionnaire/13020645,usastaffing_api,still old wording,2026-09-28/usastaffing_13020645.txt
2026-09-28,878440500,https://apply.usastaffing.gov/ViewQuestionnaire/13002554,usastaffing_api,switched to new wording,2026-09-28/usastaffing_13002554.txt
2026-09-28,878462400,https://apply.usastaffing.gov/ViewQuestionnaire/13021382,usastaffing_api,switched to new wording,2026-09-28/usastaffing_13021382.txt
2026-09-28,878463200,https://apply.usastaffing.gov/ViewQuestionnaire/13021385,usastaffing_api,switched to new wording,2026-09-28/usastaffing_13021385.txt
2026-09-28,878566700,https://apply.usastaffing.gov/ViewQuestionnaire/13019285,usastaffing_api,switched to new wording,2026-09-28/usastaffing_13019285.txt
2026-09-28,878753900,https://apply.usastaffing.gov/ViewQuestionnaire/13014892,usastaffing_api,switched to new wording,2026-09-28/usastaffing_13014892.txt
2026-09-28,878605600,https://apply.usastaffing.gov/ViewQuestionnaire/13024843,usastaffing_api,switched to new wording,2026-09-28/usastaffing_13024843.txt
2026-09-28,878682800,https://apply.usastaffing.gov/ViewQuestionnaire/13024885,usastaffing_api,switched to new wording,2026-09-28/usastaffing_13024885.txt
2026-09-28,878596200,https://apply.usastaffing.gov/ViewQuestionnaire/13022159,usastaffing_api,switched to new wording,2026-09-28/usastaffing_13022159.txt
2026-09-28,878631000,https://apply.usastaffing.gov/ViewQuestionnaire/13024394,usastaffing_api,switched to new wording,2026-09-28/usastaffing_13024394.txt
2026-09-28,878580000,https://apply.usastaffing.gov/ViewQuestionnaire/13023890,usastaffing_api,switched to new wording,2026-09-28/usastaffing_13023890.txt
2026-09-28,878750700,https://apply.usastaffing.gov/ViewQuestionnaire/13005602,usastaffing_api,switched to new wording,2026-09-28/usastaffing_13005602.txt
2026-09-28,878648900,https://apply.usastaffing.gov/ViewQuestionnaire/13025215,usastaffing_api,switched to new wording,2026-09-28/usastaffing_13025215.txt
2026-09-28,878652900,https://apply.usastaffing.gov/ViewQuestionnaire/13025241,usastaffing_api,switched to new wording,2026-09-28/usastaffing_13025241.txt
2026-09-28,878573400,https://apply.usastaffing.gov/ViewQuestionnaire/13019337,usastaffing_api,switched to new wording,2026-09-28/usastaffing_13019337.txt
2026-09-28,874211700,https://apply.usastaffing.gov/ViewQuestionnaire/12993529,usastaffing_api,switched to new wording,2026-09-28/usastaffing_12993529.txt
2026-09-28,874241800,https://apply.usastaffing.gov/ViewQuestionnaire/12993850,usastaffing_api,switched to new wording,2026-09-28/usastaffing_12993850.txt
2026-09-28,874408700,https://apply.usastaffing.gov/ViewQuestionnaire/12994336,usastaffing_api,switched to new wording,2026-09-28/usastaffing_12994336.txt
2026-09-28,874410700,https://apply.usastaffing.gov/ViewQuestionnaire/12994664,usastaffing_api,switched to new wording,2026-09-28/usastaffing_12994664.txt
2026-09-28,874503700,https://apply.usastaffing.gov/ViewQuestionnaire/12995295,usastaffing_api,switched to new wording,2026-09-28/usastaffing_12995295.txt
2026-09-28,875067100,https://apply.usastaffing.gov/ViewQuestionnaire/12998519,usastaffing_api,switched to new wording,2026-09-28/usastaffing_12998519.txt
2026-09-28,875085100,https://apply.usastaffing.gov/ViewQuestionnaire/12998589,usastaffing_api,switched to new wording,2026-09-28/usastaffing_12998589.txt
2026-09-28,875136100,https://apply.usastaffing.gov/ViewQuestionnaire/12998938,usastaffing_api,switched to new wording,2026-09-28/usastaffing_12998938.txt
2026-09-28,877185800,https://apply.usastaffing.gov/ViewQuestionnaire/13014589,usastaffing_api,switched to new wording,2026-09-28/usastaffing_13014589.txt
2026-09-28,877256800,https://apply.usastaffing.gov/ViewQuestionnaire/13015008,usastaffing_api,switched to new wording,2026-09-28/usastaffing_13015008.txt
2026-09-28,877264200,https://apply.usastaffing.gov/ViewQuestionnaire/13015087,usastaffing_api,switched to new wording,2026-09-28/usastaffing_13015087.txt
2026-09-28,877273900,https://apply.usastaffing.gov/ViewQuestionnaire/13015127,usastaffing_api,switched to new wording,2026-09-28/usastaffing_13015127.txt
2026-09-28,878228000,https://apply.usastaffing.gov/ViewQuestionnaire/13022467,usastaffing_api,switched to new wording,2026-09-28/usastaffing_13022467.txt
2026-09-28,878228100,https://apply.usastaffing.gov/ViewQuestionnaire/13022110,usastaffing_api,switched to new wording,2026-09-28/usastaffing_13022110.txt
2026-09-28,878228400,https://apply.usastaffing.gov/ViewQuestionnaire/13021823,usastaffing_api,switched to new wording,2026-09-28/usastaffing_13021823.txt
2026-09-28,878240100,https://apply.usastaffing.gov/ViewQuestionnaire/13022595,usastaffing_api,switched to new wording,2026-09-28/usastaffing_13022595.txt
2026-09-28,878613000,https://apply.usastaffing.gov/ViewQuestionnaire/13024389,usastaffing_api,switched to new wording,2026-09-28/usastaffing_13024389.txt
2026-09-28,878325200,https://apply.usastaffing.gov/ViewQuestionnaire/13022996,usastaffing_api,switched to new wording,2026-09-28/usastaffing_13022996.txt
2026-09-28,878423800,https://apply.usastaffing.gov/ViewQuestionnaire/13023735,usastaffing_api,switched to new wording,2026-09-28/usastaffing_13023735.txt
2026-09-28,878428500,https://apply.usastaffing.gov/ViewQuestionnaire/12994569,usastaffing_api,switched to new wording,2026-09-28/usastaffing_12994569.txt
2026-09-28,878492800,https://apply.usastaffing.gov/ViewQuestionnaire/13024185,usastaffing_api,switched to new wording,2026-09-28/usastaffing_13024185.txt
2026-09-28,874525400,https://apply.usastaffing.gov/ViewQuestionnaire/12995503,usastaffing_api,switched to new wording,2026-09-28/usastaffing_12995503.txt
2026-09-28,874546000,https://apply.usastaffing.gov/ViewQuestionnaire/12995617,usastaffing_api,switched to new wording,2026-09-28/usastaffing_12995617.txt
2026-09-28,877258600,https://apply.usastaffing.gov/ViewQuestionnaire/13014979,usastaffing_api,switched to new wording,2026-09-28/usastaffing_13014979.txt
2026-09-28,878919600,https://apply.usastaffing.gov/ViewQuestionnaire/12968460,usastaffing_api,switched to new wording,2026-09-28/usastaffing_12968460.txt
2026-09-28,878496800,https://apply.usastaffing.gov/ViewQuestionnaire/13023787,usastaffing_api,switched to new wording,2026-09-28/usastaffing_13023787.txt
2026-09-28,878790300,https://apply.usastaffing.gov/ViewQuestionnaire/13023812,usastaffing_api,switched to new wording,2026-09-28/usastaffing_13023812.txt
2026-09-28,878804000,https://apply.usastaffing.gov/ViewQuestionnaire/13021159,usastaffing_api,still old wording,2026-09-28/usastaffing_13021159.txt
2026-09-28,878878300,https://apply.usastaffing.gov/ViewQuestionnaire/13026590,usastaffing_api,switched to new wording,2026-09-28/usastaffing_13026590.txt
2026-09-28,878979400,https://apply.usastaffing.gov/ViewQuestionnaire/13019667,usastaffing_api,switched to new wording,2026-09-28/usastaffing_13019667.txt
2026-09-28,878809800,https://apply.usastaffing.gov/ViewQuestionnaire/13023724,usastaffing_api,switched to new wording,2026-09-28/usastaffing_13023724.txt
2026-09-28,879043500,https://apply.usastaffing.gov/ViewQuestionnaire/13025171,usastaffing_api,switched to new wording,2026-09-28/usastaffing_13025171.txt
2026-09-28,879055900,https://apply.usastaffing.gov/ViewQuestionnaire/13024476,usastaffing_api,switched to new wording,2026-09-28/usastaffing_13024476.txt
2026-09-28,878895400,https://apply.usastaffing.gov/ViewQuestionnaire/13020834,usastaffing_api,switched to new wording,2026-09-28/usastaffing_13020834.txt
2026-09-28,878896300,https://apply.usastaffing.gov/ViewQuestionnaire/13016545,usastaffing_api,switched to new wording,2026-09-28/usastaffing_13016545.txt
2026-09-28,879299200,https://apply.usastaffing.gov/ViewQuestionnaire/13027987,usastaffing_api,switched to new wording,2026-09-28/usastaffing_13027987.txt
2026-09-28,878999400,https://apply.usastaffing.gov/ViewQuestionnaire/13026934,usastaffing_api,still old wording,2026-09-28/usastaffing_13026934.txt
2026-09-28,879021100,https://apply.usastaffing.gov/ViewQuestionnaire/13027308,usastaffing_api,switched to new wording,2026-09-28/usastaffing_13027308.txt
2026-09-28,879136700,https://apply.usastaffing.gov/ViewQuestionnaire/13025443,usastaffing_api,switched to new wording,2026-09-28/usastaffing_13025443.txt
2026-09-28,879155800,https://apply.usastaffing.gov/ViewQuestionnaire/13028362,usastaffing_api,switched to new wording,2026-09-28/usastaffing_13028362.txt
2026-09-28,879158300,https://apply.usastaffing.gov/ViewQuestionnaire/13028391,usastaffing_api,switched to new wording,2026-09-28/usastaffing_13028391.txt
2026-09-28,878980900,https://apply.usastaffing.gov/ViewQuestionnaire/13025369,usastaffing_api,still old wording,2026-09-28/usastaffing_13025369.txt
2026-09-28,878913000,https://apply.usastaffing.gov/ViewQuestionnaire/13025345,usastaffing_api,still old wording,2026-09-28/usastaffing_13025345.txt
2026-09-28,879342200,https://apply.usastaffing.gov/ViewQuestionnaire/13029374,usastaffing_api,switched to new wording,2026-09-28/usastaffing_13029374.txt
2026-09-28,879359500,https://apply.usastaffing.gov/ViewQuestionnaire/13029559,usastaffing_api,switched to new wording,2026-09-28/usastaffing_13029559.txt
2026-09-28,879366400,https://apply.usastaffing.gov/ViewQuestionnaire/13029362,usastaffing_api,switched to new wording,2026-09-28/usastaffing_13029362.txt
2026-09-28,879322300,https://apply.usastaffing.gov/ViewQuestionnaire/13020054,usastaffing_api,switched to new wording,2026-09-28/usastaffing_13020054.txt
2026-09-28,879322500,https://apply.usastaffing.gov/ViewQuestionnaire/13023982,usastaffing_api,switched to new wording,2026-09-28/usastaffing_13023982.txt
2026-09-28,879322700,https://apply.usastaffing.gov/ViewQuestionnaire/13023983,usastaffing_api,switched to new wording,2026-09-28/usastaffing_13023983.txt
2026-09-28,879543600,https://apply.usastaffing.gov/ViewQuestionnaire/12995660,usastaffing_api,switched to new wording,2026-09-28/usastaffing_12995660.txt
2026-09-28,879566200,https://apply.usastaffing.gov/ViewQuestionnaire/13030047,usastaffing_api,switched to new wording,2026-09-28/usastaffing_13030047.txt
2026-09-28,879647300,https://apply.usastaffing.gov/ViewQuestionnaire/13031038,usastaffing_api,switched to new wording,2026-09-28/usastaffing_13031038.txt
2026-09-28,879634100,https://apply.usastaffing.gov/ViewQuestionnaire/13030187,usastaffing_api,switched to new wording,2026-09-28/usastaffing_13030187.txt
2026-09-28,879558300,https://apply.usastaffing.gov/ViewQuestionnaire/13028782,usastaffing_api,switched to new wording,2026-09-28/usastaffing_13028782.txt
2026-09-28,879565000,https://apply.usastaffing.gov/ViewQuestionnaire/13030620,usastaffing_api,switched to new wording,2026-09-28/usastaffing_13030620.txt
2026-09-28,879692500,https://apply.usastaffing.gov/ViewQuestionnaire/13031110,usastaffing_api,switched to new wording,2026-09-28/usastaffing_13031110.txt
2026-09-28,879639900,https://apply.usastaffing.gov/ViewQuestionnaire/13030012,usastaffing_api,switched to new wording,2026-09-28/usastaffing_13030012.txt
2026-09-28,879492400,https://apply.usastaffing.gov/ViewQuestionnaire/13030432,usastaffing_api,switched to new wording,2026-09-28/usastaffing_13030432.txt
2026-09-28,879511700,https://apply.usastaffing.gov/ViewQuestionnaire/13027532,usastaffing_api,switched to new wording,2026-09-28/usastaffing_13027532.txt
2026-09-28,879853800,https://apply.usastaffing.gov/ViewQuestionnaire/13032443,usastaffing_api,switched to new wording,2026-09-28/usastaffing_13032443.txt
2026-09-28,879732400,https://apply.usastaffing.gov/ViewQuestionnaire/13030346,usastaffing_api,still old wording,2026-09-28/usastaffing_13030346.txt
2026-09-28,879792400,https://apply.usastaffing.gov/ViewQuestionnaire/13030775,usastaffing_api,switched to new wording,2026-09-28/usastaffing_13030775.txt
2026-09-28,879864700,https://apply.usastaffing.gov/ViewQuestionnaire/13023179,usastaffing_api,switched to new wording,2026-09-28/usastaffing_13023179.txt
2026-09-28,879729100,https://apply.usastaffing.gov/ViewQuestionnaire/13031609,usastaffing_api,switched to new wording,2026-09-28/usastaffing_13031609.txt
2026-09-28,879779900,https://apply.usastaffing.gov/ViewQuestionnaire/13027799,usastaffing_api,still old wording,2026-09-28/usastaffing_13027799.txt
2026-09-28,879808000,https://apply.usastaffing.gov/ViewQuestionnaire/13025713,usastaffing_api,switched to new wording,2026-09-28/usastaffing_13025713.txt
2026-09-28,879785600,https://apply.usastaffing.gov/ViewQuestionnaire/13028461,usastaffing_api,switched to new wording,2026-09-28/usastaffing_13028461.txt
2026-09-28,879864500,https://apply.usastaffing.gov/ViewQuestionnaire/13032510,usastaffing_api,switched to new wording,2026-09-28/usastaffing_13032510.txt
2026-09-28,879863300,https://apply.usastaffing.gov/ViewQuestionnaire/13026838,usastaffing_api,switched to new wording,2026-09-28/usastaffing_13026838.txt
2026-09-28,879747100,https://apply.usastaffing.gov/ViewQuestionnaire/13028041,usastaffing_api,switched to new wording,2026-09-28/usastaffing_13028041.txt
2026-09-28,879866800,https://apply.usastaffing.gov/ViewQuestionnaire/13030236,usastaffing_api,switched to new wording,2026-09-28/usastaffing_13030236.txt
2026-09-28,879866400,https://apply.usastaffing.gov/ViewQuestionnaire/13029860,usastaffing_api,switched to new wording,2026-09-28/usastaffing_13029860.txt
2026-09-28,879866900,https://apply.usastaffing.gov/ViewQuestionnaire/13027962,usastaffing_api,switched to new wording,2026-09-28/usastaffing_13027962.txt
2026-09-28,879866600,https://apply.usastaffing.gov/ViewQuestionnaire/13029219,usastaffing_api,switched to new wording,2026-09-28/usastaffing_13029219.txt
2026-09-28,879866700,https://apply.usastaffing.gov/ViewQuestionnaire/13027972,usastaffing_api,switched to new wording,2026-09-28/usastaffing_13027972.txt
2026-09-28,879866500,https://apply.usastaffing.gov/ViewQuestionnaire/13030399,usastaffing_api,switched to new wording,2026-09-28/usastaffing_13030399.txt
2026-09-28,880675700,https://apply.usastaffing.gov/ViewQuestionnaire/13032371,usastaffing_api,still old wording,2026-09-28/usastaffing_13032371.txt
2026-09-28,879816800,https://apply.usastaffing.gov/ViewQuestionnaire/13015059,usastaffing_api,switched to new wording,2026-09-28/usastaffing_13015059.txt
2026-09-28,879818000,https://apply.usastaffing.gov/ViewQuestionnaire/13015061,usastaffing_api,switched to new wording,2026-09-28/usastaffing_13015061.txt
2026-09-28,879129100,https://apply.usastaffing.gov/ViewQuestionnaire/13021854,usastaffing_api,switched to new wording,2026-09-28/usastaffing_13021854.txt
2026-09-28,879936000,https://apply.usastaffing.gov/ViewQuestionnaire/13032204,usastaffing_api,still old wording,2026-09-28/usastaffing_13032204.txt
2026-09-28,880022400,https://apply.usastaffing.gov/ViewQuestionnaire/13033400,usastaffing_api,switched to new wording,2026-09-28/usastaffing_13033400.txt
2026-09-28,879991600,https://apply.usastaffing.gov/ViewQuestionnaire/13031960,usastaffing_api,switched to new wording,2026-09-28/usastaffing_13031960.txt
2026-09-28,879993800,https://apply.usastaffing.gov/ViewQuestionnaire/13033258,usastaffing_api,switched to new wording,2026-09-28/usastaffing_13033258.txt
2026-09-28,879930000,https://apply.usastaffing.gov/ViewQuestionnaire/13032864,usastaffing_api,switched to new wording,2026-09-28/usastaffing_13032864.txt
2026-09-28,879941300,https://apply.usastaffing.gov/ViewQuestionnaire/13032716,usastaffing_api,switched to new wording,2026-09-28/usastaffing_13032716.txt
2026-09-28,880194000,https://apply.usastaffing.gov/ViewQuestionnaire/13007081,usastaffing_api,still old wording,2026-09-28/usastaffing_13007081.txt
2026-09-28,880155700,https://apply.usastaffing.gov/ViewQuestionnaire/13028574,usastaffing_api,switched to new wording,2026-09-28/usastaffing_13028574.txt
2026-09-28,880184100,https://apply.usastaffing.gov/ViewQuestionnaire/13031280,usastaffing_api,switched to new wording,2026-09-28/usastaffing_13031280.txt
2026-09-28,880183200,https://apply.usastaffing.gov/ViewQuestionnaire/13015797,usastaffing_api,switched to new wording,2026-09-28/usastaffing_13015797.txt
2026-09-28,880183400,https://apply.usastaffing.gov/ViewQuestionnaire/13015798,usastaffing_api,switched to new wording,2026-09-28/usastaffing_13015798.txt
2026-09-28,880203100,https://apply.usastaffing.gov/ViewQuestionnaire/13033657,usastaffing_api,switched to new wording,2026-09-28/usastaffing_13033657.txt
2026-09-28,880065700,https://apply.usastaffing.gov/ViewQuestionnaire/13032711,usastaffing_api,switched to new wording,2026-09-28/usastaffing_13032711.txt
2026-09-28,880074100,https://apply.usastaffing.gov/ViewQuestionnaire/13028929,usastaffing_api,switched to new wording,2026-09-28/usastaffing_13028929.txt
2026-09-28,880120000,https://apply.usastaffing.gov/ViewQuestionnaire/13033981,usastaffing_api,switched to new wording,2026-09-28/usastaffing_13033981.txt
2026-09-28,880211800,https://apply.usastaffing.gov/ViewQuestionnaire/13034344,usastaffing_api,switched to new wording,2026-09-28/usastaffing_13034344.txt
2026-09-28,880372300,https://apply.usastaffing.gov/ViewQuestionnaire/13035247,usastaffing_api,switched to new wording,2026-09-28/usastaffing_13035247.txt
2026-09-28,880134400,https://apply.usastaffing.gov/ViewQuestionnaire/13033339,usastaffing_api,switched to new wording,2026-09-28/usastaffing_13033339.txt
2026-09-28,880136600,https://apply.usastaffing.gov/ViewQuestionnaire/13034068,usastaffing_api,switched to new wording,2026-09-28/usastaffing_13034068.txt
2026-09-28,880274300,https://apply.usastaffing.gov/ViewQuestionnaire/13029369,usastaffing_api,switched to new wording,2026-09-28/usastaffing_13029369.txt
2026-09-28,880300600,https://apply.usastaffing.gov/ViewQuestionnaire/13025272,usastaffing_api,switched to new wording,2026-09-28/usastaffing_13025272.txt
2026-09-28,880349800,https://apply.usastaffing.gov/ViewQuestionnaire/13022393,usastaffing_api,switched to new wording,2026-09-28/usastaffing_13022393.txt
2026-09-28,880350000,https://apply.usastaffing.gov/ViewQuestionnaire/13022257,usastaffing_api,switched to new wording,2026-09-28/usastaffing_13022257.txt
2026-09-28,880317900,https://apply.usastaffing.gov/ViewQuestionnaire/13024716,usastaffing_api,switched to new wording,2026-09-28/usastaffing_13024716.txt
2026-09-28,880362200,https://apply.usastaffing.gov/ViewQuestionnaire/13030223,usastaffing_api,switched to new wording,2026-09-28/usastaffing_13030223.txt
2026-09-28,880295900,https://apply.usastaffing.gov/ViewQuestionnaire/13026203,usastaffing_api,still old wording,2026-09-28/usastaffing_13026203.txt
2026-09-28,880345000,https://jobs.monstergovt.com/dot/ros/rosDashboard.hms?O=2&J=92888,monster_requests,still old wording,2026-09-28/monster_92888.txt
2026-09-28,880147600,https://apply.usastaffing.gov/ViewQuestionnaire/13033741,usastaffing_api,switched to new wording,2026-09-28/usastaffing_13033741.txt
2026-09-28,880424000,https://apply.usastaffing.gov/ViewQuestionnaire/13022694,usastaffing_api,still old wording,2026-09-28/usastaffing_13022694.txt
2026-09-28,880424300,https://apply.usastaffing.gov/ViewQuestionnaire/13022770,usastaffing_api,still old wording,2026-09-28/usastaffing_13022770.txt
2026-09-28,880496700,https://apply.usastaffing.gov/ViewQuestionnaire/13028834,usastaffing_api,switched to new wording,2026-09-28/usastaffing_13028834.txt
2026-09-28,880418400,https://apply.usastaffing.gov/ViewQuestionnaire/13029511,usastaffing_api,switched to new wording,2026-09-28/usastaffing_13029511.txt
2026-09-28,879910000,https://apply.usastaffing.gov/ViewQuestionnaire/13032090,usastaffing_api,still old wording,2026-09-28/usastaffing_13032090.txt
2026-09-28,880593100,https://apply.usastaffing.gov/ViewQuestionnaire/13037628,usastaffing_api,still old wording,2026-09-28/usastaffing_13037628.txt
2026-09-28,880755200,https://apply.usastaffing.gov/ViewQuestionnaire/13039696,usastaffing_api,switched to new wording,2026-09-28/usastaffing_13039696.txt
2026-09-28,880665400,https://apply.usastaffing.gov/ViewQuestionnaire/13032563,usastaffing_api,switched to new wording,2026-09-28/usastaffing_13032563.txt
2026-09-28,880670700,https://apply.usastaffing.gov/ViewQuestionnaire/13031519,usastaffing_api,switched to new wording,2026-09-28/usastaffing_13031519.txt
2026-09-28,880746600,https://apply.usastaffing.gov/ViewQuestionnaire/13039805,usastaffing_api,switched to new wording,2026-09-28/usastaffing_13039805.txt
2026-09-28,880604300,https://apply.usastaffing.gov/ViewQuestionnaire/13039040,usastaffing_api,switched to new wording,2026-09-28/usastaffing_13039040.txt
2026-09-28,880670600,https://apply.usastaffing.gov/ViewQuestionnaire/13039420,usastaffing_api,switched to new wording,2026-09-28/usastaffing_13039420.txt
2026-09-28,880661600,https://apply.usastaffing.gov/ViewQuestionnaire/13035110,usastaffing_api,still old wording,2026-09-28/usastaffing_13035110.txt
2026-09-28,880989700,https://apply.usastaffing.gov/ViewQuestionnaire/13021056,usastaffing_api,switched to new wording,2026-09-28/usastaffing_13021056.txt
2026-09-28,879721800,https://apply.usastaffing.gov/ViewQuestionnaire/13031629,usastaffing_api,switched to new wording,2026-09-28/usastaffing_13031629.txt
2026-09-28,880732900,https://apply.usastaffing.gov/ViewQuestionnaire/13035821,usastaffing_api,switched to new wording,2026-09-28/usastaffing_13035821.txt
2026-09-28,880693100,https://apply.usastaffing.gov/ViewQuestionnaire/13032280,usastaffing_api,switched to new wording,2026-09-28/usastaffing_13032280.txt
2026-09-28,880957200,https://apply.usastaffing.gov/ViewQuestionnaire/13035762,usastaffing_api,still old wording,2026-09-28/usastaffing_13035762.txt
2026-09-28,880812800,https://apply.usastaffing.gov/ViewQuestionnaire/13039719,usastaffing_api,switched to new wording,2026-09-28/usastaffing_13039719.txt
2026-09-28,880643200,https://apply.usastaffing.gov/ViewQuestionnaire/13039169,usastaffing_api,switched to new wording,2026-09-28/usastaffing_13039169.txt
2026-09-28,880853100,https://apply.usastaffing.gov/ViewQuestionnaire/13040242,usastaffing_api,switched to new wording,2026-09-28/usastaffing_13040242.txt
2026-09-28,880946700,https://apply.usastaffing.gov/ViewQuestionnaire/13034381,usastaffing_api,switched to new wording,2026-09-28/usastaffing_13034381.txt
2026-09-28,880903700,https://apply.usastaffing.gov/ViewQuestionnaire/13040592,usastaffing_api,switched to new wording,2026-09-28/usastaffing_13040592.txt
2026-09-28,880905800,https://apply.usastaffing.gov/ViewQuestionnaire/13040623,usastaffing_api,switched to new wording,2026-09-28/usastaffing_13040623.txt
2026-09-28,880913700,https://apply.usastaffing.gov/ViewQuestionnaire/13040662,usastaffing_api,switched to new wording,2026-09-28/usastaffing_13040662.txt
2026-09-28,880910600,https://apply.usastaffing.gov/ViewQuestionnaire/13040522,usastaffing_api,switched to new wording,2026-09-28/usastaffing_13040522.txt
2026-09-28,880927300,https://apply.usastaffing.gov/ViewQuestionnaire/13040829,usastaffing_api,switched to new wording,2026-09-28/usastaffing_13040829.txt
2026-09-28,880929800,https://apply.usastaffing.gov/ViewQuestionnaire/13040617,usastaffing_api,switched to new wording,2026-09-28/usastaffing_13040617.txt
2026-09-28,880909600,https://apply.usastaffing.gov/ViewQuestionnaire/13040509,usastaffing_api,switched to new wording,2026-09-28/usastaffing_13040509.txt
2026-09-28,881036000,https://apply.usastaffing.gov/ViewQuestionnaire/13041308,usastaffing_api,switched to new wording,2026-09-28/usastaffing_13041308.txt
2026-09-28,881002500,https://apply.usastaffing.gov/ViewQuestionnaire/13040296,usastaffing_api,switched to new wording,2026-09-28/usastaffing_13040296.txt
2026-09-28,881152100,https://apply.usastaffing.gov/ViewQuestionnaire/13040005,usastaffing_api,switched to new wording,2026-09-28/usastaffing_13040005.txt
2026-09-28,881152300,https://apply.usastaffing.gov/ViewQuestionnaire/13040025,usastaffing_api,switched to new wording,2026-09-28/usastaffing_13040025.txt
2026-09-28,881152400,https://apply.usastaffing.gov/ViewQuestionnaire/13040032,usastaffing_api,switched to new wording,2026-09-28/usastaffing_13040032.txt
2026-09-28,880970000,https://apply.usastaffing.gov/ViewQuestionnaire/13041161,usastaffing_api,switched to new wording,2026-09-28/usastaffing_13041161.txt
2026-09-28,881001500,https://apply.usastaffing.gov/ViewQuestionnaire/13022009,usastaffing_api,switched to new wording,2026-09-28/usastaffing_13022009.txt
2026-09-28,881138400,https://apply.usastaffing.gov/ViewQuestionnaire/13041956,usastaffing_api,switched to new wording,2026-09-28/usastaffing_13041956.txt
2026-09-28,880994800,https://apply.usastaffing.gov/ViewQuestionnaire/13040772,usastaffing_api,switched to new wording,2026-09-28/usastaffing_13040772.txt
2026-09-28,881345300,https://apply.usastaffing.gov/ViewQuestionnaire/13043171,usastaffing_api,switched to new wording,2026-09-28/usastaffing_13043171.txt
2026-09-28,881364200,https://apply.usastaffing.gov/ViewQuestionnaire/13039236,usastaffing_api,switched to new wording,2026-09-28/usastaffing_13039236.txt
2026-09-28,881205500,https://apply.usastaffing.gov/ViewQuestionnaire/13033116,usastaffing_api,still old wording,2026-09-28/usastaffing_13033116.txt
2026-09-28,881208800,https://apply.usastaffing.gov/ViewQuestionnaire/13018048,usastaffing_api,switched to new wording,2026-09-28/usastaffing_13018048.txt
2026-09-28,881209700,https://apply.usastaffing.gov/ViewQuestionnaire/13018049,usastaffing_api,switched to new wording,2026-09-28/usastaffing_13018049.txt
2026-09-28,881133700,https://apply.usastaffing.gov/ViewQuestionnaire/13042023,usastaffing_api,switched to new wording,2026-09-28/usastaffing_13042023.txt
2026-09-28,881210500,https://apply.usastaffing.gov/ViewQuestionnaire/13042488,usastaffing_api,switched to new wording,2026-09-28/usastaffing_13042488.txt
2026-09-28,881346100,https://apply.usastaffing.gov/ViewQuestionnaire/13043242,usastaffing_api,switched to new wording,2026-09-28/usastaffing_13043242.txt
2026-09-28,881249900,https://apply.usastaffing.gov/ViewQuestionnaire/13042802,usastaffing_api,switched to new wording,2026-09-28/usastaffing_13042802.txt
2026-09-28,881352900,https://apply.usastaffing.gov/ViewQuestionnaire/13043433,usastaffing_api,switched to new wording,2026-09-28/usastaffing_13043433.txt
2026-09-28,881577200,https://apply.usastaffing.gov/ViewQuestionnaire/13043558,usastaffing_api,still old wording,2026-09-28/usastaffing_13043558.txt
2026-09-28,881383500,https://apply.usastaffing.gov/ViewQuestionnaire/13043649,usastaffing_api,still old wording,2026-09-28/usastaffing_13043649.txt
2026-09-28,881479300,https://apply.usastaffing.gov/ViewQuestionnaire/13040699,usastaffing_api,still old wording,2026-09-28/usastaffing_13040699.txt
2026-09-28,881388400,https://apply.usastaffing.gov/ViewQuestionnaire/13033388,usastaffing_api,switched to new wording,2026-09-28/usastaffing_13033388.txt
2026-09-28,881401600,https://apply.usastaffing.gov/ViewQuestionnaire/13043708,usastaffing_api,switched to new wording,2026-09-28/usastaffing_13043708.txt
2026-09-28,881560300,https://apply.usastaffing.gov/ViewQuestionnaire/13043820,usastaffing_api,switched to new wording,2026-09-28/usastaffing_13043820.txt
2026-09-28,881514400,https://apply.usastaffing.gov/ViewQuestionnaire/13035410,usastaffing_api,switched to new wording,2026-09-28/usastaffing_13035410.txt
2026-09-28,881514500,https://apply.usastaffing.gov/ViewQuestionnaire/13038878,usastaffing_api,switched to new wording,2026-09-28/usastaffing_13038878.txt
2026-09-28,881700400,https://apply.usastaffing.gov/ViewQuestionnaire/13045409,usastaffing_api,switched to new wording,2026-09-28/usastaffing_13045409.txt
2026-09-28,881735500,https://apply.usastaffing.gov/ViewQuestionnaire/13045601,usastaffing_api,switched to new wording,2026-09-28/usastaffing_13045601.txt
2026-09-28,881742600,https://apply.usastaffing.gov/ViewQuestionnaire/12891436,usastaffing_api,still old wording,2026-09-28/usastaffing_12891436.txt
2026-09-28,881716300,https://apply.usastaffing.gov/ViewQuestionnaire/13042514,usastaffing_api,switched to new wording,2026-09-28/usastaffing_13042514.txt
2026-09-28,881598700,https://apply.usastaffing.gov/ViewQuestionnaire/13032519,usastaffing_api,switched to new wording,2026-09-28/usastaffing_13032519.txt
2026-09-28,881762700,https://apply.usastaffing.gov/ViewQuestionnaire/13045763,usastaffing_api,switched to new wording,2026-09-28/usastaffing_13045763.txt
2026-09-28,881713800,https://apply.usastaffing.gov/ViewQuestionnaire/13042650,usastaffing_api,switched to new wording,2026-09-28/usastaffing_13042650.txt
2026-09-28,881629000,https://apply.usastaffing.gov/ViewQuestionnaire/13045028,usastaffing_api,switched to new wording,2026-09-28/usastaffing_13045028.txt
2026-09-28,881687300,https://apply.usastaffing.gov/ViewQuestionnaire/13045394,usastaffing_api,switched to new wording,2026-09-28/usastaffing_13045394.txt
2026-09-28,881689900,https://apply.usastaffing.gov/ViewQuestionnaire/13045408,usastaffing_api,switched to new wording,2026-09-28/usastaffing_13045408.txt
2026-09-28,881609900,https://jobs.monstergovt.com/dot/ros/rosDashboard.hms?O=2&J=92859,monster_requests,still old wording,2026-09-28/monster_92859.txt
2026-09-28,880055500,https://apply.usastaffing.gov/ViewQuestionnaire/13031863,usastaffing_api,switched to new wording,2026-09-28/usastaffing_13031863.txt
2026-09-28,880055600,https://apply.usastaffing.gov/ViewQuestionnaire/13031895,usastaffing_api,switched to new wording,2026-09-28/usastaffing_13031895.txt
2026-09-28,880055800,https://apply.usastaffing.gov/ViewQuestionnaire/13031727,usastaffing_api,switched to new wording,2026-09-28/usastaffing_13031727.txt
2026-09-28,881769000,https://apply.usastaffing.gov/ViewQuestionnaire/13042693,usastaffing_api,switched to new wording,2026-09-28/usastaffing_13042693.txt
2026-09-28,881770800,https://apply.usastaffing.gov/ViewQuestionnaire/13045543,usastaffing_api,switched to new wording,2026-09-28/usastaffing_13045543.txt
2026-09-28,881202300,https://apply.usastaffing.gov/ViewQuestionnaire/13037720,usastaffing_api,still old wording,2026-09-28/usastaffing_13037720.txt
2026-09-28,881447900,https://apply.usastaffing.gov/ViewQuestionnaire/13040674,usastaffing_api,switched to new wording,2026-09-28/usastaffing_13040674.txt
2026-09-28,881791900,https://apply.usastaffing.gov/ViewQuestionnaire/13044328,usastaffing_api,switched to new wording,2026-09-28/usastaffing_13044328.txt
2026-09-28,881892200,https://apply.usastaffing.gov/ViewQuestionnaire/13032210,usastaffing_api,switched to new wording,2026-09-28/usastaffing_13032210.txt
2026-09-28,881893100,https://apply.usastaffing.gov/ViewQuestionnaire/13031940,usastaffing_api,switched to new wording,2026-09-28/usastaffing_13031940.txt
2026-09-28,881893600,https://apply.usastaffing.gov/ViewQuestionnaire/13031975,usastaffing_api,switched to new wording,2026-09-28/usastaffing_13031975.txt
2026-09-28,881951100,https://apply.usastaffing.gov/ViewQuestionnaire/13038851,usastaffing_api,switched to new wording,2026-09-28/usastaffing_13038851.txt
2026-09-28,881963000,https://apply.usastaffing.gov/ViewQuestionnaire/13042335,usastaffing_api,switched to new wording,2026-09-28/usastaffing_13042335.txt
2026-09-28,881846800,https://apply.usastaffing.gov/ViewQuestionnaire/13046222,usastaffing_api,switched to new wording,2026-09-28/usastaffing_13046222.txt
2026-09-28,881924600,https://apply.usastaffing.gov/ViewQuestionnaire/13046552,usastaffing_api,switched to new wording,2026-09-28/usastaffing_13046552.txt
2026-09-28,881725300,https://apply.usastaffing.gov/ViewQuestionnaire/13023001,usastaffing_api,switched to new wording,2026-09-28/usastaffing_13023001.txt
2026-09-28,881790900,https://apply.usastaffing.gov/ViewQuestionnaire/13045972,usastaffing_api,still old wording,2026-09-28/usastaffing_13045972.txt
2026-09-28,881850600,https://apply.usastaffing.gov/ViewQuestionnaire/13046303,usastaffing_api,switched to new wording,2026-09-28/usastaffing_13046303.txt
2026-09-28,881807100,https://apply.usastaffing.gov/ViewQuestionnaire/13032979,usastaffing_api,still old wording,2026-09-28/usastaffing_13032979.txt
2026-09-28,881812900,https://apply.usastaffing.gov/ViewQuestionnaire/13032980,usastaffing_api,still old wording,2026-09-28/usastaffing_13032980.txt
2026-09-28,881936700,https://apply.usastaffing.gov/ViewQuestionnaire/13043758,usastaffing_api,switched to new wording,2026-09-28/usastaffing_13043758.txt
2026-09-28,881804700,https://apply.usastaffing.gov/ViewQuestionnaire/13037441,usastaffing_api,switched to new wording,2026-09-28/usastaffing_13037441.txt
2026-09-28,882043600,https://jobs.monstergovt.com/dot/ros/rosDashboard.hms?O=2&J=92923,monster_requests,still old wording,2026-09-28/monster_92923.txt
2026-09-28,882116900,https://apply.usastaffing.gov/ViewQuestionnaire/13047826,usastaffing_api,switched to new wording,2026-09-28/usastaffing_13047826.txt
2026-09-28,882106000,https://apply.usastaffing.gov/ViewQuestionnaire/13028275,usastaffing_api,switched to new wording,2026-09-28/usastaffing_13028275.txt
2026-09-28,882070300,https://apply.usastaffing.gov/ViewQuestionnaire/13047632,usastaffing_api,switched to new wording,2026-09-28/usastaffing_13047632.txt
2026-09-28,881875600,https://apply.usastaffing.gov/ViewQuestionnaire/13046420,usastaffing_api,still old wording,2026-09-28/usastaffing_13046420.txt
2026-09-28,882045900,https://apply.usastaffing.gov/ViewQuestionnaire/13046920,usastaffing_api,switched to new wording,2026-09-28/usastaffing_13046920.txt
2026-09-28,882136200,https://apply.usastaffing.gov/ViewQuestionnaire/13048120,usastaffing_api,switched to new wording,2026-09-28/usastaffing_13048120.txt
2026-09-28,882092400,https://apply.usastaffing.gov/ViewQuestionnaire/13047653,usastaffing_api,switched to new wording,2026-09-28/usastaffing_13047653.txt
2026-09-28,882039300,https://apply.usastaffing.gov/ViewQuestionnaire/13047324,usastaffing_api,switched to new wording,2026-09-28/usastaffing_13047324.txt
2026-09-28,882071300,https://apply.usastaffing.gov/ViewQuestionnaire/13047603,usastaffing_api,switched to new wording,2026-09-28/usastaffing_13047603.txt
2026-09-28,882061500,https://apply.usastaffing.gov/ViewQuestionnaire/13041929,usastaffing_api,switched to new wording,2026-09-28/usastaffing_13041929.txt
2026-09-28,881982800,https://apply.usastaffing.gov/ViewQuestionnaire/13041887,usastaffing_api,switched to new wording,2026-09-28/usastaffing_13041887.txt
2026-09-28,882291400,https://apply.usastaffing.gov/ViewQuestionnaire/13048923,usastaffing_api,still old wording,2026-09-28/usastaffing_13048923.txt
2026-09-28,882007600,https://apply.usastaffing.gov/ViewQuestionnaire/13047239,usastaffing_api,switched to new wording,2026-09-28/usastaffing_13047239.txt
2026-09-28,882017400,https://apply.usastaffing.gov/ViewQuestionnaire/13047304,usastaffing_api,switched to new wording,2026-09-28/usastaffing_13047304.txt
2026-09-28,882289600,https://apply.usastaffing.gov/ViewQuestionnaire/13048473,usastaffing_api,switched to new wording,2026-09-28/usastaffing_13048473.txt
2026-09-28,882187700,https://apply.usastaffing.gov/ViewQuestionnaire/13048293,usastaffing_api,switched to new wording,2026-09-28/usastaffing_13048293.txt
2026-09-28,882334400,https://apply.usastaffing.gov/ViewQuestionnaire/13045003,usastaffing_api,switched to new wording,2026-09-28/usastaffing_13045003.txt
2026-09-28,882435700,https://apply.usastaffing.gov/ViewQuestionnaire/13048964,usastaffing_api,switched to new wording,2026-09-28/usastaffing_13048964.txt
2026-09-28,882439300,https://apply.usastaffing.gov/ViewQuestionnaire/13049736,usastaffing_api,switched to new wording,2026-09-28/usastaffing_13049736.txt
2026-09-28,882440300,https://apply.usastaffing.gov/ViewQuestionnaire/13049641,usastaffing_api,switched to new wording,2026-09-28/usastaffing_13049641.txt
2026-09-28,882479800,https://apply.usastaffing.gov/ViewQuestionnaire/13035614,usastaffing_api,still old wording,2026-09-28/usastaffing_13035614.txt
2026-09-28,882512100,https://apply.usastaffing.gov/ViewQuestionnaire/13049279,usastaffing_api,switched to new wording,2026-09-28/usastaffing_13049279.txt
2026-09-28,882390400,https://apply.usastaffing.gov/ViewQuestionnaire/13049716,usastaffing_api,switched to new wording,2026-09-28/usastaffing_13049716.txt
2026-09-28,882464600,https://jobs.monstergovt.com/dot/ros/rosDashboard.hms?O=2&J=92918,monster_requests,still old wording,2026-09-28/monster_92918.txt
2026-09-28,882467500,https://jobs.monstergovt.com/dot/ros/rosDashboard.hms?O=2&J=92920,monster_requests,still old wording,2026-09-28/monster_92920.txt
2026-09-28,882469000,https://jobs.monstergovt.com/dot/ros/rosDashboard.hms?O=2&J=92921,monster_requests,still old wording,2026-09-28/monster_92921.txt
2026-09-28,882539400,https://apply.usastaffing.gov/ViewQuestionnaire/13050234,usastaffing_api,switched to new wording,2026-09-28/usastaffing_13050234.txt
2026-09-28,882444600,https://apply.usastaffing.gov/ViewQuestionnaire/13037635,usastaffing_api,still old wording,2026-09-28/usastaffing_13037635.txt
2026-09-28,882369500,https://apply.usastaffing.gov/ViewQuestionnaire/13049644,usastaffing_api,switched to new wording,2026-09-28/usastaffing_13049644.txt
2026-09-28,882372000,https://apply.usastaffing.gov/ViewQuestionnaire/13049659,usastaffing_api,switched to new wording,2026-09-28/usastaffing_13049659.txt
2026-09-28,882374500,https://apply.usastaffing.gov/ViewQuestionnaire/13049676,usastaffing_api,switched to new wording,2026-09-28/usastaffing_13049676.txt
2026-09-28,882376600,https://apply.usastaffing.gov/ViewQuestionnaire/13049682,usastaffing_api,switched to new wording,2026-09-28/usastaffing_13049682.txt
2026-09-28,882379500,https://apply.usastaffing.gov/ViewQuestionnaire/13049699,usastaffing_api,switched to new wording,2026-09-28/usastaffing_13049699.txt
2026-09-28,882381600,https://apply.usastaffing.gov/ViewQuestionnaire/13049707,usastaffing_api,switched to new wording,2026-09-28/usastaffing_13049707.txt
2026-09-28,882384700,https://apply.usastaffing.gov/ViewQuestionnaire/13049729,usastaffing_api,switched to new wording,2026-09-28/usastaffing_13049729.txt
2026-09-28,882387700,https://apply.usastaffing.gov/ViewQuestionnaire/13049750,usastaffing_api,switched to new wording,2026-09-28/usastaffing_13049750.txt
2026-09-28,882389100,https://apply.usastaffing.gov/ViewQuestionnaire/13049765,usastaffing_api,switched to new wording,2026-09-28/usastaffing_13049765.txt
2026-09-28,882391900,https://apply.usastaffing.gov/ViewQuestionnaire/13049784,usastaffing_api,switched to new wording,2026-09-28/usastaffing_13049784.txt
2026-09-28,882363700,https://apply.usastaffing.gov/ViewQuestionnaire/13048279,usastaffing_api,switched to new wording,2026-09-28/usastaffing_13048279.txt
2026-09-28,882544600,https://apply.usastaffing.gov/ViewQuestionnaire/13048953,usastaffing_api,still old wording,2026-09-28/usastaffing_13048953.txt
2026-09-28,882549600,https://apply.usastaffing.gov/ViewQuestionnaire/13049159,usastaffing_api,switched to new wording,2026-09-28/usastaffing_13049159.txt
2026-09-28,882551200,https://apply.usastaffing.gov/ViewQuestionnaire/13050643,usastaffing_api,switched to new wording,2026-09-28/usastaffing_13050643.txt
2026-09-28,882553300,https://apply.usastaffing.gov/ViewQuestionnaire/13050674,usastaffing_api,still old wording,2026-09-28/usastaffing_13050674.txt
2026-09-28,882574100,https://apply.usastaffing.gov/ViewQuestionnaire/13049622,usastaffing_api,switched to new wording,2026-09-28/usastaffing_13049622.txt
2026-09-28,882574300,https://apply.usastaffing.gov/ViewQuestionnaire/13049778,usastaffing_api,switched to new wording,2026-09-28/usastaffing_13049778.txt
2026-09-28,882574600,https://apply.usastaffing.gov/ViewQuestionnaire/13049865,usastaffing_api,switched to new wording,2026-09-28/usastaffing_13049865.txt
2026-09-28,882573600,https://apply.usastaffing.gov/ViewQuestionnaire/13050168,usastaffing_api,switched to new wording,2026-09-28/usastaffing_13050168.txt
2026-09-28,882573700,https://apply.usastaffing.gov/ViewQuestionnaire/13048608,usastaffing_api,switched to new wording,2026-09-28/usastaffing_13048608.txt
2026-09-28,882573800,https://apply.usastaffing.gov/ViewQuestionnaire/13048957,usastaffing_api,switched to new wording,2026-09-28/usastaffing_13048957.txt
2026-09-28,882739700,https://apply.usastaffing.gov/ViewQuestionnaire/13049301,usastaffing_api,still old wording,2026-09-28/usastaffing_13049301.txt
2026-09-28,882596500,https://apply.usastaffing.gov/ViewQuestionnaire/13051047,usastaffing_api,switched to new wording,2026-09-28/usastaffing_13051047.txt
2026-09-28,882636100,https://apply.usastaffing.gov/ViewQuestionnaire/13051132,usastaffing_api,switched to new wording,2026-09-28/usastaffing_13051132.txt
2026-09-28,882658700,https://apply.usastaffing.gov/ViewQuestionnaire/13049940,usastaffing_api,switched to new wording,2026-09-28/usastaffing_13049940.txt
2026-09-28,882672800,https://apply.usastaffing.gov/ViewQuestionnaire/13048586,usastaffing_api,switched to new wording,2026-09-28/usastaffing_13048586.txt
2026-09-28,882620700,https://apply.usastaffing.gov/ViewQuestionnaire/13049634,usastaffing_api,switched to new wording,2026-09-28/usastaffing_13049634.txt
2026-09-28,882737300,https://apply.usastaffing.gov/ViewQuestionnaire/13051784,usastaffing_api,switched to new wording,2026-09-28/usastaffing_13051784.txt
2026-09-28,882759800,https://apply.usastaffing.gov/ViewQuestionnaire/13050226,usastaffing_api,switched to new wording,2026-09-28/usastaffing_13050226.txt
2026-09-28,882759700,https://apply.usastaffing.gov/ViewQuestionnaire/13048362,usastaffing_api,switched to new wording,2026-09-28/usastaffing_13048362.txt
2026-09-28,882759600,https://apply.usastaffing.gov/ViewQuestionnaire/13048400,usastaffing_api,switched to new wording,2026-09-28/usastaffing_13048400.txt
2026-09-28,882788500,https://apply.usastaffing.gov/ViewQuestionnaire/13034472,usastaffing_api,switched to new wording,2026-09-28/usastaffing_13034472.txt
2026-09-28,881888300,https://apply.usastaffing.gov/ViewQuestionnaire/13043738,usastaffing_api,switched to new wording,2026-09-28/usastaffing_13043738.txt
2026-09-28,882591400,https://apply.usastaffing.gov/ViewQuestionnaire/13049305,usastaffing_api,switched to new wording,2026-09-28/usastaffing_13049305.txt
2026-09-28,882750300,https://apply.usastaffing.gov/ViewQuestionnaire/13050909,usastaffing_api,switched to new wording,2026-09-28/usastaffing_13050909.txt
2026-09-28,882778200,https://apply.usastaffing.gov/ViewQuestionnaire/13023213,usastaffing_api,still old wording,2026-09-28/usastaffing_13023213.txt
2026-09-28,882480600,https://apply.usastaffing.gov/ViewQuestionnaire/13047554,usastaffing_api,switched to new wording,2026-09-28/usastaffing_13047554.txt
2026-09-28,882482000,https://apply.usastaffing.gov/ViewQuestionnaire/13047613,usastaffing_api,switched to new wording,2026-09-28/usastaffing_13047613.txt
2026-09-28,882483100,https://apply.usastaffing.gov/ViewQuestionnaire/13047763,usastaffing_api,switched to new wording,2026-09-28/usastaffing_13047763.txt
2026-09-28,882485000,https://apply.usastaffing.gov/ViewQuestionnaire/13047801,usastaffing_api,switched to new wording,2026-09-28/usastaffing_13047801.txt
2026-09-28,882490400,https://apply.usastaffing.gov/ViewQuestionnaire/13049728,usastaffing_api,still old wording,2026-09-28/usastaffing_13049728.txt
2026-09-28,882786200,https://apply.usastaffing.gov/ViewQuestionnaire/13031981,usastaffing_api,switched to new wording,2026-09-28/usastaffing_13031981.txt
2026-09-28,882495000,https://apply.usastaffing.gov/ViewQuestionnaire/13049932,usastaffing_api,switched to new wording,2026-09-28/usastaffing_13049932.txt
2026-09-28,882496500,https://apply.usastaffing.gov/ViewQuestionnaire/13049985,usastaffing_api,switched to new wording,2026-09-28/usastaffing_13049985.txt
2026-09-28,882471000,https://apply.usastaffing.gov/ViewQuestionnaire/13046634,usastaffing_api,switched to new wording,2026-09-28/usastaffing_13046634.txt
2026-09-28,882468400,https://apply.usastaffing.gov/ViewQuestionnaire/13044067,usastaffing_api,switched to new wording,2026-09-28/usastaffing_13044067.txt
2026-09-28,882488000,https://apply.usastaffing.gov/ViewQuestionnaire/13049665,usastaffing_api,switched to new wording,2026-09-28/usastaffing_13049665.txt
2026-09-28,882867800,https://apply.usastaffing.gov/ViewQuestionnaire/13045275,usastaffing_api,switched to new wording,2026-09-28/usastaffing_13045275.txt
2026-09-28,882870700,https://apply.usastaffing.gov/ViewQuestionnaire/13045330,usastaffing_api,switched to new wording,2026-09-28/usastaffing_13045330.txt
2026-09-28,882872300,https://apply.usastaffing.gov/ViewQuestionnaire/13045323,usastaffing_api,switched to new wording,2026-09-28/usastaffing_13045323.txt
2026-09-28,882810900,https://apply.usastaffing.gov/ViewQuestionnaire/13015260,usastaffing_api,switched to new wording,2026-09-28/usastaffing_13015260.txt
2026-09-28,882831800,https://apply.usastaffing.gov/ViewQuestionnaire/13052129,usastaffing_api,switched to new wording,2026-09-28/usastaffing_13052129.txt
2026-09-28,882828700,https://apply.usastaffing.gov/ViewQuestionnaire/13052219,usastaffing_api,switched to new wording,2026-09-28/usastaffing_13052219.txt
2026-09-28,881560500,https://apply.usastaffing.gov/ViewQuestionnaire/13044649,usastaffing_api,switched to new wording,2026-09-28/usastaffing_13044649.txt
2026-09-28,882657400,https://apply.usastaffing.gov/ViewQuestionnaire/13051234,usastaffing_api,switched to new wording,2026-09-28/usastaffing_13051234.txt
2026-09-28,882864300,https://jobs.monstergovt.com/gsa/ros/rosDashboard.hms?O=1&J=112731,monster_requests,still old wording,2026-09-28/monster_112731.txt
2026-09-28,882879800,https://apply.usastaffing.gov/ViewQuestionnaire/13047507,usastaffing_api,switched to new wording,2026-09-28/usastaffing_13047507.txt
2026-09-28,882897700,https://apply.usastaffing.gov/ViewQuestionnaire/13052565,usastaffing_api,switched to new wording,2026-09-28/usastaffing_13052565.txt
2026-09-28,882475100,https://apply.usastaffing.gov/ViewQuestionnaire/13043782,usastaffing_api,switched to new wording,2026-09-28/usastaffing_13043782.txt
2026-09-28,882476900,https://apply.usastaffing.gov/ViewQuestionnaire/13046160,usastaffing_api,switched to new wording,2026-09-28/usastaffing_13046160.txt
2026-09-28,882493400,https://apply.usastaffing.gov/ViewQuestionnaire/13049840,usastaffing_api,switched to new wording,2026-09-28/usastaffing_13049840.txt
2026-09-28,882504400,https://apply.usastaffing.gov/ViewQuestionnaire/13050174,usastaffing_api,switched to new wording,2026-09-28/usastaffing_13050174.txt
2026-09-28,882478600,https://apply.usastaffing.gov/ViewQuestionnaire/13047388,usastaffing_api,switched to new wording,2026-09-28/usastaffing_13047388.txt
2026-09-28,882497900,https://apply.usastaffing.gov/ViewQuestionnaire/13050057,usastaffing_api,switched to new wording,2026-09-28/usastaffing_13050057.txt
2026-09-28,882500000,https://apply.usastaffing.gov/ViewQuestionnaire/13050117,usastaffing_api,switched to new wording,2026-09-28/usastaffing_13050117.txt
2026-09-28,882473600,https://apply.usastaffing.gov/ViewQuestionnaire/13046331,usastaffing_api,switched to new wording,2026-09-28/usastaffing_13046331.txt
2026-09-28,882889900,https://apply.usastaffing.gov/ViewQuestionnaire/13047261,usastaffing_api,switched to new wording,2026-09-28/usastaffing_13047261.txt
2026-09-28,882851900,https://apply.usastaffing.gov/ViewQuestionnaire/13041761,usastaffing_api,switched to new wording,2026-09-28/usastaffing_13041761.txt
2026-09-28,882883200,https://apply.usastaffing.gov/ViewQuestionnaire/13045184,usastaffing_api,still old wording,2026-09-28/usastaffing_13045184.txt
2026-09-28,882910800,https://apply.usastaffing.gov/ViewQuestionnaire/13051540,usastaffing_api,switched to new wording,2026-09-28/usastaffing_13051540.txt
2026-09-28,882850400,https://apply.usastaffing.gov/ViewQuestionnaire/13052343,usastaffing_api,still old wording,2026-09-28/usastaffing_13052343.txt
2026-09-28,883010400,https://apply.usastaffing.gov/ViewQuestionnaire/13052474,usastaffing_api,switched to new wording,2026-09-28/usastaffing_13052474.txt
2026-09-28,883063000,https://apply.usastaffing.gov/ViewQuestionnaire/13053762,usastaffing_api,switched to new wording,2026-09-28/usastaffing_13053762.txt
2026-09-28,883096500,https://apply.usastaffing.gov/ViewQuestionnaire/13053215,usastaffing_api,switched to new wording,2026-09-28/usastaffing_13053215.txt
2026-09-28,883035200,https://apply.usastaffing.gov/ViewQuestionnaire/13035687,usastaffing_api,switched to new wording,2026-09-28/usastaffing_13035687.txt
2026-09-28,883108100,https://apply.usastaffing.gov/ViewQuestionnaire/13051721,usastaffing_api,switched to new wording,2026-09-28/usastaffing_13051721.txt
2026-09-28,883131500,https://apply.usastaffing.gov/ViewQuestionnaire/13052981,usastaffing_api,still old wording,2026-09-28/usastaffing_13052981.txt
2026-09-28,883085100,https://apply.usastaffing.gov/ViewQuestionnaire/13043969,usastaffing_api,switched to new wording,2026-09-28/usastaffing_13043969.txt
2026-09-28,882994100,https://apply.usastaffing.gov/ViewQuestionnaire/13043488,usastaffing_api,switched to new wording,2026-09-28/usastaffing_13043488.txt
2026-09-28,882995300,https://apply.usastaffing.gov/ViewQuestionnaire/13043487,usastaffing_api,switched to new wording,2026-09-28/usastaffing_13043487.txt
2026-09-28,883091800,https://apply.usastaffing.gov/ViewQuestionnaire/13047029,usastaffing_api,switched to new wording,2026-09-28/usastaffing_13047029.txt
2026-09-28,883064700,https://apply.usastaffing.gov/ViewQuestionnaire/13053852,usastaffing_api,switched to new wording,2026-09-28/usastaffing_13053852.txt
2026-09-28,883073400,https://apply.usastaffing.gov/ViewQuestionnaire/13053904,usastaffing_api,switched to new wording,2026-09-28/usastaffing_13053904.txt
2026-09-28,883082300,https://apply.usastaffing.gov/ViewQuestionnaire/13053959,usastaffing_api,switched to new wording,2026-09-28/usastaffing_13053959.txt
2026-09-28,883117000,https://apply.usastaffing.gov/ViewQuestionnaire/13053990,usastaffing_api,switched to new wording,2026-09-28/usastaffing_13053990.txt
2026-09-28,883127200,https://apply.usastaffing.gov/ViewQuestionnaire/13054222,usastaffing_api,switched to new wording,2026-09-28/usastaffing_13054222.txt
2026-09-28,883067500,https://apply.usastaffing.gov/ViewQuestionnaire/13051971,usastaffing_api,still old wording,2026-09-28/usastaffing_13051971.txt
2026-09-28,883106300,https://apply.usastaffing.gov/ViewQuestionnaire/13052325,usastaffing_api,still old wording,2026-09-28/usastaffing_13052325.txt
2026-09-28,883103700,https://apply.usastaffing.gov/ViewQuestionnaire/13053969,usastaffing_api,switched to new wording,2026-09-28/usastaffing_13053969.txt
2026-09-28,882965300,https://apply.usastaffing.gov/ViewQuestionnaire/13035473,usastaffing_api,switched to new wording,2026-09-28/usastaffing_13035473.txt
2026-09-28,882956700,https://apply.usastaffing.gov/ViewQuestionnaire/13041579,usastaffing_api,switched to new wording,2026-09-28/usastaffing_13041579.txt
2026-09-28,883082700,https://apply.usastaffing.gov/ViewQuestionnaire/13053310,usastaffing_api,switched to new wording,2026-09-28/usastaffing_13053310.txt
2026-09-28,883263500,https://apply.usastaffing.gov/ViewQuestionnaire/13022845,usastaffing_api,switched to new wording,2026-09-28/usastaffing_13022845.txt
2026-09-28,883242700,https://apply.usastaffing.gov/ViewQuestionnaire/13054891,usastaffing_api,switched to new wording,2026-09-28/usastaffing_13054891.txt
2026-09-28,883256900,https://apply.usastaffing.gov/ViewQuestionnaire/13054757,usastaffing_api,switched to new wording,2026-09-28/usastaffing_13054757.txt
2026-09-28,883244400,https://apply.usastaffing.gov/ViewQuestionnaire/13053944,usastaffing_api,switched to new wording,2026-09-28/usastaffing_13053944.txt
2026-09-28,883246900,https://apply.usastaffing.gov/ViewQuestionnaire/13054872,usastaffing_api,switched to new wording,2026-09-28/usastaffing_13054872.txt
2026-09-28,883150100,https://apply.usastaffing.gov/ViewQuestionnaire/13053711,usastaffing_api,switched to new wording,2026-09-28/usastaffing_13053711.txt
2026-09-28,883206600,https://apply.usastaffing.gov/ViewQuestionnaire/13024039,usastaffing_api,switched to new wording,2026-09-28/usastaffing_13024039.txt
2026-09-28,882701000,https://apply.usastaffing.gov/ViewQuestionnaire/13046264,usastaffing_api,switched to new wording,2026-09-28/usastaffing_13046264.txt
2026-09-28,882715300,https://apply.usastaffing.gov/ViewQuestionnaire/13047112,usastaffing_api,switched to new wording,2026-09-28/usastaffing_13047112.txt
2026-09-28,883219000,https://apply.usastaffing.gov/ViewQuestionnaire/13050769,usastaffing_api,still old wording,2026-09-28/usastaffing_13050769.txt
2026-09-28,883428200,https://apply.usastaffing.gov/ViewQuestionnaire/13053164,usastaffing_api,switched to new wording,2026-09-28/usastaffing_13053164.txt
2026-09-28,883354900,https://apply.usastaffing.gov/ViewQuestionnaire/13050514,usastaffing_api,switched to new wording,2026-09-28/usastaffing_13050514.txt
2026-09-28,883412500,https://apply.usastaffing.gov/ViewQuestionnaire/13055928,usastaffing_api,switched to new wording,2026-09-28/usastaffing_13055928.txt
2026-09-28,883508300,https://apply.usastaffing.gov/ViewQuestionnaire/13046680,usastaffing_api,switched to new wording,2026-09-28/usastaffing_13046680.txt
2026-09-28,883524700,https://apply.usastaffing.gov/ViewQuestionnaire/13055675,usastaffing_api,switched to new wording,2026-09-28/usastaffing_13055675.txt
2026-09-28,883338100,https://apply.usastaffing.gov/ViewQuestionnaire/13055179,usastaffing_api,switched to new wording,2026-09-28/usastaffing_13055179.txt
2026-09-28,883356300,https://apply.usastaffing.gov/ViewQuestionnaire/13042998,usastaffing_api,switched to new wording,2026-09-28/usastaffing_13042998.txt
2026-09-28,883489300,https://apply.usastaffing.gov/ViewQuestionnaire/13053355,usastaffing_api,switched to new wording,2026-09-28/usastaffing_13053355.txt
2026-09-28,883372800,https://apply.usastaffing.gov/ViewQuestionnaire/13053218,usastaffing_api,switched to new wording,2026-09-28/usastaffing_13053218.txt
2026-09-28,883371100,https://apply.usastaffing.gov/ViewQuestionnaire/13053240,usastaffing_api,switched to new wording,2026-09-28/usastaffing_13053240.txt
2026-09-28,883366400,https://apply.usastaffing.gov/ViewQuestionnaire/13053256,usastaffing_api,switched to new wording,2026-09-28/usastaffing_13053256.txt
2026-09-28,883466000,https://apply.usastaffing.gov/ViewQuestionnaire/13056299,usastaffing_api,switched to new wording,2026-09-28/usastaffing_13056299.txt
2026-09-28,883437900,https://apply.usastaffing.gov/ViewQuestionnaire/13025462,usastaffing_api,switched to new wording,2026-09-28/usastaffing_13025462.txt
2026-09-28,883424800,https://apply.usastaffing.gov/ViewQuestionnaire/13056017,usastaffing_api,switched to new wording,2026-09-28/usastaffing_13056017.txt
2026-09-28,883630600,https://apply.usastaffing.gov/ViewQuestionnaire/13036014,usastaffing_api,switched to new wording,2026-09-28/usastaffing_13036014.txt
2026-09-28,883610000,https://apply.usastaffing.gov/ViewQuestionnaire/13005096,usastaffing_api,switched to new wording,2026-09-28/usastaffing_13005096.txt
2026-09-28,883652200,https://apply.usastaffing.gov/ViewQuestionnaire/13054659,usastaffing_api,switched to new wording,2026-09-28/usastaffing_13054659.txt
2026-09-28,883644000,https://apply.usastaffing.gov/ViewQuestionnaire/13052789,usastaffing_api,switched to new wording,2026-09-28/usastaffing_13052789.txt
2026-09-28,883631900,https://apply.usastaffing.gov/ViewQuestionnaire/13054566,usastaffing_api,switched to new wording,2026-09-28/usastaffing_13054566.txt
2026-09-28,883653200,https://apply.usastaffing.gov/ViewQuestionnaire/13055943,usastaffing_api,switched to new wording,2026-09-28/usastaffing_13055943.txt
2026-09-28,883583100,https://apply.usastaffing.gov/ViewQuestionnaire/13056786,usastaffing_api,switched to new wording,2026-09-28/usastaffing_13056786.txt
2026-09-28,883578900,https://apply.usastaffing.gov/ViewQuestionnaire/13057086,usastaffing_api,switched to new wording,2026-09-28/usastaffing_13057086.txt
2026-09-28,883581200,https://apply.usastaffing.gov/ViewQuestionnaire/13057092,usastaffing_api,switched to new wording,2026-09-28/usastaffing_13057092.txt
2026-09-28,883584500,https://apply.usastaffing.gov/ViewQuestionnaire/13057101,usastaffing_api,switched to new wording,2026-09-28/usastaffing_13057101.txt
2026-09-28,883586200,https://apply.usastaffing.gov/ViewQuestionnaire/13057112,usastaffing_api,switched to new wording,2026-09-28/usastaffing_13057112.txt
2026-09-28,883589400,https://apply.usastaffing.gov/ViewQuestionnaire/13057129,usastaffing_api,switched to new wording,2026-09-28/usastaffing_13057129.txt
2026-09-28,883592500,https://apply.usastaffing.gov/ViewQuestionnaire/13057144,usastaffing_api,switched to new wording,2026-09-28/usastaffing_13057144.txt
2026-09-28,883628000,https://jobs.faa.gov/Preview/100441,browser,rescrape failed,
2026-09-28,883601500,https://jobs.faa.gov/Preview/100399,browser,rescrape failed,
2026-09-28,883639000,https://jobs.faa.gov/Preview/100442,browser,rescrape failed,
2026-09-28,883641000,https://jobs.faa.gov/Preview/100438,browser,rescrape failed,
2026-09-28,883599800,https://apply.usastaffing.gov/ViewQuestionnaire/13056870,usastaffing_api,switched to new wording,2026-09-28/usastaffing_13056870.txt
2026-09-28,883691200,https://jobs.monstergovt.com/gsa/ros/rosDashboard.hms?O=1&J=112834,monster_requests,still old wording,2026-09-28/monster_112834.txt
2026-09-28,883693300,https://jobs.monstergovt.com/gsa/ros/rosDashboard.hms?O=1&J=112847,monster_requests,still old wording,2026-09-28/monster_112847.txt
2026-09-28,883695200,https://jobs.monstergovt.com/gsa/ros/rosDashboard.hms?O=1&J=112848,monster_requests,still old wording,2026-09-28/monster_112848.txt
2026-09-28,883627700,https://apply.usastaffing.gov/ViewQuestionnaire/13056791,usastaffing_api,switched to new wording,2026-09-28/usastaffing_13056791.txt
2026-09-28,883664500,https://apply.usastaffing.gov/ViewQuestionnaire/13057327,usastaffing_api,still old wording,2026-09-28/usastaffing_13057327.txt
2026-09-28,883165400,https://apply.usastaffing.gov/ViewQuestionnaire/13052402,usastaffing_api,still old wording,2026-09-28/usastaffing_13052402.txt
2026-09-28,883645600,https://apply.usastaffing.gov/ViewQuestionnaire/13054245,usastaffing_api,switched to new wording,2026-09-28/usastaffing_13054245.txt
2026-09-28,883612100,https://apply.usastaffing.gov/ViewQuestionnaire/13056346,usastaffing_api,switched to new wording,2026-09-28/usastaffing_13056346.txt
2026-09-28,883612500,https://apply.usastaffing.gov/ViewQuestionnaire/13056000,usastaffing_api,switched to new wording,2026-09-28/usastaffing_13056000.txt
2026-09-28,883701700,https://jobs.faa.gov/Preview/100132,browser,rescrape failed,
2026-09-28,883662100,https://apply.usastaffing.gov/ViewQuestionnaire/13055871,usastaffing_api,still old wording,2026-09-28/usastaffing_13055871.txt
2026-09-28,883665600,https://apply.usastaffing.gov/ViewQuestionnaire/13031850,usastaffing_api,still old wording,2026-09-28/usastaffing_13031850.txt
2026-09-28,883382800,https://apply.usastaffing.gov/ViewQuestionnaire/13055865,usastaffing_api,switched to new wording,2026-09-28/usastaffing_13055865.txt
2026-09-28,883364300,https://apply.usastaffing.gov/ViewQuestionnaire/13054386,usastaffing_api,switched to new wording,2026-09-28/usastaffing_13054386.txt
2026-09-28,883475800,https://apply.usastaffing.gov/ViewQuestionnaire/13055933,usastaffing_api,switched to new wording,2026-09-28/usastaffing_13055933.txt
2026-09-28,883756100,https://apply.usastaffing.gov/ViewQuestionnaire/13055827,usastaffing_api,switched to new wording,2026-09-28/usastaffing_13055827.txt
2026-09-28,883810500,https://apply.usastaffing.gov/ViewQuestionnaire/13052558,usastaffing_api,switched to new wording,2026-09-28/usastaffing_13052558.txt
2026-09-28,883810600,https://apply.usastaffing.gov/ViewQuestionnaire/13052748,usastaffing_api,switched to new wording,2026-09-28/usastaffing_13052748.txt
2026-09-28,883873900,https://apply.usastaffing.gov/ViewQuestionnaire/13058783,usastaffing_api,still old wording,2026-09-28/usastaffing_13058783.txt
2026-09-28,883861100,https://apply.usastaffing.gov/ViewQuestionnaire/13054580,usastaffing_api,still old wording,2026-09-28/usastaffing_13054580.txt
2026-09-28,883843200,https://apply.usastaffing.gov/ViewQuestionnaire/13051854,usastaffing_api,switched to new wording,2026-09-28/usastaffing_13051854.txt
2026-09-28,883040200,https://apply.usastaffing.gov/ViewQuestionnaire/13052799,usastaffing_api,still old wording,2026-09-28/usastaffing_13052799.txt
2026-09-28,883841100,https://apply.usastaffing.gov/ViewQuestionnaire/13058429,usastaffing_api,switched to new wording,2026-09-28/usastaffing_13058429.txt
2026-09-28,883857700,https://apply.usastaffing.gov/ViewQuestionnaire/13052452,usastaffing_api,switched to new wording,2026-09-28/usastaffing_13052452.txt
2026-09-28,883784000,https://apply.usastaffing.gov/ViewQuestionnaire/13056968,usastaffing_api,still old wording,2026-09-28/usastaffing_13056968.txt
2026-09-28,883786600,https://apply.usastaffing.gov/ViewQuestionnaire/13055197,usastaffing_api,switched to new wording,2026-09-28/usastaffing_13055197.txt
2026-09-28,883842100,https://apply.usastaffing.gov/ViewQuestionnaire/13048083,usastaffing_api,switched to new wording,2026-09-28/usastaffing_13048083.txt
2026-09-28,883826800,https://apply.usastaffing.gov/ViewQuestionnaire/13058299,usastaffing_api,switched to new wording,2026-09-28/usastaffing_13058299.txt
2026-09-28,883724800,https://apply.usastaffing.gov/ViewQuestionnaire/13054786,usastaffing_api,switched to new wording,2026-09-28/usastaffing_13054786.txt
2026-09-28,883792200,https://apply.usastaffing.gov/ViewQuestionnaire/13057301,usastaffing_api,switched to new wording,2026-09-28/usastaffing_13057301.txt
2026-09-28,883829300,https://apply.usastaffing.gov/ViewQuestionnaire/12901416,usastaffing_api,still old wording,2026-09-28/usastaffing_12901416.txt
2026-09-28,883822200,https://apply.usastaffing.gov/ViewQuestionnaire/13058548,usastaffing_api,switched to new wording,2026-09-28/usastaffing_13058548.txt
2026-09-28,883755700,https://jobs.faa.gov/Preview/100364,browser,rescrape failed,
2026-09-28,883776900,https://jobs.faa.gov/Preview/100419,browser,rescrape failed,
2026-09-28,883815100,https://jobs.faa.gov/Preview/100462,browser,rescrape failed,
2026-09-28,883845300,https://jobs.faa.gov/Preview/100455,browser,rescrape failed,
2026-09-28,883744300,https://apply.usastaffing.gov/ViewQuestionnaire/13054185,usastaffing_api,switched to new wording,2026-09-28/usastaffing_13054185.txt
2026-09-28,883790000,https://apply.usastaffing.gov/ViewQuestionnaire/13052047,usastaffing_api,switched to new wording,2026-09-28/usastaffing_13052047.txt
2026-09-28,883869500,https://jobs.faa.gov/Preview/100420,browser,rescrape failed,
2026-09-28,883872100,https://jobs.faa.gov/Preview/100425,browser,rescrape failed,
2026-09-28,883806400,https://jobs.faa.gov/Preview/100383,browser,rescrape failed,
2026-09-28,883825200,https://apply.usastaffing.gov/ViewQuestionnaire/13055001,usastaffing_api,switched to new wording,2026-09-28/usastaffing_13055001.txt
2026-09-28,883835900,https://apply.usastaffing.gov/ViewQuestionnaire/13054096,usastaffing_api,neither wording,2026-09-28/usastaffing_13054096.txt
2026-09-28,884017900,https://apply.usastaffing.gov/ViewQuestionnaire/13057324,usastaffing_api,switched to new wording,2026-09-28/usastaffing_13057324.txt
2026-09-28,884036300,https://apply.usastaffing.gov/ViewQuestionnaire/13059581,usastaffing_api,switched to new wording,2026-09-28/usastaffing_13059581.txt
2026-09-28,884042000,https://apply.usastaffing.gov/ViewQuestionnaire/13059265,usastaffing_api,switched to new wording,2026-09-28/usastaffing_13059265.txt
2026-09-28,883901800,https://apply.usastaffing.gov/ViewQuestionnaire/13042015,usastaffing_api,switched to new wording,2026-09-28/usastaffing_13042015.txt
2026-09-28,884020500,https://apply.usastaffing.gov/ViewQuestionnaire/13059081,usastaffing_api,switched to new wording,2026-09-28/usastaffing_13059081.txt
2026-09-28,883992400,https://apply.usastaffing.gov/ViewQuestionnaire/13058106,usastaffing_api,switched to new wording,2026-09-28/usastaffing_13058106.txt
2026-09-28,884023700,https://apply.usastaffing.gov/ViewQuestionnaire/13059381,usastaffing_api,switched to new wording,2026-09-28/usastaffing_13059381.txt
2026-09-28,884051200,https://apply.usastaffing.gov/ViewQuestionnaire/13059554,usastaffing_api,still old wording,2026-09-28/usastaffing_13059554.txt
2026-09-28,884062700,https://jobs.faa.gov/Preview/100488,browser,rescrape failed,
2026-09-28,884062900,https://jobs.faa.gov/Preview/100426,browser,rescrape failed,
2026-09-28,883831600,https://apply.usastaffing.gov/ViewQuestionnaire/13040998,usastaffing_api,switched to new wording,2026-09-28/usastaffing_13040998.txt
2026-09-28,884032300,https://apply.usastaffing.gov/ViewQuestionnaire/13029079,usastaffing_api,switched to new wording,2026-09-28/usastaffing_13029079.txt
2026-09-28,884041800,https://apply.usastaffing.gov/ViewQuestionnaire/13059340,usastaffing_api,switched to new wording,2026-09-28/usastaffing_13059340.txt
2026-09-28,883983000,https://apply.usastaffing.gov/ViewQuestionnaire/13043345,usastaffing_api,switched to new wording,2026-09-28/usastaffing_13043345.txt
2026-09-28,883899600,https://apply.usastaffing.gov/ViewQuestionnaire/13058711,usastaffing_api,still old wording,2026-09-28/usastaffing_13058711.txt
2026-09-28,884012100,https://apply.usastaffing.gov/ViewQuestionnaire/13048899,usastaffing_api,still old wording,2026-09-28/usastaffing_13048899.txt
2026-09-28,883960500,https://apply.usastaffing.gov/ViewQuestionnaire/13059323,usastaffing_api,switched to new wording,2026-09-28/usastaffing_13059323.txt
2026-09-28,883939600,https://jobs.faa.gov/Preview/100453,browser,rescrape failed,
2026-09-28,883973300,https://jobs.faa.gov/Preview/100464,browser,rescrape failed,
2026-09-28,884014700,https://jobs.faa.gov/Preview/100397,browser,rescrape failed,
2026-09-28,884018800,https://jobs.faa.gov/Preview/100402,browser,rescrape failed,
2026-09-28,884055900,https://jobs.faa.gov/Preview/100435,browser,rescrape failed,
2026-09-28,883878600,https://jobs.faa.gov/Preview/100465,browser,rescrape failed,
2026-09-28,884019800,https://apply.usastaffing.gov/ViewQuestionnaire/13059036,usastaffing_api,switched to new wording,2026-09-28/usastaffing_13059036.txt
2026-09-28,883911900,https://apply.usastaffing.gov/ViewQuestionnaire/13055168,usastaffing_api,switched to new wording,2026-09-28/usastaffing_13055168.txt
2026-09-28,884185000,https://apply.usastaffing.gov/ViewQuestionnaire/13060147,usastaffing_api,switched to new wording,2026-09-28/usastaffing_13060147.txt
2026-09-28,884192600,https://apply.usastaffing.gov/ViewQuestionnaire/13060018,usastaffing_api,switched to new wording,2026-09-28/usastaffing_13060018.txt
2026-09-28,883760700,https://apply.usastaffing.gov/ViewQuestionnaire/13058075,usastaffing_api,still old wording,2026-09-28/usastaffing_13058075.txt
2026-09-28,884185800,https://apply.usastaffing.gov/ViewQuestionnaire/13057029,usastaffing_api,switched to new wording,2026-09-28/usastaffing_13057029.txt
2026-09-28,884210400,https://apply.usastaffing.gov/ViewQuestionnaire/13059568,usastaffing_api,switched to new wording,2026-09-28/usastaffing_13059568.txt
2026-09-28,884211900,https://jobs.faa.gov/Preview/100489,browser,rescrape failed,
2026-09-28,884231200,https://apply.usastaffing.gov/ViewQuestionnaire/13058807,usastaffing_api,switched to new wording,2026-09-28/usastaffing_13058807.txt
2026-09-28,883992900,https://apply.usastaffing.gov/ViewQuestionnaire/13058545,usastaffing_api,switched to new wording,2026-09-28/usastaffing_13058545.txt
2026-09-28,884092200,https://apply.usastaffing.gov/ViewQuestionnaire/13054769,usastaffing_api,switched to new wording,2026-09-28/usastaffing_13054769.txt
2026-09-28,884221900,https://apply.usastaffing.gov/ViewQuestionnaire/13054701,usastaffing_api,switched to new wording,2026-09-28/usastaffing_13054701.txt
2026-09-28,884222400,https://apply.usastaffing.gov/ViewQuestionnaire/13054702,usastaffing_api,switched to new wording,2026-09-28/usastaffing_13054702.txt
2026-09-28,884218200,https://apply.usastaffing.gov/ViewQuestionnaire/13056692,usastaffing_api,switched to new wording,2026-09-28/usastaffing_13056692.txt
2026-09-28,884094100,https://apply.usastaffing.gov/ViewQuestionnaire/13058379,usastaffing_api,switched to new wording,2026-09-28/usastaffing_13058379.txt
2026-09-28,884187400,https://apply.usastaffing.gov/ViewQuestionnaire/13060786,usastaffing_api,switched to new wording,2026-09-28/usastaffing_13060786.txt
2026-09-28,884257200,https://apply.usastaffing.gov/ViewQuestionnaire/13054015,usastaffing_api,switched to new wording,2026-09-28/usastaffing_13054015.txt
2026-09-28,884257300,https://apply.usastaffing.gov/ViewQuestionnaire/13054055,usastaffing_api,switched to new wording,2026-09-28/usastaffing_13054055.txt
2026-09-28,884195500,https://apply.usastaffing.gov/ViewQuestionnaire/13060737,usastaffing_api,switched to new wording,2026-09-28/usastaffing_13060737.txt
2026-09-28,883417300,https://apply.usastaffing.gov/ViewQuestionnaire/13055920,usastaffing_api,switched to new wording,2026-09-28/usastaffing_13055920.txt
2026-09-28,884134500,https://apply.usastaffing.gov/ViewQuestionnaire/13059079,usastaffing_api,switched to new wording,2026-09-28/usastaffing_13059079.txt
2026-09-28,884217500,https://apply.usastaffing.gov/ViewQuestionnaire/13060948,usastaffing_api,switched to new wording,2026-09-28/usastaffing_13060948.txt
2026-09-28,884142000,https://apply.usastaffing.gov/ViewQuestionnaire/13060019,usastaffing_api,switched to new wording,2026-09-28/usastaffing_13060019.txt
2026-09-28,884113800,https://jobs.monstergovt.com/dot/ros/rosDashboard.hms?O=2&J=92996,monster_requests,still old wording,2026-09-28/monster_92996.txt
2026-09-28,884118600,https://apply.usastaffing.gov/ViewQuestionnaire/13058284,usastaffing_api,switched to new wording,2026-09-28/usastaffing_13058284.txt
2026-09-28,884119800,https://apply.usastaffing.gov/ViewQuestionnaire/13058285,usastaffing_api,switched to new wording,2026-09-28/usastaffing_13058285.txt
2026-09-28,884073700,https://apply.usastaffing.gov/ViewQuestionnaire/13057609,usastaffing_api,switched to new wording,2026-09-28/usastaffing_13057609.txt
2026-09-28,884165700,https://jobs.faa.gov/Preview/100335,browser,rescrape failed,
2026-09-28,884096700,https://apply.usastaffing.gov/ViewQuestionnaire/13055679,usastaffing_api,switched to new wording,2026-09-28/usastaffing_13055679.txt
2026-09-28,884094500,https://apply.usastaffing.gov/ViewQuestionnaire/13053916,usastaffing_api,switched to new wording,2026-09-28/usastaffing_13053916.txt
2026-09-28,884245700,https://apply.usastaffing.gov/ViewQuestionnaire/13061049,usastaffing_api,switched to new wording,2026-09-28/usastaffing_13061049.txt
2026-09-28,884066600,https://apply.usastaffing.gov/ViewQuestionnaire/13060011,usastaffing_api,switched to new wording,2026-09-28/usastaffing_13060011.txt
2026-09-28,884126000,https://apply.usastaffing.gov/ViewQuestionnaire/13060420,usastaffing_api,switched to new wording,2026-09-28/usastaffing_13060420.txt
2026-09-28,884188200,https://apply.usastaffing.gov/ViewQuestionnaire/13060868,usastaffing_api,switched to new wording,2026-09-28/usastaffing_13060868.txt
2026-09-28,884192300,https://apply.usastaffing.gov/ViewQuestionnaire/13060897,usastaffing_api,switched to new wording,2026-09-28/usastaffing_13060897.txt
2026-09-28,884080500,https://jobs.faa.gov/Preview/100469,browser,rescrape failed,
2026-09-28,884228700,https://jobs.faa.gov/Preview/100434,browser,rescrape failed,
2026-09-28,884237900,https://jobs.faa.gov/Preview/100432,browser,rescrape failed,
2026-09-28,884263500,https://jobs.faa.gov/Preview/100415,browser,rescrape failed,
2026-09-28,884256700,https://apply.usastaffing.gov/ViewQuestionnaire/13060859,usastaffing_api,still old wording,2026-09-28/usastaffing_13060859.txt
2026-09-28,884070800,https://jobs.faa.gov/Preview/100421,browser,rescrape failed,
2026-09-28,884262100,https://jobs.faa.gov/Preview/100495,browser,rescrape failed,
2026-09-28,884025600,https://apply.usastaffing.gov/ViewQuestionnaire/13059428,usastaffing_api,switched to new wording,2026-09-28/usastaffing_13059428.txt
2026-09-28,884212000,https://apply.usastaffing.gov/ViewQuestionnaire/13052276,usastaffing_api,switched to new wording,2026-09-28/usastaffing_13052276.txt
2026-09-28,884216700,https://apply.usastaffing.gov/ViewQuestionnaire/13050371,usastaffing_api,switched to new wording,2026-09-28/usastaffing_13050371.txt
2026-09-28,884138700,https://jobs.monstergovt.com/dot/ros/rosDashboard.hms?O=2&J=92974,monster_requests,still old wording,2026-09-28/monster_92974.txt
2026-09-28,884397300,https://apply.usastaffing.gov/ViewQuestionnaire/13061855,usastaffing_api,switched to new wording,2026-09-28/usastaffing_13061855.txt
2026-09-28,884397700,https://apply.usastaffing.gov/ViewQuestionnaire/13061988,usastaffing_api,switched to new wording,2026-09-28/usastaffing_13061988.txt
2026-09-28,884442700,https://apply.usastaffing.gov/ViewQuestionnaire/13062289,usastaffing_api,still old wording,2026-09-28/usastaffing_13062289.txt
2026-09-28,884411500,https://apply.usastaffing.gov/ViewQuestionnaire/13061778,usastaffing_api,still old wording,2026-09-28/usastaffing_13061778.txt
2026-09-28,884335600,https://apply.usastaffing.gov/ViewQuestionnaire/13045758,usastaffing_api,still old wording,2026-09-28/usastaffing_13045758.txt
2026-09-28,884438100,https://apply.usastaffing.gov/ViewQuestionnaire/13061942,usastaffing_api,still old wording,2026-09-28/usastaffing_13061942.txt
2026-09-28,884435400,https://apply.usastaffing.gov/ViewQuestionnaire/13062174,usastaffing_api,switched to new wording,2026-09-28/usastaffing_13062174.txt
2026-09-28,884439300,https://apply.usastaffing.gov/ViewQuestionnaire/13060865,usastaffing_api,switched to new wording,2026-09-28/usastaffing_13060865.txt
2026-09-28,884442000,https://apply.usastaffing.gov/ViewQuestionnaire/13060084,usastaffing_api,switched to new wording,2026-09-28/usastaffing_13060084.txt
2026-09-28,884444800,https://apply.usastaffing.gov/ViewQuestionnaire/13059842,usastaffing_api,switched to new wording,2026-09-28/usastaffing_13059842.txt
2026-09-28,884447100,https://apply.usastaffing.gov/ViewQuestionnaire/13059835,usastaffing_api,switched to new wording,2026-09-28/usastaffing_13059835.txt
2026-09-28,884347000,https://jobs.faa.gov/Preview/100362,browser,rescrape failed,
2026-09-28,884349900,https://apply.usastaffing.gov/ViewQuestionnaire/13061708,usastaffing_api,switched to new wording,2026-09-28/usastaffing_13061708.txt
2026-09-28,884296200,https://apply.usastaffing.gov/ViewQuestionnaire/13058835,usastaffing_api,switched to new wording,2026-09-28/usastaffing_13058835.txt
2026-09-28,884321800,https://apply.usastaffing.gov/ViewQuestionnaire/13060705,usastaffing_api,switched to new wording,2026-09-28/usastaffing_13060705.txt
2026-09-28,884394400,https://apply.usastaffing.gov/ViewQuestionnaire/13060753,usastaffing_api,switched to new wording,2026-09-28/usastaffing_13060753.txt
2026-09-28,884396200,https://apply.usastaffing.gov/ViewQuestionnaire/13059886,usastaffing_api,switched to new wording,2026-09-28/usastaffing_13059886.txt
2026-09-28,884352600,https://apply.usastaffing.gov/ViewQuestionnaire/13048355,usastaffing_api,switched to new wording,2026-09-28/usastaffing_13048355.txt
2026-09-28,884350900,https://apply.usastaffing.gov/ViewQuestionnaire/13060225,usastaffing_api,switched to new wording,2026-09-28/usastaffing_13060225.txt
2026-09-28,884289000,https://apply.usastaffing.gov/ViewQuestionnaire/13058629,usastaffing_api,switched to new wording,2026-09-28/usastaffing_13058629.txt
2026-09-28,884286100,https://apply.usastaffing.gov/ViewQuestionnaire/13058413,usastaffing_api,switched to new wording,2026-09-28/usastaffing_13058413.txt
2026-09-28,884355700,https://apply.usastaffing.gov/ViewQuestionnaire/13056814,usastaffing_api,still old wording,2026-09-28/usastaffing_13056814.txt
2026-09-28,884016600,https://apply.usastaffing.gov/ViewQuestionnaire/13058815,usastaffing_api,switched to new wording,2026-09-28/usastaffing_13058815.txt
2026-09-28,884445300,https://apply.usastaffing.gov/ViewQuestionnaire/13062318,usastaffing_api,switched to new wording,2026-09-28/usastaffing_13062318.txt
2026-09-28,884445400,https://apply.usastaffing.gov/ViewQuestionnaire/13062317,usastaffing_api,switched to new wording,2026-09-28/usastaffing_13062317.txt
2026-09-28,884275000,https://apply.usastaffing.gov/ViewQuestionnaire/13059202,usastaffing_api,switched to new wording,2026-09-28/usastaffing_13059202.txt
2026-09-28,884343600,https://jobs.faa.gov/Preview/100342,browser,rescrape failed,
2026-09-28,884332400,https://apply.usastaffing.gov/ViewQuestionnaire/13061557,usastaffing_api,still old wording,2026-09-28/usastaffing_13061557.txt
2026-09-28,884386900,https://apply.usastaffing.gov/ViewQuestionnaire/13061727,usastaffing_api,still old wording,2026-09-28/usastaffing_13061727.txt
2026-09-28,884406100,https://apply.usastaffing.gov/ViewQuestionnaire/13050130,usastaffing_api,switched to new wording,2026-09-28/usastaffing_13050130.txt
2026-09-28,884351500,https://apply.usastaffing.gov/ViewQuestionnaire/13061813,usastaffing_api,switched to new wording,2026-09-28/usastaffing_13061813.txt
2026-09-28,884373900,https://apply.usastaffing.gov/ViewQuestionnaire/13061920,usastaffing_api,switched to new wording,2026-09-28/usastaffing_13061920.txt
2026-09-28,884455800,https://jobs.faa.gov/Preview/100515,browser,rescrape failed,
2026-09-28,884456100,https://jobs.faa.gov/Preview/100516,browser,rescrape failed,
2026-09-28,884416600,https://apply.usastaffing.gov/ViewQuestionnaire/13061891,usastaffing_api,switched to new wording,2026-09-28/usastaffing_13061891.txt
2026-09-28,884305200,https://apply.usastaffing.gov/ViewQuestionnaire/13035690,usastaffing_api,still old wording,2026-09-28/usastaffing_13035690.txt
2026-09-28,884410200,https://apply.usastaffing.gov/ViewQuestionnaire/13062151,usastaffing_api,still old wording,2026-09-28/usastaffing_13062151.txt
2026-09-28,884301700,https://apply.usastaffing.gov/ViewQuestionnaire/13060329,usastaffing_api,switched to new wording,2026-09-28/usastaffing_13060329.txt
2026-09-28,884445900,https://apply.usastaffing.gov/ViewQuestionnaire/13059808,usastaffing_api,still old wording,2026-09-28/usastaffing_13059808.txt
2026-09-28,885067200,https://apply.usastaffing.gov/ViewQuestionnaire/13061054,usastaffing_api,switched to new wording,2026-09-28/usastaffing_13061054.txt
2026-09-28,884288400,https://apply.usastaffing.gov/ViewQuestionnaire/13053202,usastaffing_api,switched to new wording,2026-09-28/usastaffing_13053202.txt
2026-09-28,884366400,https://apply.usastaffing.gov/ViewQuestionnaire/13061047,usastaffing_api,still old wording,2026-09-28/usastaffing_13061047.txt
2026-09-28,884471400,https://apply.usastaffing.gov/ViewQuestionnaire/13062442,usastaffing_api,still old wording,2026-09-28/usastaffing_13062442.txt
2026-09-28,884160000,https://apply.usastaffing.gov/ViewQuestionnaire/13060690,usastaffing_api,still old wording,2026-09-28/usastaffing_13060690.txt
2026-09-28,884436900,https://apply.usastaffing.gov/ViewQuestionnaire/13059875,usastaffing_api,switched to new wording,2026-09-28/usastaffing_13059875.txt
2026-09-28,884321500,https://jobs.faa.gov/Preview/100387,browser,rescrape failed,
2026-09-28,884126800,https://apply.usastaffing.gov/ViewQuestionnaire/13059086,usastaffing_api,switched to new wording,2026-09-28/usastaffing_13059086.txt
2026-09-28,884356000,https://apply.usastaffing.gov/ViewQuestionnaire/13052507,usastaffing_api,switched to new wording,2026-09-28/usastaffing_13052507.txt
2026-09-28,883991300,https://apply.usastaffing.gov/ViewQuestionnaire/13036055,usastaffing_api,switched to new wording,2026-09-28/usastaffing_13036055.txt
2026-09-28,884447300,https://apply.usastaffing.gov/ViewQuestionnaire/13058738,usastaffing_api,switched to new wording,2026-09-28/usastaffing_13058738.txt
2026-09-28,884249500,https://apply.usastaffing.gov/ViewQuestionnaire/13059205,usastaffing_api,switched to new wording,2026-09-28/usastaffing_13059205.txt
2026-09-28,884232700,https://apply.usastaffing.gov/ViewQuestionnaire/13049776,usastaffing_api,switched to new wording,2026-09-28/usastaffing_13049776.txt
2026-09-28,884117100,https://apply.usastaffing.gov/ViewQuestionnaire/13055696,usastaffing_api,switched to new wording,2026-09-28/usastaffing_13055696.txt
2026-09-28,884389000,https://apply.usastaffing.gov/ViewQuestionnaire/13061722,usastaffing_api,switched to new wording,2026-09-28/usastaffing_13061722.txt
2026-09-28,884374000,https://apply.usastaffing.gov/ViewQuestionnaire/13061883,usastaffing_api,switched to new wording,2026-09-28/usastaffing_13061883.txt
2026-09-28,884412100,https://apply.usastaffing.gov/ViewQuestionnaire/13056611,usastaffing_api,switched to new wording,2026-09-28/usastaffing_13056611.txt
2026-09-28,884433100,https://apply.usastaffing.gov/ViewQuestionnaire/13062260,usastaffing_api,switched to new wording,2026-09-28/usastaffing_13062260.txt
2026-09-28,884318800,https://apply.usastaffing.gov/ViewQuestionnaire/13058555,usastaffing_api,switched to new wording,2026-09-28/usastaffing_13058555.txt
2026-09-28,884392000,https://apply.usastaffing.gov/ViewQuestionnaire/13061075,usastaffing_api,neither wording,2026-09-28/usastaffing_13061075.txt
2026-09-28,884179700,https://apply.usastaffing.gov/ViewQuestionnaire/13054176,usastaffing_api,switched to new wording,2026-09-28/usastaffing_13054176.txt
2026-09-28,884197000,https://apply.usastaffing.gov/ViewQuestionnaire/13060389,usastaffing_api,switched to new wording,2026-09-28/usastaffing_13060389.txt
2026-09-28,884419200,https://apply.usastaffing.gov/ViewQuestionnaire/13042103,usastaffing_api,switched to new wording,2026-09-28/usastaffing_13042103.txt
2026-09-28,884473100,https://apply.usastaffing.gov/ViewQuestionnaire/13062485,usastaffing_api,switched to new wording,2026-09-28/usastaffing_13062485.txt
2026-09-28,884144900,https://apply.usastaffing.gov/ViewQuestionnaire/13055523,usastaffing_api,switched to new wording,2026-09-28/usastaffing_13055523.txt
2026-09-28,884210900,https://apply.usastaffing.gov/ViewQuestionnaire/13054877,usastaffing_api,switched to new wording,2026-09-28/usastaffing_13054877.txt
2026-09-28,884211300,https://apply.usastaffing.gov/ViewQuestionnaire/13054928,usastaffing_api,switched to new wording,2026-09-28/usastaffing_13054928.txt
2026-09-28,884406900,https://apply.usastaffing.gov/ViewQuestionnaire/13055463,usastaffing_api,switched to new wording,2026-09-28/usastaffing_13055463.txt
2026-09-28,884407300,https://apply.usastaffing.gov/ViewQuestionnaire/13057709,usastaffing_api,switched to new wording,2026-09-28/usastaffing_13057709.txt
2026-09-28,884385200,https://apply.usastaffing.gov/ViewQuestionnaire/13051044,usastaffing_api,switched to new wording,2026-09-28/usastaffing_13051044.txt
2026-09-28,884419300,https://apply.usastaffing.gov/ViewQuestionnaire/13062193,usastaffing_api,still old wording,2026-09-28/usastaffing_13062193.txt
2026-09-28,884319900,https://apply.usastaffing.gov/ViewQuestionnaire/13061430,usastaffing_api,switched to new wording,2026-09-28/usastaffing_13061430.txt
2026-09-28,884555900,https://apply.usastaffing.gov/ViewQuestionnaire/13055610,usastaffing_api,switched to new wording,2026-09-28/usastaffing_13055610.txt
2026-09-28,884564700,https://jobs.monstergovt.com/dot/ros/rosDashboard.hms?O=2&J=92985,monster_requests,still old wording,2026-09-28/monster_92985.txt
2026-09-28,884296800,https://apply.usastaffing.gov/ViewQuestionnaire/13056246,usastaffing_api,still old wording,2026-09-28/usastaffing_13056246.txt
2026-09-28,884598400,https://jobs.monstergovt.com/fcc/ros/rosDashboard.hms?O=1751&J=218661,monster_requests,still old wording,2026-09-28/monster_218661.txt
2026-09-28,884611700,https://apply.usastaffing.gov/ViewQuestionnaire/13061715,usastaffing_api,switched to new wording,2026-09-28/usastaffing_13061715.txt
2026-09-28,884171100,https://apply.usastaffing.gov/ViewQuestionnaire/13060600,usastaffing_api,still old wording,2026-09-28/usastaffing_13060600.txt
2026-09-28,884538300,https://apply.usastaffing.gov/ViewQuestionnaire/13062792,usastaffing_api,still old wording,2026-09-28/usastaffing_13062792.txt
2026-09-28,884485400,https://apply.usastaffing.gov/ViewQuestionnaire/13062530,usastaffing_api,switched to new wording,2026-09-28/usastaffing_13062530.txt
2026-09-28,884487300,https://apply.usastaffing.gov/ViewQuestionnaire/13059462,usastaffing_api,switched to new wording,2026-09-28/usastaffing_13059462.txt
2026-09-28,884488500,https://apply.usastaffing.gov/ViewQuestionnaire/13060044,usastaffing_api,switched to new wording,2026-09-28/usastaffing_13060044.txt
2026-09-28,884615000,https://apply.usastaffing.gov/ViewQuestionnaire/13059662,usastaffing_api,switched to new wording,2026-09-28/usastaffing_13059662.txt
2026-09-28,884648000,https://apply.usastaffing.gov/ViewQuestionnaire/13064607,usastaffing_api,still old wording,2026-09-28/usastaffing_13064607.txt
2026-09-28,884577900,https://apply.usastaffing.gov/ViewQuestionnaire/13061991,usastaffing_api,switched to new wording,2026-09-28/usastaffing_13061991.txt
2026-09-28,884570900,https://apply.usastaffing.gov/ViewQuestionnaire/13063020,usastaffing_api,switched to new wording,2026-09-28/usastaffing_13063020.txt
2026-09-28,884515400,https://apply.usastaffing.gov/ViewQuestionnaire/13049287,usastaffing_api,still old wording,2026-09-28/usastaffing_13049287.txt
2026-09-28,884488800,https://apply.usastaffing.gov/ViewQuestionnaire/13060615,usastaffing_api,switched to new wording,2026-09-28/usastaffing_13060615.txt
2026-09-28,884546000,https://apply.usastaffing.gov/ViewQuestionnaire/13062829,usastaffing_api,switched to new wording,2026-09-28/usastaffing_13062829.txt
2026-09-28,884584500,https://apply.usastaffing.gov/ViewQuestionnaire/13062507,usastaffing_api,switched to new wording,2026-09-28/usastaffing_13062507.txt
2026-09-28,884591300,https://apply.usastaffing.gov/ViewQuestionnaire/13063074,usastaffing_api,switched to new wording,2026-09-28/usastaffing_13063074.txt
2026-09-28,884631000,https://apply.usastaffing.gov/ViewQuestionnaire/13064474,usastaffing_api,switched to new wording,2026-09-28/usastaffing_13064474.txt
2026-09-28,884477800,https://apply.usastaffing.gov/ViewQuestionnaire/13054479,usastaffing_api,switched to new wording,2026-09-28/usastaffing_13054479.txt
2026-09-28,884502300,https://apply.usastaffing.gov/ViewQuestionnaire/13061800,usastaffing_api,still old wording,2026-09-28/usastaffing_13061800.txt
2026-09-28,884610400,https://apply.usastaffing.gov/ViewQuestionnaire/13064326,usastaffing_api,switched to new wording,2026-09-28/usastaffing_13064326.txt
2026-09-28,884644300,https://apply.usastaffing.gov/ViewQuestionnaire/13058975,usastaffing_api,still old wording,2026-09-28/usastaffing_13058975.txt
2026-09-28,884601500,https://apply.usastaffing.gov/ViewQuestionnaire/13062692,usastaffing_api,switched to new wording,2026-09-28/usastaffing_13062692.txt
2026-09-28,884627200,https://apply.usastaffing.gov/ViewQuestionnaire/13064214,usastaffing_api,switched to new wording,2026-09-28/usastaffing_13064214.txt
2026-09-28,884492200,https://apply.usastaffing.gov/ViewQuestionnaire/13035062,usastaffing_api,switched to new wording,2026-09-28/usastaffing_13035062.txt
2026-09-28,884628700,https://apply.usastaffing.gov/ViewQuestionnaire/13059876,usastaffing_api,still old wording,2026-09-28/usastaffing_13059876.txt
2026-09-28,884475100,https://apply.usastaffing.gov/ViewQuestionnaire/13051669,usastaffing_api,switched to new wording,2026-09-28/usastaffing_13051669.txt
2026-09-28,884589500,https://apply.usastaffing.gov/ViewQuestionnaire/13061203,usastaffing_api,switched to new wording,2026-09-28/usastaffing_13061203.txt
2026-09-28,884546100,https://apply.usastaffing.gov/ViewQuestionnaire/13062828,usastaffing_api,switched to new wording,2026-09-28/usastaffing_13062828.txt
2026-09-28,884515900,https://apply.usastaffing.gov/ViewQuestionnaire/13058184,usastaffing_api,switched to new wording,2026-09-28/usastaffing_13058184.txt
2026-09-28,884529700,https://apply.usastaffing.gov/ViewQuestionnaire/13056099,usastaffing_api,switched to new wording,2026-09-28/usastaffing_13056099.txt
2026-09-28,884622200,https://apply.usastaffing.gov/ViewQuestionnaire/13061788,usastaffing_api,still old wording,2026-09-28/usastaffing_13061788.txt
2026-09-28,884143500,https://apply.usastaffing.gov/ViewQuestionnaire/13039186,usastaffing_api,switched to new wording,2026-09-28/usastaffing_13039186.txt
2026-09-28,884499700,https://apply.usastaffing.gov/ViewQuestionnaire/12986059,usastaffing_api,switched to new wording,2026-09-28/usastaffing_12986059.txt
2026-09-28,884638400,https://apply.usastaffing.gov/ViewQuestionnaire/13054199,usastaffing_api,switched to new wording,2026-09-28/usastaffing_13054199.txt
2026-09-28,884603500,https://apply.usastaffing.gov/ViewQuestionnaire/13052009,usastaffing_api,switched to new wording,2026-09-28/usastaffing_13052009.txt
2026-09-28,884531300,https://apply.usastaffing.gov/ViewQuestionnaire/13062125,usastaffing_api,switched to new wording,2026-09-28/usastaffing_13062125.txt
2026-09-28,884543300,https://apply.usastaffing.gov/ViewQuestionnaire/13059515,usastaffing_api,switched to new wording,2026-09-28/usastaffing_13059515.txt
2026-09-28,884482700,https://apply.usastaffing.gov/ViewQuestionnaire/13059593,usastaffing_api,switched to new wording,2026-09-28/usastaffing_13059593.txt
2026-09-28,884489300,https://apply.usastaffing.gov/ViewQuestionnaire/13059382,usastaffing_api,switched to new wording,2026-09-28/usastaffing_13059382.txt
2026-09-28,884599600,https://apply.usastaffing.gov/ViewQuestionnaire/13062116,usastaffing_api,switched to new wording,2026-09-28/usastaffing_13062116.txt
2026-09-28,884500800,https://apply.usastaffing.gov/ViewQuestionnaire/13056276,usastaffing_api,switched to new wording,2026-09-28/usastaffing_13056276.txt
2026-09-28,884502600,https://apply.usastaffing.gov/ViewQuestionnaire/13059773,usastaffing_api,switched to new wording,2026-09-28/usastaffing_13059773.txt
2026-09-28,884528300,https://apply.usastaffing.gov/ViewQuestionnaire/13034462,usastaffing_api,switched to new wording,2026-09-28/usastaffing_13034462.txt
2026-09-28,884568500,https://apply.usastaffing.gov/ViewQuestionnaire/13054215,usastaffing_api,switched to new wording,2026-09-28/usastaffing_13054215.txt
2026-09-28,884606300,https://apply.usastaffing.gov/ViewQuestionnaire/13058840,usastaffing_api,switched to new wording,2026-09-28/usastaffing_13058840.txt
2026-09-28,884314800,https://apply.usastaffing.gov/ViewQuestionnaire/13061438,usastaffing_api,switched to new wording,2026-09-28/usastaffing_13061438.txt
2026-09-28,884647900,https://apply.usastaffing.gov/ViewQuestionnaire/13033013,usastaffing_api,switched to new wording,2026-09-28/usastaffing_13033013.txt
2026-09-28,884612800,https://apply.usastaffing.gov/ViewQuestionnaire/13062781,usastaffing_api,switched to new wording,2026-09-28/usastaffing_13062781.txt
2026-09-28,884530500,https://apply.usastaffing.gov/ViewQuestionnaire/13060294,usastaffing_api,switched to new wording,2026-09-28/usastaffing_13060294.txt
2026-09-28,884511700,https://apply.usastaffing.gov/ViewQuestionnaire/13060475,usastaffing_api,switched to new wording,2026-09-28/usastaffing_13060475.txt
2026-09-28,884557900,https://apply.usastaffing.gov/ViewQuestionnaire/13054684,usastaffing_api,switched to new wording,2026-09-28/usastaffing_13054684.txt
2026-09-28,884227000,https://apply.usastaffing.gov/ViewQuestionnaire/13060280,usastaffing_api,switched to new wording,2026-09-28/usastaffing_13060280.txt
2026-09-28,884639200,https://apply.usastaffing.gov/ViewQuestionnaire/13062462,usastaffing_api,still old wording,2026-09-28/usastaffing_13062462.txt
2026-09-28,884478800,https://apply.usastaffing.gov/ViewQuestionnaire/13060971,usastaffing_api,switched to new wording,2026-09-28/usastaffing_13060971.txt
2026-09-28,884646800,https://apply.usastaffing.gov/ViewQuestionnaire/13061143,usastaffing_api,switched to new wording,2026-09-28/usastaffing_13061143.txt
2026-09-28,884483400,https://apply.usastaffing.gov/ViewQuestionnaire/13059359,usastaffing_api,still old wording,2026-09-28/usastaffing_13059359.txt
2026-09-28,884504900,https://apply.usastaffing.gov/ViewQuestionnaire/13059902,usastaffing_api,switched to new wording,2026-09-28/usastaffing_13059902.txt
2026-09-28,884648100,https://apply.usastaffing.gov/ViewQuestionnaire/13062335,usastaffing_api,switched to new wording,2026-09-28/usastaffing_13062335.txt
2026-09-28,884541300,https://apply.usastaffing.gov/ViewQuestionnaire/13046347,usastaffing_api,switched to new wording,2026-09-28/usastaffing_13046347.txt
2026-09-28,884133600,https://apply.usastaffing.gov/ViewQuestionnaire/13060354,usastaffing_api,switched to new wording,2026-09-28/usastaffing_13060354.txt
2026-09-28,884513500,https://apply.usastaffing.gov/ViewQuestionnaire/13059749,usastaffing_api,switched to new wording,2026-09-28/usastaffing_13059749.txt
2026-09-28,884507900,https://apply.usastaffing.gov/ViewQuestionnaire/13059909,usastaffing_api,switched to new wording,2026-09-28/usastaffing_13059909.txt
2026-09-28,884508200,https://jobs.monstergovt.com/fdic/ros/rosDashboard.hms?O=1&J=74597,monster_requests,still old wording,2026-09-28/monster_74597.txt
2026-09-28,884510900,https://apply.usastaffing.gov/ViewQuestionnaire/13062316,usastaffing_api,switched to new wording,2026-09-28/usastaffing_13062316.txt
2026-09-28,884515100,https://apply.usastaffing.gov/ViewQuestionnaire/13062344,usastaffing_api,switched to new wording,2026-09-28/usastaffing_13062344.txt
2026-09-28,884541000,https://apply.usastaffing.gov/ViewQuestionnaire/12970376,usastaffing_api,still old wording,2026-09-28/usastaffing_12970376.txt
2026-09-28,884620400,https://jobs.monstergovt.com/fcc/ros/rosDashboard.hms?O=1751&J=218667,monster_requests,still old wording,2026-09-28/monster_218667.txt
2026-09-28,884638300,https://jobs.monstergovt.com/fcc/ros/rosDashboard.hms?O=1751&J=218666,monster_requests,still old wording,2026-09-28/monster_218666.txt
2026-09-28,884543900,https://apply.usastaffing.gov/ViewQuestionnaire/13052171,usastaffing_api,switched to new wording,2026-09-28/usastaffing_13052171.txt
2026-09-28,884511400,https://jobs.faa.gov/Preview/100503,browser,rescrape failed,
2026-09-28,884608000,https://apply.usastaffing.gov/ViewQuestionnaire/13049362,usastaffing_api,still old wording,2026-09-28/usastaffing_13049362.txt
2026-09-28,884612600,https://apply.usastaffing.gov/ViewQuestionnaire/13063111,usastaffing_api,switched to new wording,2026-09-28/usastaffing_13063111.txt
2026-09-28,884498000,https://apply.usastaffing.gov/ViewQuestionnaire/13047583,usastaffing_api,switched to new wording,2026-09-28/usastaffing_13047583.txt
2026-09-28,884503700,https://apply.usastaffing.gov/ViewQuestionnaire/13062557,usastaffing_api,switched to new wording,2026-09-28/usastaffing_13062557.txt
2026-09-28,883860500,https://apply.usastaffing.gov/ViewQuestionnaire/13055117,usastaffing_api,switched to new wording,2026-09-28/usastaffing_13055117.txt
2026-09-28,884495600,https://apply.usastaffing.gov/ViewQuestionnaire/13062191,usastaffing_api,still old wording,2026-09-28/usastaffing_13062191.txt
2026-09-28,884548700,https://apply.usastaffing.gov/ViewQuestionnaire/13057424,usastaffing_api,switched to new wording,2026-09-28/usastaffing_13057424.txt
2026-09-28,884558700,https://apply.usastaffing.gov/ViewQuestionnaire/13062978,usastaffing_api,still old wording,2026-09-28/usastaffing_13062978.txt
2026-09-28,884542800,https://apply.usastaffing.gov/ViewQuestionnaire/13062894,usastaffing_api,switched to new wording,2026-09-28/usastaffing_13062894.txt
2026-09-28,884554800,https://apply.usastaffing.gov/ViewQuestionnaire/13052896,usastaffing_api,switched to new wording,2026-09-28/usastaffing_13052896.txt
2026-09-28,884474200,https://apply.usastaffing.gov/ViewQuestionnaire/13062496,usastaffing_api,switched to new wording,2026-09-28/usastaffing_13062496.txt
2026-09-28,884648400,https://apply.usastaffing.gov/ViewQuestionnaire/13062998,usastaffing_api,switched to new wording,2026-09-28/usastaffing_13062998.txt
2026-09-28,884596700,https://jobs.faa.gov/Preview/100542,browser,rescrape failed,
2026-09-28,884273600,https://apply.usastaffing.gov/ViewQuestionnaire/13058994,usastaffing_api,switched to new wording,2026-09-28/usastaffing_13058994.txt
2026-09-28,884597400,https://apply.usastaffing.gov/ViewQuestionnaire/13062964,usastaffing_api,switched to new wording,2026-09-28/usastaffing_13062964.txt
2026-09-28,884634300,https://apply.usastaffing.gov/ViewQuestionnaire/13062017,usastaffing_api,switched to new wording,2026-09-28/usastaffing_13062017.txt
2026-09-28,884555100,https://apply.usastaffing.gov/ViewQuestionnaire/13062716,usastaffing_api,switched to new wording,2026-09-28/usastaffing_13062716.txt
2026-09-28,884590000,https://apply.usastaffing.gov/ViewQuestionnaire/13062936,usastaffing_api,switched to new wording,2026-09-28/usastaffing_13062936.txt
2026-09-28,884611500,https://jobs.faa.gov/Preview/100533,browser,rescrape failed,
2026-09-28,884565100,https://apply.usastaffing.gov/ViewQuestionnaire/13056112,usastaffing_api,switched to new wording,2026-09-28/usastaffing_13056112.txt
2026-09-28,884582500,https://apply.usastaffing.gov/ViewQuestionnaire/13056736,usastaffing_api,switched to new wording,2026-09-28/usastaffing_13056736.txt
2026-09-28,884602000,https://apply.usastaffing.gov/ViewQuestionnaire/13063062,usastaffing_api,switched to new wording,2026-09-28/usastaffing_13063062.txt
2026-09-28,884546300,https://apply.usastaffing.gov/ViewQuestionnaire/13056824,usastaffing_api,still old wording,2026-09-28/usastaffing_13056824.txt
2026-09-28,884074000,https://apply.usastaffing.gov/ViewQuestionnaire/13058942,usastaffing_api,switched to new wording,2026-09-28/usastaffing_13058942.txt
2026-09-28,884493900,https://apply.usastaffing.gov/ViewQuestionnaire/13062433,usastaffing_api,switched to new wording,2026-09-28/usastaffing_13062433.txt
2026-09-28,884496000,https://apply.usastaffing.gov/ViewQuestionnaire/13062437,usastaffing_api,switched to new wording,2026-09-28/usastaffing_13062437.txt
2026-09-28,884496400,https://apply.usastaffing.gov/ViewQuestionnaire/13062561,usastaffing_api,switched to new wording,2026-09-28/usastaffing_13062561.txt
2026-09-28,884485300,https://apply.usastaffing.gov/ViewQuestionnaire/13062526,usastaffing_api,still old wording,2026-09-28/usastaffing_13062526.txt
2026-09-28,884666700,https://apply.usastaffing.gov/ViewQuestionnaire/13033709,usastaffing_api,still old wording,2026-09-28/usastaffing_13033709.txt
2026-09-28,884683900,https://apply.usastaffing.gov/ViewQuestionnaire/13051604,usastaffing_api,still old wording,2026-09-28/usastaffing_13051604.txt
2026-09-28,884785100,https://apply.usastaffing.gov/ViewQuestionnaire/13058802,usastaffing_api,still old wording,2026-09-28/usastaffing_13058802.txt
2026-09-28,884811000,https://apply.usastaffing.gov/ViewQuestionnaire/13061067,usastaffing_api,switched to new wording,2026-09-28/usastaffing_13061067.txt
2026-09-28,884616000,https://apply.usastaffing.gov/ViewQuestionnaire/13064120,usastaffing_api,still old wording,2026-09-28/usastaffing_13064120.txt
2026-09-28,884671700,https://apply.usastaffing.gov/ViewQuestionnaire/13055513,usastaffing_api,still old wording,2026-09-28/usastaffing_13055513.txt
2026-09-28,884673300,https://apply.usastaffing.gov/ViewQuestionnaire/13058661,usastaffing_api,still old wording,2026-09-28/usastaffing_13058661.txt
2026-09-28,884683200,https://apply.usastaffing.gov/ViewQuestionnaire/13062702,usastaffing_api,switched to new wording,2026-09-28/usastaffing_13062702.txt
2026-09-28,884684600,https://apply.usastaffing.gov/ViewQuestionnaire/13062701,usastaffing_api,switched to new wording,2026-09-28/usastaffing_13062701.txt
2026-09-28,884555700,https://apply.usastaffing.gov/ViewQuestionnaire/13061299,usastaffing_api,switched to new wording,2026-09-28/usastaffing_13061299.txt
2026-09-28,884703100,https://apply.usastaffing.gov/ViewQuestionnaire/13061400,usastaffing_api,switched to new wording,2026-09-28/usastaffing_13061400.txt
2026-09-28,884242800,https://apply.usastaffing.gov/ViewQuestionnaire/13046956,usastaffing_api,switched to new wording,2026-09-28/usastaffing_13046956.txt
2026-09-28,884695800,https://apply.usastaffing.gov/ViewQuestionnaire/13061531,usastaffing_api,switched to new wording,2026-09-28/usastaffing_13061531.txt
2026-09-28,884528900,https://apply.usastaffing.gov/ViewQuestionnaire/13062789,usastaffing_api,switched to new wording,2026-09-28/usastaffing_13062789.txt
2026-09-28,884865300,https://apply.usastaffing.gov/ViewQuestionnaire/13065952,usastaffing_api,switched to new wording,2026-09-28/usastaffing_13065952.txt
2026-09-28,884554700,https://apply.usastaffing.gov/ViewQuestionnaire/13062774,usastaffing_api,switched to new wording,2026-09-28/usastaffing_13062774.txt
2026-09-28,884832300,https://apply.usastaffing.gov/ViewQuestionnaire/13064179,usastaffing_api,switched to new wording,2026-09-28/usastaffing_13064179.txt
2026-09-28,884871400,https://apply.usastaffing.gov/ViewQuestionnaire/13062510,usastaffing_api,switched to new wording,2026-09-28/usastaffing_13062510.txt
2026-09-28,884831500,https://apply.usastaffing.gov/ViewQuestionnaire/13065620,usastaffing_api,switched to new wording,2026-09-28/usastaffing_13065620.txt
2026-09-28,883064900,https://apply.usastaffing.gov/ViewQuestionnaire/13029181,usastaffing_api,still old wording,2026-09-28/usastaffing_13029181.txt
2026-09-28,884675500,https://apply.usastaffing.gov/ViewQuestionnaire/13061048,usastaffing_api,still old wording,2026-09-28/usastaffing_13061048.txt
2026-09-28,884786000,https://apply.usastaffing.gov/ViewQuestionnaire/13064384,usastaffing_api,still old wording,2026-09-28/usastaffing_13064384.txt
2026-09-28,884808500,https://apply.usastaffing.gov/ViewQuestionnaire/13061148,usastaffing_api,switched to new wording,2026-09-28/usastaffing_13061148.txt
2026-09-28,884592800,https://apply.usastaffing.gov/ViewQuestionnaire/13064219,usastaffing_api,switched to new wording,2026-09-28/usastaffing_13064219.txt
2026-09-28,884718200,https://apply.usastaffing.gov/ViewQuestionnaire/13062913,usastaffing_api,still old wording,2026-09-28/usastaffing_13062913.txt
2026-09-28,884755000,https://apply.usastaffing.gov/ViewQuestionnaire/13062924,usastaffing_api,switched to new wording,2026-09-28/usastaffing_13062924.txt
2026-09-28,884762300,https://apply.usastaffing.gov/ViewQuestionnaire/13047315,usastaffing_api,switched to new wording,2026-09-28/usastaffing_13047315.txt
2026-09-28,884763400,https://apply.usastaffing.gov/ViewQuestionnaire/13047316,usastaffing_api,switched to new wording,2026-09-28/usastaffing_13047316.txt
2026-09-28,884801200,https://jobs.monstergovt.com/dot/ros/rosDashboard.hms?O=2&J=92964,monster_requests,still old wording,2026-09-28/monster_92964.txt
2026-09-28,884700100,https://apply.usastaffing.gov/ViewQuestionnaire/13060829,usastaffing_api,switched to new wording,2026-09-28/usastaffing_13060829.txt
2026-09-28,884805900,https://apply.usastaffing.gov/ViewQuestionnaire/13056890,usastaffing_api,switched to new wording,2026-09-28/usastaffing_13056890.txt
2026-09-28,884767700,https://apply.usastaffing.gov/ViewQuestionnaire/13065216,usastaffing_api,switched to new wording,2026-09-28/usastaffing_13065216.txt
2026-09-28,884395000,https://apply.usastaffing.gov/ViewQuestionnaire/13059546,usastaffing_api,switched to new wording,2026-09-28/usastaffing_13059546.txt
2026-09-28,884833600,https://apply.usastaffing.gov/ViewQuestionnaire/13060338,usastaffing_api,switched to new wording,2026-09-28/usastaffing_13060338.txt
2026-09-28,884027200,https://jobs.faa.gov/Preview/100475,browser,rescrape failed,
2026-09-28,884705200,https://apply.usastaffing.gov/ViewQuestionnaire/13064850,usastaffing_api,switched to new wording,2026-09-28/usastaffing_13064850.txt
2026-09-28,884734900,https://apply.usastaffing.gov/ViewQuestionnaire/13064998,usastaffing_api,switched to new wording,2026-09-28/usastaffing_13064998.txt
2026-09-28,884750900,https://apply.usastaffing.gov/ViewQuestionnaire/13062690,usastaffing_api,switched to new wording,2026-09-28/usastaffing_13062690.txt
2026-09-28,884757200,https://apply.usastaffing.gov/ViewQuestionnaire/13062992,usastaffing_api,switched to new wording,2026-09-28/usastaffing_13062992.txt
2026-09-28,884844100,https://apply.usastaffing.gov/ViewQuestionnaire/13065565,usastaffing_api,switched to new wording,2026-09-28/usastaffing_13065565.txt
2026-09-28,884852400,https://jobs.monstergovt.com/gsa/ros/rosDashboard.hms?O=1&J=112857,monster_requests,still old wording,2026-09-28/monster_112857.txt
2026-09-28,884854100,https://jobs.faa.gov/Preview/100522,browser,rescrape failed,
2026-09-28,884870100,https://apply.usastaffing.gov/ViewQuestionnaire/13027648,usastaffing_api,switched to new wording,2026-09-28/usastaffing_13027648.txt
2026-09-28,884870200,https://apply.usastaffing.gov/ViewQuestionnaire/13027650,usastaffing_api,switched to new wording,2026-09-28/usastaffing_13027650.txt
2026-09-28,884738300,https://apply.usastaffing.gov/ViewQuestionnaire/13047865,usastaffing_api,switched to new wording,2026-09-28/usastaffing_13047865.txt
2026-09-28,884666000,https://apply.usastaffing.gov/ViewQuestionnaire/13062129,usastaffing_api,switched to new wording,2026-09-28/usastaffing_13062129.txt
2026-09-28,884759100,https://apply.usastaffing.gov/ViewQuestionnaire/13062755,usastaffing_api,switched to new wording,2026-09-28/usastaffing_13062755.txt
2026-09-28,884844900,https://apply.usastaffing.gov/ViewQuestionnaire/13062306,usastaffing_api,switched to new wording,2026-09-28/usastaffing_13062306.txt
2026-09-28,884705400,https://apply.usastaffing.gov/ViewQuestionnaire/13058275,usastaffing_api,switched to new wording,2026-09-28/usastaffing_13058275.txt
2026-09-28,884706600,https://apply.usastaffing.gov/ViewQuestionnaire/13059628,usastaffing_api,switched to new wording,2026-09-28/usastaffing_13059628.txt
2026-09-28,884786300,https://apply.usastaffing.gov/ViewQuestionnaire/13065250,usastaffing_api,still old wording,2026-09-28/usastaffing_13065250.txt
2026-09-28,884751700,https://apply.usastaffing.gov/ViewQuestionnaire/13065246,usastaffing_api,still old wording,2026-09-28/usastaffing_13065246.txt
2026-09-28,884732100,https://apply.usastaffing.gov/ViewQuestionnaire/13062460,usastaffing_api,switched to new wording,2026-09-28/usastaffing_13062460.txt
2026-09-28,884678700,https://apply.usastaffing.gov/ViewQuestionnaire/13059704,usastaffing_api,switched to new wording,2026-09-28/usastaffing_13059704.txt
2026-09-28,884730700,https://apply.usastaffing.gov/ViewQuestionnaire/13057877,usastaffing_api,switched to new wording,2026-09-28/usastaffing_13057877.txt
2026-09-28,884817900,https://apply.usastaffing.gov/ViewQuestionnaire/13055323,usastaffing_api,switched to new wording,2026-09-28/usastaffing_13055323.txt
2026-09-28,884840600,https://apply.usastaffing.gov/ViewQuestionnaire/13049766,usastaffing_api,switched to new wording,2026-09-28/usastaffing_13049766.txt
2026-09-28,884851100,https://apply.usastaffing.gov/ViewQuestionnaire/13062138,usastaffing_api,switched to new wording,2026-09-28/usastaffing_13062138.txt
2026-09-28,884718900,https://apply.usastaffing.gov/ViewQuestionnaire/13064186,usastaffing_api,switched to new wording,2026-09-28/usastaffing_13064186.txt
2026-09-28,884730800,https://apply.usastaffing.gov/ViewQuestionnaire/13039609,usastaffing_api,switched to new wording,2026-09-28/usastaffing_13039609.txt
2026-09-28,884760500,https://apply.usastaffing.gov/ViewQuestionnaire/13064731,usastaffing_api,switched to new wording,2026-09-28/usastaffing_13064731.txt
2026-09-28,884813800,https://apply.usastaffing.gov/ViewQuestionnaire/13060056,usastaffing_api,switched to new wording,2026-09-28/usastaffing_13060056.txt
2026-09-28,884767600,https://apply.usastaffing.gov/ViewQuestionnaire/13065161,usastaffing_api,switched to new wording,2026-09-28/usastaffing_13065161.txt
2026-09-28,884754000,https://apply.usastaffing.gov/ViewQuestionnaire/13065176,usastaffing_api,switched to new wording,2026-09-28/usastaffing_13065176.txt
2026-09-28,884676800,https://apply.usastaffing.gov/ViewQuestionnaire/13059343,usastaffing_api,switched to new wording,2026-09-28/usastaffing_13059343.txt
2026-09-28,884800100,https://apply.usastaffing.gov/ViewQuestionnaire/13064853,usastaffing_api,switched to new wording,2026-09-28/usastaffing_13064853.txt
2026-09-28,884716500,https://apply.usastaffing.gov/ViewQuestionnaire/13064147,usastaffing_api,switched to new wording,2026-09-28/usastaffing_13064147.txt
2026-09-28,884767300,https://apply.usastaffing.gov/ViewQuestionnaire/13062450,usastaffing_api,switched to new wording,2026-09-28/usastaffing_13062450.txt
2026-09-28,884836300,https://apply.usastaffing.gov/ViewQuestionnaire/13054197,usastaffing_api,switched to new wording,2026-09-28/usastaffing_13054197.txt
2026-09-28,884853200,https://apply.usastaffing.gov/ViewQuestionnaire/13061147,usastaffing_api,switched to new wording,2026-09-28/usastaffing_13061147.txt
2026-09-28,884593500,https://apply.usastaffing.gov/ViewQuestionnaire/13062694,usastaffing_api,switched to new wording,2026-09-28/usastaffing_13062694.txt
2026-09-28,884822800,https://apply.usastaffing.gov/ViewQuestionnaire/13051963,usastaffing_api,switched to new wording,2026-09-28/usastaffing_13051963.txt
2026-09-28,884698500,https://apply.usastaffing.gov/ViewQuestionnaire/13039582,usastaffing_api,switched to new wording,2026-09-28/usastaffing_13039582.txt
2026-09-28,884479200,https://apply.usastaffing.gov/ViewQuestionnaire/13060835,usastaffing_api,switched to new wording,2026-09-28/usastaffing_13060835.txt
2026-09-28,884479700,https://apply.usastaffing.gov/ViewQuestionnaire/13060433,usastaffing_api,switched to new wording,2026-09-28/usastaffing_13060433.txt
2026-09-28,884838300,https://apply.usastaffing.gov/ViewQuestionnaire/13065264,usastaffing_api,still old wording,2026-09-28/usastaffing_13065264.txt
2026-09-28,884744000,https://apply.usastaffing.gov/ViewQuestionnaire/13049967,usastaffing_api,still old wording,2026-09-28/usastaffing_13049967.txt
2026-09-28,884746900,https://apply.usastaffing.gov/ViewQuestionnaire/13049960,usastaffing_api,switched to new wording,2026-09-28/usastaffing_13049960.txt
2026-09-28,884652600,https://apply.usastaffing.gov/ViewQuestionnaire/13061331,usastaffing_api,switched to new wording,2026-09-28/usastaffing_13061331.txt
2026-09-28,884798900,https://apply.usastaffing.gov/ViewQuestionnaire/13059065,usastaffing_api,switched to new wording,2026-09-28/usastaffing_13059065.txt
2026-09-28,884811100,https://apply.usastaffing.gov/ViewQuestionnaire/13062902,usastaffing_api,switched to new wording,2026-09-28/usastaffing_13062902.txt
2026-09-28,884849700,https://apply.usastaffing.gov/ViewQuestionnaire/13065540,usastaffing_api,switched to new wording,2026-09-28/usastaffing_13065540.txt
2026-09-28,884849800,https://apply.usastaffing.gov/ViewQuestionnaire/13065539,usastaffing_api,switched to new wording,2026-09-28/usastaffing_13065539.txt
2026-09-28,884673900,https://apply.usastaffing.gov/ViewQuestionnaire/13061395,usastaffing_api,switched to new wording,2026-09-28/usastaffing_13061395.txt
2026-09-28,884732200,https://apply.usastaffing.gov/ViewQuestionnaire/13029547,usastaffing_api,still old wording,2026-09-28/usastaffing_13029547.txt
2026-09-28,884741500,https://apply.usastaffing.gov/ViewQuestionnaire/13064722,usastaffing_api,switched to new wording,2026-09-28/usastaffing_13064722.txt
2026-09-28,884793000,https://apply.usastaffing.gov/ViewQuestionnaire/13065393,usastaffing_api,switched to new wording,2026-09-28/usastaffing_13065393.txt
2026-09-28,884855400,https://apply.usastaffing.gov/ViewQuestionnaire/13065296,usastaffing_api,switched to new wording,2026-09-28/usastaffing_13065296.txt
2026-09-28,884729000,https://apply.usastaffing.gov/ViewQuestionnaire/13055437,usastaffing_api,switched to new wording,2026-09-28/usastaffing_13055437.txt
2026-09-28,884823500,https://apply.usastaffing.gov/ViewQuestionnaire/13055438,usastaffing_api,switched to new wording,2026-09-28/usastaffing_13055438.txt
2026-09-28,884791600,https://apply.usastaffing.gov/ViewQuestionnaire/13031387,usastaffing_api,switched to new wording,2026-09-28/usastaffing_13031387.txt
2026-09-28,884680800,https://apply.usastaffing.gov/ViewQuestionnaire/13045065,usastaffing_api,still old wording,2026-09-28/usastaffing_13045065.txt
2026-09-28,884763000,https://apply.usastaffing.gov/ViewQuestionnaire/13064159,usastaffing_api,switched to new wording,2026-09-28/usastaffing_13064159.txt
2026-09-28,884805200,https://apply.usastaffing.gov/ViewQuestionnaire/13062703,usastaffing_api,switched to new wording,2026-09-28/usastaffing_13062703.txt
2026-09-28,884848500,https://apply.usastaffing.gov/ViewQuestionnaire/13059816,usastaffing_api,switched to new wording,2026-09-28/usastaffing_13059816.txt
2026-09-28,884851300,https://apply.usastaffing.gov/ViewQuestionnaire/13065299,usastaffing_api,still old wording,2026-09-28/usastaffing_13065299.txt
2026-09-28,884692000,https://apply.usastaffing.gov/ViewQuestionnaire/13059268,usastaffing_api,still old wording,2026-09-28/usastaffing_13059268.txt
2026-09-28,884814000,https://apply.usastaffing.gov/ViewQuestionnaire/13065023,usastaffing_api,switched to new wording,2026-09-28/usastaffing_13065023.txt
2026-09-28,884742900,https://jobs.monstergovt.com/fdic/ros/rosDashboard.hms?O=1&J=74605,monster_requests,still old wording,2026-09-28/monster_74605.txt
2026-09-28,884797600,https://apply.usastaffing.gov/ViewQuestionnaire/13064351,usastaffing_api,switched to new wording,2026-09-28/usastaffing_13064351.txt
2026-09-28,884448000,https://apply.usastaffing.gov/ViewQuestionnaire/13057375,usastaffing_api,switched to new wording,2026-09-28/usastaffing_13057375.txt
2026-09-28,884835600,https://apply.usastaffing.gov/ViewQuestionnaire/13061074,usastaffing_api,still old wording,2026-09-28/usastaffing_13061074.txt
2026-09-28,884821400,https://apply.usastaffing.gov/ViewQuestionnaire/13064593,usastaffing_api,still old wording,2026-09-28/usastaffing_13064593.txt
2026-09-28,884765000,https://apply.usastaffing.gov/ViewQuestionnaire/13061567,usastaffing_api,switched to new wording,2026-09-28/usastaffing_13061567.txt
2026-09-28,884783300,https://apply.usastaffing.gov/ViewQuestionnaire/13064128,usastaffing_api,switched to new wording,2026-09-28/usastaffing_13064128.txt
2026-09-28,884534900,https://apply.usastaffing.gov/ViewQuestionnaire/13062710,usastaffing_api,switched to new wording,2026-09-28/usastaffing_13062710.txt
2026-09-28,884680000,https://apply.usastaffing.gov/ViewQuestionnaire/13053312,usastaffing_api,still old wording,2026-09-28/usastaffing_13053312.txt
2026-09-28,884672100,https://apply.usastaffing.gov/ViewQuestionnaire/13064671,usastaffing_api,switched to new wording,2026-09-28/usastaffing_13064671.txt
2026-09-28,884695400,https://apply.usastaffing.gov/ViewQuestionnaire/13064724,usastaffing_api,still old wording,2026-09-28/usastaffing_13064724.txt
2026-09-28,884861200,https://apply.usastaffing.gov/ViewQuestionnaire/13065626,usastaffing_api,still old wording,2026-09-28/usastaffing_13065626.txt
2026-09-28,884594300,https://apply.usastaffing.gov/ViewQuestionnaire/13064259,usastaffing_api,switched to new wording,2026-09-28/usastaffing_13064259.txt
2026-09-28,884623000,https://apply.usastaffing.gov/ViewQuestionnaire/13064461,usastaffing_api,switched to new wording,2026-09-28/usastaffing_13064461.txt
2026-09-28,884815500,https://apply.usastaffing.gov/ViewQuestionnaire/13065636,usastaffing_api,switched to new wording,2026-09-28/usastaffing_13065636.txt
2026-09-28,884819200,https://apply.usastaffing.gov/ViewQuestionnaire/13059778,usastaffing_api,switched to new wording,2026-09-28/usastaffing_13059778.txt
2026-09-28,884693500,https://apply.usastaffing.gov/ViewQuestionnaire/13064342,usastaffing_api,switched to new wording,2026-09-28/usastaffing_13064342.txt
2026-09-28,884841700,https://apply.usastaffing.gov/ViewQuestionnaire/13059135,usastaffing_api,switched to new wording,2026-09-28/usastaffing_13059135.txt
2026-09-28,884670100,https://jobs.faa.gov/Preview/100518,browser,rescrape failed,
2026-09-28,884670500,https://jobs.faa.gov/Preview/100519,browser,rescrape failed,
2026-09-28,884718600,https://jobs.faa.gov/Preview/100551,browser,rescrape failed,
2026-09-28,884794600,https://jobs.faa.gov/Preview/100512,browser,rescrape failed,
2026-09-28,884861700,https://jobs.faa.gov/Preview/100550,browser,rescrape failed,
2026-09-28,884866400,https://jobs.faa.gov/Preview/100530,browser,rescrape failed,
2026-09-28,884866600,https://jobs.faa.gov/Preview/100531,browser,rescrape failed,
2026-09-28,884666600,https://apply.usastaffing.gov/ViewQuestionnaire/13061231,usastaffing_api,switched to new wording,2026-09-28/usastaffing_13061231.txt
2026-09-28,884734600,https://apply.usastaffing.gov/ViewQuestionnaire/13062799,usastaffing_api,switched to new wording,2026-09-28/usastaffing_13062799.txt
2026-09-28,884736800,https://apply.usastaffing.gov/ViewQuestionnaire/13062900,usastaffing_api,still old wording,2026-09-28/usastaffing_13062900.txt
2026-09-28,884782600,https://apply.usastaffing.gov/ViewQuestionnaire/13053074,usastaffing_api,switched to new wording,2026-09-28/usastaffing_13053074.txt
2026-09-28,884782800,https://apply.usastaffing.gov/ViewQuestionnaire/13053075,usastaffing_api,switched to new wording,2026-09-28/usastaffing_13053075.txt
2026-09-28,884803000,https://apply.usastaffing.gov/ViewQuestionnaire/13062380,usastaffing_api,still old wording,2026-09-28/usastaffing_13062380.txt
2026-09-28,884804300,https://apply.usastaffing.gov/ViewQuestionnaire/13062379,usastaffing_api,still old wording,2026-09-28/usastaffing_13062379.txt
2026-09-28,884809000,https://apply.usastaffing.gov/ViewQuestionnaire/13062901,usastaffing_api,switched to new wording,2026-09-28/usastaffing_13062901.txt
2026-09-28,884655600,https://jobs.faa.gov/Preview/100445,browser,rescrape failed,
2026-09-28,884661000,https://jobs.faa.gov/Preview/100546,browser,rescrape failed,
2026-09-28,884747400,https://jobs.faa.gov/Preview/98447,browser,rescrape failed,
2026-09-28,884757100,https://jobs.faa.gov/Preview/100157,browser,rescrape failed,
2026-09-28,884813200,https://jobs.faa.gov/Preview/100548,browser,rescrape failed,
2026-09-28,884815400,https://jobs.faa.gov/Preview/100549,browser,rescrape failed,
2026-09-28,884835100,https://jobs.faa.gov/Preview/100539,browser,rescrape failed,
2026-09-28,884848800,https://jobs.faa.gov/Preview/100158,browser,rescrape failed,
2026-09-28,884799000,https://jobs.monstergovt.com/dot/ros/rosDashboard.hms?O=2&J=92987,monster_requests,still old wording,2026-09-28/monster_92987.txt
2026-09-28,884658000,https://apply.usastaffing.gov/ViewQuestionnaire/13062717,usastaffing_api,still old wording,2026-09-28/usastaffing_13062717.txt
2026-09-28,884747600,https://apply.usastaffing.gov/ViewQuestionnaire/13060047,usastaffing_api,switched to new wording,2026-09-28/usastaffing_13060047.txt
2026-09-28,884258100,https://apply.usastaffing.gov/ViewQuestionnaire/13061255,usastaffing_api,switched to new wording,2026-09-28/usastaffing_13061255.txt
2026-09-28,884675800,https://apply.usastaffing.gov/ViewQuestionnaire/13058427,usastaffing_api,still old wording,2026-09-28/usastaffing_13058427.txt
2026-09-28,884714100,https://apply.usastaffing.gov/ViewQuestionnaire/13059498,usastaffing_api,switched to new wording,2026-09-28/usastaffing_13059498.txt
2026-09-28,884732900,https://apply.usastaffing.gov/ViewQuestionnaire/13063102,usastaffing_api,switched to new wording,2026-09-28/usastaffing_13063102.txt
2026-09-28,884776600,https://apply.usastaffing.gov/ViewQuestionnaire/13060511,usastaffing_api,switched to new wording,2026-09-28/usastaffing_13060511.txt
2026-09-28,884783500,https://apply.usastaffing.gov/ViewQuestionnaire/13065441,usastaffing_api,switched to new wording,2026-09-28/usastaffing_13065441.txt
2026-09-28,884784800,https://apply.usastaffing.gov/ViewQuestionnaire/13061380,usastaffing_api,switched to new wording,2026-09-28/usastaffing_13061380.txt
2026-09-28,884804600,https://apply.usastaffing.gov/ViewQuestionnaire/13062158,usastaffing_api,still old wording,2026-09-28/usastaffing_13062158.txt
2026-09-28,884807800,https://apply.usastaffing.gov/ViewQuestionnaire/13062223,usastaffing_api,still old wording,2026-09-28/usastaffing_13062223.txt
2026-09-28,884833100,https://apply.usastaffing.gov/ViewQuestionnaire/13056913,usastaffing_api,still old wording,2026-09-28/usastaffing_13056913.txt
2026-09-28,884851600,https://jobs.faa.gov/Preview/100510,browser,rescrape failed,
2026-09-28,884857400,https://apply.usastaffing.gov/ViewQuestionnaire/13058165,usastaffing_api,still old wording,2026-09-28/usastaffing_13058165.txt
2026-09-28,884824300,https://apply.usastaffing.gov/ViewQuestionnaire/13065576,usastaffing_api,switched to new wording,2026-09-28/usastaffing_13065576.txt
2026-09-28,884721200,https://apply.usastaffing.gov/ViewQuestionnaire/13053806,usastaffing_api,switched to new wording,2026-09-28/usastaffing_13053806.txt
2026-09-28,884555800,https://apply.usastaffing.gov/ViewQuestionnaire/13061485,usastaffing_api,still old wording,2026-09-28/usastaffing_13061485.txt
2026-09-28,884673400,https://apply.usastaffing.gov/ViewQuestionnaire/13058320,usastaffing_api,still old wording,2026-09-28/usastaffing_13058320.txt
2026-09-28,884771000,https://apply.usastaffing.gov/ViewQuestionnaire/13064995,usastaffing_api,switched to new wording,2026-09-28/usastaffing_13064995.txt
2026-09-28,884723900,https://apply.usastaffing.gov/ViewQuestionnaire/13062520,usastaffing_api,switched to new wording,2026-09-28/usastaffing_13062520.txt
2026-09-28,884730300,https://apply.usastaffing.gov/ViewQuestionnaire/13057998,usastaffing_api,switched to new wording,2026-09-28/usastaffing_13057998.txt
2026-09-28,884962800,https://apply.usastaffing.gov/ViewQuestionnaire/13065589,usastaffing_api,switched to new wording,2026-09-28/usastaffing_13065589.txt
2026-09-28,884914700,https://apply.usastaffing.gov/ViewQuestionnaire/13054721,usastaffing_api,switched to new wording,2026-09-28/usastaffing_13054721.txt
2026-09-28,884908200,https://apply.usastaffing.gov/ViewQuestionnaire/13061631,usastaffing_api,switched to new wording,2026-09-28/usastaffing_13061631.txt
2026-09-28,884925900,https://apply.usastaffing.gov/ViewQuestionnaire/13061159,usastaffing_api,switched to new wording,2026-09-28/usastaffing_13061159.txt
2026-09-28,884939800,https://apply.usastaffing.gov/ViewQuestionnaire/13065333,usastaffing_api,switched to new wording,2026-09-28/usastaffing_13065333.txt
2026-09-28,884885600,https://apply.usastaffing.gov/ViewQuestionnaire/13057219,usastaffing_api,switched to new wording,2026-09-28/usastaffing_13057219.txt
2026-09-28,884847500,https://apply.usastaffing.gov/ViewQuestionnaire/13061363,usastaffing_api,still old wording,2026-09-28/usastaffing_13061363.txt
2026-09-28,885077600,https://apply.usastaffing.gov/ViewQuestionnaire/13067278,usastaffing_api,still old wording,2026-09-28/usastaffing_13067278.txt
2026-09-28,884902400,https://apply.usastaffing.gov/ViewQuestionnaire/13064207,usastaffing_api,still old wording,2026-09-28/usastaffing_13064207.txt
2026-09-28,884956500,https://jobs.monstergovt.com/fcc/ros/rosDashboard.hms?O=1751&J=218670,monster_requests,still old wording,2026-09-28/monster_218670.txt
2026-09-28,884957300,https://apply.usastaffing.gov/ViewQuestionnaire/13066277,usastaffing_api,switched to new wording,2026-09-28/usastaffing_13066277.txt
2026-09-28,884894700,https://apply.usastaffing.gov/ViewQuestionnaire/13060266,usastaffing_api,switched to new wording,2026-09-28/usastaffing_13060266.txt
2026-09-28,884929000,https://apply.usastaffing.gov/ViewQuestionnaire/13066149,usastaffing_api,switched to new wording,2026-09-28/usastaffing_13066149.txt
2026-09-28,884980400,https://apply.usastaffing.gov/ViewQuestionnaire/13065573,usastaffing_api,switched to new wording,2026-09-28/usastaffing_13065573.txt
2026-09-28,885020200,https://apply.usastaffing.gov/ViewQuestionnaire/13066359,usastaffing_api,switched to new wording,2026-09-28/usastaffing_13066359.txt
2026-09-28,885051300,https://apply.usastaffing.gov/ViewQuestionnaire/13066233,usastaffing_api,switched to new wording,2026-09-28/usastaffing_13066233.txt
2026-09-28,884764600,https://apply.usastaffing.gov/ViewQuestionnaire/13062767,usastaffing_api,switched to new wording,2026-09-28/usastaffing_13062767.txt
2026-09-28,884815800,https://apply.usastaffing.gov/ViewQuestionnaire/13063038,usastaffing_api,switched to new wording,2026-09-28/usastaffing_13063038.txt
2026-09-28,884890400,https://apply.usastaffing.gov/ViewQuestionnaire/13061805,usastaffing_api,switched to new wording,2026-09-28/usastaffing_13061805.txt
2026-09-28,885021700,https://apply.usastaffing.gov/ViewQuestionnaire/13063066,usastaffing_api,switched to new wording,2026-09-28/usastaffing_13063066.txt
2026-09-28,885023100,https://apply.usastaffing.gov/ViewQuestionnaire/13063064,usastaffing_api,switched to new wording,2026-09-28/usastaffing_13063064.txt
2026-09-28,885023800,https://apply.usastaffing.gov/ViewQuestionnaire/13063057,usastaffing_api,still old wording,2026-09-28/usastaffing_13063057.txt
2026-09-28,884901900,https://apply.usastaffing.gov/ViewQuestionnaire/13065754,usastaffing_api,switched to new wording,2026-09-28/usastaffing_13065754.txt
2026-09-28,884926800,https://apply.usastaffing.gov/ViewQuestionnaire/13054486,usastaffing_api,switched to new wording,2026-09-28/usastaffing_13054486.txt
2026-09-28,884958000,https://apply.usastaffing.gov/ViewQuestionnaire/13066412,usastaffing_api,still old wording,2026-09-28/usastaffing_13066412.txt
2026-09-28,884962000,https://apply.usastaffing.gov/ViewQuestionnaire/13062751,usastaffing_api,switched to new wording,2026-09-28/usastaffing_13062751.txt
2026-09-28,884962900,https://apply.usastaffing.gov/ViewQuestionnaire/13065618,usastaffing_api,switched to new wording,2026-09-28/usastaffing_13065618.txt
2026-09-28,884968700,https://apply.usastaffing.gov/ViewQuestionnaire/13059062,usastaffing_api,switched to new wording,2026-09-28/usastaffing_13059062.txt
2026-09-28,884982100,https://apply.usastaffing.gov/ViewQuestionnaire/13060472,usastaffing_api,switched to new wording,2026-09-28/usastaffing_13060472.txt
2026-09-28,885000100,https://apply.usastaffing.gov/ViewQuestionnaire/13066435,usastaffing_api,switched to new wording,2026-09-28/usastaffing_13066435.txt
2026-09-28,885003500,https://apply.usastaffing.gov/ViewQuestionnaire/13060322,usastaffing_api,switched to new wording,2026-09-28/usastaffing_13060322.txt
2026-09-28,885062900,https://jobs.faa.gov/Preview/100326,browser,rescrape failed,
2026-09-28,884717700,https://apply.usastaffing.gov/ViewQuestionnaire/13065041,usastaffing_api,switched to new wording,2026-09-28/usastaffing_13065041.txt
2026-09-28,884852200,https://apply.usastaffing.gov/ViewQuestionnaire/13065778,usastaffing_api,switched to new wording,2026-09-28/usastaffing_13065778.txt
2026-09-28,884953000,https://apply.usastaffing.gov/ViewQuestionnaire/13066417,usastaffing_api,switched to new wording,2026-09-28/usastaffing_13066417.txt
2026-09-28,884963800,https://apply.usastaffing.gov/ViewQuestionnaire/13037604,usastaffing_api,switched to new wording,2026-09-28/usastaffing_13037604.txt
2026-09-28,884969300,https://apply.usastaffing.gov/ViewQuestionnaire/13037605,usastaffing_api,switched to new wording,2026-09-28/usastaffing_13037605.txt
2026-09-28,885082600,https://apply.usastaffing.gov/ViewQuestionnaire/13067297,usastaffing_api,still old wording,2026-09-28/usastaffing_13067297.txt
2026-09-28,884881500,https://jobs.faa.gov/Preview/100254,browser,rescrape failed,
2026-09-28,884977900,https://jobs.monstergovt.com/dot/ros/rosDashboard.hms?O=2&J=92970,monster_requests,still old wording,2026-09-28/monster_92970.txt
2026-09-28,884979200,https://apply.usastaffing.gov/ViewQuestionnaire/13064390,usastaffing_api,switched to new wording,2026-09-28/usastaffing_13064390.txt
2026-09-28,884972300,https://apply.usastaffing.gov/ViewQuestionnaire/13066278,usastaffing_api,switched to new wording,2026-09-28/usastaffing_13066278.txt
2026-09-28,885063400,https://apply.usastaffing.gov/ViewQuestionnaire/13065668,usastaffing_api,switched to new wording,2026-09-28/usastaffing_13065668.txt
2026-09-28,884769900,https://apply.usastaffing.gov/ViewQuestionnaire/13064253,usastaffing_api,still old wording,2026-09-28/usastaffing_13064253.txt
2026-09-28,884932200,https://jobs.monstergovt.com/gsa/ros/rosDashboard.hms?O=1&J=112843,monster_requests,still old wording,2026-09-28/monster_112843.txt
2026-09-28,884967400,https://apply.usastaffing.gov/ViewQuestionnaire/13062555,usastaffing_api,switched to new wording,2026-09-28/usastaffing_13062555.txt
2026-09-28,885016800,https://apply.usastaffing.gov/ViewQuestionnaire/13065976,usastaffing_api,switched to new wording,2026-09-28/usastaffing_13065976.txt
2026-09-28,885003900,https://jobs.faa.gov/Preview/100427,browser,rescrape failed,
2026-09-28,884905900,https://apply.usastaffing.gov/ViewQuestionnaire/13054959,usastaffing_api,still old wording,2026-09-28/usastaffing_13054959.txt
2026-09-28,884858800,https://apply.usastaffing.gov/ViewQuestionnaire/13065876,usastaffing_api,switched to new wording,2026-09-28/usastaffing_13065876.txt
2026-09-28,884909400,https://apply.usastaffing.gov/ViewQuestionnaire/13062983,usastaffing_api,switched to new wording,2026-09-28/usastaffing_13062983.txt
2026-09-28,884909800,https://apply.usastaffing.gov/ViewQuestionnaire/13064879,usastaffing_api,switched to new wording,2026-09-28/usastaffing_13064879.txt
2026-09-28,884920500,https://apply.usastaffing.gov/ViewQuestionnaire/13031490,usastaffing_api,switched to new wording,2026-09-28/usastaffing_13031490.txt
2026-09-28,884993800,https://apply.usastaffing.gov/ViewQuestionnaire/13055832,usastaffing_api,switched to new wording,2026-09-28/usastaffing_13055832.txt
2026-09-28,885032700,https://apply.usastaffing.gov/ViewQuestionnaire/13065212,usastaffing_api,switched to new wording,2026-09-28/usastaffing_13065212.txt
2026-09-28,885075200,https://apply.usastaffing.gov/ViewQuestionnaire/13065864,usastaffing_api,switched to new wording,2026-09-28/usastaffing_13065864.txt
2026-09-28,885007600,https://apply.usastaffing.gov/ViewQuestionnaire/13059213,usastaffing_api,switched to new wording,2026-09-28/usastaffing_13059213.txt
2026-09-28,885009600,https://apply.usastaffing.gov/ViewQuestionnaire/13059212,usastaffing_api,switched to new wording,2026-09-28/usastaffing_13059212.txt
2026-09-28,884773200,https://apply.usastaffing.gov/ViewQuestionnaire/13060827,usastaffing_api,switched to new wording,2026-09-28/usastaffing_13060827.txt
2026-09-28,885010400,https://apply.usastaffing.gov/ViewQuestionnaire/13030880,usastaffing_api,switched to new wording,2026-09-28/usastaffing_13030880.txt
2026-09-28,885013300,https://apply.usastaffing.gov/ViewQuestionnaire/13057070,usastaffing_api,switched to new wording,2026-09-28/usastaffing_13057070.txt
2026-09-28,884925500,https://apply.usastaffing.gov/ViewQuestionnaire/13065262,usastaffing_api,switched to new wording,2026-09-28/usastaffing_13065262.txt
2026-09-28,884976600,https://apply.usastaffing.gov/ViewQuestionnaire/13064939,usastaffing_api,switched to new wording,2026-09-28/usastaffing_13064939.txt
2026-09-28,885068400,https://apply.usastaffing.gov/ViewQuestionnaire/13059792,usastaffing_api,switched to new wording,2026-09-28/usastaffing_13059792.txt
2026-09-28,884941600,https://apply.usastaffing.gov/ViewQuestionnaire/13051315,usastaffing_api,switched to new wording,2026-09-28/usastaffing_13051315.txt
2026-09-28,884942500,https://apply.usastaffing.gov/ViewQuestionnaire/13046543,usastaffing_api,switched to new wording,2026-09-28/usastaffing_13046543.txt
2026-09-28,884899800,https://jobs.monstergovt.com/fcc/ros/rosDashboard.hms?O=1751&J=218668,monster_requests,still old wording,2026-09-28/monster_218668.txt
2026-09-28,884954200,https://apply.usastaffing.gov/ViewQuestionnaire/13066264,usastaffing_api,switched to new wording,2026-09-28/usastaffing_13066264.txt
2026-09-28,884955600,https://apply.usastaffing.gov/ViewQuestionnaire/13066265,usastaffing_api,switched to new wording,2026-09-28/usastaffing_13066265.txt
2026-09-28,884974100,https://apply.usastaffing.gov/ViewQuestionnaire/13053475,usastaffing_api,switched to new wording,2026-09-28/usastaffing_13053475.txt
2026-09-28,885027300,https://apply.usastaffing.gov/ViewQuestionnaire/13066611,usastaffing_api,switched to new wording,2026-09-28/usastaffing_13066611.txt
2026-09-28,885027500,https://apply.usastaffing.gov/ViewQuestionnaire/13066332,usastaffing_api,switched to new wording,2026-09-28/usastaffing_13066332.txt
2026-09-28,885056300,https://apply.usastaffing.gov/ViewQuestionnaire/13061977,usastaffing_api,switched to new wording,2026-09-28/usastaffing_13061977.txt
2026-09-28,884941100,https://apply.usastaffing.gov/ViewQuestionnaire/13062673,usastaffing_api,switched to new wording,2026-09-28/usastaffing_13062673.txt
2026-09-28,884900900,https://apply.usastaffing.gov/ViewQuestionnaire/13065288,usastaffing_api,switched to new wording,2026-09-28/usastaffing_13065288.txt
2026-09-28,884927000,https://apply.usastaffing.gov/ViewQuestionnaire/13065774,usastaffing_api,still old wording,2026-09-28/usastaffing_13065774.txt
2026-09-28,885006200,https://apply.usastaffing.gov/ViewQuestionnaire/13064156,usastaffing_api,switched to new wording,2026-09-28/usastaffing_13064156.txt
2026-09-28,885030200,https://apply.usastaffing.gov/ViewQuestionnaire/13066905,usastaffing_api,switched to new wording,2026-09-28/usastaffing_13066905.txt
2026-09-28,884956200,https://apply.usastaffing.gov/ViewQuestionnaire/13066453,usastaffing_api,switched to new wording,2026-09-28/usastaffing_13066453.txt
2026-09-28,885060300,https://apply.usastaffing.gov/ViewQuestionnaire/13040805,usastaffing_api,switched to new wording,2026-09-28/usastaffing_13040805.txt
2026-09-28,884671600,https://apply.usastaffing.gov/ViewQuestionnaire/13064679,usastaffing_api,switched to new wording,2026-09-28/usastaffing_13064679.txt
2026-09-28,884811500,https://apply.usastaffing.gov/ViewQuestionnaire/13065561,usastaffing_api,switched to new wording,2026-09-28/usastaffing_13065561.txt
2026-09-28,884597700,https://apply.usastaffing.gov/ViewQuestionnaire/13064126,usastaffing_api,switched to new wording,2026-09-28/usastaffing_13064126.txt
2026-09-28,885034300,https://apply.usastaffing.gov/ViewQuestionnaire/13065893,usastaffing_api,switched to new wording,2026-09-28/usastaffing_13065893.txt
2026-09-28,885072000,https://apply.usastaffing.gov/ViewQuestionnaire/13045827,usastaffing_api,switched to new wording,2026-09-28/usastaffing_13045827.txt
2026-09-28,885073000,https://apply.usastaffing.gov/ViewQuestionnaire/13045828,usastaffing_api,switched to new wording,2026-09-28/usastaffing_13045828.txt
2026-09-28,884850800,https://apply.usastaffing.gov/ViewQuestionnaire/13065832,usastaffing_api,switched to new wording,2026-09-28/usastaffing_13065832.txt
2026-09-28,884991100,https://apply.usastaffing.gov/ViewQuestionnaire/13066713,usastaffing_api,switched to new wording,2026-09-28/usastaffing_13066713.txt
2026-09-28,885051200,https://apply.usastaffing.gov/ViewQuestionnaire/13065705,usastaffing_api,switched to new wording,2026-09-28/usastaffing_13065705.txt
2026-09-28,885037800,https://apply.usastaffing.gov/ViewQuestionnaire/13061240,usastaffing_api,switched to new wording,2026-09-28/usastaffing_13061240.txt
2026-09-28,885038500,https://apply.usastaffing.gov/ViewQuestionnaire/13061241,usastaffing_api,switched to new wording,2026-09-28/usastaffing_13061241.txt
2026-09-28,884970500,https://apply.usastaffing.gov/ViewQuestionnaire/13037336,usastaffing_api,switched to new wording,2026-09-28/usastaffing_13037336.txt
2026-09-28,885055000,https://apply.usastaffing.gov/ViewQuestionnaire/13065925,usastaffing_api,switched to new wording,2026-09-28/usastaffing_13065925.txt
2026-09-28,884623400,https://apply.usastaffing.gov/ViewQuestionnaire/13064278,usastaffing_api,switched to new wording,2026-09-28/usastaffing_13064278.txt
2026-09-28,885017400,https://apply.usastaffing.gov/ViewQuestionnaire/13048783,usastaffing_api,switched to new wording,2026-09-28/usastaffing_13048783.txt
2026-09-28,885044700,https://apply.usastaffing.gov/ViewQuestionnaire/13067006,usastaffing_api,switched to new wording,2026-09-28/usastaffing_13067006.txt
2026-09-28,884872700,https://apply.usastaffing.gov/ViewQuestionnaire/13061655,usastaffing_api,switched to new wording,2026-09-28/usastaffing_13061655.txt
2026-09-28,884949200,https://apply.usastaffing.gov/ViewQuestionnaire/13064473,usastaffing_api,switched to new wording,2026-09-28/usastaffing_13064473.txt
2026-09-28,884986000,https://jobs.monstergovt.com/dot/ros/rosDashboard.hms?O=2&J=92938,monster_requests,still old wording,2026-09-28/monster_92938.txt
2026-09-28,884998500,https://apply.usastaffing.gov/ViewQuestionnaire/13064828,usastaffing_api,switched to new wording,2026-09-28/usastaffing_13064828.txt
2026-09-28,885020800,https://apply.usastaffing.gov/ViewQuestionnaire/13062382,usastaffing_api,switched to new wording,2026-09-28/usastaffing_13062382.txt
2026-09-28,885023400,https://apply.usastaffing.gov/ViewQuestionnaire/13061160,usastaffing_api,switched to new wording,2026-09-28/usastaffing_13061160.txt
2026-09-28,885023600,https://apply.usastaffing.gov/ViewQuestionnaire/13061161,usastaffing_api,switched to new wording,2026-09-28/usastaffing_13061161.txt
2026-09-28,885082000,https://apply.usastaffing.gov/ViewQuestionnaire/13061311,usastaffing_api,switched to new wording,2026-09-28/usastaffing_13061311.txt
2026-09-28,884881000,https://apply.usastaffing.gov/ViewQuestionnaire/13055036,usastaffing_api,switched to new wording,2026-09-28/usastaffing_13055036.txt
2026-09-28,884900800,https://apply.usastaffing.gov/ViewQuestionnaire/13065180,usastaffing_api,switched to new wording,2026-09-28/usastaffing_13065180.txt
2026-09-28,884972800,https://apply.usastaffing.gov/ViewQuestionnaire/13062731,usastaffing_api,switched to new wording,2026-09-28/usastaffing_13062731.txt
2026-09-28,884951800,https://apply.usastaffing.gov/ViewQuestionnaire/13062635,usastaffing_api,switched to new wording,2026-09-28/usastaffing_13062635.txt
2026-09-28,884714300,https://apply.usastaffing.gov/ViewQuestionnaire/13064892,usastaffing_api,switched to new wording,2026-09-28/usastaffing_13064892.txt
2026-09-28,885022100,https://apply.usastaffing.gov/ViewQuestionnaire/13060675,usastaffing_api,switched to new wording,2026-09-28/usastaffing_13060675.txt
2026-09-28,885068500,https://apply.usastaffing.gov/ViewQuestionnaire/13066732,usastaffing_api,switched to new wording,2026-09-28/usastaffing_13066732.txt
2026-09-28,884999400,https://apply.usastaffing.gov/ViewQuestionnaire/13062798,usastaffing_api,switched to new wording,2026-09-28/usastaffing_13062798.txt
2026-09-28,884999900,https://apply.usastaffing.gov/ViewQuestionnaire/13062790,usastaffing_api,switched to new wording,2026-09-28/usastaffing_13062790.txt
2026-09-28,885026800,https://apply.usastaffing.gov/ViewQuestionnaire/13062198,usastaffing_api,switched to new wording,2026-09-28/usastaffing_13062198.txt
2026-09-28,884655300,https://apply.usastaffing.gov/ViewQuestionnaire/13059440,usastaffing_api,switched to new wording,2026-09-28/usastaffing_13059440.txt
2026-09-28,885025100,https://apply.usastaffing.gov/ViewQuestionnaire/13062274,usastaffing_api,switched to new wording,2026-09-28/usastaffing_13062274.txt
2026-09-28,885026200,https://apply.usastaffing.gov/ViewQuestionnaire/13062273,usastaffing_api,switched to new wording,2026-09-28/usastaffing_13062273.txt
2026-09-28,884937700,https://apply.usastaffing.gov/ViewQuestionnaire/13059635,usastaffing_api,switched to new wording,2026-09-28/usastaffing_13059635.txt
2026-09-28,884939200,https://apply.usastaffing.gov/ViewQuestionnaire/13066365,usastaffing_api,switched to new wording,2026-09-28/usastaffing_13066365.txt
2026-09-28,884950300,https://apply.usastaffing.gov/ViewQuestionnaire/13066339,usastaffing_api,switched to new wording,2026-09-28/usastaffing_13066339.txt
2026-09-28,884968500,https://apply.usastaffing.gov/ViewQuestionnaire/13066528,usastaffing_api,switched to new wording,2026-09-28/usastaffing_13066528.txt
2026-09-28,884973500,https://jobs.monstergovt.com/fcc/ros/rosDashboard.hms?O=1751&J=218669,monster_requests,still old wording,2026-09-28/monster_218669.txt
2026-09-28,884981800,https://jobs.monstergovt.com/dot/ros/rosDashboard.hms?O=2&J=92991,monster_requests,still old wording,2026-09-28/monster_92991.txt
2026-09-28,885031600,https://apply.usastaffing.gov/ViewQuestionnaire/13066825,usastaffing_api,switched to new wording,2026-09-28/usastaffing_13066825.txt
2026-09-28,885076700,https://apply.usastaffing.gov/ViewQuestionnaire/13065802,usastaffing_api,still old wording,2026-09-28/usastaffing_13065802.txt
2026-09-28,884946600,https://apply.usastaffing.gov/ViewQuestionnaire/13065093,usastaffing_api,switched to new wording,2026-09-28/usastaffing_13065093.txt
2026-09-28,884969000,https://apply.usastaffing.gov/ViewQuestionnaire/13061476,usastaffing_api,still old wording,2026-09-28/usastaffing_13061476.txt
2026-09-28,884970800,https://apply.usastaffing.gov/ViewQuestionnaire/13061477,usastaffing_api,still old wording,2026-09-28/usastaffing_13061477.txt
2026-09-28,884944100,https://apply.usastaffing.gov/ViewQuestionnaire/13051962,usastaffing_api,switched to new wording,2026-09-28/usastaffing_13051962.txt
2026-09-28,884944400,https://apply.usastaffing.gov/ViewQuestionnaire/13051961,usastaffing_api,switched to new wording,2026-09-28/usastaffing_13051961.txt
2026-09-28,884999200,https://apply.usastaffing.gov/ViewQuestionnaire/13060416,usastaffing_api,switched to new wording,2026-09-28/usastaffing_13060416.txt
2026-09-28,884917200,https://apply.usastaffing.gov/ViewQuestionnaire/13055885,usastaffing_api,still old wording,2026-09-28/usastaffing_13055885.txt
2026-09-28,884804400,https://apply.usastaffing.gov/ViewQuestionnaire/13064496,usastaffing_api,switched to new wording,2026-09-28/usastaffing_13064496.txt
2026-09-28,884891400,https://apply.usastaffing.gov/ViewQuestionnaire/13064958,usastaffing_api,switched to new wording,2026-09-28/usastaffing_13064958.txt
2026-09-28,884908500,https://apply.usastaffing.gov/ViewQuestionnaire/13060796,usastaffing_api,switched to new wording,2026-09-28/usastaffing_13060796.txt
2026-09-28,885010300,https://apply.usastaffing.gov/ViewQuestionnaire/13065989,usastaffing_api,switched to new wording,2026-09-28/usastaffing_13065989.txt
2026-09-28,885065100,https://apply.usastaffing.gov/ViewQuestionnaire/13062738,usastaffing_api,switched to new wording,2026-09-28/usastaffing_13062738.txt
2026-09-28,885057900,https://apply.usastaffing.gov/ViewQuestionnaire/13065729,usastaffing_api,switched to new wording,2026-09-28/usastaffing_13065729.txt
2026-09-28,884840300,https://apply.usastaffing.gov/ViewQuestionnaire/13062095,usastaffing_api,switched to new wording,2026-09-28/usastaffing_13062095.txt
2026-09-28,885001100,https://apply.usastaffing.gov/ViewQuestionnaire/13065657,usastaffing_api,switched to new wording,2026-09-28/usastaffing_13065657.txt
2026-09-28,885008900,https://apply.usastaffing.gov/ViewQuestionnaire/13066002,usastaffing_api,switched to new wording,2026-09-28/usastaffing_13066002.txt
2026-09-28,884916400,https://apply.usastaffing.gov/ViewQuestionnaire/13046219,usastaffing_api,switched to new wording,2026-09-28/usastaffing_13046219.txt
2026-09-28,885022300,https://apply.usastaffing.gov/ViewQuestionnaire/13062271,usastaffing_api,switched to new wording,2026-09-28/usastaffing_13062271.txt
2026-09-28,884702700,https://apply.usastaffing.gov/ViewQuestionnaire/13061639,usastaffing_api,switched to new wording,2026-09-28/usastaffing_13061639.txt
2026-09-28,884984700,https://apply.usastaffing.gov/ViewQuestionnaire/13066564,usastaffing_api,still old wording,2026-09-28/usastaffing_13066564.txt
2026-09-28,884889600,https://apply.usastaffing.gov/ViewQuestionnaire/13061532,usastaffing_api,switched to new wording,2026-09-28/usastaffing_13061532.txt
2026-09-28,884874900,https://apply.usastaffing.gov/ViewQuestionnaire/13062504,usastaffing_api,switched to new wording,2026-09-28/usastaffing_13062504.txt
2026-09-28,884931200,https://apply.usastaffing.gov/ViewQuestionnaire/13066255,usastaffing_api,still old wording,2026-09-28/usastaffing_13066255.txt
2026-09-28,884963600,https://apply.usastaffing.gov/ViewQuestionnaire/13064859,usastaffing_api,still old wording,2026-09-28/usastaffing_13064859.txt
2026-09-28,884988300,https://apply.usastaffing.gov/ViewQuestionnaire/13065935,usastaffing_api,switched to new wording,2026-09-28/usastaffing_13065935.txt
2026-09-28,884988400,https://apply.usastaffing.gov/ViewQuestionnaire/13065934,usastaffing_api,switched to new wording,2026-09-28/usastaffing_13065934.txt
2026-09-28,885064200,https://apply.usastaffing.gov/ViewQuestionnaire/13062059,usastaffing_api,still old wording,2026-09-28/usastaffing_13062059.txt
2026-09-28,884879500,https://apply.usastaffing.gov/ViewQuestionnaire/13064509,usastaffing_api,still old wording,2026-09-28/usastaffing_13064509.txt
2026-09-28,884899600,https://apply.usastaffing.gov/ViewQuestionnaire/13065387,usastaffing_api,still old wording,2026-09-28/usastaffing_13065387.txt
2026-09-28,884742700,https://apply.usastaffing.gov/ViewQuestionnaire/13065215,usastaffing_api,switched to new wording,2026-09-28/usastaffing_13065215.txt
2026-09-28,884753900,https://apply.usastaffing.gov/ViewQuestionnaire/13065270,usastaffing_api,switched to new wording,2026-09-28/usastaffing_13065270.txt
2026-09-28,884766200,https://apply.usastaffing.gov/ViewQuestionnaire/13065322,usastaffing_api,switched to new wording,2026-09-28/usastaffing_13065322.txt
2026-09-28,884773800,https://apply.usastaffing.gov/ViewQuestionnaire/13065383,usastaffing_api,switched to new wording,2026-09-28/usastaffing_13065383.txt
2026-09-28,884815900,https://apply.usastaffing.gov/ViewQuestionnaire/13065640,usastaffing_api,switched to new wording,2026-09-28/usastaffing_13065640.txt
2026-09-28,884820700,https://apply.usastaffing.gov/ViewQuestionnaire/13065674,usastaffing_api,switched to new wording,2026-09-28/usastaffing_13065674.txt
2026-09-28,884901200,https://apply.usastaffing.gov/ViewQuestionnaire/13065885,usastaffing_api,switched to new wording,2026-09-28/usastaffing_13065885.txt
2026-09-28,884907400,https://apply.usastaffing.gov/ViewQuestionnaire/13056068,usastaffing_api,switched to new wording,2026-09-28/usastaffing_13056068.txt
2026-09-28,884914800,https://apply.usastaffing.gov/ViewQuestionnaire/13054325,usastaffing_api,switched to new wording,2026-09-28/usastaffing_13054325.txt
2026-09-28,885001700,https://apply.usastaffing.gov/ViewQuestionnaire/13061607,usastaffing_api,switched to new wording,2026-09-28/usastaffing_13061607.txt
2026-09-28,884921500,https://apply.usastaffing.gov/ViewQuestionnaire/13066270,usastaffing_api,switched to new wording,2026-09-28/usastaffing_13066270.txt
2026-09-28,884978900,https://apply.usastaffing.gov/ViewQuestionnaire/13066660,usastaffing_api,switched to new wording,2026-09-28/usastaffing_13066660.txt
2026-09-28,884990600,https://apply.usastaffing.gov/ViewQuestionnaire/13066361,usastaffing_api,switched to new wording,2026-09-28/usastaffing_13066361.txt
2026-09-28,884835300,https://jobs.faa.gov/Preview/100412,browser,rescrape failed,
2026-09-28,884964500,https://jobs.faa.gov/Preview/100576,browser,rescrape failed,
2026-09-28,885042300,https://jobs.faa.gov/Preview/100433,browser,rescrape failed,
2026-09-28,885059100,https://jobs.faa.gov/Preview/100301,browser,rescrape failed,
2026-09-28,885078300,https://jobs.faa.gov/Preview/100532,browser,rescrape failed,
2026-09-28,884972500,https://jobs.faa.gov/Preview/100566,browser,rescrape failed,
2026-09-28,885079700,https://jobs.faa.gov/Preview/100540,browser,rescrape failed,
2026-09-28,884739000,https://apply.usastaffing.gov/ViewQuestionnaire/13058307,usastaffing_api,switched to new wording,2026-09-28/usastaffing_13058307.txt
2026-09-28,884886100,https://apply.usastaffing.gov/ViewQuestionnaire/13057421,usastaffing_api,still old wording,2026-09-28/usastaffing_13057421.txt
2026-09-28,884901700,https://apply.usastaffing.gov/ViewQuestionnaire/13062982,usastaffing_api,still old wording,2026-09-28/usastaffing_13062982.txt
2026-09-28,884914000,https://apply.usastaffing.gov/ViewQuestionnaire/13053496,usastaffing_api,still old wording,2026-09-28/usastaffing_13053496.txt
2026-09-28,884916300,https://apply.usastaffing.gov/ViewQuestionnaire/13053494,usastaffing_api,still old wording,2026-09-28/usastaffing_13053494.txt
2026-09-28,884926300,https://apply.usastaffing.gov/ViewQuestionnaire/13061136,usastaffing_api,switched to new wording,2026-09-28/usastaffing_13061136.txt
2026-09-28,884972400,https://apply.usastaffing.gov/ViewQuestionnaire/13065218,usastaffing_api,switched to new wording,2026-09-28/usastaffing_13065218.txt
2026-09-28,884987100,https://apply.usastaffing.gov/ViewQuestionnaire/13064587,usastaffing_api,switched to new wording,2026-09-28/usastaffing_13064587.txt
2026-09-28,884883700,https://apply.usastaffing.gov/ViewQuestionnaire/13057443,usastaffing_api,switched to new wording,2026-09-28/usastaffing_13057443.txt
2026-09-28,885016700,https://apply.usastaffing.gov/ViewQuestionnaire/13066635,usastaffing_api,still old wording,2026-09-28/usastaffing_13066635.txt
2026-09-28,885112200,https://apply.usastaffing.gov/ViewQuestionnaire/13064495,usastaffing_api,switched to new wording,2026-09-28/usastaffing_13064495.txt
2026-09-28,885281500,https://apply.usastaffing.gov/ViewQuestionnaire/13068340,usastaffing_api,still old wording,2026-09-28/usastaffing_13068340.txt
2026-09-28,885205600,https://apply.usastaffing.gov/ViewQuestionnaire/13067859,usastaffing_api,switched to new wording,2026-09-28/usastaffing_13067859.txt
2026-09-28,885105000,https://apply.usastaffing.gov/ViewQuestionnaire/13064922,usastaffing_api,switched to new wording,2026-09-28/usastaffing_13064922.txt
2026-09-28,885152300,https://apply.usastaffing.gov/ViewQuestionnaire/13066977,usastaffing_api,switched to new wording,2026-09-28/usastaffing_13066977.txt
2026-09-28,885220200,https://apply.usastaffing.gov/ViewQuestionnaire/13065124,usastaffing_api,switched to new wording,2026-09-28/usastaffing_13065124.txt
2026-09-28,885220500,https://apply.usastaffing.gov/ViewQuestionnaire/13067309,usastaffing_api,switched to new wording,2026-09-28/usastaffing_13067309.txt
2026-09-28,885108000,https://apply.usastaffing.gov/ViewQuestionnaire/13065519,usastaffing_api,switched to new wording,2026-09-28/usastaffing_13065519.txt
2026-09-28,885157800,https://apply.usastaffing.gov/ViewQuestionnaire/13056427,usastaffing_api,switched to new wording,2026-09-28/usastaffing_13056427.txt
2026-09-28,885024500,https://apply.usastaffing.gov/ViewQuestionnaire/13065812,usastaffing_api,switched to new wording,2026-09-28/usastaffing_13065812.txt
2026-09-28,885187400,https://apply.usastaffing.gov/ViewQuestionnaire/13067925,usastaffing_api,switched to new wording,2026-09-28/usastaffing_13067925.txt
2026-09-28,885087100,https://apply.usastaffing.gov/ViewQuestionnaire/13064867,usastaffing_api,still old wording,2026-09-28/usastaffing_13064867.txt
2026-09-28,885100800,https://apply.usastaffing.gov/ViewQuestionnaire/13055962,usastaffing_api,switched to new wording,2026-09-28/usastaffing_13055962.txt
2026-09-28,884784300,https://apply.usastaffing.gov/ViewQuestionnaire/13065330,usastaffing_api,switched to new wording,2026-09-28/usastaffing_13065330.txt
2026-09-28,885164500,https://apply.usastaffing.gov/ViewQuestionnaire/13054673,usastaffing_api,switched to new wording,2026-09-28/usastaffing_13054673.txt
2026-09-28,885106500,https://apply.usastaffing.gov/ViewQuestionnaire/13065362,usastaffing_api,switched to new wording,2026-09-28/usastaffing_13065362.txt
2026-09-28,884878000,https://apply.usastaffing.gov/ViewQuestionnaire/13066006,usastaffing_api,switched to new wording,2026-09-28/usastaffing_13066006.txt
2026-09-28,884879200,https://apply.usastaffing.gov/ViewQuestionnaire/13066019,usastaffing_api,switched to new wording,2026-09-28/usastaffing_13066019.txt
2026-09-28,884882600,https://apply.usastaffing.gov/ViewQuestionnaire/13066028,usastaffing_api,switched to new wording,2026-09-28/usastaffing_13066028.txt
2026-09-28,885112400,https://apply.usastaffing.gov/ViewQuestionnaire/13066736,usastaffing_api,switched to new wording,2026-09-28/usastaffing_13066736.txt
2026-09-28,885163800,https://apply.usastaffing.gov/ViewQuestionnaire/13067529,usastaffing_api,switched to new wording,2026-09-28/usastaffing_13067529.txt
2026-09-28,885279000,https://apply.usastaffing.gov/ViewQuestionnaire/13067242,usastaffing_api,switched to new wording,2026-09-28/usastaffing_13067242.txt
2026-09-28,885138500,https://apply.usastaffing.gov/ViewQuestionnaire/13060347,usastaffing_api,still old wording,2026-09-28/usastaffing_13060347.txt
2026-09-28,885176800,https://apply.usastaffing.gov/ViewQuestionnaire/13067835,usastaffing_api,switched to new wording,2026-09-28/usastaffing_13067835.txt
2026-09-28,885180900,https://apply.usastaffing.gov/ViewQuestionnaire/13065779,usastaffing_api,switched to new wording,2026-09-28/usastaffing_13065779.txt
2026-09-28,885242200,https://apply.usastaffing.gov/ViewQuestionnaire/13066798,usastaffing_api,switched to new wording,2026-09-28/usastaffing_13066798.txt
2026-09-28,885246700,https://apply.usastaffing.gov/ViewQuestionnaire/13066990,usastaffing_api,switched to new wording,2026-09-28/usastaffing_13066990.txt
2026-09-28,885256200,https://apply.usastaffing.gov/ViewQuestionnaire/13007372,usastaffing_api,still old wording,2026-09-28/usastaffing_13007372.txt
2026-09-28,885188800,https://apply.usastaffing.gov/ViewQuestionnaire/13066832,usastaffing_api,switched to new wording,2026-09-28/usastaffing_13066832.txt
2026-09-28,884422600,https://apply.usastaffing.gov/ViewQuestionnaire/13061546,usastaffing_api,switched to new wording,2026-09-28/usastaffing_13061546.txt
2026-09-28,884687900,https://apply.usastaffing.gov/ViewQuestionnaire/13064300,usastaffing_api,switched to new wording,2026-09-28/usastaffing_13064300.txt
2026-09-28,885104000,https://apply.usastaffing.gov/ViewQuestionnaire/13061998,usastaffing_api,switched to new wording,2026-09-28/usastaffing_13061998.txt
2026-09-28,885126800,https://apply.usastaffing.gov/ViewQuestionnaire/13061625,usastaffing_api,switched to new wording,2026-09-28/usastaffing_13061625.txt
2026-09-28,885128300,https://apply.usastaffing.gov/ViewQuestionnaire/13062340,usastaffing_api,switched to new wording,2026-09-28/usastaffing_13062340.txt
2026-09-28,885134800,https://apply.usastaffing.gov/ViewQuestionnaire/13057416,usastaffing_api,switched to new wording,2026-09-28/usastaffing_13057416.txt
2026-09-28,885135400,https://apply.usastaffing.gov/ViewQuestionnaire/13057233,usastaffing_api,switched to new wording,2026-09-28/usastaffing_13057233.txt
2026-09-28,885162700,https://apply.usastaffing.gov/ViewQuestionnaire/13067567,usastaffing_api,switched to new wording,2026-09-28/usastaffing_13067567.txt
2026-09-28,885201400,https://apply.usastaffing.gov/ViewQuestionnaire/13067170,usastaffing_api,switched to new wording,2026-09-28/usastaffing_13067170.txt
2026-09-28,885201700,https://apply.usastaffing.gov/ViewQuestionnaire/13067171,usastaffing_api,switched to new wording,2026-09-28/usastaffing_13067171.txt
2026-09-28,885234800,https://apply.usastaffing.gov/ViewQuestionnaire/13064662,usastaffing_api,switched to new wording,2026-09-28/usastaffing_13064662.txt
2026-09-28,885234900,https://apply.usastaffing.gov/ViewQuestionnaire/13054482,usastaffing_api,switched to new wording,2026-09-28/usastaffing_13054482.txt
2026-09-28,885235500,https://apply.usastaffing.gov/ViewQuestionnaire/13068254,usastaffing_api,switched to new wording,2026-09-28/usastaffing_13068254.txt
2026-09-28,885243600,https://apply.usastaffing.gov/ViewQuestionnaire/13060515,usastaffing_api,switched to new wording,2026-09-28/usastaffing_13060515.txt
2026-09-28,885269100,https://apply.usastaffing.gov/ViewQuestionnaire/13066980,usastaffing_api,switched to new wording,2026-09-28/usastaffing_13066980.txt
2026-09-28,885151600,https://apply.usastaffing.gov/ViewQuestionnaire/13062163,usastaffing_api,switched to new wording,2026-09-28/usastaffing_13062163.txt
2026-09-28,885185500,https://apply.usastaffing.gov/ViewQuestionnaire/13064812,usastaffing_api,still old wording,2026-09-28/usastaffing_13064812.txt
2026-09-28,885215400,https://apply.usastaffing.gov/ViewQuestionnaire/13065661,usastaffing_api,switched to new wording,2026-09-28/usastaffing_13065661.txt
2026-09-28,885218800,https://apply.usastaffing.gov/ViewQuestionnaire/13065660,usastaffing_api,switched to new wording,2026-09-28/usastaffing_13065660.txt
2026-09-28,885267500,https://apply.usastaffing.gov/ViewQuestionnaire/13067206,usastaffing_api,still old wording,2026-09-28/usastaffing_13067206.txt
2026-09-28,885283400,https://apply.usastaffing.gov/ViewQuestionnaire/13050397,usastaffing_api,switched to new wording,2026-09-28/usastaffing_13050397.txt
2026-09-28,885147300,https://apply.usastaffing.gov/ViewQuestionnaire/13064649,usastaffing_api,switched to new wording,2026-09-28/usastaffing_13064649.txt
2026-09-28,885193900,https://apply.usastaffing.gov/ViewQuestionnaire/13067617,usastaffing_api,switched to new wording,2026-09-28/usastaffing_13067617.txt
2026-09-28,885202600,https://apply.usastaffing.gov/ViewQuestionnaire/13066942,usastaffing_api,still old wording,2026-09-28/usastaffing_13066942.txt
2026-09-28,884910800,https://apply.usastaffing.gov/ViewQuestionnaire/13066007,usastaffing_api,switched to new wording,2026-09-28/usastaffing_13066007.txt
2026-09-28,885085900,https://apply.usastaffing.gov/ViewQuestionnaire/13062538,usastaffing_api,switched to new wording,2026-09-28/usastaffing_13062538.txt
2026-09-28,885115600,https://jobs.monstergovt.com/gsa/ros/rosDashboard.hms?O=1&J=112758,monster_requests,still old wording,2026-09-28/monster_112758.txt
2026-09-28,885120900,https://apply.usastaffing.gov/ViewQuestionnaire/13062156,usastaffing_api,switched to new wording,2026-09-28/usastaffing_13062156.txt
2026-09-28,885121100,https://apply.usastaffing.gov/ViewQuestionnaire/13065125,usastaffing_api,switched to new wording,2026-09-28/usastaffing_13065125.txt
2026-09-28,885127300,https://apply.usastaffing.gov/ViewQuestionnaire/13048068,usastaffing_api,switched to new wording,2026-09-28/usastaffing_13048068.txt
2026-09-28,885212200,https://apply.usastaffing.gov/ViewQuestionnaire/13068019,usastaffing_api,switched to new wording,2026-09-28/usastaffing_13068019.txt
2026-09-28,885243400,https://apply.usastaffing.gov/ViewQuestionnaire/13068359,usastaffing_api,still old wording,2026-09-28/usastaffing_13068359.txt
2026-09-28,885246400,https://apply.usastaffing.gov/ViewQuestionnaire/13068332,usastaffing_api,switched to new wording,2026-09-28/usastaffing_13068332.txt
2026-09-28,885266000,https://apply.usastaffing.gov/ViewQuestionnaire/13065170,usastaffing_api,switched to new wording,2026-09-28/usastaffing_13065170.txt
2026-09-28,885266900,https://apply.usastaffing.gov/ViewQuestionnaire/13068063,usastaffing_api,switched to new wording,2026-09-28/usastaffing_13068063.txt
2026-09-28,885092500,https://jobs.monstergovt.com/dot/ros/rosDashboard.hms?O=2&J=92858,monster_requests,still old wording,2026-09-28/monster_92858.txt
2026-09-28,885097700,https://apply.usastaffing.gov/ViewQuestionnaire/13061871,usastaffing_api,switched to new wording,2026-09-28/usastaffing_13061871.txt
2026-09-28,885234400,https://apply.usastaffing.gov/ViewQuestionnaire/13065672,usastaffing_api,switched to new wording,2026-09-28/usastaffing_13065672.txt
2026-09-28,885255200,https://apply.usastaffing.gov/ViewQuestionnaire/13059925,usastaffing_api,switched to new wording,2026-09-28/usastaffing_13059925.txt
2026-09-28,885126400,https://apply.usastaffing.gov/ViewQuestionnaire/13061922,usastaffing_api,switched to new wording,2026-09-28/usastaffing_13061922.txt
2026-09-28,885149000,https://apply.usastaffing.gov/ViewQuestionnaire/13051830,usastaffing_api,switched to new wording,2026-09-28/usastaffing_13051830.txt
2026-09-28,885282100,https://apply.usastaffing.gov/ViewQuestionnaire/13068436,usastaffing_api,switched to new wording,2026-09-28/usastaffing_13068436.txt
2026-09-28,885282900,https://apply.usastaffing.gov/ViewQuestionnaire/13067290,usastaffing_api,switched to new wording,2026-09-28/usastaffing_13067290.txt
2026-09-28,885271800,https://apply.usastaffing.gov/ViewQuestionnaire/13057624,usastaffing_api,switched to new wording,2026-09-28/usastaffing_13057624.txt
2026-09-28,885232700,https://apply.usastaffing.gov/ViewQuestionnaire/13057584,usastaffing_api,switched to new wording,2026-09-28/usastaffing_13057584.txt
2026-09-28,884887900,https://apply.usastaffing.gov/ViewQuestionnaire/13059637,usastaffing_api,switched to new wording,2026-09-28/usastaffing_13059637.txt
2026-09-28,885121200,https://apply.usastaffing.gov/ViewQuestionnaire/13065230,usastaffing_api,switched to new wording,2026-09-28/usastaffing_13065230.txt
2026-09-28,885203800,https://apply.usastaffing.gov/ViewQuestionnaire/13065732,usastaffing_api,switched to new wording,2026-09-28/usastaffing_13065732.txt
2026-09-28,885221300,https://apply.usastaffing.gov/ViewQuestionnaire/13065973,usastaffing_api,switched to new wording,2026-09-28/usastaffing_13065973.txt
2026-09-28,885091100,https://apply.usastaffing.gov/ViewQuestionnaire/13066652,usastaffing_api,switched to new wording,2026-09-28/usastaffing_13066652.txt
2026-09-28,885091800,https://apply.usastaffing.gov/ViewQuestionnaire/13066834,usastaffing_api,switched to new wording,2026-09-28/usastaffing_13066834.txt
2026-09-28,885226200,https://apply.usastaffing.gov/ViewQuestionnaire/13057882,usastaffing_api,switched to new wording,2026-09-28/usastaffing_13057882.txt
2026-09-28,885094200,https://apply.usastaffing.gov/ViewQuestionnaire/13066124,usastaffing_api,switched to new wording,2026-09-28/usastaffing_13066124.txt
2026-09-28,885133300,https://apply.usastaffing.gov/ViewQuestionnaire/13067093,usastaffing_api,switched to new wording,2026-09-28/usastaffing_13067093.txt
2026-09-28,885154900,https://apply.usastaffing.gov/ViewQuestionnaire/13067091,usastaffing_api,switched to new wording,2026-09-28/usastaffing_13067091.txt
2026-09-28,885241600,https://apply.usastaffing.gov/ViewQuestionnaire/13067912,usastaffing_api,switched to new wording,2026-09-28/usastaffing_13067912.txt
2026-09-28,885105100,https://apply.usastaffing.gov/ViewQuestionnaire/13064121,usastaffing_api,switched to new wording,2026-09-28/usastaffing_13064121.txt
2026-09-28,885137700,https://apply.usastaffing.gov/ViewQuestionnaire/13066817,usastaffing_api,still old wording,2026-09-28/usastaffing_13066817.txt
2026-09-28,885153600,https://apply.usastaffing.gov/ViewQuestionnaire/13061372,usastaffing_api,switched to new wording,2026-09-28/usastaffing_13061372.txt
2026-09-28,885256300,https://apply.usastaffing.gov/ViewQuestionnaire/13064902,usastaffing_api,switched to new wording,2026-09-28/usastaffing_13064902.txt
2026-09-28,885195600,https://jobs.monstergovt.com/fdic/ros/rosDashboard.hms?O=1&J=74615,monster_requests,still old wording,2026-09-28/monster_74615.txt
2026-09-28,885227100,https://apply.usastaffing.gov/ViewQuestionnaire/13059530,usastaffing_api,switched to new wording,2026-09-28/usastaffing_13059530.txt
2026-09-28,885262600,https://apply.usastaffing.gov/ViewQuestionnaire/13068241,usastaffing_api,switched to new wording,2026-09-28/usastaffing_13068241.txt
2026-09-28,885143600,https://apply.usastaffing.gov/ViewQuestionnaire/13057817,usastaffing_api,switched to new wording,2026-09-28/usastaffing_13057817.txt
2026-09-28,885221200,https://apply.usastaffing.gov/ViewQuestionnaire/13068013,usastaffing_api,switched to new wording,2026-09-28/usastaffing_13068013.txt
2026-09-28,884735600,https://apply.usastaffing.gov/ViewQuestionnaire/13065128,usastaffing_api,switched to new wording,2026-09-28/usastaffing_13065128.txt
2026-09-28,885192900,https://apply.usastaffing.gov/ViewQuestionnaire/13066607,usastaffing_api,switched to new wording,2026-09-28/usastaffing_13066607.txt
2026-09-28,885157500,https://apply.usastaffing.gov/ViewQuestionnaire/13067760,usastaffing_api,switched to new wording,2026-09-28/usastaffing_13067760.txt
2026-09-28,885183600,https://apply.usastaffing.gov/ViewQuestionnaire/13003662,usastaffing_api,switched to new wording,2026-09-28/usastaffing_13003662.txt
2026-09-28,885249600,https://apply.usastaffing.gov/ViewQuestionnaire/13067849,usastaffing_api,switched to new wording,2026-09-28/usastaffing_13067849.txt
2026-09-28,885255700,https://apply.usastaffing.gov/ViewQuestionnaire/13067032,usastaffing_api,switched to new wording,2026-09-28/usastaffing_13067032.txt
2026-09-28,885030600,https://apply.usastaffing.gov/ViewQuestionnaire/13066970,usastaffing_api,switched to new wording,2026-09-28/usastaffing_13066970.txt
2026-09-28,885149100,https://apply.usastaffing.gov/ViewQuestionnaire/13067164,usastaffing_api,switched to new wording,2026-09-28/usastaffing_13067164.txt
2026-09-28,885052400,https://apply.usastaffing.gov/ViewQuestionnaire/13066661,usastaffing_api,switched to new wording,2026-09-28/usastaffing_13066661.txt
2026-09-28,885168400,https://apply.usastaffing.gov/ViewQuestionnaire/13066337,usastaffing_api,switched to new wording,2026-09-28/usastaffing_13066337.txt
2026-09-28,884965800,https://apply.usastaffing.gov/ViewQuestionnaire/13066534,usastaffing_api,switched to new wording,2026-09-28/usastaffing_13066534.txt
2026-09-28,885189100,https://apply.usastaffing.gov/ViewQuestionnaire/13022915,usastaffing_api,switched to new wording,2026-09-28/usastaffing_13022915.txt
2026-09-28,885189600,https://apply.usastaffing.gov/ViewQuestionnaire/13041676,usastaffing_api,switched to new wording,2026-09-28/usastaffing_13041676.txt
2026-09-28,885087800,https://apply.usastaffing.gov/ViewQuestionnaire/13065678,usastaffing_api,switched to new wording,2026-09-28/usastaffing_13065678.txt
2026-09-28,885095200,https://apply.usastaffing.gov/ViewQuestionnaire/13061220,usastaffing_api,switched to new wording,2026-09-28/usastaffing_13061220.txt
2026-09-28,885175800,https://apply.usastaffing.gov/ViewQuestionnaire/13046858,usastaffing_api,switched to new wording,2026-09-28/usastaffing_13046858.txt
2026-09-28,885271600,https://apply.usastaffing.gov/ViewQuestionnaire/13067192,usastaffing_api,switched to new wording,2026-09-28/usastaffing_13067192.txt
2026-09-28,884904100,https://apply.usastaffing.gov/ViewQuestionnaire/13042323,usastaffing_api,switched to new wording,2026-09-28/usastaffing_13042323.txt
2026-09-28,885108200,https://apply.usastaffing.gov/ViewQuestionnaire/13067326,usastaffing_api,switched to new wording,2026-09-28/usastaffing_13067326.txt
2026-09-28,884931800,https://apply.usastaffing.gov/ViewQuestionnaire/13066245,usastaffing_api,switched to new wording,2026-09-28/usastaffing_13066245.txt
2026-09-28,884952100,https://apply.usastaffing.gov/ViewQuestionnaire/13066271,usastaffing_api,switched to new wording,2026-09-28/usastaffing_13066271.txt
2026-09-28,885133000,https://apply.usastaffing.gov/ViewQuestionnaire/13064439,usastaffing_api,switched to new wording,2026-09-28/usastaffing_13064439.txt
2026-09-28,885258400,https://apply.usastaffing.gov/ViewQuestionnaire/13062015,usastaffing_api,switched to new wording,2026-09-28/usastaffing_13062015.txt
2026-09-28,885171900,https://apply.usastaffing.gov/ViewQuestionnaire/13066879,usastaffing_api,switched to new wording,2026-09-28/usastaffing_13066879.txt
2026-09-28,885175300,https://apply.usastaffing.gov/ViewQuestionnaire/13066675,usastaffing_api,switched to new wording,2026-09-28/usastaffing_13066675.txt
2026-09-28,885111200,https://apply.usastaffing.gov/ViewQuestionnaire/13056165,usastaffing_api,switched to new wording,2026-09-28/usastaffing_13056165.txt
2026-09-28,884923100,https://apply.usastaffing.gov/ViewQuestionnaire/13065409,usastaffing_api,switched to new wording,2026-09-28/usastaffing_13065409.txt
2026-09-28,885162900,https://apply.usastaffing.gov/ViewQuestionnaire/13060533,usastaffing_api,switched to new wording,2026-09-28/usastaffing_13060533.txt
2026-09-28,884858000,https://apply.usastaffing.gov/ViewQuestionnaire/13065665,usastaffing_api,switched to new wording,2026-09-28/usastaffing_13065665.txt
2026-09-28,885172300,https://jobs.monstergovt.com/dot/ros/rosDashboard.hms?O=2&J=93009,monster_requests,still old wording,2026-09-28/monster_93009.txt
2026-09-28,885213000,https://apply.usastaffing.gov/ViewQuestionnaire/13065214,usastaffing_api,switched to new wording,2026-09-28/usastaffing_13065214.txt
2026-09-28,885283700,https://apply.usastaffing.gov/ViewQuestionnaire/13064614,usastaffing_api,switched to new wording,2026-09-28/usastaffing_13064614.txt
2026-09-28,885278300,https://apply.usastaffing.gov/ViewQuestionnaire/13037564,usastaffing_api,switched to new wording,2026-09-28/usastaffing_13037564.txt
2026-09-28,885102100,https://apply.usastaffing.gov/ViewQuestionnaire/13066870,usastaffing_api,switched to new wording,2026-09-28/usastaffing_13066870.txt
2026-09-28,885170600,https://jobs.monstergovt.com/fdic/ros/rosDashboard.hms?O=1&J=74607,monster_requests,still old wording,2026-09-28/monster_74607.txt
2026-09-28,885185400,https://apply.usastaffing.gov/ViewQuestionnaire/13064931,usastaffing_api,still old wording,2026-09-28/usastaffing_13064931.txt
2026-09-28,885219800,https://apply.usastaffing.gov/ViewQuestionnaire/13057206,usastaffing_api,still old wording,2026-09-28/usastaffing_13057206.txt
2026-09-28,884985100,https://apply.usastaffing.gov/ViewQuestionnaire/13065959,usastaffing_api,still old wording,2026-09-28/usastaffing_13065959.txt
2026-09-28,884986800,https://apply.usastaffing.gov/ViewQuestionnaire/13065958,usastaffing_api,still old wording,2026-09-28/usastaffing_13065958.txt
2026-09-28,885137300,https://apply.usastaffing.gov/ViewQuestionnaire/13066948,usastaffing_api,switched to new wording,2026-09-28/usastaffing_13066948.txt
2026-09-28,885115800,https://apply.usastaffing.gov/ViewQuestionnaire/13064677,usastaffing_api,switched to new wording,2026-09-28/usastaffing_13064677.txt
2026-09-28,885203000,https://apply.usastaffing.gov/ViewQuestionnaire/13067743,usastaffing_api,switched to new wording,2026-09-28/usastaffing_13067743.txt
2026-09-28,885098300,https://apply.usastaffing.gov/ViewQuestionnaire/13056347,usastaffing_api,switched to new wording,2026-09-28/usastaffing_13056347.txt
2026-09-28,885098600,https://apply.usastaffing.gov/ViewQuestionnaire/13056348,usastaffing_api,switched to new wording,2026-09-28/usastaffing_13056348.txt
2026-09-28,885127500,https://apply.usastaffing.gov/ViewQuestionnaire/13065609,usastaffing_api,switched to new wording,2026-09-28/usastaffing_13065609.txt
2026-09-28,885140900,https://apply.usastaffing.gov/ViewQuestionnaire/13066931,usastaffing_api,switched to new wording,2026-09-28/usastaffing_13066931.txt
2026-09-28,885183100,https://apply.usastaffing.gov/ViewQuestionnaire/13065123,usastaffing_api,switched to new wording,2026-09-28/usastaffing_13065123.txt
2026-09-28,885288000,https://apply.usastaffing.gov/ViewQuestionnaire/13067286,usastaffing_api,switched to new wording,2026-09-28/usastaffing_13067286.txt
2026-09-28,885114600,https://apply.usastaffing.gov/ViewQuestionnaire/13066499,usastaffing_api,switched to new wording,2026-09-28/usastaffing_13066499.txt
2026-09-28,885187300,https://apply.usastaffing.gov/ViewQuestionnaire/13067878,usastaffing_api,switched to new wording,2026-09-28/usastaffing_13067878.txt
2026-09-28,885260800,https://apply.usastaffing.gov/ViewQuestionnaire/13065206,usastaffing_api,switched to new wording,2026-09-28/usastaffing_13065206.txt
2026-09-28,885233800,https://apply.usastaffing.gov/ViewQuestionnaire/13064795,usastaffing_api,switched to new wording,2026-09-28/usastaffing_13064795.txt
2026-09-28,885154500,https://apply.usastaffing.gov/ViewQuestionnaire/13066238,usastaffing_api,switched to new wording,2026-09-28/usastaffing_13066238.txt
2026-09-28,885214400,https://apply.usastaffing.gov/ViewQuestionnaire/13067956,usastaffing_api,switched to new wording,2026-09-28/usastaffing_13067956.txt
2026-09-28,885215200,https://apply.usastaffing.gov/ViewQuestionnaire/13067957,usastaffing_api,switched to new wording,2026-09-28/usastaffing_13067957.txt
2026-09-28,885092800,https://apply.usastaffing.gov/ViewQuestionnaire/13065592,usastaffing_api,switched to new wording,2026-09-28/usastaffing_13065592.txt
2026-09-28,885054800,https://apply.usastaffing.gov/ViewQuestionnaire/13066266,usastaffing_api,switched to new wording,2026-09-28/usastaffing_13066266.txt
2026-09-28,885255100,https://apply.usastaffing.gov/ViewQuestionnaire/13058830,usastaffing_api,switched to new wording,2026-09-28/usastaffing_13058830.txt
2026-09-28,885264300,https://apply.usastaffing.gov/ViewQuestionnaire/13066530,usastaffing_api,switched to new wording,2026-09-28/usastaffing_13066530.txt
2026-09-28,885170300,https://apply.usastaffing.gov/ViewQuestionnaire/13067826,usastaffing_api,switched to new wording,2026-09-28/usastaffing_13067826.txt
2026-09-28,885121800,https://apply.usastaffing.gov/ViewQuestionnaire/13064957,usastaffing_api,still old wording,2026-09-28/usastaffing_13064957.txt
2026-09-28,885236000,https://apply.usastaffing.gov/ViewQuestionnaire/13063056,usastaffing_api,switched to new wording,2026-09-28/usastaffing_13063056.txt
2026-09-28,885111400,https://jobs.monstergovt.com/gsa/ros/rosDashboard.hms?O=1&J=112855,monster_requests,still old wording,2026-09-28/monster_112855.txt
2026-09-28,885090600,https://apply.usastaffing.gov/ViewQuestionnaire/13067196,usastaffing_api,still old wording,2026-09-28/usastaffing_13067196.txt
2026-09-28,885092400,https://apply.usastaffing.gov/ViewQuestionnaire/13067221,usastaffing_api,still old wording,2026-09-28/usastaffing_13067221.txt
2026-09-28,885206000,https://apply.usastaffing.gov/ViewQuestionnaire/13067779,usastaffing_api,still old wording,2026-09-28/usastaffing_13067779.txt
2026-09-28,885239500,https://apply.usastaffing.gov/ViewQuestionnaire/13068329,usastaffing_api,still old wording,2026-09-28/usastaffing_13068329.txt
2026-09-28,884825200,https://apply.usastaffing.gov/ViewQuestionnaire/13065703,usastaffing_api,switched to new wording,2026-09-28/usastaffing_13065703.txt
2026-09-28,885151500,https://apply.usastaffing.gov/ViewQuestionnaire/13057157,usastaffing_api,switched to new wording,2026-09-28/usastaffing_13057157.txt
2026-09-28,884633000,https://apply.usastaffing.gov/ViewQuestionnaire/13054910,usastaffing_api,switched to new wording,2026-09-28/usastaffing_13054910.txt
2026-09-28,885092900,https://apply.usastaffing.gov/ViewQuestionnaire/13066981,usastaffing_api,switched to new wording,2026-09-28/usastaffing_13066981.txt
2026-09-28,885117000,https://apply.usastaffing.gov/ViewQuestionnaire/13066076,usastaffing_api,switched to new wording,2026-09-28/usastaffing_13066076.txt
2026-09-28,885259600,https://apply.usastaffing.gov/ViewQuestionnaire/13068449,usastaffing_api,switched to new wording,2026-09-28/usastaffing_13068449.txt
2026-09-28,885210800,https://apply.usastaffing.gov/ViewQuestionnaire/13068176,usastaffing_api,switched to new wording,2026-09-28/usastaffing_13068176.txt
2026-09-28,885284700,https://apply.usastaffing.gov/ViewQuestionnaire/13062459,usastaffing_api,switched to new wording,2026-09-28/usastaffing_13062459.txt
2026-09-28,885284900,https://apply.usastaffing.gov/ViewQuestionnaire/13061327,usastaffing_api,switched to new wording,2026-09-28/usastaffing_13061327.txt
2026-09-28,885285000,https://apply.usastaffing.gov/ViewQuestionnaire/13058839,usastaffing_api,still old wording,2026-09-28/usastaffing_13058839.txt
2026-09-28,885242000,https://apply.usastaffing.gov/ViewQuestionnaire/13068189,usastaffing_api,switched to new wording,2026-09-28/usastaffing_13068189.txt
2026-09-28,885138200,https://apply.usastaffing.gov/ViewQuestionnaire/13063011,usastaffing_api,switched to new wording,2026-09-28/usastaffing_13063011.txt
2026-09-28,885087400,https://apply.usastaffing.gov/ViewQuestionnaire/13066041,usastaffing_api,switched to new wording,2026-09-28/usastaffing_13066041.txt
2026-09-28,885088300,https://apply.usastaffing.gov/ViewQuestionnaire/13065709,usastaffing_api,switched to new wording,2026-09-28/usastaffing_13065709.txt
2026-09-28,885088600,https://apply.usastaffing.gov/ViewQuestionnaire/13062581,usastaffing_api,switched to new wording,2026-09-28/usastaffing_13062581.txt
2026-09-28,885088800,https://apply.usastaffing.gov/ViewQuestionnaire/13062604,usastaffing_api,switched to new wording,2026-09-28/usastaffing_13062604.txt
2026-09-28,885190700,https://apply.usastaffing.gov/ViewQuestionnaire/13061432,usastaffing_api,switched to new wording,2026-09-28/usastaffing_13061432.txt
2026-09-28,885155700,https://apply.usastaffing.gov/ViewQuestionnaire/13060655,usastaffing_api,still old wording,2026-09-28/usastaffing_13060655.txt
2026-09-28,885156500,https://apply.usastaffing.gov/ViewQuestionnaire/13060656,usastaffing_api,still old wording,2026-09-28/usastaffing_13060656.txt
2026-09-28,885278600,https://apply.usastaffing.gov/ViewQuestionnaire/13065898,usastaffing_api,switched to new wording,2026-09-28/usastaffing_13065898.txt
2026-09-28,884885200,https://apply.usastaffing.gov/ViewQuestionnaire/13065683,usastaffing_api,switched to new wording,2026-09-28/usastaffing_13065683.txt
2026-09-28,885270600,https://apply.usastaffing.gov/ViewQuestionnaire/13065357,usastaffing_api,switched to new wording,2026-09-28/usastaffing_13065357.txt
2026-09-28,885043800,https://apply.usastaffing.gov/ViewQuestionnaire/13066329,usastaffing_api,switched to new wording,2026-09-28/usastaffing_13066329.txt
2026-09-28,885174300,https://apply.usastaffing.gov/ViewQuestionnaire/13061523,usastaffing_api,switched to new wording,2026-09-28/usastaffing_13061523.txt
2026-09-28,885273900,https://apply.usastaffing.gov/ViewQuestionnaire/13056403,usastaffing_api,switched to new wording,2026-09-28/usastaffing_13056403.txt
2026-09-28,885153100,https://apply.usastaffing.gov/ViewQuestionnaire/13067761,usastaffing_api,still old wording,2026-09-28/usastaffing_13067761.txt
2026-09-28,885306300,https://apply.usastaffing.gov/ViewQuestionnaire/13066890,usastaffing_api,switched to new wording,2026-09-28/usastaffing_13066890.txt
2026-09-28,885409000,https://apply.usastaffing.gov/ViewQuestionnaire/13056675,usastaffing_api,switched to new wording,2026-09-28/usastaffing_13056675.txt
2026-09-28,885321100,https://apply.usastaffing.gov/ViewQuestionnaire/13058806,usastaffing_api,switched to new wording,2026-09-28/usastaffing_13058806.txt
2026-09-28,885408800,https://apply.usastaffing.gov/ViewQuestionnaire/13065138,usastaffing_api,switched to new wording,2026-09-28/usastaffing_13065138.txt
2026-09-28,885454900,https://apply.usastaffing.gov/ViewQuestionnaire/13064325,usastaffing_api,switched to new wording,2026-09-28/usastaffing_13064325.txt
2026-09-28,885316400,https://apply.usastaffing.gov/ViewQuestionnaire/13065433,usastaffing_api,still old wording,2026-09-28/usastaffing_13065433.txt
2026-09-28,885344300,https://apply.usastaffing.gov/ViewQuestionnaire/13068463,usastaffing_api,switched to new wording,2026-09-28/usastaffing_13068463.txt
2026-09-28,885303900,https://apply.usastaffing.gov/ViewQuestionnaire/13067969,usastaffing_api,still old wording,2026-09-28/usastaffing_13067969.txt
2026-09-28,885354900,https://apply.usastaffing.gov/ViewQuestionnaire/13068620,usastaffing_api,switched to new wording,2026-09-28/usastaffing_13068620.txt
2026-09-28,885446700,https://apply.usastaffing.gov/ViewQuestionnaire/13069577,usastaffing_api,still old wording,2026-09-28/usastaffing_13069577.txt
2026-09-28,885417000,https://apply.usastaffing.gov/ViewQuestionnaire/13069407,usastaffing_api,still old wording,2026-09-28/usastaffing_13069407.txt
2026-09-28,885325400,https://apply.usastaffing.gov/ViewQuestionnaire/13067002,usastaffing_api,switched to new wording,2026-09-28/usastaffing_13067002.txt
2026-09-28,885291800,https://apply.usastaffing.gov/ViewQuestionnaire/13067564,usastaffing_api,switched to new wording,2026-09-28/usastaffing_13067564.txt
2026-09-28,885299400,https://apply.usastaffing.gov/ViewQuestionnaire/13068112,usastaffing_api,switched to new wording,2026-09-28/usastaffing_13068112.txt
2026-09-28,885320400,https://apply.usastaffing.gov/ViewQuestionnaire/13066343,usastaffing_api,still old wording,2026-09-28/usastaffing_13066343.txt
2026-09-28,885385700,https://apply.usastaffing.gov/ViewQuestionnaire/13057312,usastaffing_api,switched to new wording,2026-09-28/usastaffing_13057312.txt
2026-09-28,885386100,https://apply.usastaffing.gov/ViewQuestionnaire/13057313,usastaffing_api,switched to new wording,2026-09-28/usastaffing_13057313.txt
2026-09-28,885429100,https://apply.usastaffing.gov/ViewQuestionnaire/13068349,usastaffing_api,switched to new wording,2026-09-28/usastaffing_13068349.txt
2026-09-28,885441300,https://apply.usastaffing.gov/ViewQuestionnaire/13069210,usastaffing_api,switched to new wording,2026-09-28/usastaffing_13069210.txt
2026-09-28,885446300,https://apply.usastaffing.gov/ViewQuestionnaire/13069616,usastaffing_api,switched to new wording,2026-09-28/usastaffing_13069616.txt
2026-09-28,885330300,https://apply.usastaffing.gov/ViewQuestionnaire/13065803,usastaffing_api,switched to new wording,2026-09-28/usastaffing_13065803.txt
2026-09-28,885338400,https://apply.usastaffing.gov/ViewQuestionnaire/13068839,usastaffing_api,switched to new wording,2026-09-28/usastaffing_13068839.txt
2026-09-28,885369400,https://jobs.monstergovt.com/cftc/rospost/?O=3&J=5507,monster_requests,still old wording,2026-09-28/monster_5507.txt
2026-09-28,885426000,https://apply.usastaffing.gov/ViewQuestionnaire/13069338,usastaffing_api,still old wording,2026-09-28/usastaffing_13069338.txt
2026-09-28,885323800,https://apply.usastaffing.gov/ViewQuestionnaire/13057505,usastaffing_api,switched to new wording,2026-09-28/usastaffing_13057505.txt
2026-09-28,885419900,https://apply.usastaffing.gov/ViewQuestionnaire/13068568,usastaffing_api,switched to new wording,2026-09-28/usastaffing_13068568.txt
2026-09-28,885421700,https://apply.usastaffing.gov/ViewQuestionnaire/13069139,usastaffing_api,switched to new wording,2026-09-28/usastaffing_13069139.txt
2026-09-28,885427200,https://apply.usastaffing.gov/ViewQuestionnaire/13069486,usastaffing_api,switched to new wording,2026-09-28/usastaffing_13069486.txt
2026-09-28,885352000,https://apply.usastaffing.gov/ViewQuestionnaire/13065156,usastaffing_api,switched to new wording,2026-09-28/usastaffing_13065156.txt
2026-09-28,885325500,https://apply.usastaffing.gov/ViewQuestionnaire/13068044,usastaffing_api,switched to new wording,2026-09-28/usastaffing_13068044.txt
2026-09-28,885419100,https://apply.usastaffing.gov/ViewQuestionnaire/13066616,usastaffing_api,switched to new wording,2026-09-28/usastaffing_13066616.txt
2026-09-28,885341300,https://apply.usastaffing.gov/ViewQuestionnaire/13068870,usastaffing_api,switched to new wording,2026-09-28/usastaffing_13068870.txt
2026-09-28,885355100,https://apply.usastaffing.gov/ViewQuestionnaire/13067127,usastaffing_api,switched to new wording,2026-09-28/usastaffing_13067127.txt
2026-09-28,885303100,https://apply.usastaffing.gov/ViewQuestionnaire/13050173,usastaffing_api,switched to new wording,2026-09-28/usastaffing_13050173.txt
2026-09-28,885293400,https://apply.usastaffing.gov/ViewQuestionnaire/13064979,usastaffing_api,switched to new wording,2026-09-28/usastaffing_13064979.txt
2026-09-28,885407400,https://apply.usastaffing.gov/ViewQuestionnaire/13068748,usastaffing_api,still old wording,2026-09-28/usastaffing_13068748.txt
2026-09-28,885333500,https://apply.usastaffing.gov/ViewQuestionnaire/13045306,usastaffing_api,switched to new wording,2026-09-28/usastaffing_13045306.txt
2026-09-28,885452500,https://apply.usastaffing.gov/ViewQuestionnaire/13069617,usastaffing_api,switched to new wording,2026-09-28/usastaffing_13069617.txt
2026-09-28,885457500,https://apply.usastaffing.gov/ViewQuestionnaire/13060908,usastaffing_api,switched to new wording,2026-09-28/usastaffing_13060908.txt
2026-09-28,885381900,https://apply.usastaffing.gov/ViewQuestionnaire/13065894,usastaffing_api,switched to new wording,2026-09-28/usastaffing_13065894.txt
2026-09-28,885398700,https://apply.usastaffing.gov/ViewQuestionnaire/13014112,usastaffing_api,switched to new wording,2026-09-28/usastaffing_13014112.txt
2026-09-28,885410700,https://apply.usastaffing.gov/ViewQuestionnaire/13051922,usastaffing_api,switched to new wording,2026-09-28/usastaffing_13051922.txt
2026-09-28,885323400,https://apply.usastaffing.gov/ViewQuestionnaire/13066848,usastaffing_api,switched to new wording,2026-09-28/usastaffing_13066848.txt
2026-09-28,885416400,https://apply.usastaffing.gov/ViewQuestionnaire/13052930,usastaffing_api,switched to new wording,2026-09-28/usastaffing_13052930.txt
2026-09-28,885435900,https://apply.usastaffing.gov/ViewQuestionnaire/13066735,usastaffing_api,switched to new wording,2026-09-28/usastaffing_13066735.txt
2026-09-28,885350800,https://apply.usastaffing.gov/ViewQuestionnaire/13065370,usastaffing_api,switched to new wording,2026-09-28/usastaffing_13065370.txt
2026-09-28,885384700,https://apply.usastaffing.gov/ViewQuestionnaire/13064594,usastaffing_api,switched to new wording,2026-09-28/usastaffing_13064594.txt
2026-09-28,885368100,https://apply.usastaffing.gov/ViewQuestionnaire/13069045,usastaffing_api,switched to new wording,2026-09-28/usastaffing_13069045.txt
2026-09-28,885299200,https://apply.usastaffing.gov/ViewQuestionnaire/13049515,usastaffing_api,switched to new wording,2026-09-28/usastaffing_13049515.txt
2026-09-28,885463000,https://apply.usastaffing.gov/ViewQuestionnaire/13057779,usastaffing_api,switched to new wording,2026-09-28/usastaffing_13057779.txt
2026-09-28,885381300,https://apply.usastaffing.gov/ViewQuestionnaire/13014300,usastaffing_api,switched to new wording,2026-09-28/usastaffing_13014300.txt
2026-09-28,885358000,https://apply.usastaffing.gov/ViewQuestionnaire/13059587,usastaffing_api,switched to new wording,2026-09-28/usastaffing_13059587.txt
2026-09-28,885313500,https://apply.usastaffing.gov/ViewQuestionnaire/13065712,usastaffing_api,switched to new wording,2026-09-28/usastaffing_13065712.txt
2026-09-28,885431000,https://apply.usastaffing.gov/ViewQuestionnaire/13065615,usastaffing_api,still old wording,2026-09-28/usastaffing_13065615.txt
2026-09-28,885456800,https://apply.usastaffing.gov/ViewQuestionnaire/13064517,usastaffing_api,switched to new wording,2026-09-28/usastaffing_13064517.txt
2026-09-28,885306200,https://apply.usastaffing.gov/ViewQuestionnaire/13053037,usastaffing_api,switched to new wording,2026-09-28/usastaffing_13053037.txt
2026-09-28,885365900,https://apply.usastaffing.gov/ViewQuestionnaire/13049487,usastaffing_api,still old wording,2026-09-28/usastaffing_13049487.txt
2026-09-28,885369500,https://apply.usastaffing.gov/ViewQuestionnaire/13067818,usastaffing_api,still old wording,2026-09-28/usastaffing_13067818.txt
2026-09-28,885371400,https://apply.usastaffing.gov/ViewQuestionnaire/13067898,usastaffing_api,switched to new wording,2026-09-28/usastaffing_13067898.txt
2026-09-28,885380800,https://apply.usastaffing.gov/ViewQuestionnaire/13069184,usastaffing_api,switched to new wording,2026-09-28/usastaffing_13069184.txt
2026-09-28,885398200,https://apply.usastaffing.gov/ViewQuestionnaire/13066507,usastaffing_api,switched to new wording,2026-09-28/usastaffing_13066507.txt
2026-09-28,885311400,https://apply.usastaffing.gov/ViewQuestionnaire/13067347,usastaffing_api,switched to new wording,2026-09-28/usastaffing_13067347.txt
2026-09-28,885349900,https://apply.usastaffing.gov/ViewQuestionnaire/13039874,usastaffing_api,switched to new wording,2026-09-28/usastaffing_13039874.txt
2026-09-28,885350700,https://apply.usastaffing.gov/ViewQuestionnaire/13067382,usastaffing_api,switched to new wording,2026-09-28/usastaffing_13067382.txt
2026-09-28,885351000,https://apply.usastaffing.gov/ViewQuestionnaire/13067383,usastaffing_api,switched to new wording,2026-09-28/usastaffing_13067383.txt
2026-09-28,885304200,https://apply.usastaffing.gov/ViewQuestionnaire/13067433,usastaffing_api,switched to new wording,2026-09-28/usastaffing_13067433.txt
2026-09-28,885377900,https://apply.usastaffing.gov/ViewQuestionnaire/13068453,usastaffing_api,switched to new wording,2026-09-28/usastaffing_13068453.txt
2026-09-28,885412100,https://apply.usastaffing.gov/ViewQuestionnaire/13068705,usastaffing_api,switched to new wording,2026-09-28/usastaffing_13068705.txt
2026-09-28,885448900,https://apply.usastaffing.gov/ViewQuestionnaire/13069248,usastaffing_api,still old wording,2026-09-28/usastaffing_13069248.txt
2026-09-28,885465400,https://apply.usastaffing.gov/ViewQuestionnaire/13069707,usastaffing_api,switched to new wording,2026-09-28/usastaffing_13069707.txt
2026-09-28,885378600,https://apply.usastaffing.gov/ViewQuestionnaire/13060909,usastaffing_api,switched to new wording,2026-09-28/usastaffing_13060909.txt
2026-09-28,885455500,https://apply.usastaffing.gov/ViewQuestionnaire/13052685,usastaffing_api,switched to new wording,2026-09-28/usastaffing_13052685.txt
2026-09-28,885304300,https://apply.usastaffing.gov/ViewQuestionnaire/13068065,usastaffing_api,switched to new wording,2026-09-28/usastaffing_13068065.txt
2026-09-28,885304400,https://apply.usastaffing.gov/ViewQuestionnaire/13068066,usastaffing_api,switched to new wording,2026-09-28/usastaffing_13068066.txt
2026-09-28,885320600,https://apply.usastaffing.gov/ViewQuestionnaire/13065127,usastaffing_api,switched to new wording,2026-09-28/usastaffing_13065127.txt
2026-09-28,885293800,https://apply.usastaffing.gov/ViewQuestionnaire/13065315,usastaffing_api,still old wording,2026-09-28/usastaffing_13065315.txt
2026-09-28,885290700,https://apply.usastaffing.gov/ViewQuestionnaire/13065524,usastaffing_api,still old wording,2026-09-28/usastaffing_13065524.txt
2026-09-28,885428100,https://apply.usastaffing.gov/ViewQuestionnaire/13064737,usastaffing_api,switched to new wording,2026-09-28/usastaffing_13064737.txt
2026-09-28,885432300,https://apply.usastaffing.gov/ViewQuestionnaire/13069353,usastaffing_api,still old wording,2026-09-28/usastaffing_13069353.txt
2026-09-28,885386400,https://apply.usastaffing.gov/ViewQuestionnaire/13069281,usastaffing_api,switched to new wording,2026-09-28/usastaffing_13069281.txt
2026-09-28,885308200,https://apply.usastaffing.gov/ViewQuestionnaire/13064228,usastaffing_api,switched to new wording,2026-09-28/usastaffing_13064228.txt
2026-09-28,885327400,https://apply.usastaffing.gov/ViewQuestionnaire/13066774,usastaffing_api,switched to new wording,2026-09-28/usastaffing_13066774.txt
2026-09-28,885346200,https://apply.usastaffing.gov/ViewQuestionnaire/13058950,usastaffing_api,switched to new wording,2026-09-28/usastaffing_13058950.txt
2026-09-28,885352600,https://apply.usastaffing.gov/ViewQuestionnaire/13064266,usastaffing_api,switched to new wording,2026-09-28/usastaffing_13064266.txt
2026-09-28,885356400,https://apply.usastaffing.gov/ViewQuestionnaire/13068120,usastaffing_api,switched to new wording,2026-09-28/usastaffing_13068120.txt
2026-09-28,885416300,https://apply.usastaffing.gov/ViewQuestionnaire/13062714,usastaffing_api,switched to new wording,2026-09-28/usastaffing_13062714.txt
2026-09-28,885391400,https://apply.usastaffing.gov/ViewQuestionnaire/13069322,usastaffing_api,switched to new wording,2026-09-28/usastaffing_13069322.txt
2026-09-28,885394400,https://apply.usastaffing.gov/ViewQuestionnaire/13069331,usastaffing_api,switched to new wording,2026-09-28/usastaffing_13069331.txt
2026-09-28,885338600,https://apply.usastaffing.gov/ViewQuestionnaire/13067140,usastaffing_api,switched to new wording,2026-09-28/usastaffing_13067140.txt
2026-09-28,885314500,https://apply.usastaffing.gov/ViewQuestionnaire/13058180,usastaffing_api,switched to new wording,2026-09-28/usastaffing_13058180.txt
2026-09-28,885392100,https://apply.usastaffing.gov/ViewQuestionnaire/13065323,usastaffing_api,switched to new wording,2026-09-28/usastaffing_13065323.txt
2026-09-28,885308300,https://apply.usastaffing.gov/ViewQuestionnaire/13068678,usastaffing_api,neither wording,2026-09-28/usastaffing_13068678.txt
2026-09-28,885313700,https://apply.usastaffing.gov/ViewQuestionnaire/13068677,usastaffing_api,neither wording,2026-09-28/usastaffing_13068677.txt
2026-09-28,885296200,https://jobs.monstergovt.com/dot/ros/rosDashboard.hms?O=2&J=92932,monster_requests,still old wording,2026-09-28/monster_92932.txt
2026-09-28,885427400,https://apply.usastaffing.gov/ViewQuestionnaire/13056261,usastaffing_api,switched to new wording,2026-09-28/usastaffing_13056261.txt
2026-09-28,885415900,https://apply.usastaffing.gov/ViewQuestionnaire/13058136,usastaffing_api,switched to new wording,2026-09-28/usastaffing_13058136.txt
2026-09-28,885416700,https://apply.usastaffing.gov/ViewQuestionnaire/13059878,usastaffing_api,switched to new wording,2026-09-28/usastaffing_13059878.txt
2026-09-28,885374100,https://apply.usastaffing.gov/ViewQuestionnaire/13068272,usastaffing_api,switched to new wording,2026-09-28/usastaffing_13068272.txt
2026-09-28,885326700,https://apply.usastaffing.gov/ViewQuestionnaire/13063032,usastaffing_api,switched to new wording,2026-09-28/usastaffing_13063032.txt
2026-09-28,885342900,https://apply.usastaffing.gov/ViewQuestionnaire/13054651,usastaffing_api,switched to new wording,2026-09-28/usastaffing_13054651.txt
2026-09-28,885299600,https://apply.usastaffing.gov/ViewQuestionnaire/13060272,usastaffing_api,still old wording,2026-09-28/usastaffing_13060272.txt
2026-09-28,885356500,https://apply.usastaffing.gov/ViewQuestionnaire/13068989,usastaffing_api,switched to new wording,2026-09-28/usastaffing_13068989.txt
2026-09-28,885474000,https://apply.usastaffing.gov/ViewQuestionnaire/13056991,usastaffing_api,switched to new wording,2026-09-28/usastaffing_13056991.txt
2026-09-28,885474100,https://apply.usastaffing.gov/ViewQuestionnaire/13056992,usastaffing_api,switched to new wording,2026-09-28/usastaffing_13056992.txt
2026-09-28,885474800,https://apply.usastaffing.gov/ViewQuestionnaire/13057001,usastaffing_api,switched to new wording,2026-09-28/usastaffing_13057001.txt
2026-09-28,885474900,https://apply.usastaffing.gov/ViewQuestionnaire/13057002,usastaffing_api,switched to new wording,2026-09-28/usastaffing_13057002.txt
2026-09-28,885478600,https://apply.usastaffing.gov/ViewQuestionnaire/13064943,usastaffing_api,switched to new wording,2026-09-28/usastaffing_13064943.txt
2026-09-28,885479400,https://apply.usastaffing.gov/ViewQuestionnaire/13069732,usastaffing_api,switched to new wording,2026-09-28/usastaffing_13069732.txt
2026-09-28,885480300,https://apply.usastaffing.gov/ViewQuestionnaire/13062874,usastaffing_api,switched to new wording,2026-09-28/usastaffing_13062874.txt
2026-09-28,885479800,https://apply.usastaffing.gov/ViewQuestionnaire/13069769,usastaffing_api,switched to new wording,2026-09-28/usastaffing_13069769.txt
2026-09-28,846713900,https://jobs.faa.gov/Preview/96016,browser_cdp,still old wording,2026-09-28/faa_96016.txt
2026-09-28,852270000,https://jobs.faa.gov/Preview/96467,browser_cdp,still old wording,2026-09-28/faa_96467.txt
2026-09-28,852270300,https://jobs.faa.gov/Preview/96468,browser_cdp,still old wording,2026-09-28/faa_96468.txt
2026-09-28,852272900,https://jobs.faa.gov/Preview/96672,browser_cdp,still old wording,2026-09-28/faa_96672.txt
2026-09-28,852274600,https://jobs.faa.gov/Preview/96673,browser_cdp,still old wording,2026-09-28/faa_96673.txt
2026-09-28,856925000,https://jobs.faa.gov/Preview/97128,browser_cdp,still old wording,2026-09-28/faa_97128.txt
2026-09-28,858633700,https://jobs.faa.gov/Preview/97372,browser_cdp,still old wording,2026-09-28/faa_97372.txt
2026-09-28,858635700,https://jobs.faa.gov/Preview/97373,browser_cdp,still old wording,2026-09-28/faa_97373.txt
2026-09-28,858636600,https://jobs.faa.gov/Preview/97374,browser_cdp,still old wording,2026-09-28/faa_97374.txt
2026-09-28,858713900,https://jobs.faa.gov/Preview/96073,browser_cdp,still old wording,2026-09-28/faa_96073.txt
2026-09-28,858672400,https://jobs.faa.gov/Preview/97378,browser_cdp,still old wording,2026-09-28/faa_97378.txt
2026-09-28,858682400,https://jobs.faa.gov/Preview/97379,browser_cdp,still old wording,2026-09-28/faa_97379.txt
2026-09-28,862553500,https://jobs.faa.gov/Preview/97750,browser_cdp,still old wording,2026-09-28/faa_97750.txt
2026-09-28,864463400,https://jobs.faa.gov/Preview/98114,browser_cdp,still old wording,2026-09-28/faa_98114.txt
2026-09-28,864894100,https://jobs.faa.gov/Preview/95740,browser_cdp,still old wording,2026-09-28/faa_95740.txt
2026-09-28,864890800,https://jobs.faa.gov/Preview/98161,browser_cdp,still old wording,2026-09-28/faa_98161.txt
2026-09-28,864912000,https://jobs.faa.gov/Preview/98165,browser_cdp,still old wording,2026-09-28/faa_98165.txt
2026-09-28,864906500,https://jobs.faa.gov/Preview/98164,browser_cdp,still old wording,2026-09-28/faa_98164.txt
2026-09-28,874245100,https://jobs.faa.gov/Preview/96074,browser_cdp,still old wording,2026-09-28/faa_96074.txt
2026-09-28,876312600,https://jobs.faa.gov/Preview/99554,browser_cdp,still old wording,2026-09-28/faa_99554.txt
2026-09-28,876323500,https://jobs.faa.gov/Preview/99555,browser_cdp,still old wording,2026-09-28/faa_99555.txt
2026-09-28,876568400,https://jobs.faa.gov/Preview/99579,browser_cdp,still old wording,2026-09-28/faa_99579.txt
2026-09-28,876570700,https://jobs.faa.gov/Preview/99580,browser_cdp,still old wording,2026-09-28/faa_99580.txt
2026-09-28,876571200,https://jobs.faa.gov/Preview/99581,browser_cdp,still old wording,2026-09-28/faa_99581.txt
2026-09-28,876572300,https://jobs.faa.gov/Preview/99582,browser_cdp,still old wording,2026-09-28/faa_99582.txt
2026-09-28,876576100,https://jobs.faa.gov/Preview/99584,browser_cdp,still old wording,2026-09-28/faa_99584.txt
2026-09-28,876580100,https://jobs.faa.gov/Preview/99585,browser_cdp,still old wording,2026-09-28/faa_99585.txt
2026-09-28,876584700,https://jobs.faa.gov/Preview/99592,browser_cdp,still old wording,2026-09-28/faa_99592.txt
2026-09-28,876585500,https://jobs.faa.gov/Preview/99590,browser_cdp,still old wording,2026-09-28/faa_99590.txt
2026-09-28,876586000,https://jobs.faa.gov/Preview/99586,browser_cdp,still old wording,2026-09-28/faa_99586.txt
2026-09-28,883628000,https://jobs.faa.gov/Preview/100441,browser_cdp,still old wording,2026-09-28/faa_100441.txt
2026-09-28,883601500,https://jobs.faa.gov/Preview/100399,browser_cdp,still old wording,2026-09-28/faa_100399.txt
2026-09-28,883639000,https://jobs.faa.gov/Preview/100442,browser_cdp,still old wording,2026-09-28/faa_100442.txt
2026-09-28,883641000,https://jobs.faa.gov/Preview/100438,browser_cdp,still old wording,2026-09-28/faa_100438.txt
2026-09-28,883701700,https://jobs.faa.gov/Preview/100132,browser_cdp,still old wording,2026-09-28/faa_100132.txt
2026-09-28,883755700,https://jobs.faa.gov/Preview/100364,browser_cdp,still old wording,2026-09-28/faa_100364.txt
2026-09-28,883776900,https://jobs.faa.gov/Preview/100419,browser_cdp,still old wording,2026-09-28/faa_100419.txt
2026-09-28,883815100,https://jobs.faa.gov/Preview/100462,browser_cdp,still old wording,2026-09-28/faa_100462.txt
2026-09-28,883845300,https://jobs.faa.gov/Preview/100455,browser_cdp,still old wording,2026-09-28/faa_100455.txt
2026-09-28,883869500,https://jobs.faa.gov/Preview/100420,browser_cdp,still old wording,2026-09-28/faa_100420.txt
2026-09-28,883872100,https://jobs.faa.gov/Preview/100425,browser_cdp,still old wording,2026-09-28/faa_100425.txt
2026-09-28,883806400,https://jobs.faa.gov/Preview/100383,browser_cdp,still old wording,2026-09-28/faa_100383.txt
2026-09-28,884062700,https://jobs.faa.gov/Preview/100488,browser_cdp,still old wording,2026-09-28/faa_100488.txt
2026-09-28,884062900,https://jobs.faa.gov/Preview/100426,browser_cdp,still old wording,2026-09-28/faa_100426.txt
2026-09-28,883939600,https://jobs.faa.gov/Preview/100453,browser_cdp,still old wording,2026-09-28/faa_100453.txt
2026-09-28,883973300,https://jobs.faa.gov/Preview/100464,browser_cdp,still old wording,2026-09-28/faa_100464.txt
2026-09-28,884014700,https://jobs.faa.gov/Preview/100397,browser_cdp,still old wording,2026-09-28/faa_100397.txt
2026-09-28,884018800,https://jobs.faa.gov/Preview/100402,browser_cdp,still old wording,2026-09-28/faa_100402.txt
2026-09-28,884055900,https://jobs.faa.gov/Preview/100435,browser_cdp,still old wording,2026-09-28/faa_100435.txt
2026-09-28,883878600,https://jobs.faa.gov/Preview/100465,browser_cdp,still old wording,2026-09-28/faa_100465.txt
2026-09-28,884211900,https://jobs.faa.gov/Preview/100489,browser_cdp,still old wording,2026-09-28/faa_100489.txt
2026-09-28,884165700,https://jobs.faa.gov/Preview/100335,browser_cdp,still old wording,2026-09-28/faa_100335.txt
2026-09-28,884080500,https://jobs.faa.gov/Preview/100469,browser_cdp,still old wording,2026-09-28/faa_100469.txt
2026-09-28,884228700,https://jobs.faa.gov/Preview/100434,browser_cdp,still old wording,2026-09-28/faa_100434.txt
2026-09-28,884237900,https://jobs.faa.gov/Preview/100432,browser_cdp,still old wording,2026-09-28/faa_100432.txt
2026-09-28,884263500,https://jobs.faa.gov/Preview/100415,browser_cdp,still old wording,2026-09-28/faa_100415.txt
2026-09-28,884070800,https://jobs.faa.gov/Preview/100421,browser_cdp,still old wording,2026-09-28/faa_100421.txt
2026-09-28,884262100,https://jobs.faa.gov/Preview/100495,browser_cdp,still old wording,2026-09-28/faa_100495.txt
2026-09-28,884347000,https://jobs.faa.gov/Preview/100362,browser_cdp,still old wording,2026-09-28/faa_100362.txt
2026-09-28,884343600,https://jobs.faa.gov/Preview/100342,browser_cdp,still old wording,2026-09-28/faa_100342.txt
2026-09-28,884455800,https://jobs.faa.gov/Preview/100515,browser_cdp,still old wording,2026-09-28/faa_100515.txt
2026-09-28,884456100,https://jobs.faa.gov/Preview/100516,browser_cdp,still old wording,2026-09-28/faa_100516.txt
2026-09-28,884321500,https://jobs.faa.gov/Preview/100387,browser_cdp,still old wording,2026-09-28/faa_100387.txt
2026-09-28,884511400,https://jobs.faa.gov/Preview/100503,browser_cdp,still old wording,2026-09-28/faa_100503.txt
2026-09-28,884596700,https://jobs.faa.gov/Preview/100542,browser_cdp,still old wording,2026-09-28/faa_100542.txt
2026-09-28,884611500,https://jobs.faa.gov/Preview/100533,browser_cdp,still old wording,2026-09-28/faa_100533.txt
2026-09-28,884027200,https://jobs.faa.gov/Preview/100475,browser_cdp,still old wording,2026-09-28/faa_100475.txt
2026-09-28,884854100,https://jobs.faa.gov/Preview/100522,browser_cdp,still old wording,2026-09-28/faa_100522.txt
2026-09-28,884670100,https://jobs.faa.gov/Preview/100518,browser_cdp,still old wording,2026-09-28/faa_100518.txt
2026-09-28,884670500,https://jobs.faa.gov/Preview/100519,browser_cdp,still old wording,2026-09-28/faa_100519.txt
2026-09-28,884718600,https://jobs.faa.gov/Preview/100551,browser_cdp,still old wording,2026-09-28/faa_100551.txt
2026-09-28,884794600,https://jobs.faa.gov/Preview/100512,browser_cdp,still old wording,2026-09-28/faa_100512.txt
2026-09-28,884861700,https://jobs.faa.gov/Preview/100550,browser_cdp,still old wording,2026-09-28/faa_100550.txt
2026-09-28,884866400,https://jobs.faa.gov/Preview/100530,browser_cdp,still old wording,2026-09-28/faa_100530.txt
2026-09-28,884866600,https://jobs.faa.gov/Preview/100531,browser_cdp,still old wording,2026-09-28/faa_100531.txt
2026-09-28,884655600,https://jobs.faa.gov/Preview/100445,browser_cdp,still old wording,2026-09-28/faa_100445.txt
2026-09-28,884661000,https://jobs.faa.gov/Preview/100546,browser_cdp,still old wording,2026-09-28/faa_100546.txt
2026-09-28,884747400,https://jobs.faa.gov/Preview/98447,browser_cdp,still old wording,2026-09-28/faa_98447.txt
2026-09-28,884757100,https://jobs.faa.gov/Preview/100157,browser_cdp,still old wording,2026-09-28/faa_100157.txt
2026-09-28,884813200,https://jobs.faa.gov/Preview/100548,browser_cdp,still old wording,2026-09-28/faa_100548.txt
2026-09-28,884815400,https://jobs.faa.gov/Preview/100549,browser_cdp,still old wording,2026-09-28/faa_100549.txt
2026-09-28,884835100,https://jobs.faa.gov/Preview/100539,browser_cdp,still old wording,2026-09-28/faa_100539.txt
2026-09-28,884848800,https://jobs.faa.gov/Preview/100158,browser_cdp,still old wording,2026-09-28/faa_100158.txt
2026-09-28,884851600,https://jobs.faa.gov/Preview/100510,browser_cdp,still old wording,2026-09-28/faa_100510.txt
2026-09-28,885062900,https://jobs.faa.gov/Preview/100326,browser_cdp,still old wording,2026-09-28/faa_100326.txt
2026-09-28,884881500,https://jobs.faa.gov/Preview/100254,browser_cdp,still old wording,2026-09-28/faa_100254.txt
2026-09-28,885003900,https://jobs.faa.gov/Preview/100427,browser_cdp,still old wording,2026-09-28/faa_100427.txt
2026-09-28,884835300,https://jobs.faa.gov/Preview/100412,browser_cdp,still old wording,2026-09-28/faa_100412.txt
2026-09-28,884964500,https://jobs.faa.gov/Preview/100576,browser_cdp,still old wording,2026-09-28/faa_100576.txt
2026-09-28,885042300,https://jobs.faa.gov/Preview/100433,browser_cdp,still old wording,2026-09-28/faa_100433.txt
2026-09-28,885059100,https://jobs.faa.gov/Preview/100301,browser_cdp,still old wording,2026-09-28/faa_100301.txt
2026-09-28,885078300,https://jobs.faa.gov/Preview/100532,browser_cdp,still old wording,2026-09-28/faa_100532.txt
2026-09-28,884972500,https://jobs.faa.gov/Preview/100566,browser_cdp,still old wording,2026-09-28/faa_100566.txt
2026-09-28,885079700,https://jobs.faa.gov/Preview/100540,browser_cdp,still old wording,2026-09-28/faa_100540.txt
